participant_id,session_id,task_id,timestamp,metric_name,metric_value,source_dataset
clinician_01,assistant,nasa_tlx_assistant,2026-01-01 00:00:00,mental_demand,5.0,catem_user_benchmark
clinician_02,assistant,nasa_tlx_assistant,2026-01-01 00:00:00,mental_demand,2.0,catem_user_benchmark
clinician_03,assistant,nasa_tlx_assistant,2026-01-01 00:00:00,mental_demand,1.0,catem_user_benchmark
clinician_04,assistant,nasa_tlx_assistant,2026-01-01 00:00:00,mental_demand,1.0,catem_user_benchmark
clinician_05,assistant,nasa_tlx_assistant,2026-01-01 00:00:00,mental_demand,5.0,catem_user_benchmark
clinician_06,assistant,nasa_tlx_assistant,2026-01-01 00:00:00,mental_demand,17.0,catem_user_benchmark
clinician_07,assistant,nasa_tlx_assistant,2026-01-01 00:00:00,mental_demand,2.0,catem_user_benchmark
clinician_08,assistant,nasa_tlx_assistant,2026-01-01 00:00:00,mental_demand,10.0,catem_user_benchmark
clinician_09,assistant,nasa_tlx_assistant,2026-01-01 00:00:00,mental_demand,10.0,catem_user_benchmark
clinician_10,assistant,nasa_tlx_assistant,2026-01-01 00:00:00,mental_demand,1.0,catem_user_benchmark
clinician_11,assistant,nasa_tlx_assistant,2026-01-01 00:00:00,mental_demand,4.0,catem_user_benchmark
clinician_12,assistant,nasa_tlx_assistant,2026-01-01 00:00:00,mental_demand,1.0,catem_user_benchmark
clinician_13,assistant,nasa_tlx_assistant,2026-01-01 00:00:00,mental_demand,10.0,catem_user_benchmark
clinician_14,assistant,nasa_tlx_assistant,2026-01-01 00:00:00,mental_demand,1.0,catem_user_benchmark
clinician_15,assistant,nasa_tlx_assistant,2026-01-01 00:00:00,mental_demand,4.0,catem_user_benchmark
clinician_16,assistant,nasa_tlx_assistant,2026-01-01 00:00:00,mental_demand,3.0,catem_user_benchmark
clinician_17,assistant,nasa_tlx_assistant,2026-01-01 00:00:00,mental_demand,3.0,catem_user_benchmark
clinician_18,assistant,nasa_tlx_assistant,2026-01-01 00:00:00,mental_demand,1.0,catem_user_benchmark
clinician_19,assistant,nasa_tlx_assistant,2026-01-01 00:00:00,mental_demand,8.0,catem_user_benchmark
clinician_20,assistant,nasa_tlx_assistant,2026-01-01 00:00:00,mental_demand,7.0,catem_user_benchmark
clinician_21,assistant,nasa_tlx_assistant,2026-01-01 00:00:00,mental_demand,8.0,catem_user_benchmark
clinician_22,assistant,nasa_tlx_assistant,2026-01-01 00:00:00,mental_demand,6.0,catem_user_benchmark
clinician_23,assistant,nasa_tlx_assistant,2026-01-01 00:00:00,mental_demand,3.0,catem_user_benchmark
clinician_24,assistant,nasa_tlx_assistant,2026-01-01 00:00:00,mental_demand,1.0,catem_user_benchmark
clinician_25,assistant,nasa_tlx_assistant,2026-01-01 00:00:00,mental_demand,5.0,catem_user_benchmark
clinician_26,assistant,nasa_tlx_assistant,2026-01-01 00:00:00,mental_demand,3.0,catem_user_benchmark
clinician_27,assistant,nasa_tlx_assistant,2026-01-01 00:00:00,mental_demand,6.0,catem_user_benchmark
clinician_28,assistant,nasa_tlx_assistant,2026-01-01 00:00:00,mental_demand,1.0,catem_user_benchmark
clinician_29,assistant,nasa_tlx_assistant,2026-01-01 00:00:00,mental_demand,2.0,catem_user_benchmark
clinician_30,assistant,nasa_tlx_assistant,2026-01-01 00:00:00,mental_demand,4.0,catem_user_benchmark
clinician_31,assistant,nasa_tlx_assistant,2026-01-01 00:00:00,mental_demand,2.0,catem_user_benchmark
clinician_32,assistant,nasa_tlx_assistant,2026-01-01 00:00:00,mental_demand,3.0,catem_user_benchmark
clinician_33,assistant,nasa_tlx_assistant,2026-01-01 00:00:00,mental_demand,1.0,catem_user_benchmark
clinician_34,assistant,nasa_tlx_assistant,2026-01-01 00:00:00,mental_demand,4.0,catem_user_benchmark
clinician_35,assistant,nasa_tlx_assistant,2026-01-01 00:00:00,mental_demand,10.0,catem_user_benchmark
clinician_36,assistant,nasa_tlx_assistant,2026-01-01 00:00:00,mental_demand,1.0,catem_user_benchmark
clinician_37,assistant,nasa_tlx_assistant,2026-01-01 00:00:00,mental_demand,5.0,catem_user_benchmark
clinician_38,assistant,nasa_tlx_assistant,2026-01-01 00:00:00,mental_demand,5.0,catem_user_benchmark
clinician_39,assistant,nasa_tlx_assistant,2026-01-01 00:00:00,mental_demand,2.0,catem_user_benchmark
clinician_40,assistant,nasa_tlx_assistant,2026-01-01 00:00:00,mental_demand,5.0,catem_user_benchmark
clinician_41,assistant,nasa_tlx_assistant,2026-01-01 00:00:00,mental_demand,13.0,catem_user_benchmark
clinician_42,assistant,nasa_tlx_assistant,2026-01-01 00:00:00,mental_demand,2.0,catem_user_benchmark
clinician_43,assistant,nasa_tlx_assistant,2026-01-01 00:00:00,mental_demand,5.0,catem_user_benchmark
clinician_44,assistant,nasa_tlx_assistant,2026-01-01 00:00:00,mental_demand,6.0,catem_user_benchmark
clinician_45,assistant,nasa_tlx_assistant,2026-01-01 00:00:00,mental_demand,5.0,catem_user_benchmark
clinician_01,current,nasa_tlx_current,2026-01-01 00:00:00,mental_demand,3.0,catem_user_benchmark
clinician_02,current,nasa_tlx_current,2026-01-01 00:00:00,mental_demand,3.0,catem_user_benchmark
clinician_03,current,nasa_tlx_current,2026-01-01 00:00:00,mental_demand,17.0,catem_user_benchmark
clinician_04,current,nasa_tlx_current,2026-01-01 00:00:00,mental_demand,2.0,catem_user_benchmark
clinician_05,current,nasa_tlx_current,2026-01-01 00:00:00,mental_demand,2.0,catem_user_benchmark
clinician_06,current,nasa_tlx_current,2026-01-01 00:00:00,mental_demand,4.0,catem_user_benchmark
clinician_07,current,nasa_tlx_current,2026-01-01 00:00:00,mental_demand,5.0,catem_user_benchmark
clinician_08,current,nasa_tlx_current,2026-01-01 00:00:00,mental_demand,5.0,catem_user_benchmark
clinician_09,current,nasa_tlx_current,2026-01-01 00:00:00,mental_demand,10.0,catem_user_benchmark
clinician_10,current,nasa_tlx_current,2026-01-01 00:00:00,mental_demand,7.0,catem_user_benchmark
clinician_11,current,nasa_tlx_current,2026-01-01 00:00:00,mental_demand,2.0,catem_user_benchmark
clinician_12,current,nasa_tlx_current,2026-01-01 00:00:00,mental_demand,2.0,catem_user_benchmark
clinician_13,current,nasa_tlx_current,2026-01-01 00:00:00,mental_demand,5.0,catem_user_benchmark
clinician_14,current,nasa_tlx_current,2026-01-01 00:00:00,mental_demand,1.0,catem_user_benchmark
clinician_15,current,nasa_tlx_current,2026-01-01 00:00:00,mental_demand,2.0,catem_user_benchmark
clinician_16,current,nasa_tlx_current,2026-01-01 00:00:00,mental_demand,11.0,catem_user_benchmark
clinician_17,current,nasa_tlx_current,2026-01-01 00:00:00,mental_demand,1.0,catem_user_benchmark
clinician_18,current,nasa_tlx_current,2026-01-01 00:00:00,mental_demand,3.0,catem_user_benchmark
clinician_19,current,nasa_tlx_current,2026-01-01 00:00:00,mental_demand,5.0,catem_user_benchmark
clinician_20,current,nasa_tlx_current,2026-01-01 00:00:00,mental_demand,3.0,catem_user_benchmark
clinician_21,current,nasa_tlx_current,2026-01-01 00:00:00,mental_demand,4.0,catem_user_benchmark
clinician_22,current,nasa_tlx_current,2026-01-01 00:00:00,mental_demand,2.0,catem_user_benchmark
clinician_23,current,nasa_tlx_current,2026-01-01 00:00:00,mental_demand,1.0,catem_user_benchmark
clinician_24,current,nasa_tlx_current,2026-01-01 00:00:00,mental_demand,1.0,catem_user_benchmark
clinician_25,current,nasa_tlx_current,2026-01-01 00:00:00,mental_demand,1.0,catem_user_benchmark
clinician_26,current,nasa_tlx_current,2026-01-01 00:00:00,mental_demand,10.0,catem_user_benchmark
clinician_27,current,nasa_tlx_current,2026-01-01 00:00:00,mental_demand,5.0,catem_user_benchmark
clinician_28,current,nasa_tlx_current,2026-01-01 00:00:00,mental_demand,5.0,catem_user_benchmark
clinician_29,current,nasa_tlx_current,2026-01-01 00:00:00,mental_demand,10.0,catem_user_benchmark
clinician_30,current,nasa_tlx_current,2026-01-01 00:00:00,mental_demand,1.0,catem_user_benchmark
clinician_31,current,nasa_tlx_current,2026-01-01 00:00:00,mental_demand,2.0,catem_user_benchmark
clinician_32,current,nasa_tlx_current,2026-01-01 00:00:00,mental_demand,4.0,catem_user_benchmark
clinician_33,current,nasa_tlx_current,2026-01-01 00:00:00,mental_demand,7.0,catem_user_benchmark
clinician_34,current,nasa_tlx_current,2026-01-01 00:00:00,mental_demand,3.0,catem_user_benchmark
clinician_35,current,nasa_tlx_current,2026-01-01 00:00:00,mental_demand,7.0,catem_user_benchmark
clinician_36,current,nasa_tlx_current,2026-01-01 00:00:00,mental_demand,6.0,catem_user_benchmark
clinician_37,current,nasa_tlx_current,2026-01-01 00:00:00,mental_demand,5.0,catem_user_benchmark
clinician_38,current,nasa_tlx_current,2026-01-01 00:00:00,mental_demand,4.0,catem_user_benchmark
clinician_39,current,nasa_tlx_current,2026-01-01 00:00:00,mental_demand,6.0,catem_user_benchmark
clinician_40,current,nasa_tlx_current,2026-01-01 00:00:00,mental_demand,5.0,catem_user_benchmark
clinician_41,current,nasa_tlx_current,2026-01-01 00:00:00,mental_demand,4.0,catem_user_benchmark
clinician_42,current,nasa_tlx_current,2026-01-01 00:00:00,mental_demand,7.0,catem_user_benchmark
clinician_43,current,nasa_tlx_current,2026-01-01 00:00:00,mental_demand,2.0,catem_user_benchmark
clinician_44,current,nasa_tlx_current,2026-01-01 00:00:00,mental_demand,9.0,catem_user_benchmark
clinician_45,current,nasa_tlx_current,2026-01-01 00:00:00,mental_demand,6.0,catem_user_benchmark
clinician_01,assistant,nasa_tlx_assistant,2026-01-01 00:00:00,physical_demand,3.0,catem_user_benchmark
clinician_02,assistant,nasa_tlx_assistant,2026-01-01 00:00:00,physical_demand,1.0,catem_user_benchmark
clinician_03,assistant,nasa_tlx_assistant,2026-01-01 00:00:00,physical_demand,1.0,catem_user_benchmark
clinician_04,assistant,nasa_tlx_assistant,2026-01-01 00:00:00,physical_demand,1.0,catem_user_benchmark
clinician_05,assistant,nasa_tlx_assistant,2026-01-01 00:00:00,physical_demand,1.0,catem_user_benchmark
clinician_06,assistant,nasa_tlx_assistant,2026-01-01 00:00:00,physical_demand,11.0,catem_user_benchmark
clinician_07,assistant,nasa_tlx_assistant,2026-01-01 00:00:00,physical_demand,1.0,catem_user_benchmark
clinician_08,assistant,nasa_tlx_assistant,2026-01-01 00:00:00,physical_demand,10.0,catem_user_benchmark
clinician_09,assistant,nasa_tlx_assistant,2026-01-01 00:00:00,physical_demand,1.0,catem_user_benchmark
clinician_10,assistant,nasa_tlx_assistant,2026-01-01 00:00:00,physical_demand,1.0,catem_user_benchmark
clinician_11,assistant,nasa_tlx_assistant,2026-01-01 00:00:00,physical_demand,2.0,catem_user_benchmark
clinician_12,assistant,nasa_tlx_assistant,2026-01-01 00:00:00,physical_demand,1.0,catem_user_benchmark
clinician_13,assistant,nasa_tlx_assistant,2026-01-01 00:00:00,physical_demand,1.0,catem_user_benchmark
clinician_14,assistant,nasa_tlx_assistant,2026-01-01 00:00:00,physical_demand,1.0,catem_user_benchmark
clinician_15,assistant,nasa_tlx_assistant,2026-01-01 00:00:00,physical_demand,2.0,catem_user_benchmark
clinician_16,assistant,nasa_tlx_assistant,2026-01-01 00:00:00,physical_demand,1.0,catem_user_benchmark
clinician_17,assistant,nasa_tlx_assistant,2026-01-01 00:00:00,physical_demand,4.0,catem_user_benchmark
clinician_18,assistant,nasa_tlx_assistant,2026-01-01 00:00:00,physical_demand,1.0,catem_user_benchmark
clinician_19,assistant,nasa_tlx_assistant,2026-01-01 00:00:00,physical_demand,5.0,catem_user_benchmark
clinician_20,assistant,nasa_tlx_assistant,2026-01-01 00:00:00,physical_demand,5.0,catem_user_benchmark
clinician_21,assistant,nasa_tlx_assistant,2026-01-01 00:00:00,physical_demand,2.0,catem_user_benchmark
clinician_22,assistant,nasa_tlx_assistant,2026-01-01 00:00:00,physical_demand,5.0,catem_user_benchmark
clinician_23,assistant,nasa_tlx_assistant,2026-01-01 00:00:00,physical_demand,3.0,catem_user_benchmark
clinician_24,assistant,nasa_tlx_assistant,2026-01-01 00:00:00,physical_demand,2.0,catem_user_benchmark
clinician_25,assistant,nasa_tlx_assistant,2026-01-01 00:00:00,physical_demand,4.0,catem_user_benchmark
clinician_26,assistant,nasa_tlx_assistant,2026-01-01 00:00:00,physical_demand,3.0,catem_user_benchmark
clinician_27,assistant,nasa_tlx_assistant,2026-01-01 00:00:00,physical_demand,6.0,catem_user_benchmark
clinician_28,assistant,nasa_tlx_assistant,2026-01-01 00:00:00,physical_demand,1.0,catem_user_benchmark
clinician_29,assistant,nasa_tlx_assistant,2026-01-01 00:00:00,physical_demand,2.0,catem_user_benchmark
clinician_30,assistant,nasa_tlx_assistant,2026-01-01 00:00:00,physical_demand,2.0,catem_user_benchmark
clinician_31,assistant,nasa_tlx_assistant,2026-01-01 00:00:00,physical_demand,1.0,catem_user_benchmark
clinician_32,assistant,nasa_tlx_assistant,2026-01-01 00:00:00,physical_demand,3.0,catem_user_benchmark
clinician_33,assistant,nasa_tlx_assistant,2026-01-01 00:00:00,physical_demand,1.0,catem_user_benchmark
clinician_34,assistant,nasa_tlx_assistant,2026-01-01 00:00:00,physical_demand,4.0,catem_user_benchmark
clinician_35,assistant,nasa_tlx_assistant,2026-01-01 00:00:00,physical_demand,1.0,catem_user_benchmark
clinician_36,assistant,nasa_tlx_assistant,2026-01-01 00:00:00,physical_demand,1.0,catem_user_benchmark
clinician_37,assistant,nasa_tlx_assistant,2026-01-01 00:00:00,physical_demand,2.0,catem_user_benchmark
clinician_38,assistant,nasa_tlx_assistant,2026-01-01 00:00:00,physical_demand,2.0,catem_user_benchmark
clinician_39,assistant,nasa_tlx_assistant,2026-01-01 00:00:00,physical_demand,5.0,catem_user_benchmark
clinician_40,assistant,nasa_tlx_assistant,2026-01-01 00:00:00,physical_demand,8.0,catem_user_benchmark
clinician_41,assistant,nasa_tlx_assistant,2026-01-01 00:00:00,physical_demand,10.0,catem_user_benchmark
clinician_42,assistant,nasa_tlx_assistant,2026-01-01 00:00:00,physical_demand,5.0,catem_user_benchmark
clinician_43,assistant,nasa_tlx_assistant,2026-01-01 00:00:00,physical_demand,5.0,catem_user_benchmark
clinician_44,assistant,nasa_tlx_assistant,2026-01-01 00:00:00,physical_demand,4.0,catem_user_benchmark
clinician_45,assistant,nasa_tlx_assistant,2026-01-01 00:00:00,physical_demand,1.0,catem_user_benchmark
clinician_01,current,nasa_tlx_current,2026-01-01 00:00:00,physical_demand,3.0,catem_user_benchmark
clinician_02,current,nasa_tlx_current,2026-01-01 00:00:00,physical_demand,2.0,catem_user_benchmark
clinician_03,current,nasa_tlx_current,2026-01-01 00:00:00,physical_demand,1.0,catem_user_benchmark
clinician_04,current,nasa_tlx_current,2026-01-01 00:00:00,physical_demand,2.0,catem_user_benchmark
clinician_05,current,nasa_tlx_current,2026-01-01 00:00:00,physical_demand,2.0,catem_user_benchmark
clinician_06,current,nasa_tlx_current,2026-01-01 00:00:00,physical_demand,2.0,catem_user_benchmark
clinician_07,current,nasa_tlx_current,2026-01-01 00:00:00,physical_demand,4.0,catem_user_benchmark
clinician_08,current,nasa_tlx_current,2026-01-01 00:00:00,physical_demand,1.0,catem_user_benchmark
clinician_09,current,nasa_tlx_current,2026-01-01 00:00:00,physical_demand,10.0,catem_user_benchmark
clinician_10,current,nasa_tlx_current,2026-01-01 00:00:00,physical_demand,5.0,catem_user_benchmark
clinician_11,current,nasa_tlx_current,2026-01-01 00:00:00,physical_demand,1.0,catem_user_benchmark
clinician_12,current,nasa_tlx_current,2026-01-01 00:00:00,physical_demand,2.0,catem_user_benchmark
clinician_13,current,nasa_tlx_current,2026-01-01 00:00:00,physical_demand,1.0,catem_user_benchmark
clinician_14,current,nasa_tlx_current,2026-01-01 00:00:00,physical_demand,1.0,catem_user_benchmark
clinician_15,current,nasa_tlx_current,2026-01-01 00:00:00,physical_demand,2.0,catem_user_benchmark
clinician_16,current,nasa_tlx_current,2026-01-01 00:00:00,physical_demand,1.0,catem_user_benchmark
clinician_17,current,nasa_tlx_current,2026-01-01 00:00:00,physical_demand,1.0,catem_user_benchmark
clinician_18,current,nasa_tlx_current,2026-01-01 00:00:00,physical_demand,1.0,catem_user_benchmark
clinician_19,current,nasa_tlx_current,2026-01-01 00:00:00,physical_demand,4.0,catem_user_benchmark
clinician_20,current,nasa_tlx_current,2026-01-01 00:00:00,physical_demand,3.0,catem_user_benchmark
clinician_21,current,nasa_tlx_current,2026-01-01 00:00:00,physical_demand,1.0,catem_user_benchmark
clinician_22,current,nasa_tlx_current,2026-01-01 00:00:00,physical_demand,2.0,catem_user_benchmark
clinician_23,current,nasa_tlx_current,2026-01-01 00:00:00,physical_demand,1.0,catem_user_benchmark
clinician_24,current,nasa_tlx_current,2026-01-01 00:00:00,physical_demand,1.0,catem_user_benchmark
clinician_25,current,nasa_tlx_current,2026-01-01 00:00:00,physical_demand,1.0,catem_user_benchmark
clinician_26,current,nasa_tlx_current,2026-01-01 00:00:00,physical_demand,6.0,catem_user_benchmark
clinician_27,current,nasa_tlx_current,2026-01-01 00:00:00,physical_demand,5.0,catem_user_benchmark
clinician_28,current,nasa_tlx_current,2026-01-01 00:00:00,physical_demand,5.0,catem_user_benchmark
clinician_29,current,nasa_tlx_current,2026-01-01 00:00:00,physical_demand,10.0,catem_user_benchmark
clinician_30,current,nasa_tlx_current,2026-01-01 00:00:00,physical_demand,1.0,catem_user_benchmark
clinician_31,current,nasa_tlx_current,2026-01-01 00:00:00,physical_demand,2.0,catem_user_benchmark
clinician_32,current,nasa_tlx_current,2026-01-01 00:00:00,physical_demand,3.0,catem_user_benchmark
clinician_33,current,nasa_tlx_current,2026-01-01 00:00:00,physical_demand,4.0,catem_user_benchmark
clinician_34,current,nasa_tlx_current,2026-01-01 00:00:00,physical_demand,2.0,catem_user_benchmark
clinician_35,current,nasa_tlx_current,2026-01-01 00:00:00,physical_demand,7.0,catem_user_benchmark
clinician_36,current,nasa_tlx_current,2026-01-01 00:00:00,physical_demand,5.0,catem_user_benchmark
clinician_37,current,nasa_tlx_current,2026-01-01 00:00:00,physical_demand,1.0,catem_user_benchmark
clinician_38,current,nasa_tlx_current,2026-01-01 00:00:00,physical_demand,1.0,catem_user_benchmark
clinician_39,current,nasa_tlx_current,2026-01-01 00:00:00,physical_demand,4.0,catem_user_benchmark
clinician_40,current,nasa_tlx_current,2026-01-01 00:00:00,physical_demand,4.0,catem_user_benchmark
clinician_41,current,nasa_tlx_current,2026-01-01 00:00:00,physical_demand,3.0,catem_user_benchmark
clinician_42,current,nasa_tlx_current,2026-01-01 00:00:00,physical_demand,6.0,catem_user_benchmark
clinician_43,current,nasa_tlx_current,2026-01-01 00:00:00,physical_demand,2.0,catem_user_benchmark
clinician_44,current,nasa_tlx_current,2026-01-01 00:00:00,physical_demand,7.0,catem_user_benchmark
clinician_45,current,nasa_tlx_current,2026-01-01 00:00:00,physical_demand,4.0,catem_user_benchmark
clinician_01,assistant,nasa_tlx_assistant,2026-01-01 00:00:00,temporal_demand,5.0,catem_user_benchmark
clinician_02,assistant,nasa_tlx_assistant,2026-01-01 00:00:00,temporal_demand,3.0,catem_user_benchmark
clinician_03,assistant,nasa_tlx_assistant,2026-01-01 00:00:00,temporal_demand,1.0,catem_user_benchmark
clinician_04,assistant,nasa_tlx_assistant,2026-01-01 00:00:00,temporal_demand,1.0,catem_user_benchmark
clinician_05,assistant,nasa_tlx_assistant,2026-01-01 00:00:00,temporal_demand,4.0,catem_user_benchmark
clinician_06,assistant,nasa_tlx_assistant,2026-01-01 00:00:00,temporal_demand,18.0,catem_user_benchmark
clinician_07,assistant,nasa_tlx_assistant,2026-01-01 00:00:00,temporal_demand,2.0,catem_user_benchmark
clinician_08,assistant,nasa_tlx_assistant,2026-01-01 00:00:00,temporal_demand,10.0,catem_user_benchmark
clinician_09,assistant,nasa_tlx_assistant,2026-01-01 00:00:00,temporal_demand,1.0,catem_user_benchmark
clinician_10,assistant,nasa_tlx_assistant,2026-01-01 00:00:00,temporal_demand,1.0,catem_user_benchmark
clinician_11,assistant,nasa_tlx_assistant,2026-01-01 00:00:00,temporal_demand,12.0,catem_user_benchmark
clinician_12,assistant,nasa_tlx_assistant,2026-01-01 00:00:00,temporal_demand,5.0,catem_user_benchmark
clinician_13,assistant,nasa_tlx_assistant,2026-01-01 00:00:00,temporal_demand,2.0,catem_user_benchmark
clinician_14,assistant,nasa_tlx_assistant,2026-01-01 00:00:00,temporal_demand,1.0,catem_user_benchmark
clinician_15,assistant,nasa_tlx_assistant,2026-01-01 00:00:00,temporal_demand,12.0,catem_user_benchmark
clinician_16,assistant,nasa_tlx_assistant,2026-01-01 00:00:00,temporal_demand,1.0,catem_user_benchmark
clinician_17,assistant,nasa_tlx_assistant,2026-01-01 00:00:00,temporal_demand,3.0,catem_user_benchmark
clinician_18,assistant,nasa_tlx_assistant,2026-01-01 00:00:00,temporal_demand,5.0,catem_user_benchmark
clinician_19,assistant,nasa_tlx_assistant,2026-01-01 00:00:00,temporal_demand,8.0,catem_user_benchmark
clinician_20,assistant,nasa_tlx_assistant,2026-01-01 00:00:00,temporal_demand,5.0,catem_user_benchmark
clinician_21,assistant,nasa_tlx_assistant,2026-01-01 00:00:00,temporal_demand,10.0,catem_user_benchmark
clinician_22,assistant,nasa_tlx_assistant,2026-01-01 00:00:00,temporal_demand,5.0,catem_user_benchmark
clinician_23,assistant,nasa_tlx_assistant,2026-01-01 00:00:00,temporal_demand,5.0,catem_user_benchmark
clinician_24,assistant,nasa_tlx_assistant,2026-01-01 00:00:00,temporal_demand,1.0,catem_user_benchmark
clinician_25,assistant,nasa_tlx_assistant,2026-01-01 00:00:00,temporal_demand,4.0,catem_user_benchmark
clinician_26,assistant,nasa_tlx_assistant,2026-01-01 00:00:00,temporal_demand,3.0,catem_user_benchmark
clinician_27,assistant,nasa_tlx_assistant,2026-01-01 00:00:00,temporal_demand,2.0,catem_user_benchmark
clinician_28,assistant,nasa_tlx_assistant,2026-01-01 00:00:00,temporal_demand,5.0,catem_user_benchmark
clinician_29,assistant,nasa_tlx_assistant,2026-01-01 00:00:00,temporal_demand,3.0,catem_user_benchmark
clinician_30,assistant,nasa_tlx_assistant,2026-01-01 00:00:00,temporal_demand,4.0,catem_user_benchmark
clinician_31,assistant,nasa_tlx_assistant,2026-01-01 00:00:00,temporal_demand,4.0,catem_user_benchmark
clinician_32,assistant,nasa_tlx_assistant,2026-01-01 00:00:00,temporal_demand,3.0,catem_user_benchmark
clinician_33,assistant,nasa_tlx_assistant,2026-01-01 00:00:00,temporal_demand,1.0,catem_user_benchmark
clinician_34,assistant,nasa_tlx_assistant,2026-01-01 00:00:00,temporal_demand,4.0,catem_user_benchmark
clinician_35,assistant,nasa_tlx_assistant,2026-01-01 00:00:00,temporal_demand,12.0,catem_user_benchmark
clinician_36,assistant,nasa_tlx_assistant,2026-01-01 00:00:00,temporal_demand,1.0,catem_user_benchmark
clinician_37,assistant,nasa_tlx_assistant,2026-01-01 00:00:00,temporal_demand,2.0,catem_user_benchmark
clinician_38,assistant,nasa_tlx_assistant,2026-01-01 00:00:00,temporal_demand,2.0,catem_user_benchmark
clinician_39,assistant,nasa_tlx_assistant,2026-01-01 00:00:00,temporal_demand,2.0,catem_user_benchmark
clinician_40,assistant,nasa_tlx_assistant,2026-01-01 00:00:00,temporal_demand,1.0,catem_user_benchmark
clinician_41,assistant,nasa_tlx_assistant,2026-01-01 00:00:00,temporal_demand,2.0,catem_user_benchmark
clinician_42,assistant,nasa_tlx_assistant,2026-01-01 00:00:00,temporal_demand,3.0,catem_user_benchmark
clinician_43,assistant,nasa_tlx_assistant,2026-01-01 00:00:00,temporal_demand,5.0,catem_user_benchmark
clinician_44,assistant,nasa_tlx_assistant,2026-01-01 00:00:00,temporal_demand,5.0,catem_user_benchmark
clinician_45,assistant,nasa_tlx_assistant,2026-01-01 00:00:00,temporal_demand,5.0,catem_user_benchmark
clinician_01,current,nasa_tlx_current,2026-01-01 00:00:00,temporal_demand,3.0,catem_user_benchmark
clinician_02,current,nasa_tlx_current,2026-01-01 00:00:00,temporal_demand,2.0,catem_user_benchmark
clinician_03,current,nasa_tlx_current,2026-01-01 00:00:00,temporal_demand,6.0,catem_user_benchmark
clinician_04,current,nasa_tlx_current,2026-01-01 00:00:00,temporal_demand,2.0,catem_user_benchmark
clinician_05,current,nasa_tlx_current,2026-01-01 00:00:00,temporal_demand,2.0,catem_user_benchmark
clinician_06,current,nasa_tlx_current,2026-01-01 00:00:00,temporal_demand,6.0,catem_user_benchmark
clinician_07,current,nasa_tlx_current,2026-01-01 00:00:00,temporal_demand,6.0,catem_user_benchmark
clinician_08,current,nasa_tlx_current,2026-01-01 00:00:00,temporal_demand,1.0,catem_user_benchmark
clinician_09,current,nasa_tlx_current,2026-01-01 00:00:00,temporal_demand,10.0,catem_user_benchmark
clinician_10,current,nasa_tlx_current,2026-01-01 00:00:00,temporal_demand,5.0,catem_user_benchmark
clinician_11,current,nasa_tlx_current,2026-01-01 00:00:00,temporal_demand,1.0,catem_user_benchmark
clinician_12,current,nasa_tlx_current,2026-01-01 00:00:00,temporal_demand,2.0,catem_user_benchmark
clinician_13,current,nasa_tlx_current,2026-01-01 00:00:00,temporal_demand,3.0,catem_user_benchmark
clinician_14,current,nasa_tlx_current,2026-01-01 00:00:00,temporal_demand,1.0,catem_user_benchmark
clinician_15,current,nasa_tlx_current,2026-01-01 00:00:00,temporal_demand,4.0,catem_user_benchmark
clinician_16,current,nasa_tlx_current,2026-01-01 00:00:00,temporal_demand,1.0,catem_user_benchmark
clinician_17,current,nasa_tlx_current,2026-01-01 00:00:00,temporal_demand,1.0,catem_user_benchmark
clinician_18,current,nasa_tlx_current,2026-01-01 00:00:00,temporal_demand,2.0,catem_user_benchmark
clinician_19,current,nasa_tlx_current,2026-01-01 00:00:00,temporal_demand,4.0,catem_user_benchmark
clinician_20,current,nasa_tlx_current,2026-01-01 00:00:00,temporal_demand,3.0,catem_user_benchmark
clinician_21,current,nasa_tlx_current,2026-01-01 00:00:00,temporal_demand,2.0,catem_user_benchmark
clinician_22,current,nasa_tlx_current,2026-01-01 00:00:00,temporal_demand,2.0,catem_user_benchmark
clinician_23,current,nasa_tlx_current,2026-01-01 00:00:00,temporal_demand,1.0,catem_user_benchmark
clinician_24,current,nasa_tlx_current,2026-01-01 00:00:00,temporal_demand,1.0,catem_user_benchmark
clinician_25,current,nasa_tlx_current,2026-01-01 00:00:00,temporal_demand,3.0,catem_user_benchmark
clinician_26,current,nasa_tlx_current,2026-01-01 00:00:00,temporal_demand,5.0,catem_user_benchmark
clinician_27,current,nasa_tlx_current,2026-01-01 00:00:00,temporal_demand,10.0,catem_user_benchmark
clinician_28,current,nasa_tlx_current,2026-01-01 00:00:00,temporal_demand,5.0,catem_user_benchmark
clinician_29,current,nasa_tlx_current,2026-01-01 00:00:00,temporal_demand,10.0,catem_user_benchmark
clinician_30,current,nasa_tlx_current,2026-01-01 00:00:00,temporal_demand,1.0,catem_user_benchmark
clinician_31,current,nasa_tlx_current,2026-01-01 00:00:00,temporal_demand,2.0,catem_user_benchmark
clinician_32,current,nasa_tlx_current,2026-01-01 00:00:00,temporal_demand,4.0,catem_user_benchmark
clinician_33,current,nasa_tlx_current,2026-01-01 00:00:00,temporal_demand,6.0,catem_user_benchmark
clinician_34,current,nasa_tlx_current,2026-01-01 00:00:00,temporal_demand,2.0,catem_user_benchmark
clinician_35,current,nasa_tlx_current,2026-01-01 00:00:00,temporal_demand,8.0,catem_user_benchmark
clinician_36,current,nasa_tlx_current,2026-01-01 00:00:00,temporal_demand,6.0,catem_user_benchmark
clinician_37,current,nasa_tlx_current,2026-01-01 00:00:00,temporal_demand,2.0,catem_user_benchmark
clinician_38,current,nasa_tlx_current,2026-01-01 00:00:00,temporal_demand,2.0,catem_user_benchmark
clinician_39,current,nasa_tlx_current,2026-01-01 00:00:00,temporal_demand,5.0,catem_user_benchmark
clinician_40,current,nasa_tlx_current,2026-01-01 00:00:00,temporal_demand,5.0,catem_user_benchmark
clinician_41,current,nasa_tlx_current,2026-01-01 00:00:00,temporal_demand,4.0,catem_user_benchmark
clinician_42,current,nasa_tlx_current,2026-01-01 00:00:00,temporal_demand,7.0,catem_user_benchmark
clinician_43,current,nasa_tlx_current,2026-01-01 00:00:00,temporal_demand,2.0,catem_user_benchmark
clinician_44,current,nasa_tlx_current,2026-01-01 00:00:00,temporal_demand,8.0,catem_user_benchmark
clinician_45,current,nasa_tlx_current,2026-01-01 00:00:00,temporal_demand,6.0,catem_user_benchmark
clinician_01,assistant,nasa_tlx_assistant,2026-01-01 00:00:00,effort,3.0,catem_user_benchmark
clinician_02,assistant,nasa_tlx_assistant,2026-01-01 00:00:00,effort,2.0,catem_user_benchmark
clinician_03,assistant,nasa_tlx_assistant,2026-01-01 00:00:00,effort,4.0,catem_user_benchmark
clinician_04,assistant,nasa_tlx_assistant,2026-01-01 00:00:00,effort,1.0,catem_user_benchmark
clinician_05,assistant,nasa_tlx_assistant,2026-01-01 00:00:00,effort,3.0,catem_user_benchmark
clinician_06,assistant,nasa_tlx_assistant,2026-01-01 00:00:00,effort,14.0,catem_user_benchmark
clinician_07,assistant,nasa_tlx_assistant,2026-01-01 00:00:00,effort,2.0,catem_user_benchmark
clinician_08,assistant,nasa_tlx_assistant,2026-01-01 00:00:00,effort,10.0,catem_user_benchmark
clinician_09,assistant,nasa_tlx_assistant,2026-01-01 00:00:00,effort,1.0,catem_user_benchmark
clinician_10,assistant,nasa_tlx_assistant,2026-01-01 00:00:00,effort,1.0,catem_user_benchmark
clinician_11,assistant,nasa_tlx_assistant,2026-01-01 00:00:00,effort,2.0,catem_user_benchmark
clinician_12,assistant,nasa_tlx_assistant,2026-01-01 00:00:00,effort,2.0,catem_user_benchmark
clinician_13,assistant,nasa_tlx_assistant,2026-01-01 00:00:00,effort,5.0,catem_user_benchmark
clinician_14,assistant,nasa_tlx_assistant,2026-01-01 00:00:00,effort,1.0,catem_user_benchmark
clinician_15,assistant,nasa_tlx_assistant,2026-01-01 00:00:00,effort,2.0,catem_user_benchmark
clinician_16,assistant,nasa_tlx_assistant,2026-01-01 00:00:00,effort,1.0,catem_user_benchmark
clinician_17,assistant,nasa_tlx_assistant,2026-01-01 00:00:00,effort,2.0,catem_user_benchmark
clinician_18,assistant,nasa_tlx_assistant,2026-01-01 00:00:00,effort,2.0,catem_user_benchmark
clinician_19,assistant,nasa_tlx_assistant,2026-01-01 00:00:00,effort,8.0,catem_user_benchmark
clinician_20,assistant,nasa_tlx_assistant,2026-01-01 00:00:00,effort,4.0,catem_user_benchmark
clinician_21,assistant,nasa_tlx_assistant,2026-01-01 00:00:00,effort,5.0,catem_user_benchmark
clinician_22,assistant,nasa_tlx_assistant,2026-01-01 00:00:00,effort,6.0,catem_user_benchmark
clinician_23,assistant,nasa_tlx_assistant,2026-01-01 00:00:00,effort,3.0,catem_user_benchmark
clinician_24,assistant,nasa_tlx_assistant,2026-01-01 00:00:00,effort,1.0,catem_user_benchmark
clinician_25,assistant,nasa_tlx_assistant,2026-01-01 00:00:00,effort,4.0,catem_user_benchmark
clinician_26,assistant,nasa_tlx_assistant,2026-01-01 00:00:00,effort,5.0,catem_user_benchmark
clinician_27,assistant,nasa_tlx_assistant,2026-01-01 00:00:00,effort,4.0,catem_user_benchmark
clinician_28,assistant,nasa_tlx_assistant,2026-01-01 00:00:00,effort,1.0,catem_user_benchmark
clinician_29,assistant,nasa_tlx_assistant,2026-01-01 00:00:00,effort,3.0,catem_user_benchmark
clinician_30,assistant,nasa_tlx_assistant,2026-01-01 00:00:00,effort,3.0,catem_user_benchmark
clinician_31,assistant,nasa_tlx_assistant,2026-01-01 00:00:00,effort,2.0,catem_user_benchmark
clinician_32,assistant,nasa_tlx_assistant,2026-01-01 00:00:00,effort,5.0,catem_user_benchmark
clinician_33,assistant,nasa_tlx_assistant,2026-01-01 00:00:00,effort,1.0,catem_user_benchmark
clinician_34,assistant,nasa_tlx_assistant,2026-01-01 00:00:00,effort,2.0,catem_user_benchmark
clinician_35,assistant,nasa_tlx_assistant,2026-01-01 00:00:00,effort,10.0,catem_user_benchmark
clinician_36,assistant,nasa_tlx_assistant,2026-01-01 00:00:00,effort,1.0,catem_user_benchmark
clinician_37,assistant,nasa_tlx_assistant,2026-01-01 00:00:00,effort,2.0,catem_user_benchmark
clinician_38,assistant,nasa_tlx_assistant,2026-01-01 00:00:00,effort,2.0,catem_user_benchmark
clinician_39,assistant,nasa_tlx_assistant,2026-01-01 00:00:00,effort,2.0,catem_user_benchmark
clinician_40,assistant,nasa_tlx_assistant,2026-01-01 00:00:00,effort,2.0,catem_user_benchmark
clinician_41,assistant,nasa_tlx_assistant,2026-01-01 00:00:00,effort,7.0,catem_user_benchmark
clinician_42,assistant,nasa_tlx_assistant,2026-01-01 00:00:00,effort,1.0,catem_user_benchmark
clinician_43,assistant,nasa_tlx_assistant,2026-01-01 00:00:00,effort,5.0,catem_user_benchmark
clinician_44,assistant,nasa_tlx_assistant,2026-01-01 00:00:00,effort,7.0,catem_user_benchmark
clinician_45,assistant,nasa_tlx_assistant,2026-01-01 00:00:00,effort,5.0,catem_user_benchmark
clinician_01,current,nasa_tlx_current,2026-01-01 00:00:00,effort,3.0,catem_user_benchmark
clinician_02,current,nasa_tlx_current,2026-01-01 00:00:00,effort,2.0,catem_user_benchmark
clinician_03,current,nasa_tlx_current,2026-01-01 00:00:00,effort,10.0,catem_user_benchmark
clinician_04,current,nasa_tlx_current,2026-01-01 00:00:00,effort,2.0,catem_user_benchmark
clinician_05,current,nasa_tlx_current,2026-01-01 00:00:00,effort,2.0,catem_user_benchmark
clinician_06,current,nasa_tlx_current,2026-01-01 00:00:00,effort,3.0,catem_user_benchmark
clinician_07,current,nasa_tlx_current,2026-01-01 00:00:00,effort,7.0,catem_user_benchmark
clinician_08,current,nasa_tlx_current,2026-01-01 00:00:00,effort,1.0,catem_user_benchmark
clinician_09,current,nasa_tlx_current,2026-01-01 00:00:00,effort,10.0,catem_user_benchmark
clinician_10,current,nasa_tlx_current,2026-01-01 00:00:00,effort,5.0,catem_user_benchmark
clinician_11,current,nasa_tlx_current,2026-01-01 00:00:00,effort,1.0,catem_user_benchmark
clinician_12,current,nasa_tlx_current,2026-01-01 00:00:00,effort,2.0,catem_user_benchmark
clinician_13,current,nasa_tlx_current,2026-01-01 00:00:00,effort,5.0,catem_user_benchmark
clinician_14,current,nasa_tlx_current,2026-01-01 00:00:00,effort,5.0,catem_user_benchmark
clinician_15,current,nasa_tlx_current,2026-01-01 00:00:00,effort,1.0,catem_user_benchmark
clinician_16,current,nasa_tlx_current,2026-01-01 00:00:00,effort,3.0,catem_user_benchmark
clinician_17,current,nasa_tlx_current,2026-01-01 00:00:00,effort,1.0,catem_user_benchmark
clinician_18,current,nasa_tlx_current,2026-01-01 00:00:00,effort,2.0,catem_user_benchmark
clinician_19,current,nasa_tlx_current,2026-01-01 00:00:00,effort,10.0,catem_user_benchmark
clinician_20,current,nasa_tlx_current,2026-01-01 00:00:00,effort,3.0,catem_user_benchmark
clinician_21,current,nasa_tlx_current,2026-01-01 00:00:00,effort,3.0,catem_user_benchmark
clinician_22,current,nasa_tlx_current,2026-01-01 00:00:00,effort,3.0,catem_user_benchmark
clinician_23,current,nasa_tlx_current,2026-01-01 00:00:00,effort,1.0,catem_user_benchmark
clinician_24,current,nasa_tlx_current,2026-01-01 00:00:00,effort,1.0,catem_user_benchmark
clinician_25,current,nasa_tlx_current,2026-01-01 00:00:00,effort,1.0,catem_user_benchmark
clinician_26,current,nasa_tlx_current,2026-01-01 00:00:00,effort,10.0,catem_user_benchmark
clinician_27,current,nasa_tlx_current,2026-01-01 00:00:00,effort,1.0,catem_user_benchmark
clinician_28,current,nasa_tlx_current,2026-01-01 00:00:00,effort,6.0,catem_user_benchmark
clinician_29,current,nasa_tlx_current,2026-01-01 00:00:00,effort,9.0,catem_user_benchmark
clinician_30,current,nasa_tlx_current,2026-01-01 00:00:00,effort,1.0,catem_user_benchmark
clinician_31,current,nasa_tlx_current,2026-01-01 00:00:00,effort,3.0,catem_user_benchmark
clinician_32,current,nasa_tlx_current,2026-01-01 00:00:00,effort,5.0,catem_user_benchmark
clinician_33,current,nasa_tlx_current,2026-01-01 00:00:00,effort,8.0,catem_user_benchmark
clinician_34,current,nasa_tlx_current,2026-01-01 00:00:00,effort,4.0,catem_user_benchmark
clinician_35,current,nasa_tlx_current,2026-01-01 00:00:00,effort,9.0,catem_user_benchmark
clinician_36,current,nasa_tlx_current,2026-01-01 00:00:00,effort,10.0,catem_user_benchmark
clinician_37,current,nasa_tlx_current,2026-01-01 00:00:00,effort,1.0,catem_user_benchmark
clinician_38,current,nasa_tlx_current,2026-01-01 00:00:00,effort,1.0,catem_user_benchmark
clinician_39,current,nasa_tlx_current,2026-01-01 00:00:00,effort,4.0,catem_user_benchmark
clinician_40,current,nasa_tlx_current,2026-01-01 00:00:00,effort,3.0,catem_user_benchmark
clinician_41,current,nasa_tlx_current,2026-01-01 00:00:00,effort,2.0,catem_user_benchmark
clinician_42,current,nasa_tlx_current,2026-01-01 00:00:00,effort,6.0,catem_user_benchmark
clinician_43,current,nasa_tlx_current,2026-01-01 00:00:00,effort,4.0,catem_user_benchmark
clinician_44,current,nasa_tlx_current,2026-01-01 00:00:00,effort,8.0,catem_user_benchmark
clinician_45,current,nasa_tlx_current,2026-01-01 00:00:00,effort,4.0,catem_user_benchmark
clinician_01,assistant,nasa_tlx_assistant,2026-01-01 00:00:00,frustration,3.0,catem_user_benchmark
clinician_02,assistant,nasa_tlx_assistant,2026-01-01 00:00:00,frustration,1.0,catem_user_benchmark
clinician_03,assistant,nasa_tlx_assistant,2026-01-01 00:00:00,frustration,10.0,catem_user_benchmark
clinician_04,assistant,nasa_tlx_assistant,2026-01-01 00:00:00,frustration,1.0,catem_user_benchmark
clinician_05,assistant,nasa_tlx_assistant,2026-01-01 00:00:00,frustration,3.0,catem_user_benchmark
clinician_06,assistant,nasa_tlx_assistant,2026-01-01 00:00:00,frustration,7.0,catem_user_benchmark
clinician_07,assistant,nasa_tlx_assistant,2026-01-01 00:00:00,frustration,1.0,catem_user_benchmark
clinician_08,assistant,nasa_tlx_assistant,2026-01-01 00:00:00,frustration,5.0,catem_user_benchmark
clinician_09,assistant,nasa_tlx_assistant,2026-01-01 00:00:00,frustration,3.0,catem_user_benchmark
clinician_10,assistant,nasa_tlx_assistant,2026-01-01 00:00:00,frustration,1.0,catem_user_benchmark
clinician_11,assistant,nasa_tlx_assistant,2026-01-01 00:00:00,frustration,1.0,catem_user_benchmark
clinician_12,assistant,nasa_tlx_assistant,2026-01-01 00:00:00,frustration,2.0,catem_user_benchmark
clinician_13,assistant,nasa_tlx_assistant,2026-01-01 00:00:00,frustration,1.0,catem_user_benchmark
clinician_14,assistant,nasa_tlx_assistant,2026-01-01 00:00:00,frustration,1.0,catem_user_benchmark
clinician_15,assistant,nasa_tlx_assistant,2026-01-01 00:00:00,frustration,1.0,catem_user_benchmark
clinician_16,assistant,nasa_tlx_assistant,2026-01-01 00:00:00,frustration,2.0,catem_user_benchmark
clinician_17,assistant,nasa_tlx_assistant,2026-01-01 00:00:00,frustration,2.0,catem_user_benchmark
clinician_18,assistant,nasa_tlx_assistant,2026-01-01 00:00:00,frustration,2.0,catem_user_benchmark
clinician_19,assistant,nasa_tlx_assistant,2026-01-01 00:00:00,frustration,10.0,catem_user_benchmark
clinician_20,assistant,nasa_tlx_assistant,2026-01-01 00:00:00,frustration,6.0,catem_user_benchmark
clinician_21,assistant,nasa_tlx_assistant,2026-01-01 00:00:00,frustration,2.0,catem_user_benchmark
clinician_22,assistant,nasa_tlx_assistant,2026-01-01 00:00:00,frustration,1.0,catem_user_benchmark
clinician_23,assistant,nasa_tlx_assistant,2026-01-01 00:00:00,frustration,2.0,catem_user_benchmark
clinician_24,assistant,nasa_tlx_assistant,2026-01-01 00:00:00,frustration,1.0,catem_user_benchmark
clinician_25,assistant,nasa_tlx_assistant,2026-01-01 00:00:00,frustration,15.0,catem_user_benchmark
clinician_26,assistant,nasa_tlx_assistant,2026-01-01 00:00:00,frustration,1.0,catem_user_benchmark
clinician_27,assistant,nasa_tlx_assistant,2026-01-01 00:00:00,frustration,5.0,catem_user_benchmark
clinician_28,assistant,nasa_tlx_assistant,2026-01-01 00:00:00,frustration,17.0,catem_user_benchmark
clinician_29,assistant,nasa_tlx_assistant,2026-01-01 00:00:00,frustration,1.0,catem_user_benchmark
clinician_30,assistant,nasa_tlx_assistant,2026-01-01 00:00:00,frustration,1.0,catem_user_benchmark
clinician_31,assistant,nasa_tlx_assistant,2026-01-01 00:00:00,frustration,6.0,catem_user_benchmark
clinician_32,assistant,nasa_tlx_assistant,2026-01-01 00:00:00,frustration,13.0,catem_user_benchmark
clinician_33,assistant,nasa_tlx_assistant,2026-01-01 00:00:00,frustration,1.0,catem_user_benchmark
clinician_34,assistant,nasa_tlx_assistant,2026-01-01 00:00:00,frustration,2.0,catem_user_benchmark
clinician_35,assistant,nasa_tlx_assistant,2026-01-01 00:00:00,frustration,1.0,catem_user_benchmark
clinician_36,assistant,nasa_tlx_assistant,2026-01-01 00:00:00,frustration,1.0,catem_user_benchmark
clinician_37,assistant,nasa_tlx_assistant,2026-01-01 00:00:00,frustration,5.0,catem_user_benchmark
clinician_38,assistant,nasa_tlx_assistant,2026-01-01 00:00:00,frustration,2.0,catem_user_benchmark
clinician_39,assistant,nasa_tlx_assistant,2026-01-01 00:00:00,frustration,12.0,catem_user_benchmark
clinician_40,assistant,nasa_tlx_assistant,2026-01-01 00:00:00,frustration,3.0,catem_user_benchmark
clinician_41,assistant,nasa_tlx_assistant,2026-01-01 00:00:00,frustration,5.0,catem_user_benchmark
clinician_42,assistant,nasa_tlx_assistant,2026-01-01 00:00:00,frustration,1.0,catem_user_benchmark
clinician_43,assistant,nasa_tlx_assistant,2026-01-01 00:00:00,frustration,1.0,catem_user_benchmark
clinician_44,assistant,nasa_tlx_assistant,2026-01-01 00:00:00,frustration,2.0,catem_user_benchmark
clinician_45,assistant,nasa_tlx_assistant,2026-01-01 00:00:00,frustration,1.0,catem_user_benchmark
clinician_01,current,nasa_tlx_current,2026-01-01 00:00:00,frustration,5.0,catem_user_benchmark
clinician_02,current,nasa_tlx_current,2026-01-01 00:00:00,frustration,1.0,catem_user_benchmark
clinician_03,current,nasa_tlx_current,2026-01-01 00:00:00,frustration,20.0,catem_user_benchmark
clinician_04,current,nasa_tlx_current,2026-01-01 00:00:00,frustration,2.0,catem_user_benchmark
clinician_05,current,nasa_tlx_current,2026-01-01 00:00:00,frustration,2.0,catem_user_benchmark
clinician_06,current,nasa_tlx_current,2026-01-01 00:00:00,frustration,1.0,catem_user_benchmark
clinician_07,current,nasa_tlx_current,2026-01-01 00:00:00,frustration,4.0,catem_user_benchmark
clinician_08,current,nasa_tlx_current,2026-01-01 00:00:00,frustration,4.0,catem_user_benchmark
clinician_09,current,nasa_tlx_current,2026-01-01 00:00:00,frustration,15.0,catem_user_benchmark
clinician_10,current,nasa_tlx_current,2026-01-01 00:00:00,frustration,5.0,catem_user_benchmark
clinician_11,current,nasa_tlx_current,2026-01-01 00:00:00,frustration,16.0,catem_user_benchmark
clinician_12,current,nasa_tlx_current,2026-01-01 00:00:00,frustration,2.0,catem_user_benchmark
clinician_13,current,nasa_tlx_current,2026-01-01 00:00:00,frustration,1.0,catem_user_benchmark
clinician_14,current,nasa_tlx_current,2026-01-01 00:00:00,frustration,16.0,catem_user_benchmark
clinician_15,current,nasa_tlx_current,2026-01-01 00:00:00,frustration,1.0,catem_user_benchmark
clinician_16,current,nasa_tlx_current,2026-01-01 00:00:00,frustration,15.0,catem_user_benchmark
clinician_17,current,nasa_tlx_current,2026-01-01 00:00:00,frustration,18.0,catem_user_benchmark
clinician_18,current,nasa_tlx_current,2026-01-01 00:00:00,frustration,2.0,catem_user_benchmark
clinician_19,current,nasa_tlx_current,2026-01-01 00:00:00,frustration,10.0,catem_user_benchmark
clinician_20,current,nasa_tlx_current,2026-01-01 00:00:00,frustration,19.0,catem_user_benchmark
clinician_21,current,nasa_tlx_current,2026-01-01 00:00:00,frustration,3.0,catem_user_benchmark
clinician_22,current,nasa_tlx_current,2026-01-01 00:00:00,frustration,18.0,catem_user_benchmark
clinician_23,current,nasa_tlx_current,2026-01-01 00:00:00,frustration,20.0,catem_user_benchmark
clinician_24,current,nasa_tlx_current,2026-01-01 00:00:00,frustration,1.0,catem_user_benchmark
clinician_25,current,nasa_tlx_current,2026-01-01 00:00:00,frustration,20.0,catem_user_benchmark
clinician_26,current,nasa_tlx_current,2026-01-01 00:00:00,frustration,18.0,catem_user_benchmark
clinician_27,current,nasa_tlx_current,2026-01-01 00:00:00,frustration,10.0,catem_user_benchmark
clinician_28,current,nasa_tlx_current,2026-01-01 00:00:00,frustration,15.0,catem_user_benchmark
clinician_29,current,nasa_tlx_current,2026-01-01 00:00:00,frustration,10.0,catem_user_benchmark
clinician_30,current,nasa_tlx_current,2026-01-01 00:00:00,frustration,1.0,catem_user_benchmark
clinician_31,current,nasa_tlx_current,2026-01-01 00:00:00,frustration,8.0,catem_user_benchmark
clinician_32,current,nasa_tlx_current,2026-01-01 00:00:00,frustration,7.0,catem_user_benchmark
clinician_33,current,nasa_tlx_current,2026-01-01 00:00:00,frustration,9.0,catem_user_benchmark
clinician_34,current,nasa_tlx_current,2026-01-01 00:00:00,frustration,11.0,catem_user_benchmark
clinician_35,current,nasa_tlx_current,2026-01-01 00:00:00,frustration,11.0,catem_user_benchmark
clinician_36,current,nasa_tlx_current,2026-01-01 00:00:00,frustration,13.0,catem_user_benchmark
clinician_37,current,nasa_tlx_current,2026-01-01 00:00:00,frustration,6.0,catem_user_benchmark
clinician_38,current,nasa_tlx_current,2026-01-01 00:00:00,frustration,4.0,catem_user_benchmark
clinician_39,current,nasa_tlx_current,2026-01-01 00:00:00,frustration,9.0,catem_user_benchmark
clinician_40,current,nasa_tlx_current,2026-01-01 00:00:00,frustration,8.0,catem_user_benchmark
clinician_41,current,nasa_tlx_current,2026-01-01 00:00:00,frustration,7.0,catem_user_benchmark
clinician_42,current,nasa_tlx_current,2026-01-01 00:00:00,frustration,11.0,catem_user_benchmark
clinician_43,current,nasa_tlx_current,2026-01-01 00:00:00,frustration,11.0,catem_user_benchmark
clinician_44,current,nasa_tlx_current,2026-01-01 00:00:00,frustration,13.0,catem_user_benchmark
clinician_45,current,nasa_tlx_current,2026-01-01 00:00:00,frustration,10.0,catem_user_benchmark
clinician_01,assistant,nasa_tlx_assistant,2026-01-01 00:00:00,nasa_tlx_total,3.8,catem_user_benchmark
clinician_02,assistant,nasa_tlx_assistant,2026-01-01 00:00:00,nasa_tlx_total,1.8,catem_user_benchmark
clinician_03,assistant,nasa_tlx_assistant,2026-01-01 00:00:00,nasa_tlx_total,3.4,catem_user_benchmark
clinician_04,assistant,nasa_tlx_assistant,2026-01-01 00:00:00,nasa_tlx_total,1.0,catem_user_benchmark
clinician_05,assistant,nasa_tlx_assistant,2026-01-01 00:00:00,nasa_tlx_total,3.2,catem_user_benchmark
clinician_06,assistant,nasa_tlx_assistant,2026-01-01 00:00:00,nasa_tlx_total,13.4,catem_user_benchmark
clinician_07,assistant,nasa_tlx_assistant,2026-01-01 00:00:00,nasa_tlx_total,1.6,catem_user_benchmark
clinician_08,assistant,nasa_tlx_assistant,2026-01-01 00:00:00,nasa_tlx_total,9.0,catem_user_benchmark
clinician_09,assistant,nasa_tlx_assistant,2026-01-01 00:00:00,nasa_tlx_total,3.2,catem_user_benchmark
clinician_10,assistant,nasa_tlx_assistant,2026-01-01 00:00:00,nasa_tlx_total,1.0,catem_user_benchmark
clinician_11,assistant,nasa_tlx_assistant,2026-01-01 00:00:00,nasa_tlx_total,4.2,catem_user_benchmark
clinician_12,assistant,nasa_tlx_assistant,2026-01-01 00:00:00,nasa_tlx_total,2.2,catem_user_benchmark
clinician_13,assistant,nasa_tlx_assistant,2026-01-01 00:00:00,nasa_tlx_total,3.8,catem_user_benchmark
clinician_14,assistant,nasa_tlx_assistant,2026-01-01 00:00:00,nasa_tlx_total,1.0,catem_user_benchmark
clinician_15,assistant,nasa_tlx_assistant,2026-01-01 00:00:00,nasa_tlx_total,4.2,catem_user_benchmark
clinician_16,assistant,nasa_tlx_assistant,2026-01-01 00:00:00,nasa_tlx_total,1.6,catem_user_benchmark
clinician_17,assistant,nasa_tlx_assistant,2026-01-01 00:00:00,nasa_tlx_total,2.8,catem_user_benchmark
clinician_18,assistant,nasa_tlx_assistant,2026-01-01 00:00:00,nasa_tlx_total,2.2,catem_user_benchmark
clinician_19,assistant,nasa_tlx_assistant,2026-01-01 00:00:00,nasa_tlx_total,7.8,catem_user_benchmark
clinician_20,assistant,nasa_tlx_assistant,2026-01-01 00:00:00,nasa_tlx_total,5.4,catem_user_benchmark
clinician_21,assistant,nasa_tlx_assistant,2026-01-01 00:00:00,nasa_tlx_total,5.4,catem_user_benchmark
clinician_22,assistant,nasa_tlx_assistant,2026-01-01 00:00:00,nasa_tlx_total,4.6,catem_user_benchmark
clinician_23,assistant,nasa_tlx_assistant,2026-01-01 00:00:00,nasa_tlx_total,3.2,catem_user_benchmark
clinician_24,assistant,nasa_tlx_assistant,2026-01-01 00:00:00,nasa_tlx_total,1.2,catem_user_benchmark
clinician_25,assistant,nasa_tlx_assistant,2026-01-01 00:00:00,nasa_tlx_total,6.4,catem_user_benchmark
clinician_26,assistant,nasa_tlx_assistant,2026-01-01 00:00:00,nasa_tlx_total,3.0,catem_user_benchmark
clinician_27,assistant,nasa_tlx_assistant,2026-01-01 00:00:00,nasa_tlx_total,4.6,catem_user_benchmark
clinician_28,assistant,nasa_tlx_assistant,2026-01-01 00:00:00,nasa_tlx_total,5.0,catem_user_benchmark
clinician_29,assistant,nasa_tlx_assistant,2026-01-01 00:00:00,nasa_tlx_total,2.2,catem_user_benchmark
clinician_30,assistant,nasa_tlx_assistant,2026-01-01 00:00:00,nasa_tlx_total,2.8,catem_user_benchmark
clinician_31,assistant,nasa_tlx_assistant,2026-01-01 00:00:00,nasa_tlx_total,3.0,catem_user_benchmark
clinician_32,assistant,nasa_tlx_assistant,2026-01-01 00:00:00,nasa_tlx_total,5.4,catem_user_benchmark
clinician_33,assistant,nasa_tlx_assistant,2026-01-01 00:00:00,nasa_tlx_total,1.0,catem_user_benchmark
clinician_34,assistant,nasa_tlx_assistant,2026-01-01 00:00:00,nasa_tlx_total,3.2,catem_user_benchmark
clinician_35,assistant,nasa_tlx_assistant,2026-01-01 00:00:00,nasa_tlx_total,6.8,catem_user_benchmark
clinician_36,assistant,nasa_tlx_assistant,2026-01-01 00:00:00,nasa_tlx_total,1.0,catem_user_benchmark
clinician_37,assistant,nasa_tlx_assistant,2026-01-01 00:00:00,nasa_tlx_total,3.2,catem_user_benchmark
clinician_38,assistant,nasa_tlx_assistant,2026-01-01 00:00:00,nasa_tlx_total,2.6,catem_user_benchmark
clinician_39,assistant,nasa_tlx_assistant,2026-01-01 00:00:00,nasa_tlx_total,4.6,catem_user_benchmark
clinician_40,assistant,nasa_tlx_assistant,2026-01-01 00:00:00,nasa_tlx_total,3.8,catem_user_benchmark
clinician_41,assistant,nasa_tlx_assistant,2026-01-01 00:00:00,nasa_tlx_total,7.4,catem_user_benchmark
clinician_42,assistant,nasa_tlx_assistant,2026-01-01 00:00:00,nasa_tlx_total,2.4,catem_user_benchmark
clinician_43,assistant,nasa_tlx_assistant,2026-01-01 00:00:00,nasa_tlx_total,4.2,catem_user_benchmark
clinician_44,assistant,nasa_tlx_assistant,2026-01-01 00:00:00,nasa_tlx_total,4.8,catem_user_benchmark
clinician_45,assistant,nasa_tlx_assistant,2026-01-01 00:00:00,nasa_tlx_total,3.4,catem_user_benchmark
clinician_01,current,nasa_tlx_current,2026-01-01 00:00:00,nasa_tlx_total,3.4,catem_user_benchmark
clinician_02,current,nasa_tlx_current,2026-01-01 00:00:00,nasa_tlx_total,2.0,catem_user_benchmark
clinician_03,current,nasa_tlx_current,2026-01-01 00:00:00,nasa_tlx_total,10.8,catem_user_benchmark
clinician_04,current,nasa_tlx_current,2026-01-01 00:00:00,nasa_tlx_total,2.0,catem_user_benchmark
clinician_05,current,nasa_tlx_current,2026-01-01 00:00:00,nasa_tlx_total,2.0,catem_user_benchmark
clinician_06,current,nasa_tlx_current,2026-01-01 00:00:00,nasa_tlx_total,3.2,catem_user_benchmark
clinician_07,current,nasa_tlx_current,2026-01-01 00:00:00,nasa_tlx_total,5.2,catem_user_benchmark
clinician_08,current,nasa_tlx_current,2026-01-01 00:00:00,nasa_tlx_total,2.4,catem_user_benchmark
clinician_09,current,nasa_tlx_current,2026-01-01 00:00:00,nasa_tlx_total,11.0,catem_user_benchmark
clinician_10,current,nasa_tlx_current,2026-01-01 00:00:00,nasa_tlx_total,5.4,catem_user_benchmark
clinician_11,current,nasa_tlx_current,2026-01-01 00:00:00,nasa_tlx_total,4.2,catem_user_benchmark
clinician_12,current,nasa_tlx_current,2026-01-01 00:00:00,nasa_tlx_total,2.0,catem_user_benchmark
clinician_13,current,nasa_tlx_current,2026-01-01 00:00:00,nasa_tlx_total,3.0,catem_user_benchmark
clinician_14,current,nasa_tlx_current,2026-01-01 00:00:00,nasa_tlx_total,4.8,catem_user_benchmark
clinician_15,current,nasa_tlx_current,2026-01-01 00:00:00,nasa_tlx_total,2.0,catem_user_benchmark
clinician_16,current,nasa_tlx_current,2026-01-01 00:00:00,nasa_tlx_total,6.2,catem_user_benchmark
clinician_17,current,nasa_tlx_current,2026-01-01 00:00:00,nasa_tlx_total,4.4,catem_user_benchmark
clinician_18,current,nasa_tlx_current,2026-01-01 00:00:00,nasa_tlx_total,2.0,catem_user_benchmark
clinician_19,current,nasa_tlx_current,2026-01-01 00:00:00,nasa_tlx_total,6.6,catem_user_benchmark
clinician_20,current,nasa_tlx_current,2026-01-01 00:00:00,nasa_tlx_total,6.2,catem_user_benchmark
clinician_21,current,nasa_tlx_current,2026-01-01 00:00:00,nasa_tlx_total,2.6,catem_user_benchmark
clinician_22,current,nasa_tlx_current,2026-01-01 00:00:00,nasa_tlx_total,5.4,catem_user_benchmark
clinician_23,current,nasa_tlx_current,2026-01-01 00:00:00,nasa_tlx_total,4.8,catem_user_benchmark
clinician_24,current,nasa_tlx_current,2026-01-01 00:00:00,nasa_tlx_total,1.0,catem_user_benchmark
clinician_25,current,nasa_tlx_current,2026-01-01 00:00:00,nasa_tlx_total,5.2,catem_user_benchmark
clinician_26,current,nasa_tlx_current,2026-01-01 00:00:00,nasa_tlx_total,9.8,catem_user_benchmark
clinician_27,current,nasa_tlx_current,2026-01-01 00:00:00,nasa_tlx_total,6.2,catem_user_benchmark
clinician_28,current,nasa_tlx_current,2026-01-01 00:00:00,nasa_tlx_total,7.2,catem_user_benchmark
clinician_29,current,nasa_tlx_current,2026-01-01 00:00:00,nasa_tlx_total,9.8,catem_user_benchmark
clinician_30,current,nasa_tlx_current,2026-01-01 00:00:00,nasa_tlx_total,1.0,catem_user_benchmark
clinician_31,current,nasa_tlx_current,2026-01-01 00:00:00,nasa_tlx_total,3.4,catem_user_benchmark
clinician_32,current,nasa_tlx_current,2026-01-01 00:00:00,nasa_tlx_total,4.6,catem_user_benchmark
clinician_33,current,nasa_tlx_current,2026-01-01 00:00:00,nasa_tlx_total,6.8,catem_user_benchmark
clinician_34,current,nasa_tlx_current,2026-01-01 00:00:00,nasa_tlx_total,4.4,catem_user_benchmark
clinician_35,current,nasa_tlx_current,2026-01-01 00:00:00,nasa_tlx_total,8.4,catem_user_benchmark
clinician_36,current,nasa_tlx_current,2026-01-01 00:00:00,nasa_tlx_total,8.0,catem_user_benchmark
clinician_37,current,nasa_tlx_current,2026-01-01 00:00:00,nasa_tlx_total,3.0,catem_user_benchmark
clinician_38,current,nasa_tlx_current,2026-01-01 00:00:00,nasa_tlx_total,2.4,catem_user_benchmark
clinician_39,current,nasa_tlx_current,2026-01-01 00:00:00,nasa_tlx_total,5.6,catem_user_benchmark
clinician_40,current,nasa_tlx_current,2026-01-01 00:00:00,nasa_tlx_total,5.0,catem_user_benchmark
clinician_41,current,nasa_tlx_current,2026-01-01 00:00:00,nasa_tlx_total,4.0,catem_user_benchmark
clinician_42,current,nasa_tlx_current,2026-01-01 00:00:00,nasa_tlx_total,7.4,catem_user_benchmark
clinician_43,current,nasa_tlx_current,2026-01-01 00:00:00,nasa_tlx_total,4.2,catem_user_benchmark
clinician_44,current,nasa_tlx_current,2026-01-01 00:00:00,nasa_tlx_total,9.0,catem_user_benchmark
clinician_45,current,nasa_tlx_current,2026-01-01 00:00:00,nasa_tlx_total,6.0,catem_user_benchmark
roboturk_operator_pool,bair_action,bair_action,2026-01-01 00:00:00,tracking_error,0.059888601303100586,catem_user_benchmark
roboturk_operator_pool,bair_action,bair_action,2026-01-01 00:00:01,tracking_error,0.06504684686660767,catem_user_benchmark
roboturk_operator_pool,bair_action,bair_action,2026-01-01 00:00:02,tracking_error,0.07913917303085316,catem_user_benchmark
roboturk_operator_pool,bair_action,bair_action,2026-01-01 00:00:03,tracking_error,0.080938160419464,catem_user_benchmark
roboturk_operator_pool,bair_action,bair_action,2026-01-01 00:00:04,tracking_error,0.0927237868309021,catem_user_benchmark
roboturk_operator_pool,bair_action,bair_action,2026-01-01 00:00:05,tracking_error,0.09276312589645408,catem_user_benchmark
roboturk_operator_pool,bair_action,bair_action,2026-01-01 00:00:06,tracking_error,0.10236406326293956,catem_user_benchmark
roboturk_operator_pool,bair_action,bair_action,2026-01-01 00:00:07,tracking_error,0.10201823711395264,catem_user_benchmark
roboturk_operator_pool,bair_action,bair_action,2026-01-01 00:00:08,tracking_error,0.11134344339370739,catem_user_benchmark
roboturk_operator_pool,bair_action,bair_action,2026-01-01 00:00:09,tracking_error,0.1122010350227357,catem_user_benchmark
roboturk_operator_pool,bair_action,bair_action,2026-01-01 00:00:10,tracking_error,0.1209154725074768,catem_user_benchmark
roboturk_operator_pool,bair_action,bair_action,2026-01-01 00:00:11,tracking_error,0.12025719881057739,catem_user_benchmark
roboturk_operator_pool,bair_action,bair_action,2026-01-01 00:00:12,tracking_error,0.1267986297607422,catem_user_benchmark
roboturk_operator_pool,bair_action,bair_action,2026-01-01 00:00:13,tracking_error,0.12850981950759888,catem_user_benchmark
roboturk_operator_pool,bair_action,bair_action,2026-01-01 00:00:14,tracking_error,0.1370100975036621,catem_user_benchmark
roboturk_operator_pool,bair_action,bair_action,2026-01-01 00:00:15,tracking_error,0.13660651445388805,catem_user_benchmark
roboturk_operator_pool,bair_action,bair_action,2026-01-01 00:00:16,tracking_error,0.14427566528320324,catem_user_benchmark
roboturk_operator_pool,bair_action,bair_action,2026-01-01 00:00:17,tracking_error,0.1447526812553407,catem_user_benchmark
roboturk_operator_pool,bair_action,bair_action,2026-01-01 00:00:18,tracking_error,0.1542147994041443,catem_user_benchmark
roboturk_operator_pool,bair_action,bair_action,2026-01-01 00:00:19,tracking_error,0.15445011854171764,catem_user_benchmark
roboturk_operator_pool,bair_action,bair_action,2026-01-01 00:00:20,tracking_error,0.16113072633743297,catem_user_benchmark
roboturk_operator_pool,bair_action,bair_action,2026-01-01 00:00:21,tracking_error,0.16167712211608898,catem_user_benchmark
roboturk_operator_pool,bair_action,bair_action,2026-01-01 00:00:22,tracking_error,0.1677040457725525,catem_user_benchmark
roboturk_operator_pool,bair_action,bair_action,2026-01-01 00:00:23,tracking_error,0.16946005821228027,catem_user_benchmark
roboturk_operator_pool,bair_action,bair_action,2026-01-01 00:00:24,tracking_error,0.17450505495071422,catem_user_benchmark
roboturk_operator_pool,bair_action,bair_action,2026-01-01 00:00:25,tracking_error,0.1752268671989442,catem_user_benchmark
roboturk_operator_pool,bair_action,bair_action,2026-01-01 00:00:26,tracking_error,0.18177443742752075,catem_user_benchmark
roboturk_operator_pool,bair_action,bair_action,2026-01-01 00:00:27,tracking_error,0.18243080377578735,catem_user_benchmark
roboturk_operator_pool,sawyer_laundry_layout,sawyer_laundry_layout,2026-01-01 00:00:00,tracking_error,0.07515591382980347,catem_user_benchmark
roboturk_operator_pool,sawyer_laundry_layout,sawyer_laundry_layout,2026-01-01 00:00:01,tracking_error,0.11361837387084961,catem_user_benchmark
roboturk_operator_pool,sawyer_laundry_layout,sawyer_laundry_layout,2026-01-01 00:00:02,tracking_error,0.1453876495361328,catem_user_benchmark
roboturk_operator_pool,sawyer_laundry_layout,sawyer_laundry_layout,2026-01-01 00:00:03,tracking_error,0.17179685831069957,catem_user_benchmark
roboturk_operator_pool,sawyer_laundry_layout,sawyer_laundry_layout,2026-01-01 00:00:04,tracking_error,0.19491511583328258,catem_user_benchmark
roboturk_operator_pool,sawyer_laundry_layout,sawyer_laundry_layout,2026-01-01 00:00:05,tracking_error,0.21543055772781372,catem_user_benchmark
roboturk_operator_pool,sawyer_laundry_layout,sawyer_laundry_layout,2026-01-01 00:00:06,tracking_error,0.2334861159324646,catem_user_benchmark
roboturk_operator_pool,sawyer_laundry_layout,sawyer_laundry_layout,2026-01-01 00:00:07,tracking_error,0.24968206882476818,catem_user_benchmark
roboturk_operator_pool,sawyer_laundry_layout,sawyer_laundry_layout,2026-01-01 00:00:08,tracking_error,0.26430219411849987,catem_user_benchmark
roboturk_operator_pool,sawyer_laundry_layout,sawyer_laundry_layout,2026-01-01 00:00:09,tracking_error,0.2777039408683778,catem_user_benchmark
roboturk_operator_pool,sawyer_laundry_layout,sawyer_laundry_layout,2026-01-01 00:00:10,tracking_error,0.29024189710617077,catem_user_benchmark
roboturk_operator_pool,sawyer_laundry_layout,sawyer_laundry_layout,2026-01-01 00:00:11,tracking_error,0.30172765254974365,catem_user_benchmark
roboturk_operator_pool,sawyer_laundry_layout,sawyer_laundry_layout,2026-01-01 00:00:12,tracking_error,0.312174916267395,catem_user_benchmark
roboturk_operator_pool,sawyer_laundry_layout,sawyer_laundry_layout,2026-01-01 00:00:13,tracking_error,0.3217189908027649,catem_user_benchmark
roboturk_operator_pool,sawyer_laundry_layout,sawyer_laundry_layout,2026-01-01 00:00:14,tracking_error,0.33067619800567627,catem_user_benchmark
roboturk_operator_pool,sawyer_laundry_layout,sawyer_laundry_layout,2026-01-01 00:00:15,tracking_error,0.33908265829086304,catem_user_benchmark
roboturk_operator_pool,sawyer_laundry_layout,sawyer_laundry_layout,2026-01-01 00:00:16,tracking_error,0.34693819284439087,catem_user_benchmark
roboturk_operator_pool,sawyer_laundry_layout,sawyer_laundry_layout,2026-01-01 00:00:17,tracking_error,0.35430818796157837,catem_user_benchmark
roboturk_operator_pool,sawyer_laundry_layout,sawyer_laundry_layout,2026-01-01 00:00:18,tracking_error,0.3614063262939453,catem_user_benchmark
roboturk_operator_pool,sawyer_laundry_layout,sawyer_laundry_layout,2026-01-01 00:00:19,tracking_error,0.3680955171585083,catem_user_benchmark
roboturk_operator_pool,sawyer_laundry_layout,sawyer_laundry_layout,2026-01-01 00:00:20,tracking_error,0.37442469596862793,catem_user_benchmark
roboturk_operator_pool,sawyer_laundry_layout,sawyer_laundry_layout,2026-01-01 00:00:21,tracking_error,0.38051843643188477,catem_user_benchmark
roboturk_operator_pool,sawyer_laundry_layout,sawyer_laundry_layout,2026-01-01 00:00:22,tracking_error,0.38611263036727905,catem_user_benchmark
roboturk_operator_pool,sawyer_laundry_layout,sawyer_laundry_layout,2026-01-01 00:00:23,tracking_error,0.3912513852119447,catem_user_benchmark
roboturk_operator_pool,sawyer_laundry_layout,sawyer_laundry_layout,2026-01-01 00:00:24,tracking_error,0.3961094617843628,catem_user_benchmark
roboturk_operator_pool,sawyer_laundry_layout,sawyer_laundry_layout,2026-01-01 00:00:25,tracking_error,0.400648832321167,catem_user_benchmark
roboturk_operator_pool,sawyer_laundry_layout,sawyer_laundry_layout,2026-01-01 00:00:26,tracking_error,0.4049050211906433,catem_user_benchmark
roboturk_operator_pool,sawyer_laundry_layout,sawyer_laundry_layout,2026-01-01 00:00:27,tracking_error,0.408879816532135,catem_user_benchmark
roboturk_operator_pool,sawyer_tower_creation,sawyer_tower_creation,2026-01-01 00:00:00,tracking_error,0.03801274299621604,catem_user_benchmark
roboturk_operator_pool,sawyer_tower_creation,sawyer_tower_creation,2026-01-01 00:00:01,tracking_error,0.054428815841674694,catem_user_benchmark
roboturk_operator_pool,sawyer_tower_creation,sawyer_tower_creation,2026-01-01 00:00:02,tracking_error,0.06769829988479614,catem_user_benchmark
roboturk_operator_pool,sawyer_tower_creation,sawyer_tower_creation,2026-01-01 00:00:03,tracking_error,0.0786309838294984,catem_user_benchmark
roboturk_operator_pool,sawyer_tower_creation,sawyer_tower_creation,2026-01-01 00:00:04,tracking_error,0.08817023038864147,catem_user_benchmark
roboturk_operator_pool,sawyer_tower_creation,sawyer_tower_creation,2026-01-01 00:00:05,tracking_error,0.09655773639678955,catem_user_benchmark
roboturk_operator_pool,sawyer_tower_creation,sawyer_tower_creation,2026-01-01 00:00:06,tracking_error,0.10413384437561035,catem_user_benchmark
roboturk_operator_pool,sawyer_tower_creation,sawyer_tower_creation,2026-01-01 00:00:07,tracking_error,0.11107057332992565,catem_user_benchmark
roboturk_operator_pool,sawyer_tower_creation,sawyer_tower_creation,2026-01-01 00:00:08,tracking_error,0.11742258071899425,catem_user_benchmark
roboturk_operator_pool,sawyer_tower_creation,sawyer_tower_creation,2026-01-01 00:00:09,tracking_error,0.12330514192581188,catem_user_benchmark
roboturk_operator_pool,sawyer_tower_creation,sawyer_tower_creation,2026-01-01 00:00:10,tracking_error,0.12875038385391235,catem_user_benchmark
roboturk_operator_pool,sawyer_tower_creation,sawyer_tower_creation,2026-01-01 00:00:11,tracking_error,0.13386940956115723,catem_user_benchmark
roboturk_operator_pool,sawyer_tower_creation,sawyer_tower_creation,2026-01-01 00:00:12,tracking_error,0.13873594999313354,catem_user_benchmark
roboturk_operator_pool,sawyer_tower_creation,sawyer_tower_creation,2026-01-01 00:00:13,tracking_error,0.14327830076217662,catem_user_benchmark
roboturk_operator_pool,sawyer_tower_creation,sawyer_tower_creation,2026-01-01 00:00:14,tracking_error,0.14759021997451793,catem_user_benchmark
roboturk_operator_pool,sawyer_tower_creation,sawyer_tower_creation,2026-01-01 00:00:15,tracking_error,0.1516733169555664,catem_user_benchmark
roboturk_operator_pool,sawyer_tower_creation,sawyer_tower_creation,2026-01-01 00:00:16,tracking_error,0.15548115968704224,catem_user_benchmark
roboturk_operator_pool,sawyer_tower_creation,sawyer_tower_creation,2026-01-01 00:00:17,tracking_error,0.15920799970626853,catem_user_benchmark
roboturk_operator_pool,sawyer_tower_creation,sawyer_tower_creation,2026-01-01 00:00:18,tracking_error,0.16289681196212769,catem_user_benchmark
roboturk_operator_pool,sawyer_tower_creation,sawyer_tower_creation,2026-01-01 00:00:19,tracking_error,0.16642355918884288,catem_user_benchmark
roboturk_operator_pool,sawyer_tower_creation,sawyer_tower_creation,2026-01-01 00:00:20,tracking_error,0.16990387439727794,catem_user_benchmark
roboturk_operator_pool,sawyer_tower_creation,sawyer_tower_creation,2026-01-01 00:00:21,tracking_error,0.1732911467552184,catem_user_benchmark
roboturk_operator_pool,sawyer_tower_creation,sawyer_tower_creation,2026-01-01 00:00:22,tracking_error,0.176563799381256,catem_user_benchmark
roboturk_operator_pool,sawyer_tower_creation,sawyer_tower_creation,2026-01-01 00:00:23,tracking_error,0.1798427700996399,catem_user_benchmark
roboturk_operator_pool,sawyer_tower_creation,sawyer_tower_creation,2026-01-01 00:00:24,tracking_error,0.1830202341079712,catem_user_benchmark
roboturk_operator_pool,sawyer_tower_creation,sawyer_tower_creation,2026-01-01 00:00:25,tracking_error,0.18620461225509644,catem_user_benchmark
roboturk_operator_pool,sawyer_tower_creation,sawyer_tower_creation,2026-01-01 00:00:26,tracking_error,0.18926793336868286,catem_user_benchmark
roboturk_operator_pool,sawyer_tower_creation,sawyer_tower_creation,2026-01-01 00:00:27,tracking_error,0.1922314167022704,catem_user_benchmark
roboturk_operator_pool,bair_action,bair_action,2026-01-01 00:00:00,error_rate,0.11977720260620117,catem_user_benchmark
roboturk_operator_pool,bair_action,bair_action,2026-01-01 00:00:01,error_rate,0.13009369373321533,catem_user_benchmark
roboturk_operator_pool,bair_action,bair_action,2026-01-01 00:00:02,error_rate,0.15827834606170632,catem_user_benchmark
roboturk_operator_pool,bair_action,bair_action,2026-01-01 00:00:03,error_rate,0.161876320838928,catem_user_benchmark
roboturk_operator_pool,bair_action,bair_action,2026-01-01 00:00:04,error_rate,0.1854475736618042,catem_user_benchmark
roboturk_operator_pool,bair_action,bair_action,2026-01-01 00:00:05,error_rate,0.18552625179290816,catem_user_benchmark
roboturk_operator_pool,bair_action,bair_action,2026-01-01 00:00:06,error_rate,0.20472812652587913,catem_user_benchmark
roboturk_operator_pool,bair_action,bair_action,2026-01-01 00:00:07,error_rate,0.20403647422790527,catem_user_benchmark
roboturk_operator_pool,bair_action,bair_action,2026-01-01 00:00:08,error_rate,0.22268688678741477,catem_user_benchmark
roboturk_operator_pool,bair_action,bair_action,2026-01-01 00:00:09,error_rate,0.2244020700454714,catem_user_benchmark
roboturk_operator_pool,bair_action,bair_action,2026-01-01 00:00:10,error_rate,0.2418309450149536,catem_user_benchmark
roboturk_operator_pool,bair_action,bair_action,2026-01-01 00:00:11,error_rate,0.24051439762115479,catem_user_benchmark
roboturk_operator_pool,bair_action,bair_action,2026-01-01 00:00:12,error_rate,0.2535972595214844,catem_user_benchmark
roboturk_operator_pool,bair_action,bair_action,2026-01-01 00:00:13,error_rate,0.25701963901519775,catem_user_benchmark
roboturk_operator_pool,bair_action,bair_action,2026-01-01 00:00:14,error_rate,0.2740201950073242,catem_user_benchmark
roboturk_operator_pool,bair_action,bair_action,2026-01-01 00:00:15,error_rate,0.2732130289077761,catem_user_benchmark
roboturk_operator_pool,bair_action,bair_action,2026-01-01 00:00:16,error_rate,0.28855133056640647,catem_user_benchmark
roboturk_operator_pool,bair_action,bair_action,2026-01-01 00:00:17,error_rate,0.2895053625106814,catem_user_benchmark
roboturk_operator_pool,bair_action,bair_action,2026-01-01 00:00:18,error_rate,0.3084295988082886,catem_user_benchmark
roboturk_operator_pool,bair_action,bair_action,2026-01-01 00:00:19,error_rate,0.3089002370834353,catem_user_benchmark
roboturk_operator_pool,bair_action,bair_action,2026-01-01 00:00:20,error_rate,0.32226145267486594,catem_user_benchmark
roboturk_operator_pool,bair_action,bair_action,2026-01-01 00:00:21,error_rate,0.32335424423217796,catem_user_benchmark
roboturk_operator_pool,bair_action,bair_action,2026-01-01 00:00:22,error_rate,0.335408091545105,catem_user_benchmark
roboturk_operator_pool,bair_action,bair_action,2026-01-01 00:00:23,error_rate,0.33892011642456055,catem_user_benchmark
roboturk_operator_pool,bair_action,bair_action,2026-01-01 00:00:24,error_rate,0.34901010990142844,catem_user_benchmark
roboturk_operator_pool,bair_action,bair_action,2026-01-01 00:00:25,error_rate,0.3504537343978884,catem_user_benchmark
roboturk_operator_pool,bair_action,bair_action,2026-01-01 00:00:26,error_rate,0.3635488748550415,catem_user_benchmark
roboturk_operator_pool,bair_action,bair_action,2026-01-01 00:00:27,error_rate,0.3648616075515747,catem_user_benchmark
roboturk_operator_pool,sawyer_laundry_layout,sawyer_laundry_layout,2026-01-01 00:00:00,error_rate,0.15031182765960693,catem_user_benchmark
roboturk_operator_pool,sawyer_laundry_layout,sawyer_laundry_layout,2026-01-01 00:00:01,error_rate,0.22723674774169922,catem_user_benchmark
roboturk_operator_pool,sawyer_laundry_layout,sawyer_laundry_layout,2026-01-01 00:00:02,error_rate,0.2907752990722656,catem_user_benchmark
roboturk_operator_pool,sawyer_laundry_layout,sawyer_laundry_layout,2026-01-01 00:00:03,error_rate,0.34359371662139915,catem_user_benchmark
roboturk_operator_pool,sawyer_laundry_layout,sawyer_laundry_layout,2026-01-01 00:00:04,error_rate,0.38983023166656516,catem_user_benchmark
roboturk_operator_pool,sawyer_laundry_layout,sawyer_laundry_layout,2026-01-01 00:00:05,error_rate,0.43086111545562744,catem_user_benchmark
roboturk_operator_pool,sawyer_laundry_layout,sawyer_laundry_layout,2026-01-01 00:00:06,error_rate,0.4669722318649292,catem_user_benchmark
roboturk_operator_pool,sawyer_laundry_layout,sawyer_laundry_layout,2026-01-01 00:00:07,error_rate,0.49936413764953635,catem_user_benchmark
roboturk_operator_pool,sawyer_laundry_layout,sawyer_laundry_layout,2026-01-01 00:00:08,error_rate,0.5286043882369997,catem_user_benchmark
roboturk_operator_pool,sawyer_laundry_layout,sawyer_laundry_layout,2026-01-01 00:00:09,error_rate,0.5554078817367556,catem_user_benchmark
roboturk_operator_pool,sawyer_laundry_layout,sawyer_laundry_layout,2026-01-01 00:00:10,error_rate,0.5804837942123415,catem_user_benchmark
roboturk_operator_pool,sawyer_laundry_layout,sawyer_laundry_layout,2026-01-01 00:00:11,error_rate,0.6034553050994873,catem_user_benchmark
roboturk_operator_pool,sawyer_laundry_layout,sawyer_laundry_layout,2026-01-01 00:00:12,error_rate,0.62434983253479,catem_user_benchmark
roboturk_operator_pool,sawyer_laundry_layout,sawyer_laundry_layout,2026-01-01 00:00:13,error_rate,0.6434379816055298,catem_user_benchmark
roboturk_operator_pool,sawyer_laundry_layout,sawyer_laundry_layout,2026-01-01 00:00:14,error_rate,0.6613523960113525,catem_user_benchmark
roboturk_operator_pool,sawyer_laundry_layout,sawyer_laundry_layout,2026-01-01 00:00:15,error_rate,0.6781653165817261,catem_user_benchmark
roboturk_operator_pool,sawyer_laundry_layout,sawyer_laundry_layout,2026-01-01 00:00:16,error_rate,0.6938763856887817,catem_user_benchmark
roboturk_operator_pool,sawyer_laundry_layout,sawyer_laundry_layout,2026-01-01 00:00:17,error_rate,0.7086163759231567,catem_user_benchmark
roboturk_operator_pool,sawyer_laundry_layout,sawyer_laundry_layout,2026-01-01 00:00:18,error_rate,0.7228126525878906,catem_user_benchmark
roboturk_operator_pool,sawyer_laundry_layout,sawyer_laundry_layout,2026-01-01 00:00:19,error_rate,0.7361910343170166,catem_user_benchmark
roboturk_operator_pool,sawyer_laundry_layout,sawyer_laundry_layout,2026-01-01 00:00:20,error_rate,0.7488493919372559,catem_user_benchmark
roboturk_operator_pool,sawyer_laundry_layout,sawyer_laundry_layout,2026-01-01 00:00:21,error_rate,0.7610368728637695,catem_user_benchmark
roboturk_operator_pool,sawyer_laundry_layout,sawyer_laundry_layout,2026-01-01 00:00:22,error_rate,0.7722252607345581,catem_user_benchmark
roboturk_operator_pool,sawyer_laundry_layout,sawyer_laundry_layout,2026-01-01 00:00:23,error_rate,0.7825027704238894,catem_user_benchmark
roboturk_operator_pool,sawyer_laundry_layout,sawyer_laundry_layout,2026-01-01 00:00:24,error_rate,0.7922189235687256,catem_user_benchmark
roboturk_operator_pool,sawyer_laundry_layout,sawyer_laundry_layout,2026-01-01 00:00:25,error_rate,0.801297664642334,catem_user_benchmark
roboturk_operator_pool,sawyer_laundry_layout,sawyer_laundry_layout,2026-01-01 00:00:26,error_rate,0.8098100423812866,catem_user_benchmark
roboturk_operator_pool,sawyer_laundry_layout,sawyer_laundry_layout,2026-01-01 00:00:27,error_rate,0.81775963306427,catem_user_benchmark
roboturk_operator_pool,sawyer_tower_creation,sawyer_tower_creation,2026-01-01 00:00:00,error_rate,0.07602548599243208,catem_user_benchmark
roboturk_operator_pool,sawyer_tower_creation,sawyer_tower_creation,2026-01-01 00:00:01,error_rate,0.10885763168334939,catem_user_benchmark
roboturk_operator_pool,sawyer_tower_creation,sawyer_tower_creation,2026-01-01 00:00:02,error_rate,0.13539659976959229,catem_user_benchmark
roboturk_operator_pool,sawyer_tower_creation,sawyer_tower_creation,2026-01-01 00:00:03,error_rate,0.1572619676589968,catem_user_benchmark
roboturk_operator_pool,sawyer_tower_creation,sawyer_tower_creation,2026-01-01 00:00:04,error_rate,0.17634046077728294,catem_user_benchmark
roboturk_operator_pool,sawyer_tower_creation,sawyer_tower_creation,2026-01-01 00:00:05,error_rate,0.1931154727935791,catem_user_benchmark
roboturk_operator_pool,sawyer_tower_creation,sawyer_tower_creation,2026-01-01 00:00:06,error_rate,0.2082676887512207,catem_user_benchmark
roboturk_operator_pool,sawyer_tower_creation,sawyer_tower_creation,2026-01-01 00:00:07,error_rate,0.2221411466598513,catem_user_benchmark
roboturk_operator_pool,sawyer_tower_creation,sawyer_tower_creation,2026-01-01 00:00:08,error_rate,0.2348451614379885,catem_user_benchmark
roboturk_operator_pool,sawyer_tower_creation,sawyer_tower_creation,2026-01-01 00:00:09,error_rate,0.24661028385162376,catem_user_benchmark
roboturk_operator_pool,sawyer_tower_creation,sawyer_tower_creation,2026-01-01 00:00:10,error_rate,0.2575007677078247,catem_user_benchmark
roboturk_operator_pool,sawyer_tower_creation,sawyer_tower_creation,2026-01-01 00:00:11,error_rate,0.26773881912231445,catem_user_benchmark
roboturk_operator_pool,sawyer_tower_creation,sawyer_tower_creation,2026-01-01 00:00:12,error_rate,0.2774718999862671,catem_user_benchmark
roboturk_operator_pool,sawyer_tower_creation,sawyer_tower_creation,2026-01-01 00:00:13,error_rate,0.28655660152435325,catem_user_benchmark
roboturk_operator_pool,sawyer_tower_creation,sawyer_tower_creation,2026-01-01 00:00:14,error_rate,0.29518043994903587,catem_user_benchmark
roboturk_operator_pool,sawyer_tower_creation,sawyer_tower_creation,2026-01-01 00:00:15,error_rate,0.3033466339111328,catem_user_benchmark
roboturk_operator_pool,sawyer_tower_creation,sawyer_tower_creation,2026-01-01 00:00:16,error_rate,0.3109623193740845,catem_user_benchmark
roboturk_operator_pool,sawyer_tower_creation,sawyer_tower_creation,2026-01-01 00:00:17,error_rate,0.31841599941253707,catem_user_benchmark
roboturk_operator_pool,sawyer_tower_creation,sawyer_tower_creation,2026-01-01 00:00:18,error_rate,0.32579362392425537,catem_user_benchmark
roboturk_operator_pool,sawyer_tower_creation,sawyer_tower_creation,2026-01-01 00:00:19,error_rate,0.33284711837768577,catem_user_benchmark
roboturk_operator_pool,sawyer_tower_creation,sawyer_tower_creation,2026-01-01 00:00:20,error_rate,0.3398077487945559,catem_user_benchmark
roboturk_operator_pool,sawyer_tower_creation,sawyer_tower_creation,2026-01-01 00:00:21,error_rate,0.3465822935104368,catem_user_benchmark
roboturk_operator_pool,sawyer_tower_creation,sawyer_tower_creation,2026-01-01 00:00:22,error_rate,0.353127598762512,catem_user_benchmark
roboturk_operator_pool,sawyer_tower_creation,sawyer_tower_creation,2026-01-01 00:00:23,error_rate,0.3596855401992798,catem_user_benchmark
roboturk_operator_pool,sawyer_tower_creation,sawyer_tower_creation,2026-01-01 00:00:24,error_rate,0.3660404682159424,catem_user_benchmark
roboturk_operator_pool,sawyer_tower_creation,sawyer_tower_creation,2026-01-01 00:00:25,error_rate,0.37240922451019287,catem_user_benchmark
roboturk_operator_pool,sawyer_tower_creation,sawyer_tower_creation,2026-01-01 00:00:26,error_rate,0.3785358667373657,catem_user_benchmark
roboturk_operator_pool,sawyer_tower_creation,sawyer_tower_creation,2026-01-01 00:00:27,error_rate,0.3844628334045408,catem_user_benchmark
clinician_01,assistant,nasa_tlx_assistant,2026-01-01 00:00:00,success_rate,0.8947368421052632,catem_user_benchmark
clinician_02,assistant,nasa_tlx_assistant,2026-01-01 00:00:00,success_rate,0.8947368421052632,catem_user_benchmark
clinician_03,assistant,nasa_tlx_assistant,2026-01-01 00:00:00,success_rate,0.7368421052631579,catem_user_benchmark
clinician_04,assistant,nasa_tlx_assistant,2026-01-01 00:00:00,success_rate,1.0,catem_user_benchmark
clinician_05,assistant,nasa_tlx_assistant,2026-01-01 00:00:00,success_rate,1.0,catem_user_benchmark
clinician_06,assistant,nasa_tlx_assistant,2026-01-01 00:00:00,success_rate,0.21052631578947367,catem_user_benchmark
clinician_07,assistant,nasa_tlx_assistant,2026-01-01 00:00:00,success_rate,0.5263157894736842,catem_user_benchmark
clinician_08,assistant,nasa_tlx_assistant,2026-01-01 00:00:00,success_rate,0.7368421052631579,catem_user_benchmark
clinician_09,assistant,nasa_tlx_assistant,2026-01-01 00:00:00,success_rate,1.0,catem_user_benchmark
clinician_10,assistant,nasa_tlx_assistant,2026-01-01 00:00:00,success_rate,1.0,catem_user_benchmark
clinician_11,assistant,nasa_tlx_assistant,2026-01-01 00:00:00,success_rate,0.8947368421052632,catem_user_benchmark
clinician_12,assistant,nasa_tlx_assistant,2026-01-01 00:00:00,success_rate,0.47368421052631576,catem_user_benchmark
clinician_13,assistant,nasa_tlx_assistant,2026-01-01 00:00:00,success_rate,0.8947368421052632,catem_user_benchmark
clinician_14,assistant,nasa_tlx_assistant,2026-01-01 00:00:00,success_rate,0.9473684210526315,catem_user_benchmark
clinician_15,assistant,nasa_tlx_assistant,2026-01-01 00:00:00,success_rate,0.8947368421052632,catem_user_benchmark
clinician_16,assistant,nasa_tlx_assistant,2026-01-01 00:00:00,success_rate,0.8421052631578947,catem_user_benchmark
clinician_17,assistant,nasa_tlx_assistant,2026-01-01 00:00:00,success_rate,0.8421052631578947,catem_user_benchmark
clinician_18,assistant,nasa_tlx_assistant,2026-01-01 00:00:00,success_rate,0.47368421052631576,catem_user_benchmark
clinician_19,assistant,nasa_tlx_assistant,2026-01-01 00:00:00,success_rate,0.631578947368421,catem_user_benchmark
clinician_20,assistant,nasa_tlx_assistant,2026-01-01 00:00:00,success_rate,0.42105263157894735,catem_user_benchmark
clinician_21,assistant,nasa_tlx_assistant,2026-01-01 00:00:00,success_rate,0.47368421052631576,catem_user_benchmark
clinician_22,assistant,nasa_tlx_assistant,2026-01-01 00:00:00,success_rate,0.6842105263157895,catem_user_benchmark
clinician_23,assistant,nasa_tlx_assistant,2026-01-01 00:00:00,success_rate,0.3684210526315789,catem_user_benchmark
clinician_24,assistant,nasa_tlx_assistant,2026-01-01 00:00:00,success_rate,0.5789473684210527,catem_user_benchmark
clinician_25,assistant,nasa_tlx_assistant,2026-01-01 00:00:00,success_rate,0.7894736842105263,catem_user_benchmark
clinician_26,assistant,nasa_tlx_assistant,2026-01-01 00:00:00,success_rate,0.47368421052631576,catem_user_benchmark
clinician_27,assistant,nasa_tlx_assistant,2026-01-01 00:00:00,success_rate,0.5789473684210527,catem_user_benchmark
clinician_28,assistant,nasa_tlx_assistant,2026-01-01 00:00:00,success_rate,0.5263157894736842,catem_user_benchmark
clinician_29,assistant,nasa_tlx_assistant,2026-01-01 00:00:00,success_rate,1.0,catem_user_benchmark
clinician_30,assistant,nasa_tlx_assistant,2026-01-01 00:00:00,success_rate,0.7894736842105263,catem_user_benchmark
clinician_31,assistant,nasa_tlx_assistant,2026-01-01 00:00:00,success_rate,0.8947368421052632,catem_user_benchmark
clinician_32,assistant,nasa_tlx_assistant,2026-01-01 00:00:00,success_rate,0.5263157894736842,catem_user_benchmark
clinician_33,assistant,nasa_tlx_assistant,2026-01-01 00:00:00,success_rate,1.0,catem_user_benchmark
clinician_34,assistant,nasa_tlx_assistant,2026-01-01 00:00:00,success_rate,0.6842105263157895,catem_user_benchmark
clinician_35,assistant,nasa_tlx_assistant,2026-01-01 00:00:00,success_rate,0.8947368421052632,catem_user_benchmark
clinician_36,assistant,nasa_tlx_assistant,2026-01-01 00:00:00,success_rate,0.9473684210526315,catem_user_benchmark
clinician_37,assistant,nasa_tlx_assistant,2026-01-01 00:00:00,success_rate,0.7368421052631579,catem_user_benchmark
clinician_38,assistant,nasa_tlx_assistant,2026-01-01 00:00:00,success_rate,0.7368421052631579,catem_user_benchmark
clinician_39,assistant,nasa_tlx_assistant,2026-01-01 00:00:00,success_rate,0.42105263157894735,catem_user_benchmark
clinician_40,assistant,nasa_tlx_assistant,2026-01-01 00:00:00,success_rate,0.5263157894736842,catem_user_benchmark
clinician_41,assistant,nasa_tlx_assistant,2026-01-01 00:00:00,success_rate,0.6842105263157895,catem_user_benchmark
clinician_42,assistant,nasa_tlx_assistant,2026-01-01 00:00:00,success_rate,1.0,catem_user_benchmark
clinician_43,assistant,nasa_tlx_assistant,2026-01-01 00:00:00,success_rate,0.8947368421052632,catem_user_benchmark
clinician_44,assistant,nasa_tlx_assistant,2026-01-01 00:00:00,success_rate,0.6842105263157895,catem_user_benchmark
clinician_45,assistant,nasa_tlx_assistant,2026-01-01 00:00:00,success_rate,0.631578947368421,catem_user_benchmark
clinician_01,current,nasa_tlx_current,2026-01-01 00:00:00,success_rate,1.0,catem_user_benchmark
clinician_02,current,nasa_tlx_current,2026-01-01 00:00:00,success_rate,0.8947368421052632,catem_user_benchmark
clinician_03,current,nasa_tlx_current,2026-01-01 00:00:00,success_rate,0.0,catem_user_benchmark
clinician_04,current,nasa_tlx_current,2026-01-01 00:00:00,success_rate,0.9473684210526315,catem_user_benchmark
clinician_05,current,nasa_tlx_current,2026-01-01 00:00:00,success_rate,0.7368421052631579,catem_user_benchmark
clinician_06,current,nasa_tlx_current,2026-01-01 00:00:00,success_rate,0.8947368421052632,catem_user_benchmark
clinician_07,current,nasa_tlx_current,2026-01-01 00:00:00,success_rate,0.8421052631578947,catem_user_benchmark
clinician_08,current,nasa_tlx_current,2026-01-01 00:00:00,success_rate,0.8947368421052632,catem_user_benchmark
clinician_09,current,nasa_tlx_current,2026-01-01 00:00:00,success_rate,0.8421052631578947,catem_user_benchmark
clinician_10,current,nasa_tlx_current,2026-01-01 00:00:00,success_rate,0.7368421052631579,catem_user_benchmark
clinician_11,current,nasa_tlx_current,2026-01-01 00:00:00,success_rate,0.0,catem_user_benchmark
clinician_12,current,nasa_tlx_current,2026-01-01 00:00:00,success_rate,0.8947368421052632,catem_user_benchmark
clinician_13,current,nasa_tlx_current,2026-01-01 00:00:00,success_rate,1.0,catem_user_benchmark
clinician_14,current,nasa_tlx_current,2026-01-01 00:00:00,success_rate,0.5263157894736842,catem_user_benchmark
clinician_15,current,nasa_tlx_current,2026-01-01 00:00:00,success_rate,1.0,catem_user_benchmark
clinician_16,current,nasa_tlx_current,2026-01-01 00:00:00,success_rate,0.3684210526315789,catem_user_benchmark
clinician_17,current,nasa_tlx_current,2026-01-01 00:00:00,success_rate,1.0,catem_user_benchmark
clinician_18,current,nasa_tlx_current,2026-01-01 00:00:00,success_rate,0.8947368421052632,catem_user_benchmark
clinician_19,current,nasa_tlx_current,2026-01-01 00:00:00,success_rate,0.3684210526315789,catem_user_benchmark
clinician_20,current,nasa_tlx_current,2026-01-01 00:00:00,success_rate,0.3684210526315789,catem_user_benchmark
clinician_21,current,nasa_tlx_current,2026-01-01 00:00:00,success_rate,0.8947368421052632,catem_user_benchmark
clinician_22,current,nasa_tlx_current,2026-01-01 00:00:00,success_rate,0.7894736842105263,catem_user_benchmark
clinician_23,current,nasa_tlx_current,2026-01-01 00:00:00,success_rate,0.8421052631578947,catem_user_benchmark
clinician_24,current,nasa_tlx_current,2026-01-01 00:00:00,success_rate,0.42105263157894735,catem_user_benchmark
clinician_25,current,nasa_tlx_current,2026-01-01 00:00:00,success_rate,0.47368421052631576,catem_user_benchmark
clinician_26,current,nasa_tlx_current,2026-01-01 00:00:00,success_rate,0.7368421052631579,catem_user_benchmark
clinician_27,current,nasa_tlx_current,2026-01-01 00:00:00,success_rate,0.7368421052631579,catem_user_benchmark
clinician_28,current,nasa_tlx_current,2026-01-01 00:00:00,success_rate,0.8947368421052632,catem_user_benchmark
clinician_29,current,nasa_tlx_current,2026-01-01 00:00:00,success_rate,0.3684210526315789,catem_user_benchmark
clinician_30,current,nasa_tlx_current,2026-01-01 00:00:00,success_rate,1.0,catem_user_benchmark
clinician_31,current,nasa_tlx_current,2026-01-01 00:00:00,success_rate,0.631578947368421,catem_user_benchmark
clinician_32,current,nasa_tlx_current,2026-01-01 00:00:00,success_rate,0.7368421052631579,catem_user_benchmark
clinician_33,current,nasa_tlx_current,2026-01-01 00:00:00,success_rate,0.8421052631578947,catem_user_benchmark
clinician_34,current,nasa_tlx_current,2026-01-01 00:00:00,success_rate,0.631578947368421,catem_user_benchmark
clinician_35,current,nasa_tlx_current,2026-01-01 00:00:00,success_rate,0.7894736842105263,catem_user_benchmark
clinician_36,current,nasa_tlx_current,2026-01-01 00:00:00,success_rate,0.6842105263157895,catem_user_benchmark
clinician_37,current,nasa_tlx_current,2026-01-01 00:00:00,success_rate,0.7368421052631579,catem_user_benchmark
clinician_38,current,nasa_tlx_current,2026-01-01 00:00:00,success_rate,0.5789473684210527,catem_user_benchmark
clinician_39,current,nasa_tlx_current,2026-01-01 00:00:00,success_rate,0.6842105263157895,catem_user_benchmark
clinician_40,current,nasa_tlx_current,2026-01-01 00:00:00,success_rate,0.631578947368421,catem_user_benchmark
clinician_41,current,nasa_tlx_current,2026-01-01 00:00:00,success_rate,0.631578947368421,catem_user_benchmark
clinician_42,current,nasa_tlx_current,2026-01-01 00:00:00,success_rate,0.7894736842105263,catem_user_benchmark
clinician_43,current,nasa_tlx_current,2026-01-01 00:00:00,success_rate,0.6842105263157895,catem_user_benchmark
clinician_44,current,nasa_tlx_current,2026-01-01 00:00:00,success_rate,0.8421052631578947,catem_user_benchmark
clinician_45,current,nasa_tlx_current,2026-01-01 00:00:00,success_rate,0.6842105263157895,catem_user_benchmark
roboturk_operator_pool,bair_action,bair_action,2026-01-01 00:00:00,success_rate,0.8802227973937988,catem_user_benchmark
roboturk_operator_pool,bair_action,bair_action,2026-01-01 00:00:01,success_rate,0.8699063062667847,catem_user_benchmark
roboturk_operator_pool,bair_action,bair_action,2026-01-01 00:00:02,success_rate,0.8417216539382937,catem_user_benchmark
roboturk_operator_pool,bair_action,bair_action,2026-01-01 00:00:03,success_rate,0.838123679161072,catem_user_benchmark
roboturk_operator_pool,bair_action,bair_action,2026-01-01 00:00:04,success_rate,0.8145524263381958,catem_user_benchmark
roboturk_operator_pool,bair_action,bair_action,2026-01-01 00:00:05,success_rate,0.8144737482070918,catem_user_benchmark
roboturk_operator_pool,bair_action,bair_action,2026-01-01 00:00:06,success_rate,0.7952718734741209,catem_user_benchmark
roboturk_operator_pool,bair_action,bair_action,2026-01-01 00:00:07,success_rate,0.7959635257720947,catem_user_benchmark
roboturk_operator_pool,bair_action,bair_action,2026-01-01 00:00:08,success_rate,0.7773131132125852,catem_user_benchmark
roboturk_operator_pool,bair_action,bair_action,2026-01-01 00:00:09,success_rate,0.7755979299545286,catem_user_benchmark
roboturk_operator_pool,bair_action,bair_action,2026-01-01 00:00:10,success_rate,0.7581690549850464,catem_user_benchmark
roboturk_operator_pool,bair_action,bair_action,2026-01-01 00:00:11,success_rate,0.7594856023788452,catem_user_benchmark
roboturk_operator_pool,bair_action,bair_action,2026-01-01 00:00:12,success_rate,0.7464027404785156,catem_user_benchmark
roboturk_operator_pool,bair_action,bair_action,2026-01-01 00:00:13,success_rate,0.7429803609848022,catem_user_benchmark
roboturk_operator_pool,bair_action,bair_action,2026-01-01 00:00:14,success_rate,0.7259798049926758,catem_user_benchmark
roboturk_operator_pool,bair_action,bair_action,2026-01-01 00:00:15,success_rate,0.7267869710922239,catem_user_benchmark
roboturk_operator_pool,bair_action,bair_action,2026-01-01 00:00:16,success_rate,0.7114486694335935,catem_user_benchmark
roboturk_operator_pool,bair_action,bair_action,2026-01-01 00:00:17,success_rate,0.7104946374893186,catem_user_benchmark
roboturk_operator_pool,bair_action,bair_action,2026-01-01 00:00:18,success_rate,0.6915704011917114,catem_user_benchmark
roboturk_operator_pool,bair_action,bair_action,2026-01-01 00:00:19,success_rate,0.6910997629165647,catem_user_benchmark
roboturk_operator_pool,bair_action,bair_action,2026-01-01 00:00:20,success_rate,0.677738547325134,catem_user_benchmark
roboturk_operator_pool,bair_action,bair_action,2026-01-01 00:00:21,success_rate,0.676645755767822,catem_user_benchmark
roboturk_operator_pool,bair_action,bair_action,2026-01-01 00:00:22,success_rate,0.664591908454895,catem_user_benchmark
roboturk_operator_pool,bair_action,bair_action,2026-01-01 00:00:23,success_rate,0.6610798835754395,catem_user_benchmark
roboturk_operator_pool,bair_action,bair_action,2026-01-01 00:00:24,success_rate,0.6509898900985716,catem_user_benchmark
roboturk_operator_pool,bair_action,bair_action,2026-01-01 00:00:25,success_rate,0.6495462656021116,catem_user_benchmark
roboturk_operator_pool,bair_action,bair_action,2026-01-01 00:00:26,success_rate,0.6364511251449585,catem_user_benchmark
roboturk_operator_pool,bair_action,bair_action,2026-01-01 00:00:27,success_rate,0.6351383924484253,catem_user_benchmark
roboturk_operator_pool,sawyer_laundry_layout,sawyer_laundry_layout,2026-01-01 00:00:00,success_rate,0.8496881723403931,catem_user_benchmark
roboturk_operator_pool,sawyer_laundry_layout,sawyer_laundry_layout,2026-01-01 00:00:01,success_rate,0.7727632522583008,catem_user_benchmark
roboturk_operator_pool,sawyer_laundry_layout,sawyer_laundry_layout,2026-01-01 00:00:02,success_rate,0.7092247009277344,catem_user_benchmark
roboturk_operator_pool,sawyer_laundry_layout,sawyer_laundry_layout,2026-01-01 00:00:03,success_rate,0.6564062833786009,catem_user_benchmark
roboturk_operator_pool,sawyer_laundry_layout,sawyer_laundry_layout,2026-01-01 00:00:04,success_rate,0.6101697683334348,catem_user_benchmark
roboturk_operator_pool,sawyer_laundry_layout,sawyer_laundry_layout,2026-01-01 00:00:05,success_rate,0.5691388845443726,catem_user_benchmark
roboturk_operator_pool,sawyer_laundry_layout,sawyer_laundry_layout,2026-01-01 00:00:06,success_rate,0.5330277681350708,catem_user_benchmark
roboturk_operator_pool,sawyer_laundry_layout,sawyer_laundry_layout,2026-01-01 00:00:07,success_rate,0.5006358623504636,catem_user_benchmark
roboturk_operator_pool,sawyer_laundry_layout,sawyer_laundry_layout,2026-01-01 00:00:08,success_rate,0.47139561176300027,catem_user_benchmark
roboturk_operator_pool,sawyer_laundry_layout,sawyer_laundry_layout,2026-01-01 00:00:09,success_rate,0.4445921182632444,catem_user_benchmark
roboturk_operator_pool,sawyer_laundry_layout,sawyer_laundry_layout,2026-01-01 00:00:10,success_rate,0.41951620578765847,catem_user_benchmark
roboturk_operator_pool,sawyer_laundry_layout,sawyer_laundry_layout,2026-01-01 00:00:11,success_rate,0.3965446949005127,catem_user_benchmark
roboturk_operator_pool,sawyer_laundry_layout,sawyer_laundry_layout,2026-01-01 00:00:12,success_rate,0.37565016746520996,catem_user_benchmark
roboturk_operator_pool,sawyer_laundry_layout,sawyer_laundry_layout,2026-01-01 00:00:13,success_rate,0.3565620183944702,catem_user_benchmark
roboturk_operator_pool,sawyer_laundry_layout,sawyer_laundry_layout,2026-01-01 00:00:14,success_rate,0.33864760398864746,catem_user_benchmark
roboturk_operator_pool,sawyer_laundry_layout,sawyer_laundry_layout,2026-01-01 00:00:15,success_rate,0.3218346834182739,catem_user_benchmark
roboturk_operator_pool,sawyer_laundry_layout,sawyer_laundry_layout,2026-01-01 00:00:16,success_rate,0.30612361431121826,catem_user_benchmark
roboturk_operator_pool,sawyer_laundry_layout,sawyer_laundry_layout,2026-01-01 00:00:17,success_rate,0.29138362407684326,catem_user_benchmark
roboturk_operator_pool,sawyer_laundry_layout,sawyer_laundry_layout,2026-01-01 00:00:18,success_rate,0.2771873474121094,catem_user_benchmark
roboturk_operator_pool,sawyer_laundry_layout,sawyer_laundry_layout,2026-01-01 00:00:19,success_rate,0.2638089656829834,catem_user_benchmark
roboturk_operator_pool,sawyer_laundry_layout,sawyer_laundry_layout,2026-01-01 00:00:20,success_rate,0.25115060806274414,catem_user_benchmark
roboturk_operator_pool,sawyer_laundry_layout,sawyer_laundry_layout,2026-01-01 00:00:21,success_rate,0.23896312713623047,catem_user_benchmark
roboturk_operator_pool,sawyer_laundry_layout,sawyer_laundry_layout,2026-01-01 00:00:22,success_rate,0.2277747392654419,catem_user_benchmark
roboturk_operator_pool,sawyer_laundry_layout,sawyer_laundry_layout,2026-01-01 00:00:23,success_rate,0.21749722957611062,catem_user_benchmark
roboturk_operator_pool,sawyer_laundry_layout,sawyer_laundry_layout,2026-01-01 00:00:24,success_rate,0.20778107643127441,catem_user_benchmark
roboturk_operator_pool,sawyer_laundry_layout,sawyer_laundry_layout,2026-01-01 00:00:25,success_rate,0.19870233535766602,catem_user_benchmark
roboturk_operator_pool,sawyer_laundry_layout,sawyer_laundry_layout,2026-01-01 00:00:26,success_rate,0.19018995761871338,catem_user_benchmark
roboturk_operator_pool,sawyer_laundry_layout,sawyer_laundry_layout,2026-01-01 00:00:27,success_rate,0.18224036693572998,catem_user_benchmark
roboturk_operator_pool,sawyer_tower_creation,sawyer_tower_creation,2026-01-01 00:00:00,success_rate,0.9239745140075679,catem_user_benchmark
roboturk_operator_pool,sawyer_tower_creation,sawyer_tower_creation,2026-01-01 00:00:01,success_rate,0.8911423683166506,catem_user_benchmark
roboturk_operator_pool,sawyer_tower_creation,sawyer_tower_creation,2026-01-01 00:00:02,success_rate,0.8646034002304077,catem_user_benchmark
roboturk_operator_pool,sawyer_tower_creation,sawyer_tower_creation,2026-01-01 00:00:03,success_rate,0.8427380323410032,catem_user_benchmark
roboturk_operator_pool,sawyer_tower_creation,sawyer_tower_creation,2026-01-01 00:00:04,success_rate,0.8236595392227171,catem_user_benchmark
roboturk_operator_pool,sawyer_tower_creation,sawyer_tower_creation,2026-01-01 00:00:05,success_rate,0.8068845272064209,catem_user_benchmark
roboturk_operator_pool,sawyer_tower_creation,sawyer_tower_creation,2026-01-01 00:00:06,success_rate,0.7917323112487793,catem_user_benchmark
roboturk_operator_pool,sawyer_tower_creation,sawyer_tower_creation,2026-01-01 00:00:07,success_rate,0.7778588533401487,catem_user_benchmark
roboturk_operator_pool,sawyer_tower_creation,sawyer_tower_creation,2026-01-01 00:00:08,success_rate,0.7651548385620115,catem_user_benchmark
roboturk_operator_pool,sawyer_tower_creation,sawyer_tower_creation,2026-01-01 00:00:09,success_rate,0.7533897161483762,catem_user_benchmark
roboturk_operator_pool,sawyer_tower_creation,sawyer_tower_creation,2026-01-01 00:00:10,success_rate,0.7424992322921753,catem_user_benchmark
roboturk_operator_pool,sawyer_tower_creation,sawyer_tower_creation,2026-01-01 00:00:11,success_rate,0.7322611808776855,catem_user_benchmark
roboturk_operator_pool,sawyer_tower_creation,sawyer_tower_creation,2026-01-01 00:00:12,success_rate,0.7225281000137329,catem_user_benchmark
roboturk_operator_pool,sawyer_tower_creation,sawyer_tower_creation,2026-01-01 00:00:13,success_rate,0.7134433984756468,catem_user_benchmark
roboturk_operator_pool,sawyer_tower_creation,sawyer_tower_creation,2026-01-01 00:00:14,success_rate,0.7048195600509641,catem_user_benchmark
roboturk_operator_pool,sawyer_tower_creation,sawyer_tower_creation,2026-01-01 00:00:15,success_rate,0.6966533660888672,catem_user_benchmark
roboturk_operator_pool,sawyer_tower_creation,sawyer_tower_creation,2026-01-01 00:00:16,success_rate,0.6890376806259155,catem_user_benchmark
roboturk_operator_pool,sawyer_tower_creation,sawyer_tower_creation,2026-01-01 00:00:17,success_rate,0.6815840005874629,catem_user_benchmark
roboturk_operator_pool,sawyer_tower_creation,sawyer_tower_creation,2026-01-01 00:00:18,success_rate,0.6742063760757446,catem_user_benchmark
roboturk_operator_pool,sawyer_tower_creation,sawyer_tower_creation,2026-01-01 00:00:19,success_rate,0.6671528816223142,catem_user_benchmark
roboturk_operator_pool,sawyer_tower_creation,sawyer_tower_creation,2026-01-01 00:00:20,success_rate,0.6601922512054441,catem_user_benchmark
roboturk_operator_pool,sawyer_tower_creation,sawyer_tower_creation,2026-01-01 00:00:21,success_rate,0.6534177064895632,catem_user_benchmark
roboturk_operator_pool,sawyer_tower_creation,sawyer_tower_creation,2026-01-01 00:00:22,success_rate,0.646872401237488,catem_user_benchmark
roboturk_operator_pool,sawyer_tower_creation,sawyer_tower_creation,2026-01-01 00:00:23,success_rate,0.6403144598007202,catem_user_benchmark
roboturk_operator_pool,sawyer_tower_creation,sawyer_tower_creation,2026-01-01 00:00:24,success_rate,0.6339595317840576,catem_user_benchmark
roboturk_operator_pool,sawyer_tower_creation,sawyer_tower_creation,2026-01-01 00:00:25,success_rate,0.6275907754898071,catem_user_benchmark
roboturk_operator_pool,sawyer_tower_creation,sawyer_tower_creation,2026-01-01 00:00:26,success_rate,0.6214641332626343,catem_user_benchmark
roboturk_operator_pool,sawyer_tower_creation,sawyer_tower_creation,2026-01-01 00:00:27,success_rate,0.6155371665954592,catem_user_benchmark
roboturk_operator_pool,bair_action,bair_action,2026-01-01 00:00:00,path_efficiency,0.6430160522460937,catem_user_benchmark
roboturk_operator_pool,bair_action,bair_action,2026-01-01 00:00:01,path_efficiency,0.6233105659484863,catem_user_benchmark
roboturk_operator_pool,bair_action,bair_action,2026-01-01 00:00:02,path_efficiency,0.575744342803955,catem_user_benchmark
roboturk_operator_pool,bair_action,bair_action,2026-01-01 00:00:03,path_efficiency,0.5725773811340332,catem_user_benchmark
roboturk_operator_pool,bair_action,bair_action,2026-01-01 00:00:04,path_efficiency,0.541384220123291,catem_user_benchmark
roboturk_operator_pool,bair_action,bair_action,2026-01-01 00:00:05,path_efficiency,0.541941738128662,catem_user_benchmark
roboturk_operator_pool,bair_action,bair_action,2026-01-01 00:00:06,path_efficiency,0.5153894424438479,catem_user_benchmark
roboturk_operator_pool,bair_action,bair_action,2026-01-01 00:00:07,path_efficiency,0.5181772232055664,catem_user_benchmark
roboturk_operator_pool,bair_action,bair_action,2026-01-01 00:00:08,path_efficiency,0.4956883430480959,catem_user_benchmark
roboturk_operator_pool,bair_action,bair_action,2026-01-01 00:00:09,path_efficiency,0.4959562301635742,catem_user_benchmark
roboturk_operator_pool,bair_action,bair_action,2026-01-01 00:00:10,path_efficiency,0.4798958778381346,catem_user_benchmark
roboturk_operator_pool,bair_action,bair_action,2026-01-01 00:00:11,path_efficiency,0.48206138610839844,catem_user_benchmark
roboturk_operator_pool,bair_action,bair_action,2026-01-01 00:00:12,path_efficiency,0.466033935546875,catem_user_benchmark
roboturk_operator_pool,bair_action,bair_action,2026-01-01 00:00:13,path_efficiency,0.4624762535095215,catem_user_benchmark
roboturk_operator_pool,bair_action,bair_action,2026-01-01 00:00:14,path_efficiency,0.44669189453125,catem_user_benchmark
roboturk_operator_pool,bair_action,bair_action,2026-01-01 00:00:15,path_efficiency,0.4501471519470215,catem_user_benchmark
roboturk_operator_pool,bair_action,bair_action,2026-01-01 00:00:16,path_efficiency,0.435379695892334,catem_user_benchmark
roboturk_operator_pool,bair_action,bair_action,2026-01-01 00:00:17,path_efficiency,0.43566436767578126,catem_user_benchmark
roboturk_operator_pool,bair_action,bair_action,2026-01-01 00:00:18,path_efficiency,0.41813716888427716,catem_user_benchmark
roboturk_operator_pool,bair_action,bair_action,2026-01-01 00:00:19,path_efficiency,0.41819334030151384,catem_user_benchmark
roboturk_operator_pool,bair_action,bair_action,2026-01-01 00:00:20,path_efficiency,0.4060494422912598,catem_user_benchmark
roboturk_operator_pool,bair_action,bair_action,2026-01-01 00:00:21,path_efficiency,0.40561361312866195,catem_user_benchmark
roboturk_operator_pool,bair_action,bair_action,2026-01-01 00:00:22,path_efficiency,0.3949686050415041,catem_user_benchmark
roboturk_operator_pool,bair_action,bair_action,2026-01-01 00:00:23,path_efficiency,0.39236974716186523,catem_user_benchmark
roboturk_operator_pool,bair_action,bair_action,2026-01-01 00:00:24,path_efficiency,0.3837946891784666,catem_user_benchmark
roboturk_operator_pool,bair_action,bair_action,2026-01-01 00:00:25,path_efficiency,0.3829531669616699,catem_user_benchmark
roboturk_operator_pool,bair_action,bair_action,2026-01-01 00:00:26,path_efficiency,0.37361621856689436,catem_user_benchmark
roboturk_operator_pool,bair_action,bair_action,2026-01-01 00:00:27,path_efficiency,0.37282819747924806,catem_user_benchmark
roboturk_operator_pool,sawyer_laundry_layout,sawyer_laundry_layout,2026-01-01 00:00:00,path_efficiency,0.6487521171569824,catem_user_benchmark
roboturk_operator_pool,sawyer_laundry_layout,sawyer_laundry_layout,2026-01-01 00:00:01,path_efficiency,0.5192404747009277,catem_user_benchmark
roboturk_operator_pool,sawyer_laundry_layout,sawyer_laundry_layout,2026-01-01 00:00:02,path_efficiency,0.44018325805664044,catem_user_benchmark
roboturk_operator_pool,sawyer_laundry_layout,sawyer_laundry_layout,2026-01-01 00:00:03,path_efficiency,0.3847900390625,catem_user_benchmark
roboturk_operator_pool,sawyer_laundry_layout,sawyer_laundry_layout,2026-01-01 00:00:04,path_efficiency,0.3418014526367186,catem_user_benchmark
roboturk_operator_pool,sawyer_laundry_layout,sawyer_laundry_layout,2026-01-01 00:00:05,path_efficiency,0.30796422958374026,catem_user_benchmark
roboturk_operator_pool,sawyer_laundry_layout,sawyer_laundry_layout,2026-01-01 00:00:06,path_efficiency,0.28064222335815414,catem_user_benchmark
roboturk_operator_pool,sawyer_laundry_layout,sawyer_laundry_layout,2026-01-01 00:00:07,path_efficiency,0.25785293579101565,catem_user_benchmark
roboturk_operator_pool,sawyer_laundry_layout,sawyer_laundry_layout,2026-01-01 00:00:08,path_efficiency,0.23859157562255842,catem_user_benchmark
roboturk_operator_pool,sawyer_laundry_layout,sawyer_laundry_layout,2026-01-01 00:00:09,path_efficiency,0.22175436019897443,catem_user_benchmark
roboturk_operator_pool,sawyer_laundry_layout,sawyer_laundry_layout,2026-01-01 00:00:10,path_efficiency,0.20670738220214843,catem_user_benchmark
roboturk_operator_pool,sawyer_laundry_layout,sawyer_laundry_layout,2026-01-01 00:00:11,path_efficiency,0.1934297561645506,catem_user_benchmark
roboturk_operator_pool,sawyer_laundry_layout,sawyer_laundry_layout,2026-01-01 00:00:12,path_efficiency,0.18161497116088868,catem_user_benchmark
roboturk_operator_pool,sawyer_laundry_layout,sawyer_laundry_layout,2026-01-01 00:00:13,path_efficiency,0.171317195892334,catem_user_benchmark
roboturk_operator_pool,sawyer_laundry_layout,sawyer_laundry_layout,2026-01-01 00:00:14,path_efficiency,0.1619950294494627,catem_user_benchmark
roboturk_operator_pool,sawyer_laundry_layout,sawyer_laundry_layout,2026-01-01 00:00:15,path_efficiency,0.1537329673767088,catem_user_benchmark
roboturk_operator_pool,sawyer_laundry_layout,sawyer_laundry_layout,2026-01-01 00:00:16,path_efficiency,0.14647531509399414,catem_user_benchmark
roboturk_operator_pool,sawyer_laundry_layout,sawyer_laundry_layout,2026-01-01 00:00:17,path_efficiency,0.1398914337158203,catem_user_benchmark
roboturk_operator_pool,sawyer_laundry_layout,sawyer_laundry_layout,2026-01-01 00:00:18,path_efficiency,0.13382463455200194,catem_user_benchmark
roboturk_operator_pool,sawyer_laundry_layout,sawyer_laundry_layout,2026-01-01 00:00:19,path_efficiency,0.12829217910766602,catem_user_benchmark
roboturk_operator_pool,sawyer_laundry_layout,sawyer_laundry_layout,2026-01-01 00:00:20,path_efficiency,0.12311611175537092,catem_user_benchmark
roboturk_operator_pool,sawyer_laundry_layout,sawyer_laundry_layout,2026-01-01 00:00:21,path_efficiency,0.1181985855102539,catem_user_benchmark
roboturk_operator_pool,sawyer_laundry_layout,sawyer_laundry_layout,2026-01-01 00:00:22,path_efficiency,0.11380214691162091,catem_user_benchmark
roboturk_operator_pool,sawyer_laundry_layout,sawyer_laundry_layout,2026-01-01 00:00:23,path_efficiency,0.11004972457885742,catem_user_benchmark
roboturk_operator_pool,sawyer_laundry_layout,sawyer_laundry_layout,2026-01-01 00:00:24,path_efficiency,0.10654697418212891,catem_user_benchmark
roboturk_operator_pool,sawyer_laundry_layout,sawyer_laundry_layout,2026-01-01 00:00:25,path_efficiency,0.10320196151733399,catem_user_benchmark
roboturk_operator_pool,sawyer_laundry_layout,sawyer_laundry_layout,2026-01-01 00:00:26,path_efficiency,0.09995126724243164,catem_user_benchmark
roboturk_operator_pool,sawyer_laundry_layout,sawyer_laundry_layout,2026-01-01 00:00:27,path_efficiency,0.09677896499633772,catem_user_benchmark
roboturk_operator_pool,sawyer_tower_creation,sawyer_tower_creation,2026-01-01 00:00:00,path_efficiency,0.775955295562744,catem_user_benchmark
roboturk_operator_pool,sawyer_tower_creation,sawyer_tower_creation,2026-01-01 00:00:01,path_efficiency,0.6560551643371582,catem_user_benchmark
roboturk_operator_pool,sawyer_tower_creation,sawyer_tower_creation,2026-01-01 00:00:02,path_efficiency,0.586884880065918,catem_user_benchmark
roboturk_operator_pool,sawyer_tower_creation,sawyer_tower_creation,2026-01-01 00:00:03,path_efficiency,0.5369637489318846,catem_user_benchmark
roboturk_operator_pool,sawyer_tower_creation,sawyer_tower_creation,2026-01-01 00:00:04,path_efficiency,0.4989887237548828,catem_user_benchmark
roboturk_operator_pool,sawyer_tower_creation,sawyer_tower_creation,2026-01-01 00:00:05,path_efficiency,0.4683510780334473,catem_user_benchmark
roboturk_operator_pool,sawyer_tower_creation,sawyer_tower_creation,2026-01-01 00:00:06,path_efficiency,0.44368839263916016,catem_user_benchmark
roboturk_operator_pool,sawyer_tower_creation,sawyer_tower_creation,2026-01-01 00:00:07,path_efficiency,0.42271108627319337,catem_user_benchmark
roboturk_operator_pool,sawyer_tower_creation,sawyer_tower_creation,2026-01-01 00:00:08,path_efficiency,0.40515336990356443,catem_user_benchmark
roboturk_operator_pool,sawyer_tower_creation,sawyer_tower_creation,2026-01-01 00:00:09,path_efficiency,0.3895119667053223,catem_user_benchmark
roboturk_operator_pool,sawyer_tower_creation,sawyer_tower_creation,2026-01-01 00:00:10,path_efficiency,0.37600870132446274,catem_user_benchmark
roboturk_operator_pool,sawyer_tower_creation,sawyer_tower_creation,2026-01-01 00:00:11,path_efficiency,0.36388301849365234,catem_user_benchmark
roboturk_operator_pool,sawyer_tower_creation,sawyer_tower_creation,2026-01-01 00:00:12,path_efficiency,0.35245933532714846,catem_user_benchmark
roboturk_operator_pool,sawyer_tower_creation,sawyer_tower_creation,2026-01-01 00:00:13,path_efficiency,0.3418821334838865,catem_user_benchmark
roboturk_operator_pool,sawyer_tower_creation,sawyer_tower_creation,2026-01-01 00:00:14,path_efficiency,0.33229589462280257,catem_user_benchmark
roboturk_operator_pool,sawyer_tower_creation,sawyer_tower_creation,2026-01-01 00:00:15,path_efficiency,0.32341957092285156,catem_user_benchmark
roboturk_operator_pool,sawyer_tower_creation,sawyer_tower_creation,2026-01-01 00:00:16,path_efficiency,0.31524410247802714,catem_user_benchmark
roboturk_operator_pool,sawyer_tower_creation,sawyer_tower_creation,2026-01-01 00:00:17,path_efficiency,0.3074201583862305,catem_user_benchmark
roboturk_operator_pool,sawyer_tower_creation,sawyer_tower_creation,2026-01-01 00:00:18,path_efficiency,0.30002355575561523,catem_user_benchmark
roboturk_operator_pool,sawyer_tower_creation,sawyer_tower_creation,2026-01-01 00:00:19,path_efficiency,0.2930585861206055,catem_user_benchmark
roboturk_operator_pool,sawyer_tower_creation,sawyer_tower_creation,2026-01-01 00:00:20,path_efficiency,0.28626708984375,catem_user_benchmark
roboturk_operator_pool,sawyer_tower_creation,sawyer_tower_creation,2026-01-01 00:00:21,path_efficiency,0.28000850677490235,catem_user_benchmark
roboturk_operator_pool,sawyer_tower_creation,sawyer_tower_creation,2026-01-01 00:00:22,path_efficiency,0.27380485534667987,catem_user_benchmark
roboturk_operator_pool,sawyer_tower_creation,sawyer_tower_creation,2026-01-01 00:00:23,path_efficiency,0.267671012878418,catem_user_benchmark
roboturk_operator_pool,sawyer_tower_creation,sawyer_tower_creation,2026-01-01 00:00:24,path_efficiency,0.2618083953857422,catem_user_benchmark
roboturk_operator_pool,sawyer_tower_creation,sawyer_tower_creation,2026-01-01 00:00:25,path_efficiency,0.2561530113220215,catem_user_benchmark
roboturk_operator_pool,sawyer_tower_creation,sawyer_tower_creation,2026-01-01 00:00:26,path_efficiency,0.2507575035095215,catem_user_benchmark
roboturk_operator_pool,sawyer_tower_creation,sawyer_tower_creation,2026-01-01 00:00:27,path_efficiency,0.24561786651611328,catem_user_benchmark
clinician_01,assistant,nasa_tlx_assistant,2026-01-01 00:00:00,overall_telepresence_quality,0.8947368421052632,catem_user_benchmark
clinician_02,assistant,nasa_tlx_assistant,2026-01-01 00:00:00,overall_telepresence_quality,0.8947368421052632,catem_user_benchmark
clinician_03,assistant,nasa_tlx_assistant,2026-01-01 00:00:00,overall_telepresence_quality,0.7368421052631579,catem_user_benchmark
clinician_04,assistant,nasa_tlx_assistant,2026-01-01 00:00:00,overall_telepresence_quality,1.0,catem_user_benchmark
clinician_05,assistant,nasa_tlx_assistant,2026-01-01 00:00:00,overall_telepresence_quality,1.0,catem_user_benchmark
clinician_06,assistant,nasa_tlx_assistant,2026-01-01 00:00:00,overall_telepresence_quality,0.21052631578947367,catem_user_benchmark
clinician_07,assistant,nasa_tlx_assistant,2026-01-01 00:00:00,overall_telepresence_quality,0.5263157894736842,catem_user_benchmark
clinician_08,assistant,nasa_tlx_assistant,2026-01-01 00:00:00,overall_telepresence_quality,0.7368421052631579,catem_user_benchmark
clinician_09,assistant,nasa_tlx_assistant,2026-01-01 00:00:00,overall_telepresence_quality,1.0,catem_user_benchmark
clinician_10,assistant,nasa_tlx_assistant,2026-01-01 00:00:00,overall_telepresence_quality,1.0,catem_user_benchmark
clinician_11,assistant,nasa_tlx_assistant,2026-01-01 00:00:00,overall_telepresence_quality,0.8947368421052632,catem_user_benchmark
clinician_12,assistant,nasa_tlx_assistant,2026-01-01 00:00:00,overall_telepresence_quality,0.47368421052631576,catem_user_benchmark
clinician_13,assistant,nasa_tlx_assistant,2026-01-01 00:00:00,overall_telepresence_quality,0.8947368421052632,catem_user_benchmark
clinician_14,assistant,nasa_tlx_assistant,2026-01-01 00:00:00,overall_telepresence_quality,0.9473684210526315,catem_user_benchmark
clinician_15,assistant,nasa_tlx_assistant,2026-01-01 00:00:00,overall_telepresence_quality,0.8947368421052632,catem_user_benchmark
clinician_16,assistant,nasa_tlx_assistant,2026-01-01 00:00:00,overall_telepresence_quality,0.8421052631578947,catem_user_benchmark
clinician_17,assistant,nasa_tlx_assistant,2026-01-01 00:00:00,overall_telepresence_quality,0.8421052631578947,catem_user_benchmark
clinician_18,assistant,nasa_tlx_assistant,2026-01-01 00:00:00,overall_telepresence_quality,0.47368421052631576,catem_user_benchmark
clinician_19,assistant,nasa_tlx_assistant,2026-01-01 00:00:00,overall_telepresence_quality,0.631578947368421,catem_user_benchmark
clinician_20,assistant,nasa_tlx_assistant,2026-01-01 00:00:00,overall_telepresence_quality,0.42105263157894735,catem_user_benchmark
clinician_21,assistant,nasa_tlx_assistant,2026-01-01 00:00:00,overall_telepresence_quality,0.47368421052631576,catem_user_benchmark
clinician_22,assistant,nasa_tlx_assistant,2026-01-01 00:00:00,overall_telepresence_quality,0.6842105263157895,catem_user_benchmark
clinician_23,assistant,nasa_tlx_assistant,2026-01-01 00:00:00,overall_telepresence_quality,0.3684210526315789,catem_user_benchmark
clinician_24,assistant,nasa_tlx_assistant,2026-01-01 00:00:00,overall_telepresence_quality,0.5789473684210527,catem_user_benchmark
clinician_25,assistant,nasa_tlx_assistant,2026-01-01 00:00:00,overall_telepresence_quality,0.7894736842105263,catem_user_benchmark
clinician_26,assistant,nasa_tlx_assistant,2026-01-01 00:00:00,overall_telepresence_quality,0.47368421052631576,catem_user_benchmark
clinician_27,assistant,nasa_tlx_assistant,2026-01-01 00:00:00,overall_telepresence_quality,0.5789473684210527,catem_user_benchmark
clinician_28,assistant,nasa_tlx_assistant,2026-01-01 00:00:00,overall_telepresence_quality,0.5263157894736842,catem_user_benchmark
clinician_29,assistant,nasa_tlx_assistant,2026-01-01 00:00:00,overall_telepresence_quality,1.0,catem_user_benchmark
clinician_30,assistant,nasa_tlx_assistant,2026-01-01 00:00:00,overall_telepresence_quality,0.7894736842105263,catem_user_benchmark
clinician_31,assistant,nasa_tlx_assistant,2026-01-01 00:00:00,overall_telepresence_quality,0.8947368421052632,catem_user_benchmark
clinician_32,assistant,nasa_tlx_assistant,2026-01-01 00:00:00,overall_telepresence_quality,0.5263157894736842,catem_user_benchmark
clinician_33,assistant,nasa_tlx_assistant,2026-01-01 00:00:00,overall_telepresence_quality,1.0,catem_user_benchmark
clinician_34,assistant,nasa_tlx_assistant,2026-01-01 00:00:00,overall_telepresence_quality,0.6842105263157895,catem_user_benchmark
clinician_35,assistant,nasa_tlx_assistant,2026-01-01 00:00:00,overall_telepresence_quality,0.8947368421052632,catem_user_benchmark
clinician_36,assistant,nasa_tlx_assistant,2026-01-01 00:00:00,overall_telepresence_quality,0.9473684210526315,catem_user_benchmark
clinician_37,assistant,nasa_tlx_assistant,2026-01-01 00:00:00,overall_telepresence_quality,0.7368421052631579,catem_user_benchmark
clinician_38,assistant,nasa_tlx_assistant,2026-01-01 00:00:00,overall_telepresence_quality,0.7368421052631579,catem_user_benchmark
clinician_39,assistant,nasa_tlx_assistant,2026-01-01 00:00:00,overall_telepresence_quality,0.42105263157894735,catem_user_benchmark
clinician_40,assistant,nasa_tlx_assistant,2026-01-01 00:00:00,overall_telepresence_quality,0.5263157894736842,catem_user_benchmark
clinician_41,assistant,nasa_tlx_assistant,2026-01-01 00:00:00,overall_telepresence_quality,0.6842105263157895,catem_user_benchmark
clinician_42,assistant,nasa_tlx_assistant,2026-01-01 00:00:00,overall_telepresence_quality,1.0,catem_user_benchmark
clinician_43,assistant,nasa_tlx_assistant,2026-01-01 00:00:00,overall_telepresence_quality,0.8947368421052632,catem_user_benchmark
clinician_44,assistant,nasa_tlx_assistant,2026-01-01 00:00:00,overall_telepresence_quality,0.6842105263157895,catem_user_benchmark
clinician_45,assistant,nasa_tlx_assistant,2026-01-01 00:00:00,overall_telepresence_quality,0.631578947368421,catem_user_benchmark
clinician_01,current,nasa_tlx_current,2026-01-01 00:00:00,overall_telepresence_quality,1.0,catem_user_benchmark
clinician_02,current,nasa_tlx_current,2026-01-01 00:00:00,overall_telepresence_quality,0.8947368421052632,catem_user_benchmark
clinician_03,current,nasa_tlx_current,2026-01-01 00:00:00,overall_telepresence_quality,0.0,catem_user_benchmark
clinician_04,current,nasa_tlx_current,2026-01-01 00:00:00,overall_telepresence_quality,0.9473684210526315,catem_user_benchmark
clinician_05,current,nasa_tlx_current,2026-01-01 00:00:00,overall_telepresence_quality,0.7368421052631579,catem_user_benchmark
clinician_06,current,nasa_tlx_current,2026-01-01 00:00:00,overall_telepresence_quality,0.8947368421052632,catem_user_benchmark
clinician_07,current,nasa_tlx_current,2026-01-01 00:00:00,overall_telepresence_quality,0.8421052631578947,catem_user_benchmark
clinician_08,current,nasa_tlx_current,2026-01-01 00:00:00,overall_telepresence_quality,0.8947368421052632,catem_user_benchmark
clinician_09,current,nasa_tlx_current,2026-01-01 00:00:00,overall_telepresence_quality,0.8421052631578947,catem_user_benchmark
clinician_10,current,nasa_tlx_current,2026-01-01 00:00:00,overall_telepresence_quality,0.7368421052631579,catem_user_benchmark
clinician_11,current,nasa_tlx_current,2026-01-01 00:00:00,overall_telepresence_quality,0.0,catem_user_benchmark
clinician_12,current,nasa_tlx_current,2026-01-01 00:00:00,overall_telepresence_quality,0.8947368421052632,catem_user_benchmark
clinician_13,current,nasa_tlx_current,2026-01-01 00:00:00,overall_telepresence_quality,1.0,catem_user_benchmark
clinician_14,current,nasa_tlx_current,2026-01-01 00:00:00,overall_telepresence_quality,0.5263157894736842,catem_user_benchmark
clinician_15,current,nasa_tlx_current,2026-01-01 00:00:00,overall_telepresence_quality,1.0,catem_user_benchmark
clinician_16,current,nasa_tlx_current,2026-01-01 00:00:00,overall_telepresence_quality,0.3684210526315789,catem_user_benchmark
clinician_17,current,nasa_tlx_current,2026-01-01 00:00:00,overall_telepresence_quality,1.0,catem_user_benchmark
clinician_18,current,nasa_tlx_current,2026-01-01 00:00:00,overall_telepresence_quality,0.8947368421052632,catem_user_benchmark
clinician_19,current,nasa_tlx_current,2026-01-01 00:00:00,overall_telepresence_quality,0.3684210526315789,catem_user_benchmark
clinician_20,current,nasa_tlx_current,2026-01-01 00:00:00,overall_telepresence_quality,0.3684210526315789,catem_user_benchmark
clinician_21,current,nasa_tlx_current,2026-01-01 00:00:00,overall_telepresence_quality,0.8947368421052632,catem_user_benchmark
clinician_22,current,nasa_tlx_current,2026-01-01 00:00:00,overall_telepresence_quality,0.7894736842105263,catem_user_benchmark
clinician_23,current,nasa_tlx_current,2026-01-01 00:00:00,overall_telepresence_quality,0.8421052631578947,catem_user_benchmark
clinician_24,current,nasa_tlx_current,2026-01-01 00:00:00,overall_telepresence_quality,0.42105263157894735,catem_user_benchmark
clinician_25,current,nasa_tlx_current,2026-01-01 00:00:00,overall_telepresence_quality,0.47368421052631576,catem_user_benchmark
clinician_26,current,nasa_tlx_current,2026-01-01 00:00:00,overall_telepresence_quality,0.7368421052631579,catem_user_benchmark
clinician_27,current,nasa_tlx_current,2026-01-01 00:00:00,overall_telepresence_quality,0.7368421052631579,catem_user_benchmark
clinician_28,current,nasa_tlx_current,2026-01-01 00:00:00,overall_telepresence_quality,0.8947368421052632,catem_user_benchmark
clinician_29,current,nasa_tlx_current,2026-01-01 00:00:00,overall_telepresence_quality,0.3684210526315789,catem_user_benchmark
clinician_30,current,nasa_tlx_current,2026-01-01 00:00:00,overall_telepresence_quality,1.0,catem_user_benchmark
clinician_31,current,nasa_tlx_current,2026-01-01 00:00:00,overall_telepresence_quality,0.631578947368421,catem_user_benchmark
clinician_32,current,nasa_tlx_current,2026-01-01 00:00:00,overall_telepresence_quality,0.7368421052631579,catem_user_benchmark
clinician_33,current,nasa_tlx_current,2026-01-01 00:00:00,overall_telepresence_quality,0.8421052631578947,catem_user_benchmark
clinician_34,current,nasa_tlx_current,2026-01-01 00:00:00,overall_telepresence_quality,0.631578947368421,catem_user_benchmark
clinician_35,current,nasa_tlx_current,2026-01-01 00:00:00,overall_telepresence_quality,0.7894736842105263,catem_user_benchmark
clinician_36,current,nasa_tlx_current,2026-01-01 00:00:00,overall_telepresence_quality,0.6842105263157895,catem_user_benchmark
clinician_37,current,nasa_tlx_current,2026-01-01 00:00:00,overall_telepresence_quality,0.7368421052631579,catem_user_benchmark
clinician_38,current,nasa_tlx_current,2026-01-01 00:00:00,overall_telepresence_quality,0.5789473684210527,catem_user_benchmark
clinician_39,current,nasa_tlx_current,2026-01-01 00:00:00,overall_telepresence_quality,0.6842105263157895,catem_user_benchmark
clinician_40,current,nasa_tlx_current,2026-01-01 00:00:00,overall_telepresence_quality,0.631578947368421,catem_user_benchmark
clinician_41,current,nasa_tlx_current,2026-01-01 00:00:00,overall_telepresence_quality,0.631578947368421,catem_user_benchmark
clinician_42,current,nasa_tlx_current,2026-01-01 00:00:00,overall_telepresence_quality,0.7894736842105263,catem_user_benchmark
clinician_43,current,nasa_tlx_current,2026-01-01 00:00:00,overall_telepresence_quality,0.6842105263157895,catem_user_benchmark
clinician_44,current,nasa_tlx_current,2026-01-01 00:00:00,overall_telepresence_quality,0.8421052631578947,catem_user_benchmark
clinician_45,current,nasa_tlx_current,2026-01-01 00:00:00,overall_telepresence_quality,0.6842105263157895,catem_user_benchmark
roboturk_operator_pool,bair_action,bair_action,2026-01-01 00:00:00,overall_telepresence_quality,0.7616194248199463,catem_user_benchmark
roboturk_operator_pool,bair_action,bair_action,2026-01-01 00:00:01,overall_telepresence_quality,0.7466084361076355,catem_user_benchmark
roboturk_operator_pool,bair_action,bair_action,2026-01-01 00:00:02,overall_telepresence_quality,0.7087329983711244,catem_user_benchmark
roboturk_operator_pool,bair_action,bair_action,2026-01-01 00:00:03,overall_telepresence_quality,0.7053505301475527,catem_user_benchmark
roboturk_operator_pool,bair_action,bair_action,2026-01-01 00:00:04,overall_telepresence_quality,0.6779683232307434,catem_user_benchmark
roboturk_operator_pool,bair_action,bair_action,2026-01-01 00:00:05,overall_telepresence_quality,0.6782077431678769,catem_user_benchmark
roboturk_operator_pool,bair_action,bair_action,2026-01-01 00:00:06,overall_telepresence_quality,0.6553306579589844,catem_user_benchmark
roboturk_operator_pool,bair_action,bair_action,2026-01-01 00:00:07,overall_telepresence_quality,0.6570703744888305,catem_user_benchmark
roboturk_operator_pool,bair_action,bair_action,2026-01-01 00:00:08,overall_telepresence_quality,0.6365007281303405,catem_user_benchmark
roboturk_operator_pool,bair_action,bair_action,2026-01-01 00:00:09,overall_telepresence_quality,0.6357770800590514,catem_user_benchmark
roboturk_operator_pool,bair_action,bair_action,2026-01-01 00:00:10,overall_telepresence_quality,0.6190324664115905,catem_user_benchmark
roboturk_operator_pool,bair_action,bair_action,2026-01-01 00:00:11,overall_telepresence_quality,0.6207734942436218,catem_user_benchmark
roboturk_operator_pool,bair_action,bair_action,2026-01-01 00:00:12,overall_telepresence_quality,0.6062183380126953,catem_user_benchmark
roboturk_operator_pool,bair_action,bair_action,2026-01-01 00:00:13,overall_telepresence_quality,0.6027283072471619,catem_user_benchmark
roboturk_operator_pool,bair_action,bair_action,2026-01-01 00:00:14,overall_telepresence_quality,0.5863358497619628,catem_user_benchmark
roboturk_operator_pool,bair_action,bair_action,2026-01-01 00:00:15,overall_telepresence_quality,0.5884670615196227,catem_user_benchmark
roboturk_operator_pool,bair_action,bair_action,2026-01-01 00:00:16,overall_telepresence_quality,0.5734141826629637,catem_user_benchmark
roboturk_operator_pool,bair_action,bair_action,2026-01-01 00:00:17,overall_telepresence_quality,0.5730795025825499,catem_user_benchmark
roboturk_operator_pool,bair_action,bair_action,2026-01-01 00:00:18,overall_telepresence_quality,0.5548537850379943,catem_user_benchmark
roboturk_operator_pool,bair_action,bair_action,2026-01-01 00:00:19,overall_telepresence_quality,0.5546465516090393,catem_user_benchmark
roboturk_operator_pool,bair_action,bair_action,2026-01-01 00:00:20,overall_telepresence_quality,0.5418939948081969,catem_user_benchmark
roboturk_operator_pool,bair_action,bair_action,2026-01-01 00:00:21,overall_telepresence_quality,0.541129684448242,catem_user_benchmark
roboturk_operator_pool,bair_action,bair_action,2026-01-01 00:00:22,overall_telepresence_quality,0.5297802567481995,catem_user_benchmark
roboturk_operator_pool,bair_action,bair_action,2026-01-01 00:00:23,overall_telepresence_quality,0.5267248153686523,catem_user_benchmark
roboturk_operator_pool,bair_action,bair_action,2026-01-01 00:00:24,overall_telepresence_quality,0.517392289638519,catem_user_benchmark
roboturk_operator_pool,bair_action,bair_action,2026-01-01 00:00:25,overall_telepresence_quality,0.5162497162818908,catem_user_benchmark
roboturk_operator_pool,bair_action,bair_action,2026-01-01 00:00:26,overall_telepresence_quality,0.5050336718559264,catem_user_benchmark
roboturk_operator_pool,bair_action,bair_action,2026-01-01 00:00:27,overall_telepresence_quality,0.5039832949638366,catem_user_benchmark
roboturk_operator_pool,sawyer_laundry_layout,sawyer_laundry_layout,2026-01-01 00:00:00,overall_telepresence_quality,0.7492201447486877,catem_user_benchmark
roboturk_operator_pool,sawyer_laundry_layout,sawyer_laundry_layout,2026-01-01 00:00:01,overall_telepresence_quality,0.6460018634796143,catem_user_benchmark
roboturk_operator_pool,sawyer_laundry_layout,sawyer_laundry_layout,2026-01-01 00:00:02,overall_telepresence_quality,0.5747039794921874,catem_user_benchmark
roboturk_operator_pool,sawyer_laundry_layout,sawyer_laundry_layout,2026-01-01 00:00:03,overall_telepresence_quality,0.5205981612205504,catem_user_benchmark
roboturk_operator_pool,sawyer_laundry_layout,sawyer_laundry_layout,2026-01-01 00:00:04,overall_telepresence_quality,0.4759856104850767,catem_user_benchmark
roboturk_operator_pool,sawyer_laundry_layout,sawyer_laundry_layout,2026-01-01 00:00:05,overall_telepresence_quality,0.4385515570640564,catem_user_benchmark
roboturk_operator_pool,sawyer_laundry_layout,sawyer_laundry_layout,2026-01-01 00:00:06,overall_telepresence_quality,0.40683499574661247,catem_user_benchmark
roboturk_operator_pool,sawyer_laundry_layout,sawyer_laundry_layout,2026-01-01 00:00:07,overall_telepresence_quality,0.37924439907073965,catem_user_benchmark
roboturk_operator_pool,sawyer_laundry_layout,sawyer_laundry_layout,2026-01-01 00:00:08,overall_telepresence_quality,0.35499359369277933,catem_user_benchmark
roboturk_operator_pool,sawyer_laundry_layout,sawyer_laundry_layout,2026-01-01 00:00:09,overall_telepresence_quality,0.3331732392311094,catem_user_benchmark
roboturk_operator_pool,sawyer_laundry_layout,sawyer_laundry_layout,2026-01-01 00:00:10,overall_telepresence_quality,0.31311179399490346,catem_user_benchmark
roboturk_operator_pool,sawyer_laundry_layout,sawyer_laundry_layout,2026-01-01 00:00:11,overall_telepresence_quality,0.29498722553253165,catem_user_benchmark
roboturk_operator_pool,sawyer_laundry_layout,sawyer_laundry_layout,2026-01-01 00:00:12,overall_telepresence_quality,0.2786325693130493,catem_user_benchmark
roboturk_operator_pool,sawyer_laundry_layout,sawyer_laundry_layout,2026-01-01 00:00:13,overall_telepresence_quality,0.2639396071434021,catem_user_benchmark
roboturk_operator_pool,sawyer_laundry_layout,sawyer_laundry_layout,2026-01-01 00:00:14,overall_telepresence_quality,0.2503213167190551,catem_user_benchmark
roboturk_operator_pool,sawyer_laundry_layout,sawyer_laundry_layout,2026-01-01 00:00:15,overall_telepresence_quality,0.23778382539749138,catem_user_benchmark
roboturk_operator_pool,sawyer_laundry_layout,sawyer_laundry_layout,2026-01-01 00:00:16,overall_telepresence_quality,0.2262994647026062,catem_user_benchmark
roboturk_operator_pool,sawyer_laundry_layout,sawyer_laundry_layout,2026-01-01 00:00:17,overall_telepresence_quality,0.21563752889633178,catem_user_benchmark
roboturk_operator_pool,sawyer_laundry_layout,sawyer_laundry_layout,2026-01-01 00:00:18,overall_telepresence_quality,0.20550599098205566,catem_user_benchmark
roboturk_operator_pool,sawyer_laundry_layout,sawyer_laundry_layout,2026-01-01 00:00:19,overall_telepresence_quality,0.1960505723953247,catem_user_benchmark
roboturk_operator_pool,sawyer_laundry_layout,sawyer_laundry_layout,2026-01-01 00:00:20,overall_telepresence_quality,0.18713335990905752,catem_user_benchmark
roboturk_operator_pool,sawyer_laundry_layout,sawyer_laundry_layout,2026-01-01 00:00:21,overall_telepresence_quality,0.1785808563232422,catem_user_benchmark
roboturk_operator_pool,sawyer_laundry_layout,sawyer_laundry_layout,2026-01-01 00:00:22,overall_telepresence_quality,0.17078844308853142,catem_user_benchmark
roboturk_operator_pool,sawyer_laundry_layout,sawyer_laundry_layout,2026-01-01 00:00:23,overall_telepresence_quality,0.16377347707748402,catem_user_benchmark
roboturk_operator_pool,sawyer_laundry_layout,sawyer_laundry_layout,2026-01-01 00:00:24,overall_telepresence_quality,0.15716402530670165,catem_user_benchmark
roboturk_operator_pool,sawyer_laundry_layout,sawyer_laundry_layout,2026-01-01 00:00:25,overall_telepresence_quality,0.1509521484375,catem_user_benchmark
roboturk_operator_pool,sawyer_laundry_layout,sawyer_laundry_layout,2026-01-01 00:00:26,overall_telepresence_quality,0.1450706124305725,catem_user_benchmark
roboturk_operator_pool,sawyer_laundry_layout,sawyer_laundry_layout,2026-01-01 00:00:27,overall_telepresence_quality,0.13950966596603384,catem_user_benchmark
roboturk_operator_pool,sawyer_tower_creation,sawyer_tower_creation,2026-01-01 00:00:00,overall_telepresence_quality,0.849964904785156,catem_user_benchmark
roboturk_operator_pool,sawyer_tower_creation,sawyer_tower_creation,2026-01-01 00:00:01,overall_telepresence_quality,0.7735987663269044,catem_user_benchmark
roboturk_operator_pool,sawyer_tower_creation,sawyer_tower_creation,2026-01-01 00:00:02,overall_telepresence_quality,0.7257441401481628,catem_user_benchmark
roboturk_operator_pool,sawyer_tower_creation,sawyer_tower_creation,2026-01-01 00:00:03,overall_telepresence_quality,0.6898508906364439,catem_user_benchmark
roboturk_operator_pool,sawyer_tower_creation,sawyer_tower_creation,2026-01-01 00:00:04,overall_telepresence_quality,0.6613241314887999,catem_user_benchmark
roboturk_operator_pool,sawyer_tower_creation,sawyer_tower_creation,2026-01-01 00:00:05,overall_telepresence_quality,0.6376178026199341,catem_user_benchmark
roboturk_operator_pool,sawyer_tower_creation,sawyer_tower_creation,2026-01-01 00:00:06,overall_telepresence_quality,0.6177103519439697,catem_user_benchmark
roboturk_operator_pool,sawyer_tower_creation,sawyer_tower_creation,2026-01-01 00:00:07,overall_telepresence_quality,0.600284969806671,catem_user_benchmark
roboturk_operator_pool,sawyer_tower_creation,sawyer_tower_creation,2026-01-01 00:00:08,overall_telepresence_quality,0.5851541042327879,catem_user_benchmark
roboturk_operator_pool,sawyer_tower_creation,sawyer_tower_creation,2026-01-01 00:00:09,overall_telepresence_quality,0.5714508414268493,catem_user_benchmark
roboturk_operator_pool,sawyer_tower_creation,sawyer_tower_creation,2026-01-01 00:00:10,overall_telepresence_quality,0.559253966808319,catem_user_benchmark
roboturk_operator_pool,sawyer_tower_creation,sawyer_tower_creation,2026-01-01 00:00:11,overall_telepresence_quality,0.548072099685669,catem_user_benchmark
roboturk_operator_pool,sawyer_tower_creation,sawyer_tower_creation,2026-01-01 00:00:12,overall_telepresence_quality,0.5374937176704406,catem_user_benchmark
roboturk_operator_pool,sawyer_tower_creation,sawyer_tower_creation,2026-01-01 00:00:13,overall_telepresence_quality,0.5276627659797666,catem_user_benchmark
roboturk_operator_pool,sawyer_tower_creation,sawyer_tower_creation,2026-01-01 00:00:14,overall_telepresence_quality,0.5185577273368833,catem_user_benchmark
roboturk_operator_pool,sawyer_tower_creation,sawyer_tower_creation,2026-01-01 00:00:15,overall_telepresence_quality,0.5100364685058594,catem_user_benchmark
roboturk_operator_pool,sawyer_tower_creation,sawyer_tower_creation,2026-01-01 00:00:16,overall_telepresence_quality,0.5021408915519714,catem_user_benchmark
roboturk_operator_pool,sawyer_tower_creation,sawyer_tower_creation,2026-01-01 00:00:17,overall_telepresence_quality,0.4945020794868467,catem_user_benchmark
roboturk_operator_pool,sawyer_tower_creation,sawyer_tower_creation,2026-01-01 00:00:18,overall_telepresence_quality,0.48711496591567993,catem_user_benchmark
roboturk_operator_pool,sawyer_tower_creation,sawyer_tower_creation,2026-01-01 00:00:19,overall_telepresence_quality,0.4801057338714598,catem_user_benchmark
roboturk_operator_pool,sawyer_tower_creation,sawyer_tower_creation,2026-01-01 00:00:20,overall_telepresence_quality,0.4732296705245971,catem_user_benchmark
roboturk_operator_pool,sawyer_tower_creation,sawyer_tower_creation,2026-01-01 00:00:21,overall_telepresence_quality,0.46671310663223275,catem_user_benchmark
roboturk_operator_pool,sawyer_tower_creation,sawyer_tower_creation,2026-01-01 00:00:22,overall_telepresence_quality,0.46033862829208394,catem_user_benchmark
roboturk_operator_pool,sawyer_tower_creation,sawyer_tower_creation,2026-01-01 00:00:23,overall_telepresence_quality,0.4539927363395691,catem_user_benchmark
roboturk_operator_pool,sawyer_tower_creation,sawyer_tower_creation,2026-01-01 00:00:24,overall_telepresence_quality,0.4478839635848999,catem_user_benchmark
roboturk_operator_pool,sawyer_tower_creation,sawyer_tower_creation,2026-01-01 00:00:25,overall_telepresence_quality,0.4418718934059143,catem_user_benchmark
roboturk_operator_pool,sawyer_tower_creation,sawyer_tower_creation,2026-01-01 00:00:26,overall_telepresence_quality,0.4361108183860779,catem_user_benchmark
roboturk_operator_pool,sawyer_tower_creation,sawyer_tower_creation,2026-01-01 00:00:27,overall_telepresence_quality,0.43057751655578624,catem_user_benchmark
clinician_01,assistant,nasa_tlx_assistant,2026-01-01 00:00:00,physiology_score,0.5,catem_user_benchmark
clinician_02,assistant,nasa_tlx_assistant,2026-01-01 00:00:00,physiology_score,0.5,catem_user_benchmark
clinician_03,assistant,nasa_tlx_assistant,2026-01-01 00:00:00,physiology_score,0.5,catem_user_benchmark
clinician_04,assistant,nasa_tlx_assistant,2026-01-01 00:00:00,physiology_score,0.5,catem_user_benchmark
clinician_05,assistant,nasa_tlx_assistant,2026-01-01 00:00:00,physiology_score,0.5,catem_user_benchmark
clinician_06,assistant,nasa_tlx_assistant,2026-01-01 00:00:00,physiology_score,0.5,catem_user_benchmark
clinician_07,assistant,nasa_tlx_assistant,2026-01-01 00:00:00,physiology_score,0.5,catem_user_benchmark
clinician_08,assistant,nasa_tlx_assistant,2026-01-01 00:00:00,physiology_score,0.5,catem_user_benchmark
clinician_09,assistant,nasa_tlx_assistant,2026-01-01 00:00:00,physiology_score,0.5,catem_user_benchmark
clinician_10,assistant,nasa_tlx_assistant,2026-01-01 00:00:00,physiology_score,0.5,catem_user_benchmark
clinician_11,assistant,nasa_tlx_assistant,2026-01-01 00:00:00,physiology_score,0.5,catem_user_benchmark
clinician_12,assistant,nasa_tlx_assistant,2026-01-01 00:00:00,physiology_score,0.5,catem_user_benchmark
clinician_13,assistant,nasa_tlx_assistant,2026-01-01 00:00:00,physiology_score,0.5,catem_user_benchmark
clinician_14,assistant,nasa_tlx_assistant,2026-01-01 00:00:00,physiology_score,0.5,catem_user_benchmark
clinician_15,assistant,nasa_tlx_assistant,2026-01-01 00:00:00,physiology_score,0.5,catem_user_benchmark
clinician_16,assistant,nasa_tlx_assistant,2026-01-01 00:00:00,physiology_score,0.5,catem_user_benchmark
clinician_17,assistant,nasa_tlx_assistant,2026-01-01 00:00:00,physiology_score,0.5,catem_user_benchmark
clinician_18,assistant,nasa_tlx_assistant,2026-01-01 00:00:00,physiology_score,0.5,catem_user_benchmark
clinician_19,assistant,nasa_tlx_assistant,2026-01-01 00:00:00,physiology_score,0.5,catem_user_benchmark
clinician_20,assistant,nasa_tlx_assistant,2026-01-01 00:00:00,physiology_score,0.5,catem_user_benchmark
clinician_21,assistant,nasa_tlx_assistant,2026-01-01 00:00:00,physiology_score,0.5,catem_user_benchmark
clinician_22,assistant,nasa_tlx_assistant,2026-01-01 00:00:00,physiology_score,0.5,catem_user_benchmark
clinician_23,assistant,nasa_tlx_assistant,2026-01-01 00:00:00,physiology_score,0.5,catem_user_benchmark
clinician_24,assistant,nasa_tlx_assistant,2026-01-01 00:00:00,physiology_score,0.5,catem_user_benchmark
clinician_25,assistant,nasa_tlx_assistant,2026-01-01 00:00:00,physiology_score,0.5,catem_user_benchmark
clinician_26,assistant,nasa_tlx_assistant,2026-01-01 00:00:00,physiology_score,0.5,catem_user_benchmark
clinician_27,assistant,nasa_tlx_assistant,2026-01-01 00:00:00,physiology_score,0.5,catem_user_benchmark
clinician_28,assistant,nasa_tlx_assistant,2026-01-01 00:00:00,physiology_score,0.5,catem_user_benchmark
clinician_29,assistant,nasa_tlx_assistant,2026-01-01 00:00:00,physiology_score,0.5,catem_user_benchmark
clinician_30,assistant,nasa_tlx_assistant,2026-01-01 00:00:00,physiology_score,0.5,catem_user_benchmark
clinician_31,assistant,nasa_tlx_assistant,2026-01-01 00:00:00,physiology_score,0.5,catem_user_benchmark
clinician_32,assistant,nasa_tlx_assistant,2026-01-01 00:00:00,physiology_score,0.5,catem_user_benchmark
clinician_33,assistant,nasa_tlx_assistant,2026-01-01 00:00:00,physiology_score,0.5,catem_user_benchmark
clinician_34,assistant,nasa_tlx_assistant,2026-01-01 00:00:00,physiology_score,0.5,catem_user_benchmark
clinician_35,assistant,nasa_tlx_assistant,2026-01-01 00:00:00,physiology_score,0.5,catem_user_benchmark
clinician_36,assistant,nasa_tlx_assistant,2026-01-01 00:00:00,physiology_score,0.5,catem_user_benchmark
clinician_37,assistant,nasa_tlx_assistant,2026-01-01 00:00:00,physiology_score,0.5,catem_user_benchmark
clinician_38,assistant,nasa_tlx_assistant,2026-01-01 00:00:00,physiology_score,0.5,catem_user_benchmark
clinician_39,assistant,nasa_tlx_assistant,2026-01-01 00:00:00,physiology_score,0.5,catem_user_benchmark
clinician_40,assistant,nasa_tlx_assistant,2026-01-01 00:00:00,physiology_score,0.5,catem_user_benchmark
clinician_41,assistant,nasa_tlx_assistant,2026-01-01 00:00:00,physiology_score,0.5,catem_user_benchmark
clinician_42,assistant,nasa_tlx_assistant,2026-01-01 00:00:00,physiology_score,0.5,catem_user_benchmark
clinician_43,assistant,nasa_tlx_assistant,2026-01-01 00:00:00,physiology_score,0.5,catem_user_benchmark
clinician_44,assistant,nasa_tlx_assistant,2026-01-01 00:00:00,physiology_score,0.5,catem_user_benchmark
clinician_45,assistant,nasa_tlx_assistant,2026-01-01 00:00:00,physiology_score,0.5,catem_user_benchmark
clinician_01,current,nasa_tlx_current,2026-01-01 00:00:00,physiology_score,0.5,catem_user_benchmark
clinician_02,current,nasa_tlx_current,2026-01-01 00:00:00,physiology_score,0.5,catem_user_benchmark
clinician_03,current,nasa_tlx_current,2026-01-01 00:00:00,physiology_score,0.5,catem_user_benchmark
clinician_04,current,nasa_tlx_current,2026-01-01 00:00:00,physiology_score,0.5,catem_user_benchmark
clinician_05,current,nasa_tlx_current,2026-01-01 00:00:00,physiology_score,0.5,catem_user_benchmark
clinician_06,current,nasa_tlx_current,2026-01-01 00:00:00,physiology_score,0.5,catem_user_benchmark
clinician_07,current,nasa_tlx_current,2026-01-01 00:00:00,physiology_score,0.5,catem_user_benchmark
clinician_08,current,nasa_tlx_current,2026-01-01 00:00:00,physiology_score,0.5,catem_user_benchmark
clinician_09,current,nasa_tlx_current,2026-01-01 00:00:00,physiology_score,0.5,catem_user_benchmark
clinician_10,current,nasa_tlx_current,2026-01-01 00:00:00,physiology_score,0.5,catem_user_benchmark
clinician_11,current,nasa_tlx_current,2026-01-01 00:00:00,physiology_score,0.5,catem_user_benchmark
clinician_12,current,nasa_tlx_current,2026-01-01 00:00:00,physiology_score,0.5,catem_user_benchmark
clinician_13,current,nasa_tlx_current,2026-01-01 00:00:00,physiology_score,0.5,catem_user_benchmark
clinician_14,current,nasa_tlx_current,2026-01-01 00:00:00,physiology_score,0.5,catem_user_benchmark
clinician_15,current,nasa_tlx_current,2026-01-01 00:00:00,physiology_score,0.5,catem_user_benchmark
clinician_16,current,nasa_tlx_current,2026-01-01 00:00:00,physiology_score,0.5,catem_user_benchmark
clinician_17,current,nasa_tlx_current,2026-01-01 00:00:00,physiology_score,0.5,catem_user_benchmark
clinician_18,current,nasa_tlx_current,2026-01-01 00:00:00,physiology_score,0.5,catem_user_benchmark
clinician_19,current,nasa_tlx_current,2026-01-01 00:00:00,physiology_score,0.5,catem_user_benchmark
clinician_20,current,nasa_tlx_current,2026-01-01 00:00:00,physiology_score,0.5,catem_user_benchmark
clinician_21,current,nasa_tlx_current,2026-01-01 00:00:00,physiology_score,0.5,catem_user_benchmark
clinician_22,current,nasa_tlx_current,2026-01-01 00:00:00,physiology_score,0.5,catem_user_benchmark
clinician_23,current,nasa_tlx_current,2026-01-01 00:00:00,physiology_score,0.5,catem_user_benchmark
clinician_24,current,nasa_tlx_current,2026-01-01 00:00:00,physiology_score,0.5,catem_user_benchmark
clinician_25,current,nasa_tlx_current,2026-01-01 00:00:00,physiology_score,0.5,catem_user_benchmark
clinician_26,current,nasa_tlx_current,2026-01-01 00:00:00,physiology_score,0.5,catem_user_benchmark
clinician_27,current,nasa_tlx_current,2026-01-01 00:00:00,physiology_score,0.5,catem_user_benchmark
clinician_28,current,nasa_tlx_current,2026-01-01 00:00:00,physiology_score,0.5,catem_user_benchmark
clinician_29,current,nasa_tlx_current,2026-01-01 00:00:00,physiology_score,0.5,catem_user_benchmark
clinician_30,current,nasa_tlx_current,2026-01-01 00:00:00,physiology_score,0.5,catem_user_benchmark
clinician_31,current,nasa_tlx_current,2026-01-01 00:00:00,physiology_score,0.5,catem_user_benchmark
clinician_32,current,nasa_tlx_current,2026-01-01 00:00:00,physiology_score,0.5,catem_user_benchmark
clinician_33,current,nasa_tlx_current,2026-01-01 00:00:00,physiology_score,0.5,catem_user_benchmark
clinician_34,current,nasa_tlx_current,2026-01-01 00:00:00,physiology_score,0.5,catem_user_benchmark
clinician_35,current,nasa_tlx_current,2026-01-01 00:00:00,physiology_score,0.5,catem_user_benchmark
clinician_36,current,nasa_tlx_current,2026-01-01 00:00:00,physiology_score,0.5,catem_user_benchmark
clinician_37,current,nasa_tlx_current,2026-01-01 00:00:00,physiology_score,0.5,catem_user_benchmark
clinician_38,current,nasa_tlx_current,2026-01-01 00:00:00,physiology_score,0.5,catem_user_benchmark
clinician_39,current,nasa_tlx_current,2026-01-01 00:00:00,physiology_score,0.5,catem_user_benchmark
clinician_40,current,nasa_tlx_current,2026-01-01 00:00:00,physiology_score,0.5,catem_user_benchmark
clinician_41,current,nasa_tlx_current,2026-01-01 00:00:00,physiology_score,0.5,catem_user_benchmark
clinician_42,current,nasa_tlx_current,2026-01-01 00:00:00,physiology_score,0.5,catem_user_benchmark
clinician_43,current,nasa_tlx_current,2026-01-01 00:00:00,physiology_score,0.5,catem_user_benchmark
clinician_44,current,nasa_tlx_current,2026-01-01 00:00:00,physiology_score,0.5,catem_user_benchmark
clinician_45,current,nasa_tlx_current,2026-01-01 00:00:00,physiology_score,0.5,catem_user_benchmark
roboturk_operator_pool,bair_action,bair_action,2026-01-01 00:00:00,physiology_score,0.5,catem_user_benchmark
roboturk_operator_pool,bair_action,bair_action,2026-01-01 00:00:01,physiology_score,0.5,catem_user_benchmark
roboturk_operator_pool,bair_action,bair_action,2026-01-01 00:00:02,physiology_score,0.5,catem_user_benchmark
roboturk_operator_pool,bair_action,bair_action,2026-01-01 00:00:03,physiology_score,0.5,catem_user_benchmark
roboturk_operator_pool,bair_action,bair_action,2026-01-01 00:00:04,physiology_score,0.5,catem_user_benchmark
roboturk_operator_pool,bair_action,bair_action,2026-01-01 00:00:05,physiology_score,0.5,catem_user_benchmark
roboturk_operator_pool,bair_action,bair_action,2026-01-01 00:00:06,physiology_score,0.5,catem_user_benchmark
roboturk_operator_pool,bair_action,bair_action,2026-01-01 00:00:07,physiology_score,0.5,catem_user_benchmark
roboturk_operator_pool,bair_action,bair_action,2026-01-01 00:00:08,physiology_score,0.5,catem_user_benchmark
roboturk_operator_pool,bair_action,bair_action,2026-01-01 00:00:09,physiology_score,0.5,catem_user_benchmark
roboturk_operator_pool,bair_action,bair_action,2026-01-01 00:00:10,physiology_score,0.5,catem_user_benchmark
roboturk_operator_pool,bair_action,bair_action,2026-01-01 00:00:11,physiology_score,0.5,catem_user_benchmark
roboturk_operator_pool,bair_action,bair_action,2026-01-01 00:00:12,physiology_score,0.5,catem_user_benchmark
roboturk_operator_pool,bair_action,bair_action,2026-01-01 00:00:13,physiology_score,0.5,catem_user_benchmark
roboturk_operator_pool,bair_action,bair_action,2026-01-01 00:00:14,physiology_score,0.5,catem_user_benchmark
roboturk_operator_pool,bair_action,bair_action,2026-01-01 00:00:15,physiology_score,0.5,catem_user_benchmark
roboturk_operator_pool,bair_action,bair_action,2026-01-01 00:00:16,physiology_score,0.5,catem_user_benchmark
roboturk_operator_pool,bair_action,bair_action,2026-01-01 00:00:17,physiology_score,0.5,catem_user_benchmark
roboturk_operator_pool,bair_action,bair_action,2026-01-01 00:00:18,physiology_score,0.5,catem_user_benchmark
roboturk_operator_pool,bair_action,bair_action,2026-01-01 00:00:19,physiology_score,0.5,catem_user_benchmark
roboturk_operator_pool,bair_action,bair_action,2026-01-01 00:00:20,physiology_score,0.5,catem_user_benchmark
roboturk_operator_pool,bair_action,bair_action,2026-01-01 00:00:21,physiology_score,0.5,catem_user_benchmark
roboturk_operator_pool,bair_action,bair_action,2026-01-01 00:00:22,physiology_score,0.5,catem_user_benchmark
roboturk_operator_pool,bair_action,bair_action,2026-01-01 00:00:23,physiology_score,0.5,catem_user_benchmark
roboturk_operator_pool,bair_action,bair_action,2026-01-01 00:00:24,physiology_score,0.5,catem_user_benchmark
roboturk_operator_pool,bair_action,bair_action,2026-01-01 00:00:25,physiology_score,0.5,catem_user_benchmark
roboturk_operator_pool,bair_action,bair_action,2026-01-01 00:00:26,physiology_score,0.5,catem_user_benchmark
roboturk_operator_pool,bair_action,bair_action,2026-01-01 00:00:27,physiology_score,0.5,catem_user_benchmark
roboturk_operator_pool,sawyer_laundry_layout,sawyer_laundry_layout,2026-01-01 00:00:00,physiology_score,0.5,catem_user_benchmark
roboturk_operator_pool,sawyer_laundry_layout,sawyer_laundry_layout,2026-01-01 00:00:01,physiology_score,0.5,catem_user_benchmark
roboturk_operator_pool,sawyer_laundry_layout,sawyer_laundry_layout,2026-01-01 00:00:02,physiology_score,0.5,catem_user_benchmark
roboturk_operator_pool,sawyer_laundry_layout,sawyer_laundry_layout,2026-01-01 00:00:03,physiology_score,0.5,catem_user_benchmark
roboturk_operator_pool,sawyer_laundry_layout,sawyer_laundry_layout,2026-01-01 00:00:04,physiology_score,0.5,catem_user_benchmark
roboturk_operator_pool,sawyer_laundry_layout,sawyer_laundry_layout,2026-01-01 00:00:05,physiology_score,0.5,catem_user_benchmark
roboturk_operator_pool,sawyer_laundry_layout,sawyer_laundry_layout,2026-01-01 00:00:06,physiology_score,0.5,catem_user_benchmark
roboturk_operator_pool,sawyer_laundry_layout,sawyer_laundry_layout,2026-01-01 00:00:07,physiology_score,0.5,catem_user_benchmark
roboturk_operator_pool,sawyer_laundry_layout,sawyer_laundry_layout,2026-01-01 00:00:08,physiology_score,0.5,catem_user_benchmark
roboturk_operator_pool,sawyer_laundry_layout,sawyer_laundry_layout,2026-01-01 00:00:09,physiology_score,0.5,catem_user_benchmark
roboturk_operator_pool,sawyer_laundry_layout,sawyer_laundry_layout,2026-01-01 00:00:10,physiology_score,0.5,catem_user_benchmark
roboturk_operator_pool,sawyer_laundry_layout,sawyer_laundry_layout,2026-01-01 00:00:11,physiology_score,0.5,catem_user_benchmark
roboturk_operator_pool,sawyer_laundry_layout,sawyer_laundry_layout,2026-01-01 00:00:12,physiology_score,0.5,catem_user_benchmark
roboturk_operator_pool,sawyer_laundry_layout,sawyer_laundry_layout,2026-01-01 00:00:13,physiology_score,0.5,catem_user_benchmark
roboturk_operator_pool,sawyer_laundry_layout,sawyer_laundry_layout,2026-01-01 00:00:14,physiology_score,0.5,catem_user_benchmark
roboturk_operator_pool,sawyer_laundry_layout,sawyer_laundry_layout,2026-01-01 00:00:15,physiology_score,0.5,catem_user_benchmark
roboturk_operator_pool,sawyer_laundry_layout,sawyer_laundry_layout,2026-01-01 00:00:16,physiology_score,0.5,catem_user_benchmark
roboturk_operator_pool,sawyer_laundry_layout,sawyer_laundry_layout,2026-01-01 00:00:17,physiology_score,0.5,catem_user_benchmark
roboturk_operator_pool,sawyer_laundry_layout,sawyer_laundry_layout,2026-01-01 00:00:18,physiology_score,0.5,catem_user_benchmark
roboturk_operator_pool,sawyer_laundry_layout,sawyer_laundry_layout,2026-01-01 00:00:19,physiology_score,0.5,catem_user_benchmark
roboturk_operator_pool,sawyer_laundry_layout,sawyer_laundry_layout,2026-01-01 00:00:20,physiology_score,0.5,catem_user_benchmark
roboturk_operator_pool,sawyer_laundry_layout,sawyer_laundry_layout,2026-01-01 00:00:21,physiology_score,0.5,catem_user_benchmark
roboturk_operator_pool,sawyer_laundry_layout,sawyer_laundry_layout,2026-01-01 00:00:22,physiology_score,0.5,catem_user_benchmark
roboturk_operator_pool,sawyer_laundry_layout,sawyer_laundry_layout,2026-01-01 00:00:23,physiology_score,0.5,catem_user_benchmark
roboturk_operator_pool,sawyer_laundry_layout,sawyer_laundry_layout,2026-01-01 00:00:24,physiology_score,0.5,catem_user_benchmark
roboturk_operator_pool,sawyer_laundry_layout,sawyer_laundry_layout,2026-01-01 00:00:25,physiology_score,0.5,catem_user_benchmark
roboturk_operator_pool,sawyer_laundry_layout,sawyer_laundry_layout,2026-01-01 00:00:26,physiology_score,0.5,catem_user_benchmark
roboturk_operator_pool,sawyer_laundry_layout,sawyer_laundry_layout,2026-01-01 00:00:27,physiology_score,0.5,catem_user_benchmark
roboturk_operator_pool,sawyer_tower_creation,sawyer_tower_creation,2026-01-01 00:00:00,physiology_score,0.5,catem_user_benchmark
roboturk_operator_pool,sawyer_tower_creation,sawyer_tower_creation,2026-01-01 00:00:01,physiology_score,0.5,catem_user_benchmark
roboturk_operator_pool,sawyer_tower_creation,sawyer_tower_creation,2026-01-01 00:00:02,physiology_score,0.5,catem_user_benchmark
roboturk_operator_pool,sawyer_tower_creation,sawyer_tower_creation,2026-01-01 00:00:03,physiology_score,0.5,catem_user_benchmark
roboturk_operator_pool,sawyer_tower_creation,sawyer_tower_creation,2026-01-01 00:00:04,physiology_score,0.5,catem_user_benchmark
roboturk_operator_pool,sawyer_tower_creation,sawyer_tower_creation,2026-01-01 00:00:05,physiology_score,0.5,catem_user_benchmark
roboturk_operator_pool,sawyer_tower_creation,sawyer_tower_creation,2026-01-01 00:00:06,physiology_score,0.5,catem_user_benchmark
roboturk_operator_pool,sawyer_tower_creation,sawyer_tower_creation,2026-01-01 00:00:07,physiology_score,0.5,catem_user_benchmark
roboturk_operator_pool,sawyer_tower_creation,sawyer_tower_creation,2026-01-01 00:00:08,physiology_score,0.5,catem_user_benchmark
roboturk_operator_pool,sawyer_tower_creation,sawyer_tower_creation,2026-01-01 00:00:09,physiology_score,0.5,catem_user_benchmark
roboturk_operator_pool,sawyer_tower_creation,sawyer_tower_creation,2026-01-01 00:00:10,physiology_score,0.5,catem_user_benchmark
roboturk_operator_pool,sawyer_tower_creation,sawyer_tower_creation,2026-01-01 00:00:11,physiology_score,0.5,catem_user_benchmark
roboturk_operator_pool,sawyer_tower_creation,sawyer_tower_creation,2026-01-01 00:00:12,physiology_score,0.5,catem_user_benchmark
roboturk_operator_pool,sawyer_tower_creation,sawyer_tower_creation,2026-01-01 00:00:13,physiology_score,0.5,catem_user_benchmark
roboturk_operator_pool,sawyer_tower_creation,sawyer_tower_creation,2026-01-01 00:00:14,physiology_score,0.5,catem_user_benchmark
roboturk_operator_pool,sawyer_tower_creation,sawyer_tower_creation,2026-01-01 00:00:15,physiology_score,0.5,catem_user_benchmark
roboturk_operator_pool,sawyer_tower_creation,sawyer_tower_creation,2026-01-01 00:00:16,physiology_score,0.5,catem_user_benchmark
roboturk_operator_pool,sawyer_tower_creation,sawyer_tower_creation,2026-01-01 00:00:17,physiology_score,0.5,catem_user_benchmark
roboturk_operator_pool,sawyer_tower_creation,sawyer_tower_creation,2026-01-01 00:00:18,physiology_score,0.5,catem_user_benchmark
roboturk_operator_pool,sawyer_tower_creation,sawyer_tower_creation,2026-01-01 00:00:19,physiology_score,0.5,catem_user_benchmark
roboturk_operator_pool,sawyer_tower_creation,sawyer_tower_creation,2026-01-01 00:00:20,physiology_score,0.5,catem_user_benchmark
roboturk_operator_pool,sawyer_tower_creation,sawyer_tower_creation,2026-01-01 00:00:21,physiology_score,0.5,catem_user_benchmark
roboturk_operator_pool,sawyer_tower_creation,sawyer_tower_creation,2026-01-01 00:00:22,physiology_score,0.5,catem_user_benchmark
roboturk_operator_pool,sawyer_tower_creation,sawyer_tower_creation,2026-01-01 00:00:23,physiology_score,0.5,catem_user_benchmark
roboturk_operator_pool,sawyer_tower_creation,sawyer_tower_creation,2026-01-01 00:00:24,physiology_score,0.5,catem_user_benchmark
roboturk_operator_pool,sawyer_tower_creation,sawyer_tower_creation,2026-01-01 00:00:25,physiology_score,0.5,catem_user_benchmark
roboturk_operator_pool,sawyer_tower_creation,sawyer_tower_creation,2026-01-01 00:00:26,physiology_score,0.5,catem_user_benchmark
roboturk_operator_pool,sawyer_tower_creation,sawyer_tower_creation,2026-01-01 00:00:27,physiology_score,0.5,catem_user_benchmark
clinician_01,assistant,nasa_tlx_assistant,2026-01-01 00:00:00,workload_score,0.8162710591615515,catem_user_benchmark
clinician_02,assistant,nasa_tlx_assistant,2026-01-01 00:00:00,workload_score,0.9490151985111662,catem_user_benchmark
clinician_03,assistant,nasa_tlx_assistant,2026-01-01 00:00:00,workload_score,0.7754995429019198,catem_user_benchmark
clinician_04,assistant,nasa_tlx_assistant,2026-01-01 00:00:00,workload_score,1.0,catem_user_benchmark
clinician_05,assistant,nasa_tlx_assistant,2026-01-01 00:00:00,workload_score,0.8283678333550999,catem_user_benchmark
clinician_06,assistant,nasa_tlx_assistant,2026-01-01 00:00:00,workload_score,0.17105263157894735,catem_user_benchmark
clinician_07,assistant,nasa_tlx_assistant,2026-01-01 00:00:00,workload_score,0.9530474565756824,catem_user_benchmark
clinician_08,assistant,nasa_tlx_assistant,2026-01-01 00:00:00,workload_score,0.4723761753950634,catem_user_benchmark
clinician_09,assistant,nasa_tlx_assistant,2026-01-01 00:00:00,workload_score,0.7887043718166383,catem_user_benchmark
clinician_10,assistant,nasa_tlx_assistant,2026-01-01 00:00:00,workload_score,1.0,catem_user_benchmark
clinician_11,assistant,nasa_tlx_assistant,2026-01-01 00:00:00,workload_score,0.8693781017369727,catem_user_benchmark
clinician_12,assistant,nasa_tlx_assistant,2026-01-01 00:00:00,workload_score,0.9434177876452918,catem_user_benchmark
clinician_13,assistant,nasa_tlx_assistant,2026-01-01 00:00:00,workload_score,0.7260003101736973,catem_user_benchmark
clinician_14,assistant,nasa_tlx_assistant,2026-01-01 00:00:00,workload_score,1.0,catem_user_benchmark
clinician_15,assistant,nasa_tlx_assistant,2026-01-01 00:00:00,workload_score,0.8693781017369727,catem_user_benchmark
clinician_16,assistant,nasa_tlx_assistant,2026-01-01 00:00:00,workload_score,0.9434953310696095,catem_user_benchmark
clinician_17,assistant,nasa_tlx_assistant,2026-01-01 00:00:00,workload_score,0.9000710134517436,catem_user_benchmark
clinician_18,assistant,nasa_tlx_assistant,2026-01-01 00:00:00,workload_score,0.9434177876452918,catem_user_benchmark
clinician_19,assistant,nasa_tlx_assistant,2026-01-01 00:00:00,workload_score,0.5004917885594882,catem_user_benchmark
clinician_20,assistant,nasa_tlx_assistant,2026-01-01 00:00:00,workload_score,0.6940585412041269,catem_user_benchmark
clinician_21,assistant,nasa_tlx_assistant,2026-01-01 00:00:00,workload_score,0.7118343509207261,catem_user_benchmark
clinician_22,assistant,nasa_tlx_assistant,2026-01-01 00:00:00,workload_score,0.7531405086848635,catem_user_benchmark
clinician_23,assistant,nasa_tlx_assistant,2026-01-01 00:00:00,workload_score,0.872775728091942,catem_user_benchmark
clinician_24,assistant,nasa_tlx_assistant,2026-01-01 00:00:00,workload_score,0.9959677419354839,catem_user_benchmark
clinician_25,assistant,nasa_tlx_assistant,2026-01-01 00:00:00,workload_score,0.5867261982499673,catem_user_benchmark
clinician_26,assistant,nasa_tlx_assistant,2026-01-01 00:00:00,workload_score,0.8515043424317618,catem_user_benchmark
clinician_27,assistant,nasa_tlx_assistant,2026-01-01 00:00:00,workload_score,0.7389704681990336,catem_user_benchmark
clinician_28,assistant,nasa_tlx_assistant,2026-01-01 00:00:00,workload_score,0.7088285229202038,catem_user_benchmark
clinician_29,assistant,nasa_tlx_assistant,2026-01-01 00:00:00,workload_score,0.9217199131513647,catem_user_benchmark
clinician_30,assistant,nasa_tlx_assistant,2026-01-01 00:00:00,workload_score,0.8783731389578164,catem_user_benchmark
clinician_31,assistant,nasa_tlx_assistant,2026-01-01 00:00:00,workload_score,0.859032176439859,catem_user_benchmark
clinician_32,assistant,nasa_tlx_assistant,2026-01-01 00:00:00,workload_score,0.645222508815463,catem_user_benchmark
clinician_33,assistant,nasa_tlx_assistant,2026-01-01 00:00:00,workload_score,1.0,catem_user_benchmark
clinician_34,assistant,nasa_tlx_assistant,2026-01-01 00:00:00,workload_score,0.8763814973227112,catem_user_benchmark
clinician_35,assistant,nasa_tlx_assistant,2026-01-01 00:00:00,workload_score,0.5693625930521091,catem_user_benchmark
clinician_36,assistant,nasa_tlx_assistant,2026-01-01 00:00:00,workload_score,1.0,catem_user_benchmark
clinician_37,assistant,nasa_tlx_assistant,2026-01-01 00:00:00,workload_score,0.821282813112185,catem_user_benchmark
clinician_38,assistant,nasa_tlx_assistant,2026-01-01 00:00:00,workload_score,0.8728532715162596,catem_user_benchmark
clinician_39,assistant,nasa_tlx_assistant,2026-01-01 00:00:00,workload_score,0.7478267435026773,catem_user_benchmark
clinician_40,assistant,nasa_tlx_assistant,2026-01-01 00:00:00,workload_score,0.8355018283923208,catem_user_benchmark
clinician_41,assistant,nasa_tlx_assistant,2026-01-01 00:00:00,workload_score,0.5154515476035,catem_user_benchmark
clinician_42,assistant,nasa_tlx_assistant,2026-01-01 00:00:00,workload_score,0.9561491935483871,catem_user_benchmark
clinician_43,assistant,nasa_tlx_assistant,2026-01-01 00:00:00,workload_score,0.796060794044665,catem_user_benchmark
clinician_44,assistant,nasa_tlx_assistant,2026-01-01 00:00:00,workload_score,0.716719586652736,catem_user_benchmark
clinician_45,assistant,nasa_tlx_assistant,2026-01-01 00:00:00,workload_score,0.8121898263027295,catem_user_benchmark
clinician_01,current,nasa_tlx_current,2026-01-01 00:00:00,workload_score,0.8292697858168996,catem_user_benchmark
clinician_02,current,nasa_tlx_current,2026-01-01 00:00:00,workload_score,0.9293579404466501,catem_user_benchmark
clinician_03,current,nasa_tlx_current,2026-01-01 00:00:00,workload_score,0.1293424317617866,catem_user_benchmark
clinician_04,current,nasa_tlx_current,2026-01-01 00:00:00,workload_score,0.9318250457098081,catem_user_benchmark
clinician_05,current,nasa_tlx_current,2026-01-01 00:00:00,workload_score,0.9318250457098081,catem_user_benchmark
clinician_06,current,nasa_tlx_current,2026-01-01 00:00:00,workload_score,0.8703086228287842,catem_user_benchmark
clinician_07,current,nasa_tlx_current,2026-01-01 00:00:00,workload_score,0.6979642810500195,catem_user_benchmark
clinician_08,current,nasa_tlx_current,2026-01-01 00:00:00,workload_score,0.8698005093378608,catem_user_benchmark
clinician_09,current,nasa_tlx_current,2026-01-01 00:00:00,workload_score,0.300474647381481,catem_user_benchmark
clinician_10,current,nasa_tlx_current,2026-01-01 00:00:00,workload_score,0.6879856667101998,catem_user_benchmark
clinician_11,current,nasa_tlx_current,2026-01-01 00:00:00,workload_score,0.7224904499151104,catem_user_benchmark
clinician_12,current,nasa_tlx_current,2026-01-01 00:00:00,workload_score,0.9318250457098081,catem_user_benchmark
clinician_13,current,nasa_tlx_current,2026-01-01 00:00:00,workload_score,0.8202543424317618,catem_user_benchmark
clinician_14,current,nasa_tlx_current,2026-01-01 00:00:00,workload_score,0.649095598798485,catem_user_benchmark
clinician_15,current,nasa_tlx_current,2026-01-01 00:00:00,workload_score,0.9642137096774194,catem_user_benchmark
clinician_16,current,nasa_tlx_current,2026-01-01 00:00:00,workload_score,0.5162392255452527,catem_user_benchmark
clinician_17,current,nasa_tlx_current,2026-01-01 00:00:00,workload_score,0.70776740237691,catem_user_benchmark
clinician_18,current,nasa_tlx_current,2026-01-01 00:00:00,workload_score,0.9162000457098081,catem_user_benchmark
clinician_19,current,nasa_tlx_current,2026-01-01 00:00:00,workload_score,0.5330987984850464,catem_user_benchmark
clinician_20,current,nasa_tlx_current,2026-01-01 00:00:00,workload_score,0.5886076465978842,catem_user_benchmark
clinician_21,current,nasa_tlx_current,2026-01-01 00:00:00,workload_score,0.8560896075486483,catem_user_benchmark
clinician_22,current,nasa_tlx_current,2026-01-01 00:00:00,workload_score,0.6335195735927909,catem_user_benchmark
clinician_23,current,nasa_tlx_current,2026-01-01 00:00:00,workload_score,0.6733870967741935,catem_user_benchmark
clinician_24,current,nasa_tlx_current,2026-01-01 00:00:00,workload_score,1.0,catem_user_benchmark
clinician_25,current,nasa_tlx_current,2026-01-01 00:00:00,workload_score,0.6653225806451613,catem_user_benchmark
clinician_26,current,nasa_tlx_current,2026-01-01 00:00:00,workload_score,0.2851945115580514,catem_user_benchmark
clinician_27,current,nasa_tlx_current,2026-01-01 00:00:00,workload_score,0.7142402376910018,catem_user_benchmark
clinician_28,current,nasa_tlx_current,2026-01-01 00:00:00,workload_score,0.5321356275303644,catem_user_benchmark
clinician_29,current,nasa_tlx_current,2026-01-01 00:00:00,workload_score,0.40968843868355753,catem_user_benchmark
clinician_30,current,nasa_tlx_current,2026-01-01 00:00:00,workload_score,1.0,catem_user_benchmark
clinician_31,current,nasa_tlx_current,2026-01-01 00:00:00,workload_score,0.8054211016063733,catem_user_benchmark
clinician_32,current,nasa_tlx_current,2026-01-01 00:00:00,workload_score,0.7246739094945801,catem_user_benchmark
clinician_33,current,nasa_tlx_current,2026-01-01 00:00:00,workload_score,0.5494359736189108,catem_user_benchmark
clinician_34,current,nasa_tlx_current,2026-01-01 00:00:00,workload_score,0.710930357842497,catem_user_benchmark
clinician_35,current,nasa_tlx_current,2026-01-01 00:00:00,workload_score,0.4716313503983284,catem_user_benchmark
clinician_36,current,nasa_tlx_current,2026-01-01 00:00:00,workload_score,0.44977430782290717,catem_user_benchmark
clinician_37,current,nasa_tlx_current,2026-01-01 00:00:00,workload_score,0.8313879456706281,catem_user_benchmark
clinician_38,current,nasa_tlx_current,2026-01-01 00:00:00,workload_score,0.8854255093378608,catem_user_benchmark
clinician_39,current,nasa_tlx_current,2026-01-01 00:00:00,workload_score,0.6661775989290846,catem_user_benchmark
clinician_40,current,nasa_tlx_current,2026-01-01 00:00:00,workload_score,0.7262880370902443,catem_user_benchmark
clinician_41,current,nasa_tlx_current,2026-01-01 00:00:00,workload_score,0.7944629913804362,catem_user_benchmark
clinician_42,current,nasa_tlx_current,2026-01-01 00:00:00,workload_score,0.5494849484132167,catem_user_benchmark
clinician_43,current,nasa_tlx_current,2026-01-01 00:00:00,workload_score,0.7305876159070132,catem_user_benchmark
clinician_44,current,nasa_tlx_current,2026-01-01 00:00:00,workload_score,0.4211995559618651,catem_user_benchmark
clinician_45,current,nasa_tlx_current,2026-01-01 00:00:00,workload_score,0.6449551880632102,catem_user_benchmark
roboturk_operator_pool,bair_action,bair_action,2026-01-01 00:00:00,workload_score,0.5,catem_user_benchmark
roboturk_operator_pool,bair_action,bair_action,2026-01-01 00:00:01,workload_score,0.5,catem_user_benchmark
roboturk_operator_pool,bair_action,bair_action,2026-01-01 00:00:02,workload_score,0.5,catem_user_benchmark
roboturk_operator_pool,bair_action,bair_action,2026-01-01 00:00:03,workload_score,0.5,catem_user_benchmark
roboturk_operator_pool,bair_action,bair_action,2026-01-01 00:00:04,workload_score,0.5,catem_user_benchmark
roboturk_operator_pool,bair_action,bair_action,2026-01-01 00:00:05,workload_score,0.5,catem_user_benchmark
roboturk_operator_pool,bair_action,bair_action,2026-01-01 00:00:06,workload_score,0.5,catem_user_benchmark
roboturk_operator_pool,bair_action,bair_action,2026-01-01 00:00:07,workload_score,0.5,catem_user_benchmark
roboturk_operator_pool,bair_action,bair_action,2026-01-01 00:00:08,workload_score,0.5,catem_user_benchmark
roboturk_operator_pool,bair_action,bair_action,2026-01-01 00:00:09,workload_score,0.5,catem_user_benchmark
roboturk_operator_pool,bair_action,bair_action,2026-01-01 00:00:10,workload_score,0.5,catem_user_benchmark
roboturk_operator_pool,bair_action,bair_action,2026-01-01 00:00:11,workload_score,0.5,catem_user_benchmark
roboturk_operator_pool,bair_action,bair_action,2026-01-01 00:00:12,workload_score,0.5,catem_user_benchmark
roboturk_operator_pool,bair_action,bair_action,2026-01-01 00:00:13,workload_score,0.5,catem_user_benchmark
roboturk_operator_pool,bair_action,bair_action,2026-01-01 00:00:14,workload_score,0.5,catem_user_benchmark
roboturk_operator_pool,bair_action,bair_action,2026-01-01 00:00:15,workload_score,0.5,catem_user_benchmark
roboturk_operator_pool,bair_action,bair_action,2026-01-01 00:00:16,workload_score,0.5,catem_user_benchmark
roboturk_operator_pool,bair_action,bair_action,2026-01-01 00:00:17,workload_score,0.5,catem_user_benchmark
roboturk_operator_pool,bair_action,bair_action,2026-01-01 00:00:18,workload_score,0.5,catem_user_benchmark
roboturk_operator_pool,bair_action,bair_action,2026-01-01 00:00:19,workload_score,0.5,catem_user_benchmark
roboturk_operator_pool,bair_action,bair_action,2026-01-01 00:00:20,workload_score,0.5,catem_user_benchmark
roboturk_operator_pool,bair_action,bair_action,2026-01-01 00:00:21,workload_score,0.5,catem_user_benchmark
roboturk_operator_pool,bair_action,bair_action,2026-01-01 00:00:22,workload_score,0.5,catem_user_benchmark
roboturk_operator_pool,bair_action,bair_action,2026-01-01 00:00:23,workload_score,0.5,catem_user_benchmark
roboturk_operator_pool,bair_action,bair_action,2026-01-01 00:00:24,workload_score,0.5,catem_user_benchmark
roboturk_operator_pool,bair_action,bair_action,2026-01-01 00:00:25,workload_score,0.5,catem_user_benchmark
roboturk_operator_pool,bair_action,bair_action,2026-01-01 00:00:26,workload_score,0.5,catem_user_benchmark
roboturk_operator_pool,bair_action,bair_action,2026-01-01 00:00:27,workload_score,0.5,catem_user_benchmark
roboturk_operator_pool,sawyer_laundry_layout,sawyer_laundry_layout,2026-01-01 00:00:00,workload_score,0.5,catem_user_benchmark
roboturk_operator_pool,sawyer_laundry_layout,sawyer_laundry_layout,2026-01-01 00:00:01,workload_score,0.5,catem_user_benchmark
roboturk_operator_pool,sawyer_laundry_layout,sawyer_laundry_layout,2026-01-01 00:00:02,workload_score,0.5,catem_user_benchmark
roboturk_operator_pool,sawyer_laundry_layout,sawyer_laundry_layout,2026-01-01 00:00:03,workload_score,0.5,catem_user_benchmark
roboturk_operator_pool,sawyer_laundry_layout,sawyer_laundry_layout,2026-01-01 00:00:04,workload_score,0.5,catem_user_benchmark
roboturk_operator_pool,sawyer_laundry_layout,sawyer_laundry_layout,2026-01-01 00:00:05,workload_score,0.5,catem_user_benchmark
roboturk_operator_pool,sawyer_laundry_layout,sawyer_laundry_layout,2026-01-01 00:00:06,workload_score,0.5,catem_user_benchmark
roboturk_operator_pool,sawyer_laundry_layout,sawyer_laundry_layout,2026-01-01 00:00:07,workload_score,0.5,catem_user_benchmark
roboturk_operator_pool,sawyer_laundry_layout,sawyer_laundry_layout,2026-01-01 00:00:08,workload_score,0.5,catem_user_benchmark
roboturk_operator_pool,sawyer_laundry_layout,sawyer_laundry_layout,2026-01-01 00:00:09,workload_score,0.5,catem_user_benchmark
roboturk_operator_pool,sawyer_laundry_layout,sawyer_laundry_layout,2026-01-01 00:00:10,workload_score,0.5,catem_user_benchmark
roboturk_operator_pool,sawyer_laundry_layout,sawyer_laundry_layout,2026-01-01 00:00:11,workload_score,0.5,catem_user_benchmark
roboturk_operator_pool,sawyer_laundry_layout,sawyer_laundry_layout,2026-01-01 00:00:12,workload_score,0.5,catem_user_benchmark
roboturk_operator_pool,sawyer_laundry_layout,sawyer_laundry_layout,2026-01-01 00:00:13,workload_score,0.5,catem_user_benchmark
roboturk_operator_pool,sawyer_laundry_layout,sawyer_laundry_layout,2026-01-01 00:00:14,workload_score,0.5,catem_user_benchmark
roboturk_operator_pool,sawyer_laundry_layout,sawyer_laundry_layout,2026-01-01 00:00:15,workload_score,0.5,catem_user_benchmark
roboturk_operator_pool,sawyer_laundry_layout,sawyer_laundry_layout,2026-01-01 00:00:16,workload_score,0.5,catem_user_benchmark
roboturk_operator_pool,sawyer_laundry_layout,sawyer_laundry_layout,2026-01-01 00:00:17,workload_score,0.5,catem_user_benchmark
roboturk_operator_pool,sawyer_laundry_layout,sawyer_laundry_layout,2026-01-01 00:00:18,workload_score,0.5,catem_user_benchmark
roboturk_operator_pool,sawyer_laundry_layout,sawyer_laundry_layout,2026-01-01 00:00:19,workload_score,0.5,catem_user_benchmark
roboturk_operator_pool,sawyer_laundry_layout,sawyer_laundry_layout,2026-01-01 00:00:20,workload_score,0.5,catem_user_benchmark
roboturk_operator_pool,sawyer_laundry_layout,sawyer_laundry_layout,2026-01-01 00:00:21,workload_score,0.5,catem_user_benchmark
roboturk_operator_pool,sawyer_laundry_layout,sawyer_laundry_layout,2026-01-01 00:00:22,workload_score,0.5,catem_user_benchmark
roboturk_operator_pool,sawyer_laundry_layout,sawyer_laundry_layout,2026-01-01 00:00:23,workload_score,0.5,catem_user_benchmark
roboturk_operator_pool,sawyer_laundry_layout,sawyer_laundry_layout,2026-01-01 00:00:24,workload_score,0.5,catem_user_benchmark
roboturk_operator_pool,sawyer_laundry_layout,sawyer_laundry_layout,2026-01-01 00:00:25,workload_score,0.5,catem_user_benchmark
roboturk_operator_pool,sawyer_laundry_layout,sawyer_laundry_layout,2026-01-01 00:00:26,workload_score,0.5,catem_user_benchmark
roboturk_operator_pool,sawyer_laundry_layout,sawyer_laundry_layout,2026-01-01 00:00:27,workload_score,0.5,catem_user_benchmark
roboturk_operator_pool,sawyer_tower_creation,sawyer_tower_creation,2026-01-01 00:00:00,workload_score,0.5,catem_user_benchmark
roboturk_operator_pool,sawyer_tower_creation,sawyer_tower_creation,2026-01-01 00:00:01,workload_score,0.5,catem_user_benchmark
roboturk_operator_pool,sawyer_tower_creation,sawyer_tower_creation,2026-01-01 00:00:02,workload_score,0.5,catem_user_benchmark
roboturk_operator_pool,sawyer_tower_creation,sawyer_tower_creation,2026-01-01 00:00:03,workload_score,0.5,catem_user_benchmark
roboturk_operator_pool,sawyer_tower_creation,sawyer_tower_creation,2026-01-01 00:00:04,workload_score,0.5,catem_user_benchmark
roboturk_operator_pool,sawyer_tower_creation,sawyer_tower_creation,2026-01-01 00:00:05,workload_score,0.5,catem_user_benchmark
roboturk_operator_pool,sawyer_tower_creation,sawyer_tower_creation,2026-01-01 00:00:06,workload_score,0.5,catem_user_benchmark
roboturk_operator_pool,sawyer_tower_creation,sawyer_tower_creation,2026-01-01 00:00:07,workload_score,0.5,catem_user_benchmark
roboturk_operator_pool,sawyer_tower_creation,sawyer_tower_creation,2026-01-01 00:00:08,workload_score,0.5,catem_user_benchmark
roboturk_operator_pool,sawyer_tower_creation,sawyer_tower_creation,2026-01-01 00:00:09,workload_score,0.5,catem_user_benchmark
roboturk_operator_pool,sawyer_tower_creation,sawyer_tower_creation,2026-01-01 00:00:10,workload_score,0.5,catem_user_benchmark
roboturk_operator_pool,sawyer_tower_creation,sawyer_tower_creation,2026-01-01 00:00:11,workload_score,0.5,catem_user_benchmark
roboturk_operator_pool,sawyer_tower_creation,sawyer_tower_creation,2026-01-01 00:00:12,workload_score,0.5,catem_user_benchmark
roboturk_operator_pool,sawyer_tower_creation,sawyer_tower_creation,2026-01-01 00:00:13,workload_score,0.5,catem_user_benchmark
roboturk_operator_pool,sawyer_tower_creation,sawyer_tower_creation,2026-01-01 00:00:14,workload_score,0.5,catem_user_benchmark
roboturk_operator_pool,sawyer_tower_creation,sawyer_tower_creation,2026-01-01 00:00:15,workload_score,0.5,catem_user_benchmark
roboturk_operator_pool,sawyer_tower_creation,sawyer_tower_creation,2026-01-01 00:00:16,workload_score,0.5,catem_user_benchmark
roboturk_operator_pool,sawyer_tower_creation,sawyer_tower_creation,2026-01-01 00:00:17,workload_score,0.5,catem_user_benchmark
roboturk_operator_pool,sawyer_tower_creation,sawyer_tower_creation,2026-01-01 00:00:18,workload_score,0.5,catem_user_benchmark
roboturk_operator_pool,sawyer_tower_creation,sawyer_tower_creation,2026-01-01 00:00:19,workload_score,0.5,catem_user_benchmark
roboturk_operator_pool,sawyer_tower_creation,sawyer_tower_creation,2026-01-01 00:00:20,workload_score,0.5,catem_user_benchmark
roboturk_operator_pool,sawyer_tower_creation,sawyer_tower_creation,2026-01-01 00:00:21,workload_score,0.5,catem_user_benchmark
roboturk_operator_pool,sawyer_tower_creation,sawyer_tower_creation,2026-01-01 00:00:22,workload_score,0.5,catem_user_benchmark
roboturk_operator_pool,sawyer_tower_creation,sawyer_tower_creation,2026-01-01 00:00:23,workload_score,0.5,catem_user_benchmark
roboturk_operator_pool,sawyer_tower_creation,sawyer_tower_creation,2026-01-01 00:00:24,workload_score,0.5,catem_user_benchmark
roboturk_operator_pool,sawyer_tower_creation,sawyer_tower_creation,2026-01-01 00:00:25,workload_score,0.5,catem_user_benchmark
roboturk_operator_pool,sawyer_tower_creation,sawyer_tower_creation,2026-01-01 00:00:26,workload_score,0.5,catem_user_benchmark
roboturk_operator_pool,sawyer_tower_creation,sawyer_tower_creation,2026-01-01 00:00:27,workload_score,0.5,catem_user_benchmark
clinician_01,assistant,nasa_tlx_assistant,2026-01-01 00:00:00,system_score,0.5,catem_user_benchmark
clinician_02,assistant,nasa_tlx_assistant,2026-01-01 00:00:00,system_score,0.5,catem_user_benchmark
clinician_03,assistant,nasa_tlx_assistant,2026-01-01 00:00:00,system_score,0.5,catem_user_benchmark
clinician_04,assistant,nasa_tlx_assistant,2026-01-01 00:00:00,system_score,0.5,catem_user_benchmark
clinician_05,assistant,nasa_tlx_assistant,2026-01-01 00:00:00,system_score,0.5,catem_user_benchmark
clinician_06,assistant,nasa_tlx_assistant,2026-01-01 00:00:00,system_score,0.5,catem_user_benchmark
clinician_07,assistant,nasa_tlx_assistant,2026-01-01 00:00:00,system_score,0.5,catem_user_benchmark
clinician_08,assistant,nasa_tlx_assistant,2026-01-01 00:00:00,system_score,0.5,catem_user_benchmark
clinician_09,assistant,nasa_tlx_assistant,2026-01-01 00:00:00,system_score,0.5,catem_user_benchmark
clinician_10,assistant,nasa_tlx_assistant,2026-01-01 00:00:00,system_score,0.5,catem_user_benchmark
clinician_11,assistant,nasa_tlx_assistant,2026-01-01 00:00:00,system_score,0.5,catem_user_benchmark
clinician_12,assistant,nasa_tlx_assistant,2026-01-01 00:00:00,system_score,0.5,catem_user_benchmark
clinician_13,assistant,nasa_tlx_assistant,2026-01-01 00:00:00,system_score,0.5,catem_user_benchmark
clinician_14,assistant,nasa_tlx_assistant,2026-01-01 00:00:00,system_score,0.5,catem_user_benchmark
clinician_15,assistant,nasa_tlx_assistant,2026-01-01 00:00:00,system_score,0.5,catem_user_benchmark
clinician_16,assistant,nasa_tlx_assistant,2026-01-01 00:00:00,system_score,0.5,catem_user_benchmark
clinician_17,assistant,nasa_tlx_assistant,2026-01-01 00:00:00,system_score,0.5,catem_user_benchmark
clinician_18,assistant,nasa_tlx_assistant,2026-01-01 00:00:00,system_score,0.5,catem_user_benchmark
clinician_19,assistant,nasa_tlx_assistant,2026-01-01 00:00:00,system_score,0.5,catem_user_benchmark
clinician_20,assistant,nasa_tlx_assistant,2026-01-01 00:00:00,system_score,0.5,catem_user_benchmark
clinician_21,assistant,nasa_tlx_assistant,2026-01-01 00:00:00,system_score,0.5,catem_user_benchmark
clinician_22,assistant,nasa_tlx_assistant,2026-01-01 00:00:00,system_score,0.5,catem_user_benchmark
clinician_23,assistant,nasa_tlx_assistant,2026-01-01 00:00:00,system_score,0.5,catem_user_benchmark
clinician_24,assistant,nasa_tlx_assistant,2026-01-01 00:00:00,system_score,0.5,catem_user_benchmark
clinician_25,assistant,nasa_tlx_assistant,2026-01-01 00:00:00,system_score,0.5,catem_user_benchmark
clinician_26,assistant,nasa_tlx_assistant,2026-01-01 00:00:00,system_score,0.5,catem_user_benchmark
clinician_27,assistant,nasa_tlx_assistant,2026-01-01 00:00:00,system_score,0.5,catem_user_benchmark
clinician_28,assistant,nasa_tlx_assistant,2026-01-01 00:00:00,system_score,0.5,catem_user_benchmark
clinician_29,assistant,nasa_tlx_assistant,2026-01-01 00:00:00,system_score,0.5,catem_user_benchmark
clinician_30,assistant,nasa_tlx_assistant,2026-01-01 00:00:00,system_score,0.5,catem_user_benchmark
clinician_31,assistant,nasa_tlx_assistant,2026-01-01 00:00:00,system_score,0.5,catem_user_benchmark
clinician_32,assistant,nasa_tlx_assistant,2026-01-01 00:00:00,system_score,0.5,catem_user_benchmark
clinician_33,assistant,nasa_tlx_assistant,2026-01-01 00:00:00,system_score,0.5,catem_user_benchmark
clinician_34,assistant,nasa_tlx_assistant,2026-01-01 00:00:00,system_score,0.5,catem_user_benchmark
clinician_35,assistant,nasa_tlx_assistant,2026-01-01 00:00:00,system_score,0.5,catem_user_benchmark
clinician_36,assistant,nasa_tlx_assistant,2026-01-01 00:00:00,system_score,0.5,catem_user_benchmark
clinician_37,assistant,nasa_tlx_assistant,2026-01-01 00:00:00,system_score,0.5,catem_user_benchmark
clinician_38,assistant,nasa_tlx_assistant,2026-01-01 00:00:00,system_score,0.5,catem_user_benchmark
clinician_39,assistant,nasa_tlx_assistant,2026-01-01 00:00:00,system_score,0.5,catem_user_benchmark
clinician_40,assistant,nasa_tlx_assistant,2026-01-01 00:00:00,system_score,0.5,catem_user_benchmark
clinician_41,assistant,nasa_tlx_assistant,2026-01-01 00:00:00,system_score,0.5,catem_user_benchmark
clinician_42,assistant,nasa_tlx_assistant,2026-01-01 00:00:00,system_score,0.5,catem_user_benchmark
clinician_43,assistant,nasa_tlx_assistant,2026-01-01 00:00:00,system_score,0.5,catem_user_benchmark
clinician_44,assistant,nasa_tlx_assistant,2026-01-01 00:00:00,system_score,0.5,catem_user_benchmark
clinician_45,assistant,nasa_tlx_assistant,2026-01-01 00:00:00,system_score,0.5,catem_user_benchmark
clinician_01,current,nasa_tlx_current,2026-01-01 00:00:00,system_score,0.5,catem_user_benchmark
clinician_02,current,nasa_tlx_current,2026-01-01 00:00:00,system_score,0.5,catem_user_benchmark
clinician_03,current,nasa_tlx_current,2026-01-01 00:00:00,system_score,0.5,catem_user_benchmark
clinician_04,current,nasa_tlx_current,2026-01-01 00:00:00,system_score,0.5,catem_user_benchmark
clinician_05,current,nasa_tlx_current,2026-01-01 00:00:00,system_score,0.5,catem_user_benchmark
clinician_06,current,nasa_tlx_current,2026-01-01 00:00:00,system_score,0.5,catem_user_benchmark
clinician_07,current,nasa_tlx_current,2026-01-01 00:00:00,system_score,0.5,catem_user_benchmark
clinician_08,current,nasa_tlx_current,2026-01-01 00:00:00,system_score,0.5,catem_user_benchmark
clinician_09,current,nasa_tlx_current,2026-01-01 00:00:00,system_score,0.5,catem_user_benchmark
clinician_10,current,nasa_tlx_current,2026-01-01 00:00:00,system_score,0.5,catem_user_benchmark
clinician_11,current,nasa_tlx_current,2026-01-01 00:00:00,system_score,0.5,catem_user_benchmark
clinician_12,current,nasa_tlx_current,2026-01-01 00:00:00,system_score,0.5,catem_user_benchmark
clinician_13,current,nasa_tlx_current,2026-01-01 00:00:00,system_score,0.5,catem_user_benchmark
clinician_14,current,nasa_tlx_current,2026-01-01 00:00:00,system_score,0.5,catem_user_benchmark
clinician_15,current,nasa_tlx_current,2026-01-01 00:00:00,system_score,0.5,catem_user_benchmark
clinician_16,current,nasa_tlx_current,2026-01-01 00:00:00,system_score,0.5,catem_user_benchmark
clinician_17,current,nasa_tlx_current,2026-01-01 00:00:00,system_score,0.5,catem_user_benchmark
clinician_18,current,nasa_tlx_current,2026-01-01 00:00:00,system_score,0.5,catem_user_benchmark
clinician_19,current,nasa_tlx_current,2026-01-01 00:00:00,system_score,0.5,catem_user_benchmark
clinician_20,current,nasa_tlx_current,2026-01-01 00:00:00,system_score,0.5,catem_user_benchmark
clinician_21,current,nasa_tlx_current,2026-01-01 00:00:00,system_score,0.5,catem_user_benchmark
clinician_22,current,nasa_tlx_current,2026-01-01 00:00:00,system_score,0.5,catem_user_benchmark
clinician_23,current,nasa_tlx_current,2026-01-01 00:00:00,system_score,0.5,catem_user_benchmark
clinician_24,current,nasa_tlx_current,2026-01-01 00:00:00,system_score,0.5,catem_user_benchmark
clinician_25,current,nasa_tlx_current,2026-01-01 00:00:00,system_score,0.5,catem_user_benchmark
clinician_26,current,nasa_tlx_current,2026-01-01 00:00:00,system_score,0.5,catem_user_benchmark
clinician_27,current,nasa_tlx_current,2026-01-01 00:00:00,system_score,0.5,catem_user_benchmark
clinician_28,current,nasa_tlx_current,2026-01-01 00:00:00,system_score,0.5,catem_user_benchmark
clinician_29,current,nasa_tlx_current,2026-01-01 00:00:00,system_score,0.5,catem_user_benchmark
clinician_30,current,nasa_tlx_current,2026-01-01 00:00:00,system_score,0.5,catem_user_benchmark
clinician_31,current,nasa_tlx_current,2026-01-01 00:00:00,system_score,0.5,catem_user_benchmark
clinician_32,current,nasa_tlx_current,2026-01-01 00:00:00,system_score,0.5,catem_user_benchmark
clinician_33,current,nasa_tlx_current,2026-01-01 00:00:00,system_score,0.5,catem_user_benchmark
clinician_34,current,nasa_tlx_current,2026-01-01 00:00:00,system_score,0.5,catem_user_benchmark
clinician_35,current,nasa_tlx_current,2026-01-01 00:00:00,system_score,0.5,catem_user_benchmark
clinician_36,current,nasa_tlx_current,2026-01-01 00:00:00,system_score,0.5,catem_user_benchmark
clinician_37,current,nasa_tlx_current,2026-01-01 00:00:00,system_score,0.5,catem_user_benchmark
clinician_38,current,nasa_tlx_current,2026-01-01 00:00:00,system_score,0.5,catem_user_benchmark
clinician_39,current,nasa_tlx_current,2026-01-01 00:00:00,system_score,0.5,catem_user_benchmark
clinician_40,current,nasa_tlx_current,2026-01-01 00:00:00,system_score,0.5,catem_user_benchmark
clinician_41,current,nasa_tlx_current,2026-01-01 00:00:00,system_score,0.5,catem_user_benchmark
clinician_42,current,nasa_tlx_current,2026-01-01 00:00:00,system_score,0.5,catem_user_benchmark
clinician_43,current,nasa_tlx_current,2026-01-01 00:00:00,system_score,0.5,catem_user_benchmark
clinician_44,current,nasa_tlx_current,2026-01-01 00:00:00,system_score,0.5,catem_user_benchmark
clinician_45,current,nasa_tlx_current,2026-01-01 00:00:00,system_score,0.5,catem_user_benchmark
roboturk_operator_pool,bair_action,bair_action,2026-01-01 00:00:00,system_score,0.9410142882237675,catem_user_benchmark
roboturk_operator_pool,bair_action,bair_action,2026-01-01 00:00:01,system_score,0.9271056780192342,catem_user_benchmark
roboturk_operator_pool,bair_action,bair_action,2026-01-01 00:00:02,system_score,0.8891073568690536,catem_user_benchmark
roboturk_operator_pool,bair_action,bair_action,2026-01-01 00:00:03,system_score,0.8842565962677984,catem_user_benchmark
roboturk_operator_pool,bair_action,bair_action,2026-01-01 00:00:04,system_score,0.8524780231551421,catem_user_benchmark
roboturk_operator_pool,bair_action,bair_action,2026-01-01 00:00:05,system_score,0.8523719499327961,catem_user_benchmark
roboturk_operator_pool,bair_action,bair_action,2026-01-01 00:00:06,system_score,0.8264841371513909,catem_user_benchmark
roboturk_operator_pool,bair_action,bair_action,2026-01-01 00:00:07,system_score,0.8274166172060093,catem_user_benchmark
roboturk_operator_pool,bair_action,bair_action,2026-01-01 00:00:08,system_score,0.8022722812830426,catem_user_benchmark
roboturk_operator_pool,bair_action,bair_action,2026-01-01 00:00:09,system_score,0.7999598850359132,catem_user_benchmark
roboturk_operator_pool,bair_action,bair_action,2026-01-01 00:00:10,system_score,0.776462416248361,catem_user_benchmark
roboturk_operator_pool,bair_action,bair_action,2026-01-01 00:00:11,system_score,0.7782373748356071,catem_user_benchmark
roboturk_operator_pool,bair_action,bair_action,2026-01-01 00:00:12,system_score,0.7605991658466086,catem_user_benchmark
roboturk_operator_pool,bair_action,bair_action,2026-01-01 00:00:13,system_score,0.7559851413915879,catem_user_benchmark
roboturk_operator_pool,bair_action,bair_action,2026-01-01 00:00:14,system_score,0.7330651287978035,catem_user_benchmark
roboturk_operator_pool,bair_action,bair_action,2026-01-01 00:00:15,system_score,0.7341533436288648,catem_user_benchmark
roboturk_operator_pool,bair_action,bair_action,2026-01-01 00:00:16,system_score,0.7134743689326319,catem_user_benchmark
roboturk_operator_pool,bair_action,bair_action,2026-01-01 00:00:17,system_score,0.7121881507531923,catem_user_benchmark
roboturk_operator_pool,bair_action,bair_action,2026-01-01 00:00:18,system_score,0.6866746478730635,catem_user_benchmark
roboturk_operator_pool,bair_action,bair_action,2026-01-01 00:00:19,system_score,0.6860401371430336,catem_user_benchmark
roboturk_operator_pool,bair_action,bair_action,2026-01-01 00:00:20,system_score,0.6680266539507375,catem_user_benchmark
roboturk_operator_pool,bair_action,bair_action,2026-01-01 00:00:21,system_score,0.6665533611791614,catem_user_benchmark
roboturk_operator_pool,bair_action,bair_action,2026-01-01 00:00:22,system_score,0.650302461364838,catem_user_benchmark
roboturk_operator_pool,bair_action,bair_action,2026-01-01 00:00:23,system_score,0.6455675777231451,catem_user_benchmark
roboturk_operator_pool,bair_action,bair_action,2026-01-01 00:00:24,system_score,0.6319643298253634,catem_user_benchmark
roboturk_operator_pool,bair_action,bair_action,2026-01-01 00:00:25,system_score,0.6300180469123291,catem_user_benchmark
roboturk_operator_pool,bair_action,bair_action,2026-01-01 00:00:26,system_score,0.6123632840719649,catem_user_benchmark
roboturk_operator_pool,bair_action,bair_action,2026-01-01 00:00:27,system_score,0.6105934684288326,catem_user_benchmark
roboturk_operator_pool,sawyer_laundry_layout,sawyer_laundry_layout,2026-01-01 00:00:00,system_score,0.8998477527825341,catem_user_benchmark
roboturk_operator_pool,sawyer_laundry_layout,sawyer_laundry_layout,2026-01-01 00:00:01,system_score,0.7961381954084121,catem_user_benchmark
roboturk_operator_pool,sawyer_laundry_layout,sawyer_laundry_layout,2026-01-01 00:00:02,system_score,0.710476032514336,catem_user_benchmark
roboturk_operator_pool,sawyer_laundry_layout,sawyer_laundry_layout,2026-01-01 00:00:03,system_score,0.6392666675988254,catem_user_benchmark
roboturk_operator_pool,sawyer_laundry_layout,sawyer_laundry_layout,2026-01-01 00:00:04,system_score,0.5769309706005208,catem_user_benchmark
roboturk_operator_pool,sawyer_laundry_layout,sawyer_laundry_layout,2026-01-01 00:00:05,system_score,0.5216134637133956,catem_user_benchmark
roboturk_operator_pool,sawyer_laundry_layout,sawyer_laundry_layout,2026-01-01 00:00:06,system_score,0.4729287475629278,catem_user_benchmark
roboturk_operator_pool,sawyer_laundry_layout,sawyer_laundry_layout,2026-01-01 00:00:07,system_score,0.42925824120632894,catem_user_benchmark
roboturk_operator_pool,sawyer_laundry_layout,sawyer_laundry_layout,2026-01-01 00:00:08,system_score,0.3898367709896807,catem_user_benchmark
roboturk_operator_pool,sawyer_laundry_layout,sawyer_laundry_layout,2026-01-01 00:00:09,system_score,0.353700517042672,catem_user_benchmark
roboturk_operator_pool,sawyer_laundry_layout,sawyer_laundry_layout,2026-01-01 00:00:10,system_score,0.31989337391116224,catem_user_benchmark
roboturk_operator_pool,sawyer_laundry_layout,sawyer_laundry_layout,2026-01-01 00:00:11,system_score,0.2889233680433848,catem_user_benchmark
roboturk_operator_pool,sawyer_laundry_layout,sawyer_laundry_layout,2026-01-01 00:00:12,system_score,0.26075353452852157,catem_user_benchmark
roboturk_operator_pool,sawyer_laundry_layout,sawyer_laundry_layout,2026-01-01 00:00:13,system_score,0.2350190457685063,catem_user_benchmark
roboturk_operator_pool,sawyer_laundry_layout,sawyer_laundry_layout,2026-01-01 00:00:14,system_score,0.21086697662547982,catem_user_benchmark
roboturk_operator_pool,sawyer_laundry_layout,sawyer_laundry_layout,2026-01-01 00:00:15,system_score,0.18819993259528878,catem_user_benchmark
roboturk_operator_pool,sawyer_laundry_layout,sawyer_laundry_layout,2026-01-01 00:00:16,system_score,0.16701839582894384,catem_user_benchmark
roboturk_operator_pool,sawyer_laundry_layout,sawyer_laundry_layout,2026-01-01 00:00:17,system_score,0.14714605977354667,catem_user_benchmark
roboturk_operator_pool,sawyer_laundry_layout,sawyer_laundry_layout,2026-01-01 00:00:18,system_score,0.1280067539713574,catem_user_benchmark
roboturk_operator_pool,sawyer_laundry_layout,sawyer_laundry_layout,2026-01-01 00:00:19,system_score,0.10997012753054958,catem_user_benchmark
roboturk_operator_pool,sawyer_laundry_layout,sawyer_laundry_layout,2026-01-01 00:00:20,system_score,0.09290423179120555,catem_user_benchmark
roboturk_operator_pool,sawyer_laundry_layout,sawyer_laundry_layout,2026-01-01 00:00:21,system_score,0.07647316821589822,catem_user_benchmark
roboturk_operator_pool,sawyer_laundry_layout,sawyer_laundry_layout,2026-01-01 00:00:22,system_score,0.0613890738473738,catem_user_benchmark
roboturk_operator_pool,sawyer_laundry_layout,sawyer_laundry_layout,2026-01-01 00:00:23,system_score,0.047533018103002256,catem_user_benchmark
roboturk_operator_pool,sawyer_laundry_layout,sawyer_laundry_layout,2026-01-01 00:00:24,system_score,0.03443377872836528,catem_user_benchmark
roboturk_operator_pool,sawyer_laundry_layout,sawyer_laundry_layout,2026-01-01 00:00:25,system_score,0.02219389317172915,catem_user_benchmark
roboturk_operator_pool,sawyer_laundry_layout,sawyer_laundry_layout,2026-01-01 00:00:26,system_score,0.010717574098976335,catem_user_benchmark
roboturk_operator_pool,sawyer_laundry_layout,sawyer_laundry_layout,2026-01-01 00:00:27,system_score,0.0,catem_user_benchmark
roboturk_operator_pool,sawyer_tower_creation,sawyer_tower_creation,2026-01-01 00:00:00,system_score,1.0,catem_user_benchmark
roboturk_operator_pool,sawyer_tower_creation,sawyer_tower_creation,2026-01-01 00:00:01,system_score,0.9557359657492788,catem_user_benchmark
roboturk_operator_pool,sawyer_tower_creation,sawyer_tower_creation,2026-01-01 00:00:02,system_score,0.9199563428331552,catem_user_benchmark
roboturk_operator_pool,sawyer_tower_creation,sawyer_tower_creation,2026-01-01 00:00:03,system_score,0.890477630041351,catem_user_benchmark
roboturk_operator_pool,sawyer_tower_creation,sawyer_tower_creation,2026-01-01 00:00:04,system_score,0.8647561593586237,catem_user_benchmark
roboturk_operator_pool,sawyer_tower_creation,sawyer_tower_creation,2026-01-01 00:00:05,system_score,0.842140223335563,catem_user_benchmark
roboturk_operator_pool,sawyer_tower_creation,sawyer_tower_creation,2026-01-01 00:00:06,system_score,0.8217121278818773,catem_user_benchmark
roboturk_operator_pool,sawyer_tower_creation,sawyer_tower_creation,2026-01-01 00:00:07,system_score,0.8030080437253111,catem_user_benchmark
roboturk_operator_pool,sawyer_tower_creation,sawyer_tower_creation,2026-01-01 00:00:08,system_score,0.7858805933736059,catem_user_benchmark
roboturk_operator_pool,sawyer_tower_creation,sawyer_tower_creation,2026-01-01 00:00:09,system_score,0.7700189501418891,catem_user_benchmark
roboturk_operator_pool,sawyer_tower_creation,sawyer_tower_creation,2026-01-01 00:00:10,system_score,0.7553364875652455,catem_user_benchmark
roboturk_operator_pool,sawyer_tower_creation,sawyer_tower_creation,2026-01-01 00:00:11,system_score,0.7415336291490505,catem_user_benchmark
roboturk_operator_pool,sawyer_tower_creation,sawyer_tower_creation,2026-01-01 00:00:12,system_score,0.7284115679599086,catem_user_benchmark
roboturk_operator_pool,sawyer_tower_creation,sawyer_tower_creation,2026-01-01 00:00:13,system_score,0.7161636465530945,catem_user_benchmark
roboturk_operator_pool,sawyer_tower_creation,sawyer_tower_creation,2026-01-01 00:00:14,system_score,0.704537057082019,catem_user_benchmark
roboturk_operator_pool,sawyer_tower_creation,sawyer_tower_creation,2026-01-01 00:00:15,system_score,0.693527460187586,catem_user_benchmark
roboturk_operator_pool,sawyer_tower_creation,sawyer_tower_creation,2026-01-01 00:00:16,system_score,0.6832600544155635,catem_user_benchmark
roboturk_operator_pool,sawyer_tower_creation,sawyer_tower_creation,2026-01-01 00:00:17,system_score,0.6732110630513697,catem_user_benchmark
roboturk_operator_pool,sawyer_tower_creation,sawyer_tower_creation,2026-01-01 00:00:18,system_score,0.6632646091354442,catem_user_benchmark
roboturk_operator_pool,sawyer_tower_creation,sawyer_tower_creation,2026-01-01 00:00:19,system_score,0.6537551447521801,catem_user_benchmark
roboturk_operator_pool,sawyer_tower_creation,sawyer_tower_creation,2026-01-01 00:00:20,system_score,0.6443708789146846,catem_user_benchmark
roboturk_operator_pool,sawyer_tower_creation,sawyer_tower_creation,2026-01-01 00:00:21,system_score,0.6352374923197368,catem_user_benchmark
roboturk_operator_pool,sawyer_tower_creation,sawyer_tower_creation,2026-01-01 00:00:22,system_score,0.6264131645226221,catem_user_benchmark
roboturk_operator_pool,sawyer_tower_creation,sawyer_tower_creation,2026-01-01 00:00:23,system_score,0.6175718007231304,catem_user_benchmark
roboturk_operator_pool,sawyer_tower_creation,sawyer_tower_creation,2026-01-01 00:00:24,system_score,0.6090041379806909,catem_user_benchmark
roboturk_operator_pool,sawyer_tower_creation,sawyer_tower_creation,2026-01-01 00:00:25,system_score,0.6004178320658391,catem_user_benchmark
roboturk_operator_pool,sawyer_tower_creation,sawyer_tower_creation,2026-01-01 00:00:26,system_score,0.5921579423852046,catem_user_benchmark
roboturk_operator_pool,sawyer_tower_creation,sawyer_tower_creation,2026-01-01 00:00:27,system_score,0.5841672536855228,catem_user_benchmark
clinician_01,assistant,nasa_tlx_assistant,2026-01-01 00:00:00,performance_score,0.8947368421052632,catem_user_benchmark
clinician_02,assistant,nasa_tlx_assistant,2026-01-01 00:00:00,performance_score,0.8947368421052632,catem_user_benchmark
clinician_03,assistant,nasa_tlx_assistant,2026-01-01 00:00:00,performance_score,0.7368421052631579,catem_user_benchmark
clinician_04,assistant,nasa_tlx_assistant,2026-01-01 00:00:00,performance_score,1.0,catem_user_benchmark
clinician_05,assistant,nasa_tlx_assistant,2026-01-01 00:00:00,performance_score,1.0,catem_user_benchmark
clinician_06,assistant,nasa_tlx_assistant,2026-01-01 00:00:00,performance_score,0.21052631578947367,catem_user_benchmark
clinician_07,assistant,nasa_tlx_assistant,2026-01-01 00:00:00,performance_score,0.5263157894736842,catem_user_benchmark
clinician_08,assistant,nasa_tlx_assistant,2026-01-01 00:00:00,performance_score,0.7368421052631579,catem_user_benchmark
clinician_09,assistant,nasa_tlx_assistant,2026-01-01 00:00:00,performance_score,1.0,catem_user_benchmark
clinician_10,assistant,nasa_tlx_assistant,2026-01-01 00:00:00,performance_score,1.0,catem_user_benchmark
clinician_11,assistant,nasa_tlx_assistant,2026-01-01 00:00:00,performance_score,0.8947368421052632,catem_user_benchmark
clinician_12,assistant,nasa_tlx_assistant,2026-01-01 00:00:00,performance_score,0.47368421052631576,catem_user_benchmark
clinician_13,assistant,nasa_tlx_assistant,2026-01-01 00:00:00,performance_score,0.8947368421052632,catem_user_benchmark
clinician_14,assistant,nasa_tlx_assistant,2026-01-01 00:00:00,performance_score,0.9473684210526315,catem_user_benchmark
clinician_15,assistant,nasa_tlx_assistant,2026-01-01 00:00:00,performance_score,0.8947368421052632,catem_user_benchmark
clinician_16,assistant,nasa_tlx_assistant,2026-01-01 00:00:00,performance_score,0.8421052631578947,catem_user_benchmark
clinician_17,assistant,nasa_tlx_assistant,2026-01-01 00:00:00,performance_score,0.8421052631578947,catem_user_benchmark
clinician_18,assistant,nasa_tlx_assistant,2026-01-01 00:00:00,performance_score,0.47368421052631576,catem_user_benchmark
clinician_19,assistant,nasa_tlx_assistant,2026-01-01 00:00:00,performance_score,0.631578947368421,catem_user_benchmark
clinician_20,assistant,nasa_tlx_assistant,2026-01-01 00:00:00,performance_score,0.42105263157894735,catem_user_benchmark
clinician_21,assistant,nasa_tlx_assistant,2026-01-01 00:00:00,performance_score,0.47368421052631576,catem_user_benchmark
clinician_22,assistant,nasa_tlx_assistant,2026-01-01 00:00:00,performance_score,0.6842105263157895,catem_user_benchmark
clinician_23,assistant,nasa_tlx_assistant,2026-01-01 00:00:00,performance_score,0.3684210526315789,catem_user_benchmark
clinician_24,assistant,nasa_tlx_assistant,2026-01-01 00:00:00,performance_score,0.5789473684210527,catem_user_benchmark
clinician_25,assistant,nasa_tlx_assistant,2026-01-01 00:00:00,performance_score,0.7894736842105263,catem_user_benchmark
clinician_26,assistant,nasa_tlx_assistant,2026-01-01 00:00:00,performance_score,0.47368421052631576,catem_user_benchmark
clinician_27,assistant,nasa_tlx_assistant,2026-01-01 00:00:00,performance_score,0.5789473684210527,catem_user_benchmark
clinician_28,assistant,nasa_tlx_assistant,2026-01-01 00:00:00,performance_score,0.5263157894736842,catem_user_benchmark
clinician_29,assistant,nasa_tlx_assistant,2026-01-01 00:00:00,performance_score,1.0,catem_user_benchmark
clinician_30,assistant,nasa_tlx_assistant,2026-01-01 00:00:00,performance_score,0.7894736842105263,catem_user_benchmark
clinician_31,assistant,nasa_tlx_assistant,2026-01-01 00:00:00,performance_score,0.8947368421052632,catem_user_benchmark
clinician_32,assistant,nasa_tlx_assistant,2026-01-01 00:00:00,performance_score,0.5263157894736842,catem_user_benchmark
clinician_33,assistant,nasa_tlx_assistant,2026-01-01 00:00:00,performance_score,1.0,catem_user_benchmark
clinician_34,assistant,nasa_tlx_assistant,2026-01-01 00:00:00,performance_score,0.6842105263157895,catem_user_benchmark
clinician_35,assistant,nasa_tlx_assistant,2026-01-01 00:00:00,performance_score,0.8947368421052632,catem_user_benchmark
clinician_36,assistant,nasa_tlx_assistant,2026-01-01 00:00:00,performance_score,0.9473684210526315,catem_user_benchmark
clinician_37,assistant,nasa_tlx_assistant,2026-01-01 00:00:00,performance_score,0.7368421052631579,catem_user_benchmark
clinician_38,assistant,nasa_tlx_assistant,2026-01-01 00:00:00,performance_score,0.7368421052631579,catem_user_benchmark
clinician_39,assistant,nasa_tlx_assistant,2026-01-01 00:00:00,performance_score,0.42105263157894735,catem_user_benchmark
clinician_40,assistant,nasa_tlx_assistant,2026-01-01 00:00:00,performance_score,0.5263157894736842,catem_user_benchmark
clinician_41,assistant,nasa_tlx_assistant,2026-01-01 00:00:00,performance_score,0.6842105263157895,catem_user_benchmark
clinician_42,assistant,nasa_tlx_assistant,2026-01-01 00:00:00,performance_score,1.0,catem_user_benchmark
clinician_43,assistant,nasa_tlx_assistant,2026-01-01 00:00:00,performance_score,0.8947368421052632,catem_user_benchmark
clinician_44,assistant,nasa_tlx_assistant,2026-01-01 00:00:00,performance_score,0.6842105263157895,catem_user_benchmark
clinician_45,assistant,nasa_tlx_assistant,2026-01-01 00:00:00,performance_score,0.631578947368421,catem_user_benchmark
clinician_01,current,nasa_tlx_current,2026-01-01 00:00:00,performance_score,1.0,catem_user_benchmark
clinician_02,current,nasa_tlx_current,2026-01-01 00:00:00,performance_score,0.8947368421052632,catem_user_benchmark
clinician_03,current,nasa_tlx_current,2026-01-01 00:00:00,performance_score,0.0,catem_user_benchmark
clinician_04,current,nasa_tlx_current,2026-01-01 00:00:00,performance_score,0.9473684210526315,catem_user_benchmark
clinician_05,current,nasa_tlx_current,2026-01-01 00:00:00,performance_score,0.7368421052631579,catem_user_benchmark
clinician_06,current,nasa_tlx_current,2026-01-01 00:00:00,performance_score,0.8947368421052632,catem_user_benchmark
clinician_07,current,nasa_tlx_current,2026-01-01 00:00:00,performance_score,0.8421052631578947,catem_user_benchmark
clinician_08,current,nasa_tlx_current,2026-01-01 00:00:00,performance_score,0.8947368421052632,catem_user_benchmark
clinician_09,current,nasa_tlx_current,2026-01-01 00:00:00,performance_score,0.8421052631578947,catem_user_benchmark
clinician_10,current,nasa_tlx_current,2026-01-01 00:00:00,performance_score,0.7368421052631579,catem_user_benchmark
clinician_11,current,nasa_tlx_current,2026-01-01 00:00:00,performance_score,0.0,catem_user_benchmark
clinician_12,current,nasa_tlx_current,2026-01-01 00:00:00,performance_score,0.8947368421052632,catem_user_benchmark
clinician_13,current,nasa_tlx_current,2026-01-01 00:00:00,performance_score,1.0,catem_user_benchmark
clinician_14,current,nasa_tlx_current,2026-01-01 00:00:00,performance_score,0.5263157894736842,catem_user_benchmark
clinician_15,current,nasa_tlx_current,2026-01-01 00:00:00,performance_score,1.0,catem_user_benchmark
clinician_16,current,nasa_tlx_current,2026-01-01 00:00:00,performance_score,0.3684210526315789,catem_user_benchmark
clinician_17,current,nasa_tlx_current,2026-01-01 00:00:00,performance_score,1.0,catem_user_benchmark
clinician_18,current,nasa_tlx_current,2026-01-01 00:00:00,performance_score,0.8947368421052632,catem_user_benchmark
clinician_19,current,nasa_tlx_current,2026-01-01 00:00:00,performance_score,0.3684210526315789,catem_user_benchmark
clinician_20,current,nasa_tlx_current,2026-01-01 00:00:00,performance_score,0.3684210526315789,catem_user_benchmark
clinician_21,current,nasa_tlx_current,2026-01-01 00:00:00,performance_score,0.8947368421052632,catem_user_benchmark
clinician_22,current,nasa_tlx_current,2026-01-01 00:00:00,performance_score,0.7894736842105263,catem_user_benchmark
clinician_23,current,nasa_tlx_current,2026-01-01 00:00:00,performance_score,0.8421052631578947,catem_user_benchmark
clinician_24,current,nasa_tlx_current,2026-01-01 00:00:00,performance_score,0.42105263157894735,catem_user_benchmark
clinician_25,current,nasa_tlx_current,2026-01-01 00:00:00,performance_score,0.47368421052631576,catem_user_benchmark
clinician_26,current,nasa_tlx_current,2026-01-01 00:00:00,performance_score,0.7368421052631579,catem_user_benchmark
clinician_27,current,nasa_tlx_current,2026-01-01 00:00:00,performance_score,0.7368421052631579,catem_user_benchmark
clinician_28,current,nasa_tlx_current,2026-01-01 00:00:00,performance_score,0.8947368421052632,catem_user_benchmark
clinician_29,current,nasa_tlx_current,2026-01-01 00:00:00,performance_score,0.3684210526315789,catem_user_benchmark
clinician_30,current,nasa_tlx_current,2026-01-01 00:00:00,performance_score,1.0,catem_user_benchmark
clinician_31,current,nasa_tlx_current,2026-01-01 00:00:00,performance_score,0.631578947368421,catem_user_benchmark
clinician_32,current,nasa_tlx_current,2026-01-01 00:00:00,performance_score,0.7368421052631579,catem_user_benchmark
clinician_33,current,nasa_tlx_current,2026-01-01 00:00:00,performance_score,0.8421052631578947,catem_user_benchmark
clinician_34,current,nasa_tlx_current,2026-01-01 00:00:00,performance_score,0.631578947368421,catem_user_benchmark
clinician_35,current,nasa_tlx_current,2026-01-01 00:00:00,performance_score,0.7894736842105263,catem_user_benchmark
clinician_36,current,nasa_tlx_current,2026-01-01 00:00:00,performance_score,0.6842105263157895,catem_user_benchmark
clinician_37,current,nasa_tlx_current,2026-01-01 00:00:00,performance_score,0.7368421052631579,catem_user_benchmark
clinician_38,current,nasa_tlx_current,2026-01-01 00:00:00,performance_score,0.5789473684210527,catem_user_benchmark
clinician_39,current,nasa_tlx_current,2026-01-01 00:00:00,performance_score,0.6842105263157895,catem_user_benchmark
clinician_40,current,nasa_tlx_current,2026-01-01 00:00:00,performance_score,0.631578947368421,catem_user_benchmark
clinician_41,current,nasa_tlx_current,2026-01-01 00:00:00,performance_score,0.631578947368421,catem_user_benchmark
clinician_42,current,nasa_tlx_current,2026-01-01 00:00:00,performance_score,0.7894736842105263,catem_user_benchmark
clinician_43,current,nasa_tlx_current,2026-01-01 00:00:00,performance_score,0.6842105263157895,catem_user_benchmark
clinician_44,current,nasa_tlx_current,2026-01-01 00:00:00,performance_score,0.8421052631578947,catem_user_benchmark
clinician_45,current,nasa_tlx_current,2026-01-01 00:00:00,performance_score,0.6842105263157895,catem_user_benchmark
roboturk_operator_pool,bair_action,bair_action,2026-01-01 00:00:00,performance_score,0.8751670358633034,catem_user_benchmark
roboturk_operator_pool,bair_action,bair_action,2026-01-01 00:00:01,performance_score,0.857420735381261,catem_user_benchmark
roboturk_operator_pool,bair_action,bair_action,2026-01-01 00:00:02,performance_score,0.812014690807341,catem_user_benchmark
roboturk_operator_pool,bair_action,bair_action,2026-01-01 00:00:03,performance_score,0.8076441307817013,catem_user_benchmark
roboturk_operator_pool,bair_action,bair_action,2026-01-01 00:00:04,performance_score,0.7738848797637504,catem_user_benchmark
roboturk_operator_pool,bair_action,bair_action,2026-01-01 00:00:05,performance_score,0.7740969205547418,catem_user_benchmark
roboturk_operator_pool,bair_action,bair_action,2026-01-01 00:00:06,performance_score,0.7460354085810978,catem_user_benchmark
roboturk_operator_pool,bair_action,bair_action,2026-01-01 00:00:07,performance_score,0.7479450025202062,catem_user_benchmark
roboturk_operator_pool,bair_action,bair_action,2026-01-01 00:00:08,performance_score,0.7223094228829727,catem_user_benchmark
roboturk_operator_pool,bair_action,bair_action,2026-01-01 00:00:09,performance_score,0.7210983728493431,catem_user_benchmark
roboturk_operator_pool,bair_action,bair_action,2026-01-01 00:00:10,performance_score,0.6995739889114897,catem_user_benchmark
roboturk_operator_pool,bair_action,bair_action,2026-01-01 00:00:11,performance_score,0.7016673019272898,catem_user_benchmark
roboturk_operator_pool,bair_action,bair_action,2026-01-01 00:00:12,performance_score,0.6835608234872255,catem_user_benchmark
roboturk_operator_pool,bair_action,bair_action,2026-01-01 00:00:13,performance_score,0.6791359454025779,catem_user_benchmark
roboturk_operator_pool,bair_action,bair_action,2026-01-01 00:00:14,performance_score,0.658082274785209,catem_user_benchmark
roboturk_operator_pool,bair_action,bair_action,2026-01-01 00:00:15,performance_score,0.6604098761595056,catem_user_benchmark
roboturk_operator_pool,bair_action,bair_action,2026-01-01 00:00:16,performance_score,0.6411563893103867,catem_user_benchmark
roboturk_operator_pool,bair_action,bair_action,2026-01-01 00:00:17,performance_score,0.6405493534938819,catem_user_benchmark
roboturk_operator_pool,bair_action,bair_action,2026-01-01 00:00:18,performance_score,0.6171345900135748,catem_user_benchmark
roboturk_operator_pool,bair_action,bair_action,2026-01-01 00:00:19,performance_score,0.6167937754133127,catem_user_benchmark
roboturk_operator_pool,bair_action,bair_action,2026-01-01 00:00:20,performance_score,0.6003754319496876,catem_user_benchmark
roboturk_operator_pool,bair_action,bair_action,2026-01-01 00:00:21,performance_score,0.5993061696668479,catem_user_benchmark
roboturk_operator_pool,bair_action,bair_action,2026-01-01 00:00:22,performance_score,0.5846467844505697,catem_user_benchmark
roboturk_operator_pool,bair_action,bair_action,2026-01-01 00:00:23,performance_score,0.580622320022846,catem_user_benchmark
roboturk_operator_pool,bair_action,bair_action,2026-01-01 00:00:24,performance_score,0.5685160153665937,catem_user_benchmark
roboturk_operator_pool,bair_action,bair_action,2026-01-01 00:00:25,performance_score,0.5669730350679355,catem_user_benchmark
roboturk_operator_pool,bair_action,bair_action,2026-01-01 00:00:26,performance_score,0.552140581147144,catem_user_benchmark
roboturk_operator_pool,bair_action,bair_action,2026-01-01 00:00:27,performance_score,0.5507263117210336,catem_user_benchmark
roboturk_operator_pool,sawyer_laundry_layout,sawyer_laundry_layout,2026-01-01 00:00:00,performance_score,0.8540818555560602,catem_user_benchmark
roboturk_operator_pool,sawyer_laundry_layout,sawyer_laundry_layout,2026-01-01 00:00:01,performance_score,0.7303072712159246,catem_user_benchmark
roboturk_operator_pool,sawyer_laundry_layout,sawyer_laundry_layout,2026-01-01 00:00:02,performance_score,0.6417731639790857,catem_user_benchmark
roboturk_operator_pool,sawyer_laundry_layout,sawyer_laundry_layout,2026-01-01 00:00:03,performance_score,0.5732441007139195,catem_user_benchmark
roboturk_operator_pool,sawyer_laundry_layout,sawyer_laundry_layout,2026-01-01 00:00:04,performance_score,0.5159549708519701,catem_user_benchmark
roboturk_operator_pool,sawyer_laundry_layout,sawyer_laundry_layout,2026-01-01 00:00:05,performance_score,0.46723185089007013,catem_user_benchmark
roboturk_operator_pool,sawyer_laundry_layout,sawyer_laundry_layout,2026-01-01 00:00:06,performance_score,0.4255571905653405,catem_user_benchmark
roboturk_operator_pool,sawyer_laundry_layout,sawyer_laundry_layout,2026-01-01 00:00:07,performance_score,0.3890182859202857,catem_user_benchmark
roboturk_operator_pool,sawyer_laundry_layout,sawyer_laundry_layout,2026-01-01 00:00:08,performance_score,0.35667775186014694,catem_user_benchmark
roboturk_operator_pool,sawyer_laundry_layout,sawyer_laundry_layout,2026-01-01 00:00:09,performance_score,0.327434289615439,catem_user_benchmark
roboturk_operator_pool,sawyer_laundry_layout,sawyer_laundry_layout,2026-01-01 00:00:10,performance_score,0.3004216896176885,catem_user_benchmark
roboturk_operator_pool,sawyer_laundry_layout,sawyer_laundry_layout,2026-01-01 00:00:11,performance_score,0.27592465048070564,catem_user_benchmark
roboturk_operator_pool,sawyer_laundry_layout,sawyer_laundry_layout,2026-01-01 00:00:12,performance_score,0.2537712785192408,catem_user_benchmark
roboturk_operator_pool,sawyer_laundry_layout,sawyer_laundry_layout,2026-01-01 00:00:13,performance_score,0.23377634832549757,catem_user_benchmark
roboturk_operator_pool,sawyer_laundry_layout,sawyer_laundry_layout,2026-01-01 00:00:14,performance_score,0.21517895583008587,catem_user_benchmark
roboturk_operator_pool,sawyer_laundry_layout,sawyer_laundry_layout,2026-01-01 00:00:15,performance_score,0.19796402553758238,catem_user_benchmark
roboturk_operator_pool,sawyer_laundry_layout,sawyer_laundry_layout,2026-01-01 00:00:16,performance_score,0.182104502999994,catem_user_benchmark
roboturk_operator_pool,sawyer_laundry_layout,sawyer_laundry_layout,2026-01-01 00:00:17,performance_score,0.16733575405820192,catem_user_benchmark
roboturk_operator_pool,sawyer_laundry_layout,sawyer_laundry_layout,2026-01-01 00:00:18,performance_score,0.15324636546154882,catem_user_benchmark
roboturk_operator_pool,sawyer_laundry_layout,sawyer_laundry_layout,2026-01-01 00:00:19,performance_score,0.1400594191518928,catem_user_benchmark
roboturk_operator_pool,sawyer_laundry_layout,sawyer_laundry_layout,2026-01-01 00:00:20,performance_score,0.12761096969119068,catem_user_benchmark
roboturk_operator_pool,sawyer_laundry_layout,sawyer_laundry_layout,2026-01-01 00:00:21,performance_score,0.1156579793851708,catem_user_benchmark
roboturk_operator_pool,sawyer_laundry_layout,sawyer_laundry_layout,2026-01-01 00:00:22,performance_score,0.10474275473246375,catem_user_benchmark
roboturk_operator_pool,sawyer_laundry_layout,sawyer_laundry_layout,2026-01-01 00:00:23,performance_score,0.09485657945369569,catem_user_benchmark
roboturk_operator_pool,sawyer_laundry_layout,sawyer_laundry_layout,2026-01-01 00:00:24,performance_score,0.08553233177627118,catem_user_benchmark
roboturk_operator_pool,sawyer_laundry_layout,sawyer_laundry_layout,2026-01-01 00:00:25,performance_score,0.07678442225211021,catem_user_benchmark
roboturk_operator_pool,sawyer_laundry_layout,sawyer_laundry_layout,2026-01-01 00:00:26,performance_score,0.06852611324309425,catem_user_benchmark
roboturk_operator_pool,sawyer_laundry_layout,sawyer_laundry_layout,2026-01-01 00:00:27,performance_score,0.06074678897857666,catem_user_benchmark
roboturk_operator_pool,sawyer_tower_creation,sawyer_tower_creation,2026-01-01 00:00:00,performance_score,0.974658171335856,catem_user_benchmark
roboturk_operator_pool,sawyer_tower_creation,sawyer_tower_creation,2026-01-01 00:00:01,performance_score,0.8901135918374433,catem_user_benchmark
roboturk_operator_pool,sawyer_tower_creation,sawyer_tower_creation,2026-01-01 00:00:02,performance_score,0.8353926054423918,catem_user_benchmark
roboturk_operator_pool,sawyer_tower_creation,sawyer_tower_creation,2026-01-01 00:00:03,performance_score,0.7937770918507602,catem_user_benchmark
roboturk_operator_pool,sawyer_tower_creation,sawyer_tower_creation,2026-01-01 00:00:04,performance_score,0.760205986615179,catem_user_benchmark
roboturk_operator_pool,sawyer_tower_creation,sawyer_tower_creation,2026-01-01 00:00:05,performance_score,0.7320390032239508,catem_user_benchmark
roboturk_operator_pool,sawyer_tower_creation,sawyer_tower_creation,2026-01-01 00:00:06,performance_score,0.7080746861821,catem_user_benchmark
roboturk_operator_pool,sawyer_tower_creation,sawyer_tower_creation,2026-01-01 00:00:07,performance_score,0.6869200415020588,catem_user_benchmark
roboturk_operator_pool,sawyer_tower_creation,sawyer_tower_creation,2026-01-01 00:00:08,performance_score,0.6683590582983814,catem_user_benchmark
roboturk_operator_pool,sawyer_tower_creation,sawyer_tower_creation,2026-01-01 00:00:09,performance_score,0.6514734833422292,catem_user_benchmark
roboturk_operator_pool,sawyer_tower_creation,sawyer_tower_creation,2026-01-01 00:00:10,performance_score,0.6363218926523984,catem_user_benchmark
roboturk_operator_pool,sawyer_tower_creation,sawyer_tower_creation,2026-01-01 00:00:11,performance_score,0.6223570853446194,catem_user_benchmark
roboturk_operator_pool,sawyer_tower_creation,sawyer_tower_creation,2026-01-01 00:00:12,performance_score,0.6091320687728422,catem_user_benchmark
roboturk_operator_pool,sawyer_tower_creation,sawyer_tower_creation,2026-01-01 00:00:13,performance_score,0.5968300036152652,catem_user_benchmark
roboturk_operator_pool,sawyer_tower_creation,sawyer_tower_creation,2026-01-01 00:00:14,performance_score,0.5853750254202016,catem_user_benchmark
roboturk_operator_pool,sawyer_tower_creation,sawyer_tower_creation,2026-01-01 00:00:15,performance_score,0.5746266792328258,catem_user_benchmark
roboturk_operator_pool,sawyer_tower_creation,sawyer_tower_creation,2026-01-01 00:00:16,performance_score,0.5646532060642152,catem_user_benchmark
roboturk_operator_pool,sawyer_tower_creation,sawyer_tower_creation,2026-01-01 00:00:17,performance_score,0.5549790643413447,catem_user_benchmark
roboturk_operator_pool,sawyer_tower_creation,sawyer_tower_creation,2026-01-01 00:00:18,performance_score,0.5455741887662658,catem_user_benchmark
roboturk_operator_pool,sawyer_tower_creation,sawyer_tower_creation,2026-01-01 00:00:19,performance_score,0.5366348611222217,catem_user_benchmark
roboturk_operator_pool,sawyer_tower_creation,sawyer_tower_creation,2026-01-01 00:00:20,performance_score,0.5278533600926524,catem_user_benchmark
roboturk_operator_pool,sawyer_tower_creation,sawyer_tower_creation,2026-01-01 00:00:21,performance_score,0.5194790628173979,catem_user_benchmark
roboturk_operator_pool,sawyer_tower_creation,sawyer_tower_creation,2026-01-01 00:00:22,performance_score,0.5113111582268259,catem_user_benchmark
roboturk_operator_pool,sawyer_tower_creation,sawyer_tower_creation,2026-01-01 00:00:23,performance_score,0.5031676244859592,catem_user_benchmark
roboturk_operator_pool,sawyer_tower_creation,sawyer_tower_creation,2026-01-01 00:00:24,performance_score,0.49531611022915084,catem_user_benchmark
roboturk_operator_pool,sawyer_tower_creation,sawyer_tower_creation,2026-01-01 00:00:25,performance_score,0.48755548036684687,catem_user_benchmark
roboturk_operator_pool,sawyer_tower_creation,sawyer_tower_creation,2026-01-01 00:00:26,performance_score,0.48011190541649834,catem_user_benchmark
roboturk_operator_pool,sawyer_tower_creation,sawyer_tower_creation,2026-01-01 00:00:27,performance_score,0.47295020162970286,catem_user_benchmark
clinician_01,assistant,nasa_tlx_assistant,2026-01-01 00:00:00,catem_score,0.5527519753167037,catem_user_benchmark
clinician_02,assistant,nasa_tlx_assistant,2026-01-01 00:00:00,catem_score,0.5859380101541074,catem_user_benchmark
clinician_03,assistant,nasa_tlx_assistant,2026-01-01 00:00:00,catem_score,0.5030854120412694,catem_user_benchmark
clinician_04,assistant,nasa_tlx_assistant,2026-01-01 00:00:00,catem_score,0.625,catem_user_benchmark
clinician_05,assistant,nasa_tlx_assistant,2026-01-01 00:00:00,catem_score,0.5820919583387749,catem_user_benchmark
clinician_06,assistant,nasa_tlx_assistant,2026-01-01 00:00:00,catem_score,0.22039473684210525,catem_user_benchmark
clinician_07,assistant,nasa_tlx_assistant,2026-01-01 00:00:00,catem_score,0.4948408115123416,catem_user_benchmark
clinician_08,assistant,nasa_tlx_assistant,2026-01-01 00:00:00,catem_score,0.42730457016455536,catem_user_benchmark
clinician_09,assistant,nasa_tlx_assistant,2026-01-01 00:00:00,catem_score,0.5721760929541596,catem_user_benchmark
clinician_10,assistant,nasa_tlx_assistant,2026-01-01 00:00:00,catem_score,0.625,catem_user_benchmark
clinician_11,assistant,nasa_tlx_assistant,2026-01-01 00:00:00,catem_score,0.566028735960559,catem_user_benchmark
clinician_12,assistant,nasa_tlx_assistant,2026-01-01 00:00:00,catem_score,0.4792754995429019,catem_user_benchmark
clinician_13,assistant,nasa_tlx_assistant,2026-01-01 00:00:00,catem_score,0.5301842880697402,catem_user_benchmark
clinician_14,assistant,nasa_tlx_assistant,2026-01-01 00:00:00,catem_score,0.6118421052631579,catem_user_benchmark
clinician_15,assistant,nasa_tlx_assistant,2026-01-01 00:00:00,catem_score,0.566028735960559,catem_user_benchmark
clinician_16,assistant,nasa_tlx_assistant,2026-01-01 00:00:00,catem_score,0.571400148556876,catem_user_benchmark
clinician_17,assistant,nasa_tlx_assistant,2026-01-01 00:00:00,catem_score,0.5605440691524095,catem_user_benchmark
clinician_18,assistant,nasa_tlx_assistant,2026-01-01 00:00:00,catem_score,0.4792754995429019,catem_user_benchmark
clinician_19,assistant,nasa_tlx_assistant,2026-01-01 00:00:00,catem_score,0.40801768398197735,catem_user_benchmark
clinician_20,assistant,nasa_tlx_assistant,2026-01-01 00:00:00,catem_score,0.40377779319576856,catem_user_benchmark
clinician_21,assistant,nasa_tlx_assistant,2026-01-01 00:00:00,catem_score,0.42137964036176045,catem_user_benchmark
clinician_22,assistant,nasa_tlx_assistant,2026-01-01 00:00:00,catem_score,0.4843377587501632,catem_user_benchmark
clinician_23,assistant,nasa_tlx_assistant,2026-01-01 00:00:00,catem_score,0.4352991951808802,catem_user_benchmark
clinician_24,assistant,nasa_tlx_assistant,2026-01-01 00:00:00,catem_score,0.5187287775891342,catem_user_benchmark
clinician_25,assistant,nasa_tlx_assistant,2026-01-01 00:00:00,catem_score,0.46904997061512343,catem_user_benchmark
clinician_26,assistant,nasa_tlx_assistant,2026-01-01 00:00:00,catem_score,0.45629713823951934,catem_user_benchmark
clinician_27,assistant,nasa_tlx_assistant,2026-01-01 00:00:00,catem_score,0.4544794591550215,catem_user_benchmark
clinician_28,assistant,nasa_tlx_assistant,2026-01-01 00:00:00,catem_score,0.43378607809847197,catem_user_benchmark
clinician_29,assistant,nasa_tlx_assistant,2026-01-01 00:00:00,catem_score,0.6054299782878412,catem_user_benchmark
clinician_30,assistant,nasa_tlx_assistant,2026-01-01 00:00:00,catem_score,0.5419617057920858,catem_user_benchmark
clinician_31,assistant,nasa_tlx_assistant,2026-01-01 00:00:00,catem_score,0.5634422546362805,catem_user_benchmark
clinician_32,assistant,nasa_tlx_assistant,2026-01-01 00:00:00,catem_score,0.4178845745722868,catem_user_benchmark
clinician_33,assistant,nasa_tlx_assistant,2026-01-01 00:00:00,catem_score,0.625,catem_user_benchmark
clinician_34,assistant,nasa_tlx_assistant,2026-01-01 00:00:00,catem_score,0.5151480059096252,catem_user_benchmark
clinician_35,assistant,nasa_tlx_assistant,2026-01-01 00:00:00,catem_score,0.4910248587893431,catem_user_benchmark
clinician_36,assistant,nasa_tlx_assistant,2026-01-01 00:00:00,catem_score,0.6118421052631579,catem_user_benchmark
clinician_37,assistant,nasa_tlx_assistant,2026-01-01 00:00:00,catem_score,0.5145312295938358,catem_user_benchmark
clinician_38,assistant,nasa_tlx_assistant,2026-01-01 00:00:00,catem_score,0.5274238441948544,catem_user_benchmark
clinician_39,assistant,nasa_tlx_assistant,2026-01-01 00:00:00,catem_score,0.41721984377040616,catem_user_benchmark
clinician_40,assistant,nasa_tlx_assistant,2026-01-01 00:00:00,catem_score,0.4654544044665012,catem_user_benchmark
clinician_41,assistant,nasa_tlx_assistant,2026-01-01 00:00:00,catem_score,0.42491551847982234,catem_user_benchmark
clinician_42,assistant,nasa_tlx_assistant,2026-01-01 00:00:00,catem_score,0.6140372983870968,catem_user_benchmark
clinician_43,assistant,nasa_tlx_assistant,2026-01-01 00:00:00,catem_score,0.547699409037482,catem_user_benchmark
clinician_44,assistant,nasa_tlx_assistant,2026-01-01 00:00:00,catem_score,0.47523252824213136,catem_user_benchmark
clinician_45,assistant,nasa_tlx_assistant,2026-01-01 00:00:00,catem_score,0.48594219341778766,catem_user_benchmark
clinician_01,current,nasa_tlx_current,2026-01-01 00:00:00,catem_score,0.5823174464542249,catem_user_benchmark
clinician_02,current,nasa_tlx_current,2026-01-01 00:00:00,catem_score,0.5810236956379784,catem_user_benchmark
clinician_03,current,nasa_tlx_current,2026-01-01 00:00:00,catem_score,0.15733560794044665,catem_user_benchmark
clinician_04,current,nasa_tlx_current,2026-01-01 00:00:00,catem_score,0.5947983666906098,catem_user_benchmark
clinician_05,current,nasa_tlx_current,2026-01-01 00:00:00,catem_score,0.5421667877432415,catem_user_benchmark
clinician_06,current,nasa_tlx_current,2026-01-01 00:00:00,catem_score,0.5662613662335119,catem_user_benchmark
clinician_07,current,nasa_tlx_current,2026-01-01 00:00:00,catem_score,0.5100173860519785,catem_user_benchmark
clinician_08,current,nasa_tlx_current,2026-01-01 00:00:00,catem_score,0.566134337860781,catem_user_benchmark
clinician_09,current,nasa_tlx_current,2026-01-01 00:00:00,catem_score,0.4106449776348439,catem_user_benchmark
clinician_10,current,nasa_tlx_current,2026-01-01 00:00:00,catem_score,0.48120694299333944,catem_user_benchmark
clinician_11,current,nasa_tlx_current,2026-01-01 00:00:00,catem_score,0.3056226124787776,catem_user_benchmark
clinician_12,current,nasa_tlx_current,2026-01-01 00:00:00,catem_score,0.5816404719537678,catem_user_benchmark
clinician_13,current,nasa_tlx_current,2026-01-01 00:00:00,catem_score,0.5800635856079405,catem_user_benchmark
clinician_14,current,nasa_tlx_current,2026-01-01 00:00:00,catem_score,0.41885284706804227,catem_user_benchmark
clinician_15,current,nasa_tlx_current,2026-01-01 00:00:00,catem_score,0.6160534274193549,catem_user_benchmark
clinician_16,current,nasa_tlx_current,2026-01-01 00:00:00,catem_score,0.3461650695442079,catem_user_benchmark
clinician_17,current,nasa_tlx_current,2026-01-01 00:00:00,catem_score,0.5519418505942275,catem_user_benchmark
clinician_18,current,nasa_tlx_current,2026-01-01 00:00:00,catem_score,0.5777342219537678,catem_user_benchmark
clinician_19,current,nasa_tlx_current,2026-01-01 00:00:00,catem_score,0.35037996277915634,catem_user_benchmark
clinician_20,current,nasa_tlx_current,2026-01-01 00:00:00,catem_score,0.3642571748073658,catem_user_benchmark
clinician_21,current,nasa_tlx_current,2026-01-01 00:00:00,catem_score,0.5627066124134779,catem_user_benchmark
clinician_22,current,nasa_tlx_current,2026-01-01 00:00:00,catem_score,0.48074831445082933,catem_user_benchmark
clinician_23,current,nasa_tlx_current,2026-01-01 00:00:00,catem_score,0.503873089983022,catem_user_benchmark
clinician_24,current,nasa_tlx_current,2026-01-01 00:00:00,catem_score,0.48026315789473684,catem_user_benchmark
clinician_25,current,nasa_tlx_current,2026-01-01 00:00:00,catem_score,0.40975169779286924,catem_user_benchmark
clinician_26,current,nasa_tlx_current,2026-01-01 00:00:00,catem_score,0.38050915420530235,catem_user_benchmark
clinician_27,current,nasa_tlx_current,2026-01-01 00:00:00,catem_score,0.48777058573853993,catem_user_benchmark
clinician_28,current,nasa_tlx_current,2026-01-01 00:00:00,catem_score,0.4817181174089069,catem_user_benchmark
clinician_29,current,nasa_tlx_current,2026-01-01 00:00:00,catem_score,0.31952737282878413,catem_user_benchmark
clinician_30,current,nasa_tlx_current,2026-01-01 00:00:00,catem_score,0.625,catem_user_benchmark
clinician_31,current,nasa_tlx_current,2026-01-01 00:00:00,catem_score,0.4842500122436986,catem_user_benchmark
clinician_32,current,nasa_tlx_current,2026-01-01 00:00:00,catem_score,0.49037900368943454,catem_user_benchmark
clinician_33,current,nasa_tlx_current,2026-01-01 00:00:00,catem_score,0.47288530919420135,catem_user_benchmark
clinician_34,current,nasa_tlx_current,2026-01-01 00:00:00,catem_score,0.46062732630272957,catem_user_benchmark
clinician_35,current,nasa_tlx_current,2026-01-01 00:00:00,catem_score,0.44027625865221376,catem_user_benchmark
clinician_36,current,nasa_tlx_current,2026-01-01 00:00:00,catem_score,0.40849620853467417,catem_user_benchmark
clinician_37,current,nasa_tlx_current,2026-01-01 00:00:00,catem_score,0.5170575127334465,catem_user_benchmark
clinician_38,current,nasa_tlx_current,2026-01-01 00:00:00,catem_score,0.4910932194397284,catem_user_benchmark
clinician_39,current,nasa_tlx_current,2026-01-01 00:00:00,catem_score,0.4625970313112185,catem_user_benchmark
clinician_40,current,nasa_tlx_current,2026-01-01 00:00:00,catem_score,0.4644667461146664,catem_user_benchmark
clinician_41,current,nasa_tlx_current,2026-01-01 00:00:00,catem_score,0.48151048468721436,catem_user_benchmark
clinician_42,current,nasa_tlx_current,2026-01-01 00:00:00,catem_score,0.4597396581559358,catem_user_benchmark
clinician_43,current,nasa_tlx_current,2026-01-01 00:00:00,catem_score,0.47869953555570066,catem_user_benchmark
clinician_44,current,nasa_tlx_current,2026-01-01 00:00:00,catem_score,0.44082620477993995,catem_user_benchmark
clinician_45,current,nasa_tlx_current,2026-01-01 00:00:00,catem_score,0.4572914285947499,catem_user_benchmark
roboturk_operator_pool,bair_action,bair_action,2026-01-01 00:00:00,catem_score,0.5790453310217677,catem_user_benchmark
roboturk_operator_pool,bair_action,bair_action,2026-01-01 00:00:01,catem_score,0.5711316033501238,catem_user_benchmark
roboturk_operator_pool,bair_action,bair_action,2026-01-01 00:00:02,catem_score,0.5502805119190987,catem_user_benchmark
roboturk_operator_pool,bair_action,bair_action,2026-01-01 00:00:03,catem_score,0.5479751817623749,catem_user_benchmark
roboturk_operator_pool,bair_action,bair_action,2026-01-01 00:00:04,catem_score,0.5315907257297232,catem_user_benchmark
roboturk_operator_pool,bair_action,bair_action,2026-01-01 00:00:05,catem_score,0.5316172176218845,catem_user_benchmark
roboturk_operator_pool,bair_action,bair_action,2026-01-01 00:00:06,catem_score,0.5181298864331222,catem_user_benchmark
roboturk_operator_pool,bair_action,bair_action,2026-01-01 00:00:07,catem_score,0.5188404049315539,catem_user_benchmark
roboturk_operator_pool,bair_action,bair_action,2026-01-01 00:00:08,catem_score,0.5061454260415038,catem_user_benchmark
roboturk_operator_pool,bair_action,bair_action,2026-01-01 00:00:09,catem_score,0.5052645644713141,catem_user_benchmark
roboturk_operator_pool,bair_action,bair_action,2026-01-01 00:00:10,catem_score,0.49400910128996267,catem_user_benchmark
roboturk_operator_pool,bair_action,bair_action,2026-01-01 00:00:11,catem_score,0.4949761691907242,catem_user_benchmark
roboturk_operator_pool,bair_action,bair_action,2026-01-01 00:00:12,catem_score,0.4860399973334585,catem_user_benchmark
roboturk_operator_pool,bair_action,bair_action,2026-01-01 00:00:13,catem_score,0.48378027169854154,catem_user_benchmark
roboturk_operator_pool,bair_action,bair_action,2026-01-01 00:00:14,catem_score,0.4727868508957531,catem_user_benchmark
roboturk_operator_pool,bair_action,bair_action,2026-01-01 00:00:15,catem_score,0.4736408049470926,catem_user_benchmark
roboturk_operator_pool,bair_action,bair_action,2026-01-01 00:00:16,catem_score,0.4636576895607547,catem_user_benchmark
roboturk_operator_pool,bair_action,bair_action,2026-01-01 00:00:17,catem_score,0.46318437606176854,catem_user_benchmark
roboturk_operator_pool,bair_action,bair_action,2026-01-01 00:00:18,catem_score,0.45095230947165965,catem_user_benchmark
roboturk_operator_pool,bair_action,bair_action,2026-01-01 00:00:19,catem_score,0.45070847813908654,catem_user_benchmark
roboturk_operator_pool,bair_action,bair_action,2026-01-01 00:00:20,catem_score,0.44210052147510626,catem_user_benchmark
roboturk_operator_pool,bair_action,bair_action,2026-01-01 00:00:21,catem_score,0.4414648827115024,catem_user_benchmark
roboturk_operator_pool,bair_action,bair_action,2026-01-01 00:00:22,catem_score,0.43373731145385186,catem_user_benchmark
roboturk_operator_pool,bair_action,bair_action,2026-01-01 00:00:23,catem_score,0.43154747443649777,catem_user_benchmark
roboturk_operator_pool,bair_action,bair_action,2026-01-01 00:00:24,catem_score,0.42512008629798925,catem_user_benchmark
roboturk_operator_pool,bair_action,bair_action,2026-01-01 00:00:25,catem_score,0.42424777049506623,catem_user_benchmark
roboturk_operator_pool,bair_action,bair_action,2026-01-01 00:00:26,catem_score,0.4161259663047773,catem_user_benchmark
roboturk_operator_pool,bair_action,bair_action,2026-01-01 00:00:27,catem_score,0.41532994503746656,catem_user_benchmark
roboturk_operator_pool,sawyer_laundry_layout,sawyer_laundry_layout,2026-01-01 00:00:00,catem_score,0.5634824020846485,catem_user_benchmark
roboturk_operator_pool,sawyer_laundry_layout,sawyer_laundry_layout,2026-01-01 00:00:01,catem_score,0.5066113666560842,catem_user_benchmark
roboturk_operator_pool,sawyer_laundry_layout,sawyer_laundry_layout,2026-01-01 00:00:02,catem_score,0.4630622991233554,catem_user_benchmark
roboturk_operator_pool,sawyer_laundry_layout,sawyer_laundry_layout,2026-01-01 00:00:03,catem_score,0.42812769207818624,catem_user_benchmark
roboturk_operator_pool,sawyer_laundry_layout,sawyer_laundry_layout,2026-01-01 00:00:04,catem_score,0.39822148536312274,catem_user_benchmark
roboturk_operator_pool,sawyer_laundry_layout,sawyer_laundry_layout,2026-01-01 00:00:05,catem_score,0.3722113286508664,catem_user_benchmark
roboturk_operator_pool,sawyer_laundry_layout,sawyer_laundry_layout,2026-01-01 00:00:06,catem_score,0.3496214845320671,catem_user_benchmark
roboturk_operator_pool,sawyer_laundry_layout,sawyer_laundry_layout,2026-01-01 00:00:07,catem_score,0.3295691317816537,catem_user_benchmark
roboturk_operator_pool,sawyer_laundry_layout,sawyer_laundry_layout,2026-01-01 00:00:08,catem_score,0.31162863071245694,catem_user_benchmark
roboturk_operator_pool,sawyer_laundry_layout,sawyer_laundry_layout,2026-01-01 00:00:09,catem_score,0.2952837016645278,catem_user_benchmark
roboturk_operator_pool,sawyer_laundry_layout,sawyer_laundry_layout,2026-01-01 00:00:10,catem_score,0.2800787658822127,catem_user_benchmark
roboturk_operator_pool,sawyer_laundry_layout,sawyer_laundry_layout,2026-01-01 00:00:11,catem_score,0.26621200463102257,catem_user_benchmark
roboturk_operator_pool,sawyer_laundry_layout,sawyer_laundry_layout,2026-01-01 00:00:12,catem_score,0.25363120326194055,catem_user_benchmark
roboturk_operator_pool,sawyer_laundry_layout,sawyer_laundry_layout,2026-01-01 00:00:13,catem_score,0.24219884852350093,catem_user_benchmark
roboturk_operator_pool,sawyer_laundry_layout,sawyer_laundry_layout,2026-01-01 00:00:14,catem_score,0.23151148311389141,catem_user_benchmark
roboturk_operator_pool,sawyer_laundry_layout,sawyer_laundry_layout,2026-01-01 00:00:15,catem_score,0.22154098953321782,catem_user_benchmark
roboturk_operator_pool,sawyer_laundry_layout,sawyer_laundry_layout,2026-01-01 00:00:16,catem_score,0.21228072470723447,catem_user_benchmark
roboturk_operator_pool,sawyer_laundry_layout,sawyer_laundry_layout,2026-01-01 00:00:17,catem_score,0.2036204534579371,catem_user_benchmark
roboturk_operator_pool,sawyer_laundry_layout,sawyer_laundry_layout,2026-01-01 00:00:18,catem_score,0.19531327985822655,catem_user_benchmark
roboturk_operator_pool,sawyer_laundry_layout,sawyer_laundry_layout,2026-01-01 00:00:19,catem_score,0.18750738667061057,catem_user_benchmark
roboturk_operator_pool,sawyer_laundry_layout,sawyer_laundry_layout,2026-01-01 00:00:20,catem_score,0.18012880037059908,catem_user_benchmark
roboturk_operator_pool,sawyer_laundry_layout,sawyer_laundry_layout,2026-01-01 00:00:21,catem_score,0.17303278690026724,catem_user_benchmark
roboturk_operator_pool,sawyer_laundry_layout,sawyer_laundry_layout,2026-01-01 00:00:22,catem_score,0.16653295714495941,catem_user_benchmark
roboturk_operator_pool,sawyer_laundry_layout,sawyer_laundry_layout,2026-01-01 00:00:23,catem_score,0.1605973993891745,catem_user_benchmark
roboturk_operator_pool,sawyer_laundry_layout,sawyer_laundry_layout,2026-01-01 00:00:24,catem_score,0.1549915276261591,catem_user_benchmark
roboturk_operator_pool,sawyer_laundry_layout,sawyer_laundry_layout,2026-01-01 00:00:25,catem_score,0.14974457885595982,catem_user_benchmark
roboturk_operator_pool,sawyer_laundry_layout,sawyer_laundry_layout,2026-01-01 00:00:26,catem_score,0.1448109218355177,catem_user_benchmark
roboturk_operator_pool,sawyer_laundry_layout,sawyer_laundry_layout,2026-01-01 00:00:27,catem_score,0.14018669724464417,catem_user_benchmark
roboturk_operator_pool,sawyer_tower_creation,sawyer_tower_creation,2026-01-01 00:00:00,catem_score,0.618664542833964,catem_user_benchmark
roboturk_operator_pool,sawyer_tower_creation,sawyer_tower_creation,2026-01-01 00:00:01,catem_score,0.5864623893966805,catem_user_benchmark
roboturk_operator_pool,sawyer_tower_creation,sawyer_tower_creation,2026-01-01 00:00:02,catem_score,0.5638372370688868,catem_user_benchmark
roboturk_operator_pool,sawyer_tower_creation,sawyer_tower_creation,2026-01-01 00:00:03,catem_score,0.5460636804730279,catem_user_benchmark
roboturk_operator_pool,sawyer_tower_creation,sawyer_tower_creation,2026-01-01 00:00:04,catem_score,0.5312405364934507,catem_user_benchmark
roboturk_operator_pool,sawyer_tower_creation,sawyer_tower_creation,2026-01-01 00:00:05,catem_score,0.5185448066398785,catem_user_benchmark
roboturk_operator_pool,sawyer_tower_creation,sawyer_tower_creation,2026-01-01 00:00:06,catem_score,0.5074467035159943,catem_user_benchmark
roboturk_operator_pool,sawyer_tower_creation,sawyer_tower_creation,2026-01-01 00:00:07,catem_score,0.4974820213068425,catem_user_benchmark
roboturk_operator_pool,sawyer_tower_creation,sawyer_tower_creation,2026-01-01 00:00:08,catem_score,0.48855991291799683,catem_user_benchmark
roboturk_operator_pool,sawyer_tower_creation,sawyer_tower_creation,2026-01-01 00:00:09,catem_score,0.48037310837102953,catem_user_benchmark
roboturk_operator_pool,sawyer_tower_creation,sawyer_tower_creation,2026-01-01 00:00:10,catem_score,0.4729145950544109,catem_user_benchmark
roboturk_operator_pool,sawyer_tower_creation,sawyer_tower_creation,2026-01-01 00:00:11,catem_score,0.4659726786234175,catem_user_benchmark
roboturk_operator_pool,sawyer_tower_creation,sawyer_tower_creation,2026-01-01 00:00:12,catem_score,0.4593859091831878,catem_user_benchmark
roboturk_operator_pool,sawyer_tower_creation,sawyer_tower_creation,2026-01-01 00:00:13,catem_score,0.4532484125420899,catem_user_benchmark
roboturk_operator_pool,sawyer_tower_creation,sawyer_tower_creation,2026-01-01 00:00:14,catem_score,0.4474780206255551,catem_user_benchmark
roboturk_operator_pool,sawyer_tower_creation,sawyer_tower_creation,2026-01-01 00:00:15,catem_score,0.442038534855103,catem_user_benchmark
roboturk_operator_pool,sawyer_tower_creation,sawyer_tower_creation,2026-01-01 00:00:16,catem_score,0.43697831511994467,catem_user_benchmark
roboturk_operator_pool,sawyer_tower_creation,sawyer_tower_creation,2026-01-01 00:00:17,catem_score,0.43204753184817857,catem_user_benchmark
roboturk_operator_pool,sawyer_tower_creation,sawyer_tower_creation,2026-01-01 00:00:18,catem_score,0.42720969947542753,catem_user_benchmark
roboturk_operator_pool,sawyer_tower_creation,sawyer_tower_creation,2026-01-01 00:00:19,catem_score,0.42259750146860053,catem_user_benchmark
roboturk_operator_pool,sawyer_tower_creation,sawyer_tower_creation,2026-01-01 00:00:20,catem_score,0.41805605975183424,catem_user_benchmark
roboturk_operator_pool,sawyer_tower_creation,sawyer_tower_creation,2026-01-01 00:00:21,catem_score,0.41367913878428375,catem_user_benchmark
roboturk_operator_pool,sawyer_tower_creation,sawyer_tower_creation,2026-01-01 00:00:22,catem_score,0.409431080687362,catem_user_benchmark
roboturk_operator_pool,sawyer_tower_creation,sawyer_tower_creation,2026-01-01 00:00:23,catem_score,0.4051848563022724,catem_user_benchmark
roboturk_operator_pool,sawyer_tower_creation,sawyer_tower_creation,2026-01-01 00:00:24,catem_score,0.4010800620524604,catem_user_benchmark
roboturk_operator_pool,sawyer_tower_creation,sawyer_tower_creation,2026-01-01 00:00:25,catem_score,0.39699332810817145,catem_user_benchmark
roboturk_operator_pool,sawyer_tower_creation,sawyer_tower_creation,2026-01-01 00:00:26,catem_score,0.39306746195042574,catem_user_benchmark
roboturk_operator_pool,sawyer_tower_creation,sawyer_tower_creation,2026-01-01 00:00:27,catem_score,0.38927936382880646,catem_user_benchmark
