participant_id,session_id,task_id,timestamp,heart_rate,hrv,ecg_signal,gsr,eda,skin_temp,mental_demand,physical_demand,temporal_demand,effort,frustration,nasa_tlx_total,latency_ms,tracking_error,packet_loss,jitter,fps,task_completion_time,error_rate,success_rate,path_efficiency,ownership_score,agency_score,presence_score,overall_telepresence_quality,physiology_score,workload_score,system_score,performance_score,catem_score
clinician_01,assistant,nasa_tlx_assistant,2026-01-01 00:00:00,,,,,,,5.0,3.0,5.0,3.0,3.0,3.8,,,,,,,,0.8947368421052632,,,,,0.8947368421052632,0.5,0.8162710591615515,0.5,0.8947368421052632,0.5527519753167037
clinician_02,assistant,nasa_tlx_assistant,2026-01-01 00:00:00,,,,,,,2.0,1.0,3.0,2.0,1.0,1.8,,,,,,,,0.8947368421052632,,,,,0.8947368421052632,0.5,0.9490151985111662,0.5,0.8947368421052632,0.5859380101541074
clinician_03,assistant,nasa_tlx_assistant,2026-01-01 00:00:00,,,,,,,1.0,1.0,1.0,4.0,10.0,3.4,,,,,,,,0.7368421052631579,,,,,0.7368421052631579,0.5,0.7754995429019198,0.5,0.7368421052631579,0.5030854120412694
clinician_04,assistant,nasa_tlx_assistant,2026-01-01 00:00:00,,,,,,,1.0,1.0,1.0,1.0,1.0,1.0,,,,,,,,1.0,,,,,1.0,0.5,1.0,0.5,1.0,0.625
clinician_05,assistant,nasa_tlx_assistant,2026-01-01 00:00:00,,,,,,,5.0,1.0,4.0,3.0,3.0,3.2,,,,,,,,1.0,,,,,1.0,0.5,0.8283678333550999,0.5,1.0,0.5820919583387749
clinician_06,assistant,nasa_tlx_assistant,2026-01-01 00:00:00,,,,,,,17.0,11.0,18.0,14.0,7.0,13.4,,,,,,,,0.21052631578947367,,,,,0.21052631578947367,0.5,0.17105263157894735,0.5,0.21052631578947367,0.22039473684210525
clinician_07,assistant,nasa_tlx_assistant,2026-01-01 00:00:00,,,,,,,2.0,1.0,2.0,2.0,1.0,1.6,,,,,,,,0.5263157894736842,,,,,0.5263157894736842,0.5,0.9530474565756824,0.5,0.5263157894736842,0.4948408115123416
clinician_08,assistant,nasa_tlx_assistant,2026-01-01 00:00:00,,,,,,,10.0,10.0,10.0,10.0,5.0,9.0,,,,,,,,0.7368421052631579,,,,,0.7368421052631579,0.5,0.4723761753950634,0.5,0.7368421052631579,0.42730457016455536
clinician_09,assistant,nasa_tlx_assistant,2026-01-01 00:00:00,,,,,,,10.0,1.0,1.0,1.0,3.0,3.2,,,,,,,,1.0,,,,,1.0,0.5,0.7887043718166383,0.5,1.0,0.5721760929541596
clinician_10,assistant,nasa_tlx_assistant,2026-01-01 00:00:00,,,,,,,1.0,1.0,1.0,1.0,1.0,1.0,,,,,,,,1.0,,,,,1.0,0.5,1.0,0.5,1.0,0.625
clinician_11,assistant,nasa_tlx_assistant,2026-01-01 00:00:00,,,,,,,4.0,2.0,12.0,2.0,1.0,4.2,,,,,,,,0.8947368421052632,,,,,0.8947368421052632,0.5,0.8693781017369727,0.5,0.8947368421052632,0.566028735960559
clinician_12,assistant,nasa_tlx_assistant,2026-01-01 00:00:00,,,,,,,1.0,1.0,5.0,2.0,2.0,2.2,,,,,,,,0.47368421052631576,,,,,0.47368421052631576,0.5,0.9434177876452918,0.5,0.47368421052631576,0.4792754995429019
clinician_13,assistant,nasa_tlx_assistant,2026-01-01 00:00:00,,,,,,,10.0,1.0,2.0,5.0,1.0,3.8,,,,,,,,0.8947368421052632,,,,,0.8947368421052632,0.5,0.7260003101736973,0.5,0.8947368421052632,0.5301842880697402
clinician_14,assistant,nasa_tlx_assistant,2026-01-01 00:00:00,,,,,,,1.0,1.0,1.0,1.0,1.0,1.0,,,,,,,,0.9473684210526315,,,,,0.9473684210526315,0.5,1.0,0.5,0.9473684210526315,0.6118421052631579
clinician_15,assistant,nasa_tlx_assistant,2026-01-01 00:00:00,,,,,,,4.0,2.0,12.0,2.0,1.0,4.2,,,,,,,,0.8947368421052632,,,,,0.8947368421052632,0.5,0.8693781017369727,0.5,0.8947368421052632,0.566028735960559
clinician_16,assistant,nasa_tlx_assistant,2026-01-01 00:00:00,,,,,,,3.0,1.0,1.0,1.0,2.0,1.6,,,,,,,,0.8421052631578947,,,,,0.8421052631578947,0.5,0.9434953310696095,0.5,0.8421052631578947,0.571400148556876
clinician_17,assistant,nasa_tlx_assistant,2026-01-01 00:00:00,,,,,,,3.0,4.0,3.0,2.0,2.0,2.8,,,,,,,,0.8421052631578947,,,,,0.8421052631578947,0.5,0.9000710134517436,0.5,0.8421052631578947,0.5605440691524095
clinician_18,assistant,nasa_tlx_assistant,2026-01-01 00:00:00,,,,,,,1.0,1.0,5.0,2.0,2.0,2.2,,,,,,,,0.47368421052631576,,,,,0.47368421052631576,0.5,0.9434177876452918,0.5,0.47368421052631576,0.4792754995429019
clinician_19,assistant,nasa_tlx_assistant,2026-01-01 00:00:00,,,,,,,8.0,5.0,8.0,8.0,10.0,7.8,,,,,,,,0.631578947368421,,,,,0.631578947368421,0.5,0.5004917885594882,0.5,0.631578947368421,0.40801768398197735
clinician_20,assistant,nasa_tlx_assistant,2026-01-01 00:00:00,,,,,,,7.0,5.0,5.0,4.0,6.0,5.4,,,,,,,,0.42105263157894735,,,,,0.42105263157894735,0.5,0.6940585412041269,0.5,0.42105263157894735,0.40377779319576856
clinician_21,assistant,nasa_tlx_assistant,2026-01-01 00:00:00,,,,,,,8.0,2.0,10.0,5.0,2.0,5.4,,,,,,,,0.47368421052631576,,,,,0.47368421052631576,0.5,0.7118343509207261,0.5,0.47368421052631576,0.42137964036176045
clinician_22,assistant,nasa_tlx_assistant,2026-01-01 00:00:00,,,,,,,6.0,5.0,5.0,6.0,1.0,4.6,,,,,,,,0.6842105263157895,,,,,0.6842105263157895,0.5,0.7531405086848635,0.5,0.6842105263157895,0.4843377587501632
clinician_23,assistant,nasa_tlx_assistant,2026-01-01 00:00:00,,,,,,,3.0,3.0,5.0,3.0,2.0,3.2,,,,,,,,0.3684210526315789,,,,,0.3684210526315789,0.5,0.872775728091942,0.5,0.3684210526315789,0.4352991951808802
clinician_24,assistant,nasa_tlx_assistant,2026-01-01 00:00:00,,,,,,,1.0,2.0,1.0,1.0,1.0,1.2,,,,,,,,0.5789473684210527,,,,,0.5789473684210527,0.5,0.9959677419354839,0.5,0.5789473684210527,0.5187287775891342
clinician_25,assistant,nasa_tlx_assistant,2026-01-01 00:00:00,,,,,,,5.0,4.0,4.0,4.0,15.0,6.4,,,,,,,,0.7894736842105263,,,,,0.7894736842105263,0.5,0.5867261982499673,0.5,0.7894736842105263,0.46904997061512343
clinician_26,assistant,nasa_tlx_assistant,2026-01-01 00:00:00,,,,,,,3.0,3.0,3.0,5.0,1.0,3.0,,,,,,,,0.47368421052631576,,,,,0.47368421052631576,0.5,0.8515043424317618,0.5,0.47368421052631576,0.45629713823951934
clinician_27,assistant,nasa_tlx_assistant,2026-01-01 00:00:00,,,,,,,6.0,6.0,2.0,4.0,5.0,4.6,,,,,,,,0.5789473684210527,,,,,0.5789473684210527,0.5,0.7389704681990336,0.5,0.5789473684210527,0.4544794591550215
clinician_28,assistant,nasa_tlx_assistant,2026-01-01 00:00:00,,,,,,,1.0,1.0,5.0,1.0,17.0,5.0,,,,,,,,0.5263157894736842,,,,,0.5263157894736842,0.5,0.7088285229202038,0.5,0.5263157894736842,0.43378607809847197
clinician_29,assistant,nasa_tlx_assistant,2026-01-01 00:00:00,,,,,,,2.0,2.0,3.0,3.0,1.0,2.2,,,,,,,,1.0,,,,,1.0,0.5,0.9217199131513647,0.5,1.0,0.6054299782878412
clinician_30,assistant,nasa_tlx_assistant,2026-01-01 00:00:00,,,,,,,4.0,2.0,4.0,3.0,1.0,2.8,,,,,,,,0.7894736842105263,,,,,0.7894736842105263,0.5,0.8783731389578164,0.5,0.7894736842105263,0.5419617057920858
clinician_31,assistant,nasa_tlx_assistant,2026-01-01 00:00:00,,,,,,,2.0,1.0,4.0,2.0,6.0,3.0,,,,,,,,0.8947368421052632,,,,,0.8947368421052632,0.5,0.859032176439859,0.5,0.8947368421052632,0.5634422546362805
clinician_32,assistant,nasa_tlx_assistant,2026-01-01 00:00:00,,,,,,,3.0,3.0,3.0,5.0,13.0,5.4,,,,,,,,0.5263157894736842,,,,,0.5263157894736842,0.5,0.645222508815463,0.5,0.5263157894736842,0.4178845745722868
clinician_33,assistant,nasa_tlx_assistant,2026-01-01 00:00:00,,,,,,,1.0,1.0,1.0,1.0,1.0,1.0,,,,,,,,1.0,,,,,1.0,0.5,1.0,0.5,1.0,0.625
clinician_34,assistant,nasa_tlx_assistant,2026-01-01 00:00:00,,,,,,,4.0,4.0,4.0,2.0,2.0,3.2,,,,,,,,0.6842105263157895,,,,,0.6842105263157895,0.5,0.8763814973227112,0.5,0.6842105263157895,0.5151480059096252
clinician_35,assistant,nasa_tlx_assistant,2026-01-01 00:00:00,,,,,,,10.0,1.0,12.0,10.0,1.0,6.8,,,,,,,,0.8947368421052632,,,,,0.8947368421052632,0.5,0.5693625930521091,0.5,0.8947368421052632,0.4910248587893431
clinician_36,assistant,nasa_tlx_assistant,2026-01-01 00:00:00,,,,,,,1.0,1.0,1.0,1.0,1.0,1.0,,,,,,,,0.9473684210526315,,,,,0.9473684210526315,0.5,1.0,0.5,0.9473684210526315,0.6118421052631579
clinician_37,assistant,nasa_tlx_assistant,2026-01-01 00:00:00,,,,,,,5.0,2.0,2.0,2.0,5.0,3.2,,,,,,,,0.7368421052631579,,,,,0.7368421052631579,0.5,0.821282813112185,0.5,0.7368421052631579,0.5145312295938358
clinician_38,assistant,nasa_tlx_assistant,2026-01-01 00:00:00,,,,,,,5.0,2.0,2.0,2.0,2.0,2.6,,,,,,,,0.7368421052631579,,,,,0.7368421052631579,0.5,0.8728532715162596,0.5,0.7368421052631579,0.5274238441948544
clinician_39,assistant,nasa_tlx_assistant,2026-01-01 00:00:00,,,,,,,2.0,5.0,2.0,2.0,12.0,4.6,,,,,,,,0.42105263157894735,,,,,0.42105263157894735,0.5,0.7478267435026773,0.5,0.42105263157894735,0.41721984377040616
clinician_40,assistant,nasa_tlx_assistant,2026-01-01 00:00:00,,,,,,,5.0,8.0,1.0,2.0,3.0,3.8,,,,,,,,0.5263157894736842,,,,,0.5263157894736842,0.5,0.8355018283923208,0.5,0.5263157894736842,0.4654544044665012
clinician_41,assistant,nasa_tlx_assistant,2026-01-01 00:00:00,,,,,,,13.0,10.0,2.0,7.0,5.0,7.4,,,,,,,,0.6842105263157895,,,,,0.6842105263157895,0.5,0.5154515476035,0.5,0.6842105263157895,0.42491551847982234
clinician_42,assistant,nasa_tlx_assistant,2026-01-01 00:00:00,,,,,,,2.0,5.0,3.0,1.0,1.0,2.4,,,,,,,,1.0,,,,,1.0,0.5,0.9561491935483871,0.5,1.0,0.6140372983870968
clinician_43,assistant,nasa_tlx_assistant,2026-01-01 00:00:00,,,,,,,5.0,5.0,5.0,5.0,1.0,4.2,,,,,,,,0.8947368421052632,,,,,0.8947368421052632,0.5,0.796060794044665,0.5,0.8947368421052632,0.547699409037482
clinician_44,assistant,nasa_tlx_assistant,2026-01-01 00:00:00,,,,,,,6.0,4.0,5.0,7.0,2.0,4.8,,,,,,,,0.6842105263157895,,,,,0.6842105263157895,0.5,0.716719586652736,0.5,0.6842105263157895,0.47523252824213136
clinician_45,assistant,nasa_tlx_assistant,2026-01-01 00:00:00,,,,,,,5.0,1.0,5.0,5.0,1.0,3.4,,,,,,,,0.631578947368421,,,,,0.631578947368421,0.5,0.8121898263027295,0.5,0.631578947368421,0.48594219341778766
clinician_01,current,nasa_tlx_current,2026-01-01 00:00:00,,,,,,,3.0,3.0,3.0,3.0,5.0,3.4,,,,,,,,1.0,,,,,1.0,0.5,0.8292697858168996,0.5,1.0,0.5823174464542249
clinician_02,current,nasa_tlx_current,2026-01-01 00:00:00,,,,,,,3.0,2.0,2.0,2.0,1.0,2.0,,,,,,,,0.8947368421052632,,,,,0.8947368421052632,0.5,0.9293579404466501,0.5,0.8947368421052632,0.5810236956379784
clinician_03,current,nasa_tlx_current,2026-01-01 00:00:00,,,,,,,17.0,1.0,6.0,10.0,20.0,10.8,,,,,,,,0.0,,,,,0.0,0.5,0.1293424317617866,0.5,0.0,0.15733560794044665
clinician_04,current,nasa_tlx_current,2026-01-01 00:00:00,,,,,,,2.0,2.0,2.0,2.0,2.0,2.0,,,,,,,,0.9473684210526315,,,,,0.9473684210526315,0.5,0.9318250457098081,0.5,0.9473684210526315,0.5947983666906098
clinician_05,current,nasa_tlx_current,2026-01-01 00:00:00,,,,,,,2.0,2.0,2.0,2.0,2.0,2.0,,,,,,,,0.7368421052631579,,,,,0.7368421052631579,0.5,0.9318250457098081,0.5,0.7368421052631579,0.5421667877432415
clinician_06,current,nasa_tlx_current,2026-01-01 00:00:00,,,,,,,4.0,2.0,6.0,3.0,1.0,3.2,,,,,,,,0.8947368421052632,,,,,0.8947368421052632,0.5,0.8703086228287842,0.5,0.8947368421052632,0.5662613662335119
clinician_07,current,nasa_tlx_current,2026-01-01 00:00:00,,,,,,,5.0,4.0,6.0,7.0,4.0,5.2,,,,,,,,0.8421052631578947,,,,,0.8421052631578947,0.5,0.6979642810500195,0.5,0.8421052631578947,0.5100173860519785
clinician_08,current,nasa_tlx_current,2026-01-01 00:00:00,,,,,,,5.0,1.0,1.0,1.0,4.0,2.4,,,,,,,,0.8947368421052632,,,,,0.8947368421052632,0.5,0.8698005093378608,0.5,0.8947368421052632,0.566134337860781
clinician_09,current,nasa_tlx_current,2026-01-01 00:00:00,,,,,,,10.0,10.0,10.0,10.0,15.0,11.0,,,,,,,,0.8421052631578947,,,,,0.8421052631578947,0.5,0.300474647381481,0.5,0.8421052631578947,0.4106449776348439
clinician_10,current,nasa_tlx_current,2026-01-01 00:00:00,,,,,,,7.0,5.0,5.0,5.0,5.0,5.4,,,,,,,,0.7368421052631579,,,,,0.7368421052631579,0.5,0.6879856667101998,0.5,0.7368421052631579,0.48120694299333944
clinician_11,current,nasa_tlx_current,2026-01-01 00:00:00,,,,,,,2.0,1.0,1.0,1.0,16.0,4.2,,,,,,,,0.0,,,,,0.0,0.5,0.7224904499151104,0.5,0.0,0.3056226124787776
clinician_12,current,nasa_tlx_current,2026-01-01 00:00:00,,,,,,,2.0,2.0,2.0,2.0,2.0,2.0,,,,,,,,0.8947368421052632,,,,,0.8947368421052632,0.5,0.9318250457098081,0.5,0.8947368421052632,0.5816404719537678
clinician_13,current,nasa_tlx_current,2026-01-01 00:00:00,,,,,,,5.0,1.0,3.0,5.0,1.0,3.0,,,,,,,,1.0,,,,,1.0,0.5,0.8202543424317618,0.5,1.0,0.5800635856079405
clinician_14,current,nasa_tlx_current,2026-01-01 00:00:00,,,,,,,1.0,1.0,1.0,5.0,16.0,4.8,,,,,,,,0.5263157894736842,,,,,0.5263157894736842,0.5,0.649095598798485,0.5,0.5263157894736842,0.41885284706804227
clinician_15,current,nasa_tlx_current,2026-01-01 00:00:00,,,,,,,2.0,2.0,4.0,1.0,1.0,2.0,,,,,,,,1.0,,,,,1.0,0.5,0.9642137096774194,0.5,1.0,0.6160534274193549
clinician_16,current,nasa_tlx_current,2026-01-01 00:00:00,,,,,,,11.0,1.0,1.0,3.0,15.0,6.2,,,,,,,,0.3684210526315789,,,,,0.3684210526315789,0.5,0.5162392255452527,0.5,0.3684210526315789,0.3461650695442079
clinician_17,current,nasa_tlx_current,2026-01-01 00:00:00,,,,,,,1.0,1.0,1.0,1.0,18.0,4.4,,,,,,,,1.0,,,,,1.0,0.5,0.70776740237691,0.5,1.0,0.5519418505942275
clinician_18,current,nasa_tlx_current,2026-01-01 00:00:00,,,,,,,3.0,1.0,2.0,2.0,2.0,2.0,,,,,,,,0.8947368421052632,,,,,0.8947368421052632,0.5,0.9162000457098081,0.5,0.8947368421052632,0.5777342219537678
clinician_19,current,nasa_tlx_current,2026-01-01 00:00:00,,,,,,,5.0,4.0,4.0,10.0,10.0,6.6,,,,,,,,0.3684210526315789,,,,,0.3684210526315789,0.5,0.5330987984850464,0.5,0.3684210526315789,0.35037996277915634
clinician_20,current,nasa_tlx_current,2026-01-01 00:00:00,,,,,,,3.0,3.0,3.0,3.0,19.0,6.2,,,,,,,,0.3684210526315789,,,,,0.3684210526315789,0.5,0.5886076465978842,0.5,0.3684210526315789,0.3642571748073658
clinician_21,current,nasa_tlx_current,2026-01-01 00:00:00,,,,,,,4.0,1.0,2.0,3.0,3.0,2.6,,,,,,,,0.8947368421052632,,,,,0.8947368421052632,0.5,0.8560896075486483,0.5,0.8947368421052632,0.5627066124134779
clinician_22,current,nasa_tlx_current,2026-01-01 00:00:00,,,,,,,2.0,2.0,2.0,3.0,18.0,5.4,,,,,,,,0.7894736842105263,,,,,0.7894736842105263,0.5,0.6335195735927909,0.5,0.7894736842105263,0.48074831445082933
clinician_23,current,nasa_tlx_current,2026-01-01 00:00:00,,,,,,,1.0,1.0,1.0,1.0,20.0,4.8,,,,,,,,0.8421052631578947,,,,,0.8421052631578947,0.5,0.6733870967741935,0.5,0.8421052631578947,0.503873089983022
clinician_24,current,nasa_tlx_current,2026-01-01 00:00:00,,,,,,,1.0,1.0,1.0,1.0,1.0,1.0,,,,,,,,0.42105263157894735,,,,,0.42105263157894735,0.5,1.0,0.5,0.42105263157894735,0.48026315789473684
clinician_25,current,nasa_tlx_current,2026-01-01 00:00:00,,,,,,,1.0,1.0,3.0,1.0,20.0,5.2,,,,,,,,0.47368421052631576,,,,,0.47368421052631576,0.5,0.6653225806451613,0.5,0.47368421052631576,0.40975169779286924
clinician_26,current,nasa_tlx_current,2026-01-01 00:00:00,,,,,,,10.0,6.0,5.0,10.0,18.0,9.8,,,,,,,,0.7368421052631579,,,,,0.7368421052631579,0.5,0.2851945115580514,0.5,0.7368421052631579,0.38050915420530235
clinician_27,current,nasa_tlx_current,2026-01-01 00:00:00,,,,,,,5.0,5.0,10.0,1.0,10.0,6.2,,,,,,,,0.7368421052631579,,,,,0.7368421052631579,0.5,0.7142402376910018,0.5,0.7368421052631579,0.48777058573853993
clinician_28,current,nasa_tlx_current,2026-01-01 00:00:00,,,,,,,5.0,5.0,5.0,6.0,15.0,7.2,,,,,,,,0.8947368421052632,,,,,0.8947368421052632,0.5,0.5321356275303644,0.5,0.8947368421052632,0.4817181174089069
clinician_29,current,nasa_tlx_current,2026-01-01 00:00:00,,,,,,,10.0,10.0,10.0,9.0,10.0,9.8,,,,,,,,0.3684210526315789,,,,,0.3684210526315789,0.5,0.40968843868355753,0.5,0.3684210526315789,0.31952737282878413
clinician_30,current,nasa_tlx_current,2026-01-01 00:00:00,,,,,,,1.0,1.0,1.0,1.0,1.0,1.0,,,,,,,,1.0,,,,,1.0,0.5,1.0,0.5,1.0,0.625
clinician_31,current,nasa_tlx_current,2026-01-01 00:00:00,,,,,,,2.0,2.0,2.0,3.0,8.0,3.4,,,,,,,,0.631578947368421,,,,,0.631578947368421,0.5,0.8054211016063733,0.5,0.631578947368421,0.4842500122436986
clinician_32,current,nasa_tlx_current,2026-01-01 00:00:00,,,,,,,4.0,3.0,4.0,5.0,7.0,4.6,,,,,,,,0.7368421052631579,,,,,0.7368421052631579,0.5,0.7246739094945801,0.5,0.7368421052631579,0.49037900368943454
clinician_33,current,nasa_tlx_current,2026-01-01 00:00:00,,,,,,,7.0,4.0,6.0,8.0,9.0,6.8,,,,,,,,0.8421052631578947,,,,,0.8421052631578947,0.5,0.5494359736189108,0.5,0.8421052631578947,0.47288530919420135
clinician_34,current,nasa_tlx_current,2026-01-01 00:00:00,,,,,,,3.0,2.0,2.0,4.0,11.0,4.4,,,,,,,,0.631578947368421,,,,,0.631578947368421,0.5,0.710930357842497,0.5,0.631578947368421,0.46062732630272957
clinician_35,current,nasa_tlx_current,2026-01-01 00:00:00,,,,,,,7.0,7.0,8.0,9.0,11.0,8.4,,,,,,,,0.7894736842105263,,,,,0.7894736842105263,0.5,0.4716313503983284,0.5,0.7894736842105263,0.44027625865221376
clinician_36,current,nasa_tlx_current,2026-01-01 00:00:00,,,,,,,6.0,5.0,6.0,10.0,13.0,8.0,,,,,,,,0.6842105263157895,,,,,0.6842105263157895,0.5,0.44977430782290717,0.5,0.6842105263157895,0.40849620853467417
clinician_37,current,nasa_tlx_current,2026-01-01 00:00:00,,,,,,,5.0,1.0,2.0,1.0,6.0,3.0,,,,,,,,0.7368421052631579,,,,,0.7368421052631579,0.5,0.8313879456706281,0.5,0.7368421052631579,0.5170575127334465
clinician_38,current,nasa_tlx_current,2026-01-01 00:00:00,,,,,,,4.0,1.0,2.0,1.0,4.0,2.4,,,,,,,,0.5789473684210527,,,,,0.5789473684210527,0.5,0.8854255093378608,0.5,0.5789473684210527,0.4910932194397284
clinician_39,current,nasa_tlx_current,2026-01-01 00:00:00,,,,,,,6.0,4.0,5.0,4.0,9.0,5.6,,,,,,,,0.6842105263157895,,,,,0.6842105263157895,0.5,0.6661775989290846,0.5,0.6842105263157895,0.4625970313112185
clinician_40,current,nasa_tlx_current,2026-01-01 00:00:00,,,,,,,5.0,4.0,5.0,3.0,8.0,5.0,,,,,,,,0.631578947368421,,,,,0.631578947368421,0.5,0.7262880370902443,0.5,0.631578947368421,0.4644667461146664
clinician_41,current,nasa_tlx_current,2026-01-01 00:00:00,,,,,,,4.0,3.0,4.0,2.0,7.0,4.0,,,,,,,,0.631578947368421,,,,,0.631578947368421,0.5,0.7944629913804362,0.5,0.631578947368421,0.48151048468721436
clinician_42,current,nasa_tlx_current,2026-01-01 00:00:00,,,,,,,7.0,6.0,7.0,6.0,11.0,7.4,,,,,,,,0.7894736842105263,,,,,0.7894736842105263,0.5,0.5494849484132167,0.5,0.7894736842105263,0.4597396581559358
clinician_43,current,nasa_tlx_current,2026-01-01 00:00:00,,,,,,,2.0,2.0,2.0,4.0,11.0,4.2,,,,,,,,0.6842105263157895,,,,,0.6842105263157895,0.5,0.7305876159070132,0.5,0.6842105263157895,0.47869953555570066
clinician_44,current,nasa_tlx_current,2026-01-01 00:00:00,,,,,,,9.0,7.0,8.0,8.0,13.0,9.0,,,,,,,,0.8421052631578947,,,,,0.8421052631578947,0.5,0.4211995559618651,0.5,0.8421052631578947,0.44082620477993995
clinician_45,current,nasa_tlx_current,2026-01-01 00:00:00,,,,,,,6.0,4.0,6.0,4.0,10.0,6.0,,,,,,,,0.6842105263157895,,,,,0.6842105263157895,0.5,0.6449551880632102,0.5,0.6842105263157895,0.4572914285947499
roboturk_operator_pool,bair_action,bair_action,2026-01-01 00:00:00,,,,,,,,,,,,,,0.059888601303100586,,,,,0.11977720260620117,0.8802227973937988,0.6430160522460937,,,,0.7616194248199463,0.5,0.5,0.933390500163385,0.8011538823445639,0.5586360956269872
roboturk_operator_pool,bair_action,bair_action,2026-01-01 00:00:01,,,,,,,,,,,,,,0.06504684686660767,,,,,0.13009369373321533,0.8699063062667847,0.6233105659484863,,,,0.7466084361076355,0.5,0.5,0.9276533790828521,0.7877077261606852,0.5538402763108843
roboturk_operator_pool,bair_action,bair_action,2026-01-01 00:00:02,,,,,,,,,,,,,,0.07913917303085316,,,,,0.15827834606170632,0.8417216539382937,0.575744342803955,,,,0.7087329983711244,0.5,0.5,0.9119795650863607,0.7530625502268474,0.5412605288283021
roboturk_operator_pool,bair_action,bair_action,2026-01-01 00:00:03,,,,,,,,,,,,,,0.080938160419464,,,,,0.161876320838928,0.838123679161072,0.5725773811340332,,,,0.7053505301475527,0.5,0.5,0.9099786893343744,0.7496082464853924,0.5398967339549416
roboturk_operator_pool,bair_action,bair_action,2026-01-01 00:00:04,,,,,,,,,,,,,,0.0927237868309021,,,,,0.1854475736618042,0.8145524263381958,0.541384220123291,,,,0.6779683232307434,0.5,0.5,0.8968704406285151,0.7234963575998942,0.5300916995571023
roboturk_operator_pool,bair_action,bair_action,2026-01-01 00:00:05,,,,,,,,,,,,,,0.09276312589645408,,,,,0.18552625179290816,0.8144737482070918,0.541941738128662,,,,0.6782077431678769,0.5,0.5,0.8968266868018528,0.7236297448476151,0.530114107912367
roboturk_operator_pool,bair_action,bair_action,2026-01-01 00:00:06,,,,,,,,,,,,,,0.10236406326293956,,,,,0.20472812652587913,0.7952718734741209,0.5153894424438479,,,,0.6553306579589844,0.5,0.5,0.8861483002302974,0.7019777297973633,0.5220315075069152
roboturk_operator_pool,bair_action,bair_action,2026-01-01 00:00:07,,,,,,,,,,,,,,0.10201823711395264,,,,,0.20403647422790527,0.7959635257720947,0.5181772232055664,,,,0.6570703744888305,0.5,0.5,0.8865329361428622,0.703368091583252,0.5224752569315285
roboturk_operator_pool,bair_action,bair_action,2026-01-01 00:00:08,,,,,,,,,,,,,,0.11134344339370739,,,,,0.22268688678741477,0.7773131132125852,0.4956883430480959,,,,0.6365007281303405,0.5,0.5,0.8761612241200006,0.6834381898244222,0.5148998534861057
roboturk_operator_pool,bair_action,bair_action,2026-01-01 00:00:09,,,,,,,,,,,,,,0.1122010350227357,,,,,0.2244020700454714,0.7755979299545286,0.4959562301635742,,,,0.6357770800590514,0.5,0.5,0.8752073906987702,0.6823840300242104,0.5143978551807452
roboturk_operator_pool,bair_action,bair_action,2026-01-01 00:00:10,,,,,,,,,,,,,,0.1209154725074768,,,,,0.2418309450149536,0.7581690549850464,0.4798958778381346,,,,0.6190324664115905,0.5,0.5,0.8655149899816741,0.6654113292694092,0.5077315798127708
roboturk_operator_pool,bair_action,bair_action,2026-01-01 00:00:11,,,,,,,,,,,,,,0.12025719881057739,,,,,0.24051439762115479,0.7594856023788452,0.48206138610839844,,,,0.6207734942436218,0.5,0.5,0.8662471373478173,0.6670108636220297,0.5083145002424618
roboturk_operator_pool,bair_action,bair_action,2026-01-01 00:00:12,,,,,,,,,,,,,,0.1267986297607422,,,,,0.2535972595214844,0.7464027404785156,0.466033935546875,,,,0.6062183380126953,0.5,0.5,0.8589716052043798,0.6529464721679688,0.5029795193430872
roboturk_operator_pool,bair_action,bair_action,2026-01-01 00:00:13,,,,,,,,,,,,,,0.12850981950759888,,,,,0.25701963901519775,0.7429803609848022,0.4624762535095215,,,,0.6027283072471619,0.5,0.5,0.8570683800382617,0.6494789918263754,0.5016368429661593
roboturk_operator_pool,bair_action,bair_action,2026-01-01 00:00:14,,,,,,,,,,,,,,0.1370100975036621,,,,,0.2740201950073242,0.7259798049926758,0.44669189453125,,,,0.5863358497619628,0.5,0.5,0.8476141725017661,0.6328838348388671,0.4951245018351582
roboturk_operator_pool,bair_action,bair_action,2026-01-01 00:00:15,,,,,,,,,,,,,,0.13660651445388805,,,,,0.2732130289077761,0.7267869710922239,0.4501471519470215,,,,0.5884670615196227,0.5,0.5,0.8480630469871115,0.6345736980438231,0.49565918625773375
roboturk_operator_pool,bair_action,bair_action,2026-01-01 00:00:16,,,,,,,,,,,,,,0.14427566528320324,,,,,0.28855133056640647,0.7114486694335935,0.435379695892334,,,,0.5734141826629637,0.5,0.5,0.8395332384793647,0.6194256782531736,0.4897397291831346
roboturk_operator_pool,bair_action,bair_action,2026-01-01 00:00:17,,,,,,,,,,,,,,0.1447526812553407,,,,,0.2895053625106814,0.7104946374893186,0.43566436767578126,,,,0.5730795025825499,0.5,0.5,0.8390026901842502,0.6188845475514728,0.48947180943393076
roboturk_operator_pool,bair_action,bair_action,2026-01-01 00:00:18,,,,,,,,,,,,,,0.1542147994041443,,,,,0.3084295988082886,0.6915704011917114,0.41813716888427716,,,,0.5548537850379943,0.5,0.5,0.82847870158587,0.6004259904225667,0.4822261730021091
roboturk_operator_pool,bair_action,bair_action,2026-01-01 00:00:19,,,,,,,,,,,,,,0.15445011854171764,,,,,0.3089002370834353,0.6910997629165647,0.41819334030151384,,,,0.5546465516090393,0.5,0.5,0.8282169741500193,0.6001309553782145,0.4820869823820584
roboturk_operator_pool,bair_action,bair_action,2026-01-01 00:00:20,,,,,,,,,,,,,,0.16113072633743297,,,,,0.32226145267486594,0.677738547325134,0.4060494422912598,,,,0.5418939948081969,0.5,0.5,0.8207866462713458,0.5871755123138426,0.4769905396462971
roboturk_operator_pool,bair_action,bair_action,2026-01-01 00:00:21,,,,,,,,,,,,,,0.16167712211608898,,,,,0.32335424423217796,0.676645755767822,0.40561361312866195,,,,0.541129684448242,0.5,0.5,0.8201789321364821,0.5863017082214353,0.4766201600894794
roboturk_operator_pool,bair_action,bair_action,2026-01-01 00:00:22,,,,,,,,,,,,,,0.1677040457725525,,,,,0.335408091545105,0.664591908454895,0.3949686050415041,,,,0.5297802567481995,0.5,0.5,0.8134756470108414,0.5747174739837647,0.47204828024865153
roboturk_operator_pool,bair_action,bair_action,2026-01-01 00:00:23,,,,,,,,,,,,,,0.16946005821228027,,,,,0.33892011642456055,0.6610798835754395,0.39236974716186523,,,,0.5267248153686523,0.5,0.5,0.8115225689997995,0.571509838104248,0.47075810177601185
roboturk_operator_pool,bair_action,bair_action,2026-01-01 00:00:24,,,,,,,,,,,,,,0.17450505495071422,,,,,0.34901010990142844,0.6509898900985716,0.3837946891784666,,,,0.517392289638519,0.5,0.5,0.8059114059051116,0.5619248231252033,0.4669590572575788
roboturk_operator_pool,bair_action,bair_action,2026-01-01 00:00:25,,,,,,,,,,,,,,0.1752268671989442,,,,,0.3504537343978884,0.6495462656021116,0.3829531669616699,,,,0.5162497162818908,0.5,0.5,0.8051085894795416,0.560681899388631,0.46644762221704306
roboturk_operator_pool,bair_action,bair_action,2026-01-01 00:00:26,,,,,,,,,,,,,,0.18177443742752075,,,,,0.3635488748550415,0.6364511251449585,0.37361621856689436,,,,0.5050336718559264,0.5,0.5,0.7978262290873976,0.5488394896189371,0.46166642967658367
roboturk_operator_pool,bair_action,bair_action,2026-01-01 00:00:27,,,,,,,,,,,,,,0.18243080377578735,,,,,0.3648616075515747,0.6351383924484253,0.37282819747924806,,,,0.5039832949638366,0.5,0.5,0.7970962031189107,0.5477016607920329,0.46119946597773587
roboturk_operator_pool,sawyer_laundry_layout,sawyer_laundry_layout,2026-01-01 00:00:00,,,,,,,,,,,,,,0.07515591382980347,,,,,0.15031182765960693,0.8496881723403931,0.6487521171569824,,,,0.7492201447486877,0.5,0.5,0.9164098389169131,0.7827094872792562,0.5497798315490423
roboturk_operator_pool,sawyer_laundry_layout,sawyer_laundry_layout,2026-01-01 00:00:01,,,,,,,,,,,,,,0.11361837387084961,,,,,0.22723674774169922,0.7727632522583008,0.5192404747009277,,,,0.6460018634796143,0.5,0.5,0.8736309933590818,0.6882556597391765,0.5154716632745646
roboturk_operator_pool,sawyer_laundry_layout,sawyer_laundry_layout,2026-01-01 00:00:02,,,,,,,,,,,,,,0.1453876495361328,,,,,0.2907752990722656,0.7092247009277344,0.44018325805664044,,,,0.5747039794921874,0.5,0.5,0.8382964636457204,0.6195442199707031,0.4894601709041059
roboturk_operator_pool,sawyer_laundry_layout,sawyer_laundry_layout,2026-01-01 00:00:03,,,,,,,,,,,,,,0.17179685831069957,,,,,0.34359371662139915,0.6564062833786009,0.3847900390625,,,,0.5205981612205504,0.5,0.5,0.8089235254024029,0.565867535273234,0.46869776516890926
roboturk_operator_pool,sawyer_laundry_layout,sawyer_laundry_layout,2026-01-01 00:00:04,,,,,,,,,,,,,,0.19491511583328258,,,,,0.38983023166656516,0.6101697683334348,0.3418014526367186,,,,0.4759856104850767,0.5,0.5,0.7832108599340646,0.520713663101196,0.4509811307588152
roboturk_operator_pool,sawyer_laundry_layout,sawyer_laundry_layout,2026-01-01 00:00:05,,,,,,,,,,,,,,0.21543055772781372,,,,,0.43086111545562744,0.5691388845443726,0.30796422958374026,,,,0.4385515570640564,0.5,0.5,0.760393106742505,0.48208066622416174,0.43561844324166665
roboturk_operator_pool,sawyer_laundry_layout,sawyer_laundry_layout,2026-01-01 00:00:06,,,,,,,,,,,,,,0.2334861159324646,,,,,0.4669722318649292,0.5330277681350708,0.28064222335815414,,,,0.40683499574661247,0.5,0.5,0.7403112935908525,0.44889925320943186,0.42230263670007107
roboturk_operator_pool,sawyer_laundry_layout,sawyer_laundry_layout,2026-01-01 00:00:07,,,,,,,,,,,,,,0.24968206882476818,,,,,0.49936413764953635,0.5006358623504636,0.25785293579101565,,,,0.37924439907073965,0.5,0.5,0.7222977768604514,0.41970822016398096,0.4105014992561081
roboturk_operator_pool,sawyer_laundry_layout,sawyer_laundry_layout,2026-01-01 00:00:08,,,,,,,,,,,,,,0.26430219411849987,,,,,0.5286043882369997,0.47139561176300027,0.23859157562255842,,,,0.35499359369277933,0.5,0.5,0.7060369323562452,0.39379426638285303,0.3999577996847745
roboturk_operator_pool,sawyer_laundry_layout,sawyer_laundry_layout,2026-01-01 00:00:09,,,,,,,,,,,,,,0.2777039408683778,,,,,0.5554078817367556,0.4445921182632444,0.22175436019897443,,,,0.3331732392311094,0.5,0.5,0.6911311968987012,0.3703128655751544,0.3903610156184639
roboturk_operator_pool,sawyer_laundry_layout,sawyer_laundry_layout,2026-01-01 00:00:10,,,,,,,,,,,,,,0.29024189710617077,,,,,0.5804837942123415,0.41951620578765847,0.20670738220214843,,,,0.31311179399490346,0.5,0.5,0.6771861894047706,0.3485799312591551,0.3814415301659815
roboturk_operator_pool,sawyer_laundry_layout,sawyer_laundry_layout,2026-01-01 00:00:11,,,,,,,,,,,,,,0.30172765254974365,,,,,0.6034553050994873,0.3965446949005127,0.1934297561645506,,,,0.29498722553253165,0.5,0.5,0.6644114641866937,0.3288397153218587,0.3733127948771381
roboturk_operator_pool,sawyer_laundry_layout,sawyer_laundry_layout,2026-01-01 00:00:12,,,,,,,,,,,,,,0.312174916267395,,,,,0.62434983253479,0.37565016746520996,0.18161497116088868,,,,0.2786325693130493,0.5,0.5,0.6527917736988155,0.31097176869710286,0.3659408855989795
roboturk_operator_pool,sawyer_laundry_layout,sawyer_laundry_layout,2026-01-01 00:00:13,,,,,,,,,,,,,,0.3217189908027649,,,,,0.6434379816055298,0.3565620183944702,0.171317195892334,,,,0.2639396071434021,0.5,0.5,0.6421766312948894,0.29481374422709145,0.3592475938804952
roboturk_operator_pool,sawyer_laundry_layout,sawyer_laundry_layout,2026-01-01 00:00:14,,,,,,,,,,,,,,0.33067619800567627,,,,,0.6613523960113525,0.33864760398864746,0.1619950294494627,,,,0.2503213167190551,0.5,0.5,0.6322142164323477,0.2797634124755859,0.3529944072269834
roboturk_operator_pool,sawyer_laundry_layout,sawyer_laundry_layout,2026-01-01 00:00:15,,,,,,,,,,,,,,0.33908265829086304,,,,,0.6781653165817261,0.3218346834182739,0.1537329673767088,,,,0.23778382539749138,0.5,0.5,0.622864355143073,0.26580077807108554,0.34716628330353966
roboturk_operator_pool,sawyer_laundry_layout,sawyer_laundry_layout,2026-01-01 00:00:16,,,,,,,,,,,,,,0.34693819284439087,,,,,0.6938763856887817,0.30612361431121826,0.14647531509399414,,,,0.2262994647026062,0.5,0.5,0.614127246308096,0.25290751457214355,0.3417586902200599
roboturk_operator_pool,sawyer_laundry_layout,sawyer_laundry_layout,2026-01-01 00:00:17,,,,,,,,,,,,,,0.35430818796157837,,,,,0.7086163759231567,0.29138362407684326,0.1398914337158203,,,,0.21563752889633178,0.5,0.5,0.6059301657640103,0.24088622728983564,0.3367040982634615
roboturk_operator_pool,sawyer_laundry_layout,sawyer_laundry_layout,2026-01-01 00:00:18,,,,,,,,,,,,,,0.3614063262939453,,,,,0.7228126525878906,0.2771873474121094,0.13382463455200194,,,,0.20550599098205566,0.5,0.5,0.5980354506796293,0.22939977645874024,0.3318588067845924
roboturk_operator_pool,sawyer_laundry_layout,sawyer_laundry_layout,2026-01-01 00:00:19,,,,,,,,,,,,,,0.3680955171585083,,,,,0.7361910343170166,0.2638089656829834,0.12829217910766602,,,,0.1960505723953247,0.5,0.5,0.5905955765115023,0.21863670349121092,0.3273080700006783
roboturk_operator_pool,sawyer_laundry_layout,sawyer_laundry_layout,2026-01-01 00:00:20,,,,,,,,,,,,,,0.37442469596862793,,,,,0.7488493919372559,0.25115060806274414,0.12311611175537092,,,,0.18713335990905752,0.5,0.5,0.5835561161510089,0.20847244262695308,0.32300713969449046
roboturk_operator_pool,sawyer_laundry_layout,sawyer_laundry_layout,2026-01-01 00:00:21,,,,,,,,,,,,,,0.38051843643188477,,,,,0.7610368728637695,0.23896312713623047,0.1181985855102539,,,,0.1785808563232422,0.5,0.5,0.5767785158137195,0.1987082799275716,0.3188716989353228
roboturk_operator_pool,sawyer_laundry_layout,sawyer_laundry_layout,2026-01-01 00:00:22,,,,,,,,,,,,,,0.38611263036727905,,,,,0.7722252607345581,0.2277747392654419,0.11380214691162091,,,,0.17078844308853142,0.5,0.5,0.5705565227813603,0.18978387514750159,0.31508509948221547
roboturk_operator_pool,sawyer_laundry_layout,sawyer_laundry_layout,2026-01-01 00:00:23,,,,,,,,,,,,,,0.3912513852119447,,,,,0.7825027704238894,0.21749722957611062,0.11004972457885742,,,,0.16377347707748402,0.5,0.5,0.5648410797331279,0.18168139457702623,0.3116306185775386
roboturk_operator_pool,sawyer_laundry_layout,sawyer_laundry_layout,2026-01-01 00:00:24,,,,,,,,,,,,,,0.3961094617843628,,,,,0.7922189235687256,0.20778107643127441,0.10654697418212891,,,,0.15716402530670165,0.5,0.5,0.5594378136087612,0.17403637568155925,0.3083685473225801
roboturk_operator_pool,sawyer_laundry_layout,sawyer_laundry_layout,2026-01-01 00:00:25,,,,,,,,,,,,,,0.400648832321167,,,,,0.801297664642334,0.19870233535766602,0.10320196151733399,,,,0.1509521484375,0.5,0.5,0.5543890197740329,0.16686887741088866,0.3053144742962304
roboturk_operator_pool,sawyer_laundry_layout,sawyer_laundry_layout,2026-01-01 00:00:26,,,,,,,,,,,,,,0.4049050211906433,,,,,0.8098100423812866,0.19018995761871338,0.09995126724243164,,,,0.1450706124305725,0.5,0.5,0.5496551871975939,0.1601103941599528,0.30244139533938663
roboturk_operator_pool,sawyer_laundry_layout,sawyer_laundry_layout,2026-01-01 00:00:27,,,,,,,,,,,,,,0.408879816532135,,,,,0.81775963306427,0.18224036693572998,0.09677896499633772,,,,0.13950966596603384,0.5,0.5,0.5452343270691413,0.15375323295593255,0.2997468900062685
roboturk_operator_pool,sawyer_tower_creation,sawyer_tower_creation,2026-01-01 00:00:00,,,,,,,,,,,,,,0.03801274299621604,,,,,0.07602548599243208,0.9239745140075679,0.775955295562744,,,,0.849964904785156,0.5,0.5,0.9577213402333267,0.8746347745259598,0.5830890286898216
roboturk_operator_pool,sawyer_tower_creation,sawyer_tower_creation,2026-01-01 00:00:01,,,,,,,,,,,,,,0.054428815841674694,,,,,0.10885763168334939,0.8911423683166506,0.6560551643371582,,,,0.7735987663269044,0.5,0.5,0.9394630009546494,0.8127799669901531,0.5630607419862006
roboturk_operator_pool,sawyer_tower_creation,sawyer_tower_creation,2026-01-01 00:00:02,,,,,,,,,,,,,,0.06769829988479614,,,,,0.13539659976959229,0.8646034002304077,0.586884880065918,,,,0.7257441401481628,0.5,0.5,0.9247043711658368,0.7720305601755778,0.5491837328353537
roboturk_operator_pool,sawyer_tower_creation,sawyer_tower_creation,2026-01-01 00:00:03,,,,,,,,,,,,,,0.0786309838294984,,,,,0.1572619676589968,0.8427380323410032,0.5369637489318846,,,,0.6898508906364439,0.5,0.5,0.9125447849744206,0.7408132712046304,0.5383395140447628
roboturk_operator_pool,sawyer_tower_creation,sawyer_tower_creation,2026-01-01 00:00:04,,,,,,,,,,,,,,0.08817023038864147,,,,,0.17634046077728294,0.8236595392227171,0.4989887237548828,,,,0.6613241314887999,0.5,0.5,0.9019350123583122,0.7154359340667723,0.5293427366062711
roboturk_operator_pool,sawyer_tower_creation,sawyer_tower_creation,2026-01-01 00:00:05,,,,,,,,,,,,,,0.09655773639678955,,,,,0.1931154727935791,0.8068845272064209,0.4683510780334473,,,,0.6376178026199341,0.5,0.5,0.8926062324582477,0.6940400441487631,0.5216615691517527
roboturk_operator_pool,sawyer_tower_creation,sawyer_tower_creation,2026-01-01 00:00:06,,,,,,,,,,,,,,0.10413384437561035,,,,,0.2082676887512207,0.7917323112487793,0.44368839263916016,,,,0.6177103519439697,0.5,0.5,0.884179908379924,0.6757176717122396,0.514974395023041
roboturk_operator_pool,sawyer_tower_creation,sawyer_tower_creation,2026-01-01 00:00:07,,,,,,,,,,,,,,0.11107057332992565,,,,,0.2221411466598513,0.7778588533401487,0.42271108627319337,,,,0.600284969806671,0.5,0.5,0.8764647165722104,0.6594762643178302,0.5089852452225101
roboturk_operator_pool,sawyer_tower_creation,sawyer_tower_creation,2026-01-01 00:00:08,,,,,,,,,,,,,,0.11742258071899425,,,,,0.2348451614379885,0.7651548385620115,0.40515336990356443,,,,0.5851541042327879,0.5,0.5,0.8693998657335177,0.6451543490091959,0.5036385536856784
roboturk_operator_pool,sawyer_tower_creation,sawyer_tower_creation,2026-01-01 00:00:09,,,,,,,,,,,,,,0.12330514192581188,,,,,0.24661028385162376,0.7533897161483762,0.3895119667053223,,,,0.5714508414268493,0.5,0.5,0.8628571438929908,0.6320971330006916,0.49873856922342064
roboturk_operator_pool,sawyer_tower_creation,sawyer_tower_creation,2026-01-01 00:00:10,,,,,,,,,,,,,,0.12875038385391235,,,,,0.2575007677078247,0.7424992322921753,0.37600870132446274,,,,0.559253966808319,0.5,0.5,0.8568008187588563,0.6203357219696044,0.4942841351821152
roboturk_operator_pool,sawyer_tower_creation,sawyer_tower_creation,2026-01-01 00:00:11,,,,,,,,,,,,,,0.13386940956115723,,,,,0.26773881912231445,0.7322611808776855,0.36388301849365234,,,,0.548072099685669,0.5,0.5,0.8511073189176318,0.6094684600830078,0.4901439447501599
roboturk_operator_pool,sawyer_tower_creation,sawyer_tower_creation,2026-01-01 00:00:12,,,,,,,,,,,,,,0.13873594999313354,,,,,0.2774718999862671,0.7225281000137329,0.35245933532714846,,,,0.5374937176704406,0.5,0.5,0.845694639091165,0.5991718451182048,0.4862166210523424
roboturk_operator_pool,sawyer_tower_creation,sawyer_tower_creation,2026-01-01 00:00:13,,,,,,,,,,,,,,0.14327830076217662,,,,,0.28655660152435325,0.7134433984756468,0.3418821334838865,,,,0.5276627659797666,0.5,0.5,0.8406425305725986,0.5895896434783934,0.482558043512748
roboturk_operator_pool,sawyer_tower_creation,sawyer_tower_creation,2026-01-01 00:00:14,,,,,,,,,,,,,,0.14759021997451793,,,,,0.29518043994903587,0.7048195600509641,0.33229589462280257,,,,0.5185577273368833,0.5,0.5,0.8358467134083885,0.5806450049082436,0.47912292957915803
roboturk_operator_pool,sawyer_tower_creation,sawyer_tower_creation,2026-01-01 00:00:15,,,,,,,,,,,,,,0.1516733169555664,,,,,0.3033466339111328,0.6966533660888672,0.32341957092285156,,,,0.5100364685058594,0.5,0.5,0.8313053976692621,0.5722421010335287,0.4758868746756977
roboturk_operator_pool,sawyer_tower_creation,sawyer_tower_creation,2026-01-01 00:00:16,,,,,,,,,,,,,,0.15548115968704224,,,,,0.3109623193740845,0.6890376806259155,0.31524410247802714,,,,0.5021408915519714,0.5,0.5,0.8270702261294158,0.5644398212432861,0.4728775118431754
roboturk_operator_pool,sawyer_tower_creation,sawyer_tower_creation,2026-01-01 00:00:17,,,,,,,,,,,,,,0.15920799970626853,,,,,0.31841599941253707,0.6815840005874629,0.3074201583862305,,,,0.4945020794868467,0.5,0.5,0.8229251476962868,0.5568627198537187,0.46994696688750137
roboturk_operator_pool,sawyer_tower_creation,sawyer_tower_creation,2026-01-01 00:00:18,,,,,,,,,,,,,,0.16289681196212769,,,,,0.32579362392425537,0.6742063760757446,0.30002355575561523,,,,0.48711496591567993,0.5,0.5,0.8188223646289315,0.5494787693023682,0.4670752834828249
roboturk_operator_pool,sawyer_tower_creation,sawyer_tower_creation,2026-01-01 00:00:19,,,,,,,,,,,,,,0.16642355918884288,,,,,0.33284711837768577,0.6671528816223142,0.2930585861206055,,,,0.4801057338714598,0.5,0.5,0.8148998340686877,0.5424547831217447,0.464338654297608
roboturk_operator_pool,sawyer_tower_creation,sawyer_tower_creation,2026-01-01 00:00:20,,,,,,,,,,,,,,0.16990387439727794,,,,,0.3398077487945559,0.6601922512054441,0.28626708984375,,,,0.4732296705245971,0.5,0.5,0.8110289462826406,0.5355505307515461,0.46164486925854664
roboturk_operator_pool,sawyer_tower_creation,sawyer_tower_creation,2026-01-01 00:00:21,,,,,,,,,,,,,,0.1732911467552184,,,,,0.3465822935104368,0.6534177064895632,0.28000850677490235,,,,0.46671310663223275,0.5,0.5,0.8072615429260167,0.5289479732513429,0.45905237904433993
roboturk_operator_pool,sawyer_tower_creation,sawyer_tower_creation,2026-01-01 00:00:22,,,,,,,,,,,,,,0.176563799381256,,,,,0.353127598762512,0.646872401237488,0.27380485534667987,,,,0.46033862829208394,0.5,0.5,0.8036216223098032,0.5225165526072186,0.4565345437292554
roboturk_operator_pool,sawyer_tower_creation,sawyer_tower_creation,2026-01-01 00:00:23,,,,,,,,,,,,,,0.1798427700996399,,,,,0.3596855401992798,0.6403144598007202,0.267671012878418,,,,0.4539927363395691,0.5,0.5,0.7999746745638529,0.5160999774932861,0.45401866301428473
roboturk_operator_pool,sawyer_tower_creation,sawyer_tower_creation,2026-01-01 00:00:24,,,,,,,,,,,,,,0.1830202341079712,,,,,0.3660404682159424,0.6339595317840576,0.2618083953857422,,,,0.4478839635848999,0.5,0.5,0.7964406249494259,0.5099091529846191,0.4515874444835113
roboturk_operator_pool,sawyer_tower_creation,sawyer_tower_creation,2026-01-01 00:00:25,,,,,,,,,,,,,,0.18620461225509644,,,,,0.37240922451019287,0.6275907754898071,0.2561530113220215,,,,0.4418718934059143,0.5,0.5,0.7928988852684946,0.5037781874338786,0.44916926817559333
roboturk_operator_pool,sawyer_tower_creation,sawyer_tower_creation,2026-01-01 00:00:26,,,,,,,,,,,,,,0.18926793336868286,,,,,0.3785358667373657,0.6214641332626343,0.2507575035095215,,,,0.4361108183860779,0.5,0.5,0.7894917880450641,0.49789525667826334,0.4468467611808319
roboturk_operator_pool,sawyer_tower_creation,sawyer_tower_creation,2026-01-01 00:00:27,,,,,,,,,,,,,,0.1922314167022704,,,,,0.3844628334045408,0.6155371665954592,0.24561786651611328,,,,0.43057751655578624,0.5,0.5,0.7861957327302076,0.49223073323567723,0.44460661649147126
P04,S1,zenodo_S1,2026-01-01 00:00:00,,,,,,,3.0,1.0,2.0,3.0,3.0,3.0,,,,,,,,,,,0.5227272727272727,0.5227272727272727,0.5227272727272727,0.5,0.863650091419616,0.5,0.5,0.47159434103672215
P04,S2,zenodo_S2,2026-01-01 00:00:00,,,,,,,3.0,1.0,5.0,6.0,7.0,4.5,,,,,,,,,,,0.6363636363636364,0.6363636363636364,0.6363636363636364,0.5,0.723084269296069,0.5,0.5,0.4648619764149263
P04,S3,zenodo_S3,2026-01-01 00:00:00,,,,,,,,,,,,,,,,,,,,,,,,,,0.5,0.5,0.5,0.5,0.375
P06,S1,zenodo_S1,2026-01-01 00:00:00,,,,,,,4.0,6.0,2.0,5.0,1.0,4.166666666666667,,,,,,,,,,,0.4318181818181818,0.4318181818181818,0.4318181818181818,0.5,0.8123578370554176,0.5,0.5,0.4360440047183999
P06,S2,zenodo_S2,2026-01-01 00:00:00,,,,,,,7.0,7.0,7.0,7.0,7.0,6.0,,,,,,,,,,,0.4772727272727273,0.4772727272727273,0.4772727272727273,0.5,0.6111115645814288,0.5,0.5,0.397096072963539
P06,S3,zenodo_S3,2026-01-01 00:00:00,,,,,,,5.0,6.0,5.0,4.0,1.0,4.5,,,,,,,,,,,0.5,0.5,0.5,0.5,0.80924317617866,0.5,0.5,0.452310794044665
P06,S3,zenodo_S3,2026-01-01 00:00:00,,,,,,,,,,,,,,,,,,1009.0,0.9477889624458155,0.0522110375541845,,,,,0.0522110375541845,0.5,0.5,0.5,0.05507762863972663,0.2637694071599317
P08,S1,zenodo_S1,2026-01-01 00:00:00,,,,,,,3.0,2.0,3.0,4.0,1.0,3.1666666666666665,,,,,,,,,,,0.7727272727272727,0.7727272727272727,0.7727272727272727,0.5,0.8673748966087675,0.5,0.5,0.53502554233401
P08,S2,zenodo_S2,2026-01-01 00:00:00,,,,,,,3.0,3.0,4.0,5.0,3.0,3.8333333333333335,,,,,,,,,,,0.45454545454545453,0.45454545454545453,0.45454545454545453,0.5,0.8083874776892603,0.5,0.5,0.44073323305867873
P08,S3,zenodo_S3,2026-01-01 00:00:00,,,,,,,4.0,4.0,5.0,6.0,3.0,4.166666666666667,,,,,,,,,,,0.5454545454545454,0.5454545454545454,0.5454545454545454,0.5,0.7668112783509643,0.5,0.5,0.4530664559513774
P08,S1,zenodo_S1,2026-01-01 00:00:00,,,,,,,,,,,,,,,,,,306.0,0.9999984460408378,1.5539591622160651e-06,,,,,1.5539591622160651e-06,0.5,0.5,0.5,0.24646178243352126,0.3116154456083803
P08,S2,zenodo_S2,2026-01-01 00:00:00,,,,,,,,,,,,,,,,,,446.0,0.9999999400330908,5.996690922929194e-08,,,,,5.996690922929194e-08,0.5,0.5,0.5,0.2014157413936409,0.30035393534841026
P08,S3,zenodo_S3,2026-01-01 00:00:00,,,,,,,,,,,,,,,,,,1020.0,0.9974361951481912,0.0025638048518088156,,,,,0.0025638048518088156,0.5,0.5,0.5,0.018440219965555955,0.254610054991389
P09,S1,zenodo_S1,2026-01-01 00:00:00,,,,,,,6.0,1.0,3.0,5.0,5.0,3.8333333333333335,,,,,,,,,,,0.7045454545454546,0.7045454545454546,0.7045454545454546,0.5,0.7351966882155762,0.5,0.5,0.4849355356902577
P09,S2,zenodo_S2,2026-01-01 00:00:00,,,,,,,7.0,2.0,4.0,5.0,5.0,4.5,,,,,,,,,,,0.6590909090909091,0.6590909090909091,0.6590909090909091,0.5,0.7061308280005224,0.5,0.5,0.46630543427285787
P09,S3,zenodo_S3,2026-01-01 00:00:00,,,,,,,7.0,2.0,7.0,7.0,5.0,5.0,,,,,,,,,,,0.5681818181818182,0.5681818181818182,0.5681818181818182,0.5,0.6575886443776937,0.5,0.5,0.431442615639878
P09,S1,zenodo_S1,2026-01-01 00:00:00,,,,,,,,,,,,,,,,,,298.0,0.9999914516725756,8.548327424394484e-06,,,,,8.548327424394484e-06,0.5,0.5,0.5,0.2490404479196986,0.31226011197992465
P09,S2,zenodo_S2,2026-01-01 00:00:00,,,,,,,,,,,,,,,,,,379.0,0.9999998978352598,1.0216474018706785e-07,,,,,1.0216474018706785e-07,0.5,0.5,0.5,0.22297304108279978,0.3057432602707
P09,S3,zenodo_S3,2026-01-01 00:00:00,,,,,,,,,,,,,,,,,,697.0,0.6298712301079257,0.3701287698920743,,,,,0.3701287698920743,0.5,0.5,0.5,0.36740888391775356,0.3418522209794384
P11,S1,zenodo_S1,2026-01-01 00:00:00,,,,,,,3.0,1.0,4.0,3.0,1.0,2.6666666666666665,,,,,,,,,,,0.7954545454545454,0.7954545454545454,0.7954545454545454,0.5,0.8966863110008272,0.5,0.5,0.5480352141138431
P11,S2,zenodo_S2,2026-01-01 00:00:00,,,,,,,2.0,1.0,2.0,2.0,1.0,2.333333333333333,,,,,,,,,,,0.8181818181818182,0.8181818181818182,0.8181818181818182,0.5,0.9382625103391232,0.5,0.5,0.5641110821302354
P11,S3,zenodo_S3,2026-01-01 00:00:00,,,,,,,6.0,1.0,4.0,5.0,4.0,4.333333333333333,,,,,,,,,,,0.4772727272727273,0.4772727272727273,0.4772727272727273,0.5,0.7382739377911279,0.5,0.5,0.42888666626596383
P11,S1,zenodo_S1,2026-01-01 00:00:00,,,,,,,,,,,,,,,,,,284.0,0.9999780285522393,2.1971447760695194e-05,,,,,2.1971447760695194e-05,0.5,0.5,0.5,0.25355390117109405,0.3133884752927735
P11,S2,zenodo_S2,2026-01-01 00:00:00,,,,,,,,,,,,,,,,,,53.0,0.9997838607137438,0.00021613928625621002,,,,,0.00021613928625621002,0.5,0.5,0.5,0.328007670721082,0.3320019176802705
P11,S3,zenodo_S3,2026-01-01 00:00:00,,,,,,,,,,,,,,,,,,1020.0,0.9973758382322817,0.002624161767718259,,,,,0.002624161767718259,0.5,0.5,0.5,0.018480457909495585,0.25462011447737387
P12,S1,zenodo_S1,2026-01-01 00:00:00,,,,,,,3.0,1.0,6.0,3.0,2.0,3.333333333333333,,,,,,,,,,,0.8863636363636364,0.8863636363636364,0.8863636363636364,0.5,0.8700875560489313,0.5,0.5,0.5641127981031419
P12,S2,zenodo_S2,2026-01-01 00:00:00,,,,,,,3.0,2.0,5.0,4.0,2.0,3.333333333333333,,,,,,,,,,,0.8181818181818182,0.8181818181818182,0.8181818181818182,0.5,0.850856786818162,0.5,0.5,0.5422596512499951
P12,S3,zenodo_S3,2026-01-01 00:00:00,,,,,,,5.0,2.0,5.0,5.0,3.0,3.6666666666666665,,,,,,,,,,,0.7272727272727273,0.7272727272727273,0.7272727272727273,0.5,0.7804976927430238,0.5,0.5,0.5019426050039378
P12,S1,zenodo_S1,2026-01-01 00:00:00,,,,,,,,,,,,,,,,,,345.0,0.9999991050264513,8.949735487043883e-07,,,,,8.949735487043883e-07,0.5,0.5,0.5,0.23391308056151638,0.3084782701403791
P12,S2,zenodo_S2,2026-01-01 00:00:00,,,,,,,,,,,,,,,,,,423.0,0.9999791363010235,2.086369897650782e-05,,,,,2.086369897650782e-05,0.5,0.5,0.5,0.2088298679486098,0.30220746698715245
P12,S3,zenodo_S3,2026-01-01 00:00:00,,,,,,,,,,,,,,,,,,558.0,0.9721081422524429,0.027891857747557054,,,,,0.027891857747557054,0.5,0.5,0.5,0.1839742372113701,0.29599355930284255
P14,S1,zenodo_S1,2026-01-01 00:00:00,,,,,,,5.0,4.0,3.0,6.0,1.0,4.166666666666667,,,,,,,,,,,0.7727272727272727,0.7727272727272727,0.7727272727272727,0.5,0.7775020678246485,0.5,0.5,0.5125573351379802
P14,S2,zenodo_S2,2026-01-01 00:00:00,,,,,,,5.0,5.0,5.0,4.0,1.0,4.333333333333333,,,,,,,,,,,0.6136363636363636,0.6136363636363636,0.6136363636363636,0.5,0.8126033912324235,0.5,0.5,0.4815599387171968
P14,S3,zenodo_S3,2026-01-01 00:00:00,,,,,,,7.0,7.0,7.0,4.0,2.0,5.166666666666667,,,,,,,,,,,0.5681818181818182,0.5681818181818182,0.5681818181818182,0.5,0.7513944212267643,0.5,0.5,0.45489405985214565
P14,S1,zenodo_S1,2026-01-01 00:00:00,,,,,,,,,,,,,,,,,,275.0,0.9994444507342989,0.0005555492657010667,,,,,0.0005555492657010667,0.5,0.5,0.5,0.2568053726121405,0.3142013431530351
P14,S2,zenodo_S2,2026-01-01 00:00:00,,,,,,,,,,,,,,,,,,369.0,0.9999823261985059,1.7673801494135836e-05,,,,,1.7673801494135836e-05,0.5,0.5,0.5,0.2262022587248056,0.3065505646812014
P14,S3,zenodo_S3,2026-01-01 00:00:00,,,,,,,,,,,,,,,,,,398.0,0.9811376831673466,0.01886231683265337,,,,,0.01886231683265337,0.5,0.5,0.5,0.22943459474815242,0.3073586486870381
P15,S1,zenodo_S1,2026-01-01 00:00:00,72.9,,,0.07,0.07,33.01,,,,,,,,,,,,,,,,,,,,0.8869966634672517,0.5,0.5,0.5,0.4717491658668129
P15,S2,zenodo_S2,2026-01-01 00:00:00,69.11,,,0.11,0.11,32.91,,,,,,,,,,,,,,,,,,,,0.9083218306747719,0.5,0.5,0.5,0.477080457668693
P15,S3,zenodo_S3,2026-01-01 00:00:00,70.32,,,0.14,0.14,32.97,,,,,,,,,,,,,,,,,,,,0.8954208754208755,0.5,0.5,0.5,0.47385521885521886
P15,S1,zenodo_S1,2026-01-01 00:00:00,,,,,,,2.0,1.0,1.0,3.0,1.0,1.5,,,,,,,,,,,0.6363636363636364,0.6363636363636364,0.6363636363636364,0.5,0.9358328163771712,0.5,0.5,0.5180491131852019
P15,S2,zenodo_S2,2026-01-01 00:00:00,,,,,,,5.0,3.0,2.0,3.0,1.0,3.1666666666666665,,,,,,,,,,,0.7045454545454546,0.7045454545454546,0.7045454545454546,0.5,0.8553556658395368,0.5,0.5,0.5149752800962478
P15,S3,zenodo_S3,2026-01-01 00:00:00,,,,,,,4.0,3.0,4.0,6.0,4.0,3.6666666666666665,,,,,,,,,,,0.5681818181818182,0.5681818181818182,0.5681818181818182,0.5,0.7637340287754124,0.5,0.5,0.4579789617393077
P15,S1,zenodo_S1,2026-01-01 00:00:00,,,,,,,,,,,,,,,,,,115.0,0.9999990228305267,9.771694733835228e-07,,,,,9.771694733835228e-07,0.5,0.5,0.5,0.30791570936137347,0.3269789273403434
P15,S2,zenodo_S2,2026-01-01 00:00:00,,,,,,,,,,,,,,,,,,45.0,0.9997968066836587,0.0002031933163412909,,,,,0.0002031933163412909,0.5,0.5,0.5,0.33057304264847465,0.3326432606621187
P15,S3,zenodo_S3,2026-01-01 00:00:00,,,,,,,,,,,,,,,,,,609.0,0.9961198830857302,0.0038801169142698416,,,,,0.0038801169142698416,0.5,0.5,0.5,0.1515571435799122,0.2878892858949781
P16,S1,zenodo_S1,2026-01-01 00:00:00,,,,,,,2.0,2.0,5.0,2.0,1.0,3.1666666666666665,,,,,,,,,,,0.5909090909090909,0.5909090909090909,0.5909090909090909,0.5,0.9214614350703061,0.5,0.5,0.5030926314948492
P16,S2,zenodo_S2,2026-01-01 00:00:00,,,,,,,3.0,3.0,2.0,3.0,3.0,3.5,,,,,,,,,,,0.6136363636363636,0.6136363636363636,0.6136363636363636,0.5,0.8535694462583256,0.5,0.5,0.49180145247367235
P16,S3,zenodo_S3,2026-01-01 00:00:00,,,,,,,3.0,3.0,4.0,4.0,3.0,4.0,,,,,,,,,,,0.5227272727272727,0.5227272727272727,0.5227272727272727,0.5,0.8242580318662661,0.5,0.5,0.4617463261483846
P16,S1,zenodo_S1,2026-01-01 00:00:00,,,,,,,,,,,,,,,,,,281.0,0.999446712710641,0.0005532872893590164,,,,,0.0005532872893590164,0.5,0.5,0.5,0.2548733626974105,0.3137183406743526
P16,S2,zenodo_S2,2026-01-01 00:00:00,,,,,,,,,,,,,,,,,,415.0,0.9999791363010235,2.086369897650782e-05,,,,,2.086369897650782e-05,0.5,0.5,0.5,0.21140387052261236,0.3028509676306531
P16,S3,zenodo_S3,2026-01-01 00:00:00,,,,,,,,,,,,,,,,,,677.0,0.9514769849902549,0.048523015009745124,,,,,0.048523015009745124,0.5,0.5,0.5,0.15944005376454048,0.2898600134411351
P20,S1,zenodo_S1,2026-01-01 00:00:00,,,,,,,2.0,2.0,1.0,2.0,2.0,2.6666666666666665,,,,,,,,,,,0.75,0.75,0.75,0.5,0.9183841854947543,0.5,0.5,0.5420960463736886
P20,S2,zenodo_S2,2026-01-01 00:00:00,,,,,,,3.0,2.0,1.0,2.0,2.0,2.6666666666666665,,,,,,,,,,,0.7954545454545454,0.7954545454545454,0.7954545454545454,0.5,0.9027591854947543,0.5,0.5,0.5495534327373249
P20,S3,zenodo_S3,2026-01-01 00:00:00,,,,,,,5.0,2.0,5.0,5.0,3.0,3.6666666666666665,,,,,,,,,,,0.5681818181818182,0.5681818181818182,0.5681818181818182,0.5,0.7804976927430238,0.5,0.5,0.46216987773121054
P20,S1,zenodo_S1,2026-01-01 00:00:00,,,,,,,,,,,,,,,,,,309.0,0.9999997194482064,2.805517935923275e-07,,,,,2.805517935923275e-07,0.5,0.5,0.5,0.24549568253002454,0.31137392063250613
P20,S2,zenodo_S2,2026-01-01 00:00:00,,,,,,,,,,,,,,,,,,397.0,0.9999999911160454,8.88395454219437e-09,,,,,8.88395454219437e-09,0.5,0.5,0.5,0.21718147310410355,0.3042953682760259
P20,S3,zenodo_S3,2026-01-01 00:00:00,,,,,,,,,,,,,,,,,,591.0,0.9682073736089778,0.031792626391022163,,,,,0.031792626391022163,0.5,0.5,0.5,0.17595698902258625,0.29398924725564657
P21,S1,zenodo_S1,2026-01-01 00:00:00,77.64,,,0.23,0.23,34.06,2.0,2.0,2.0,2.0,1.0,2.333333333333333,,,,,,,,,,,0.7727272727272727,0.7727272727272727,0.7727272727272727,0.8304078492313787,0.9382625103391232,0.5,0.5,0.6353494080744436
P21,S2,zenodo_S2,2026-01-01 00:00:00,76.75,,,0.17,0.17,34.36,1.0,1.0,3.0,2.0,1.0,1.8333333333333333,,,,,,,,,,,0.7272727272727273,0.7272727272727273,0.7272727272727273,0.8453006688300806,0.9639681555004136,0.5,0.5,0.6341353879008054
P21,S3,zenodo_S3,2026-01-01 00:00:00,75.78,,,0.19,0.19,34.2,5.0,2.0,4.0,3.0,4.0,3.5,,,,,,,,,,,0.8409090909090909,0.8409090909090909,0.8409090909090909,0.8493678870149459,0.8091615515214836,0.5,0.5,0.6248596323613801
P21,S1,zenodo_S1,2026-01-01 00:00:00,,,,,,,,,,,,,,,,,,371.0,0.9999999986279016,1.3720983843414443e-09,,,,,1.3720983843414443e-09,0.5,0.5,0.5,0.22554697646170782,0.306386744115427
P21,S2,zenodo_S2,2026-01-01 00:00:00,,,,,,,,,,,,,,,,,,65.0,0.9997882203900429,0.00021177960995707134,,,,,0.00021177960995707134,0.5,0.5,0.5,0.32414376040921206,0.33103594010230303
P21,S3,zenodo_S3,2026-01-01 00:00:00,,,,,,,,,,,,,,,,,,1020.0,0.9961633468146377,0.003836653185362284,,,,,0.003836653185362284,0.5,0.5,0.5,0.019288785521258265,0.25482219638031456
P22,S1,zenodo_S1,2026-01-01 00:00:00,,,,,,,5.0,2.0,2.0,4.0,5.0,3.6666666666666665,,,,,,,,,,,0.7954545454545454,0.7954545454545454,0.7954545454545454,0.5,0.7734126725001088,0.5,0.5,0.5172168044886636
P22,S2,zenodo_S2,2026-01-01 00:00:00,,,,,,,4.0,1.0,1.0,5.0,4.0,3.6666666666666665,,,,,,,,,,,0.7272727272727273,0.7272727272727273,0.7272727272727273,0.5,0.7829647980061817,0.5,0.5,0.5025593813197273
P22,S3,zenodo_S3,2026-01-01 00:00:00,,,,,,,6.0,4.0,5.0,5.0,3.0,4.166666666666667,,,,,,,,,,,0.6136363636363636,0.6136363636363636,0.6136363636363636,0.5,0.7547920475817335,0.5,0.5,0.4671071028045243
P22,S1,zenodo_S1,2026-01-01 00:00:00,,,,,,,,,,,,,,,,,,342.0,0.9999898763584257,1.0123641574321889e-05,,,,,1.0123641574321889e-05,0.5,0.5,0.5,0.23488448397211772,0.3087211209930294
P22,S2,zenodo_S2,2026-01-01 00:00:00,,,,,,,,,,,,,,,,,,416.0,1.0,0.0,,,,,0.0,0.5,0.5,0.5,0.21106821106821108,0.30276705276705274
P22,S3,zenodo_S3,2026-01-01 00:00:00,,,,,,,,,,,,,,,,,,676.0,0.9700691490248998,0.02993085097510017,,,,,0.02993085097510017,0.5,0.5,0.5,0.1473670280631942,0.28684175701579856
P24,S2,zenodo_S2,2026-01-01 00:00:00,72.0,,,0.03,0.03,31.98,,,,,,,,,,,,,,,,,,,,0.8991117814647227,0.5,0.5,0.5,0.4747779453661807
P24,S3,zenodo_S3,2026-01-01 00:00:00,71.52,,,0.03,0.03,32.03,,,,,,,,,,,,,,,,,,,,0.9025342413577708,0.5,0.5,0.5,0.4756335603394427
P24,S1,zenodo_S1,2026-01-01 00:00:00,71.05,,,0.05,0.05,33.35,1.0,1.0,3.0,2.0,2.0,2.333333333333333,,,,,,,,,,,0.7045454545454546,0.7045454545454546,0.7045454545454546,0.9030363971540444,0.9407296156022812,0.5,0.5,0.6370778668254451
P24,S2,zenodo_S2,2026-01-01 00:00:00,,,,,,,5.0,4.0,4.0,4.0,4.0,4.166666666666667,,,,,,,,,,,0.5909090909090909,0.5909090909090909,0.5909090909090909,0.5,0.7764899220756606,0.5,0.5,0.4668497532461878
P24,S3,zenodo_S3,2026-01-01 00:00:00,,,,,,,6.0,6.0,6.0,6.0,6.0,6.0,,,,,,,,,,,0.8181818181818182,0.8181818181818182,0.8181818181818182,0.5,0.6591252285490401,0.5,0.5,0.4943267616827146
P24,S1,zenodo_S1,2026-01-01 00:00:00,,,,,,,,,,,,,,,,,,509.0,0.9999965804807615,3.419519238551855e-06,,,,,3.419519238551855e-06,0.5,0.5,0.5,0.18114771082492354,0.2952869277062309
P24,S2,zenodo_S2,2026-01-01 00:00:00,,,,,,,,,,,,,,,,,,582.0,0.9999996179951565,3.820048434922769e-07,,,,,3.820048434922769e-07,0.5,0.5,0.5,0.15765791232755336,0.28941447808188836
P24,S3,zenodo_S3,2026-01-01 00:00:00,,,,,,,,,,,,,,,,,,555.0,0.9728785663653035,0.027121433634696577,,,,,0.027121433634696577,0.5,0.5,0.5,0.1844258721013807,0.2961064680253452
P26,S1,zenodo_S1,2026-01-01 00:00:00,64.91,,,0.26,0.26,33.54,4.0,2.0,3.0,3.0,5.0,3.8333333333333335,,,,,,,,,,,0.8409090909090909,0.8409090909090909,0.8409090909090909,0.9169008333714217,0.8049082266771146,0.5,0.5,0.6406795377394068
P26,S2,zenodo_S2,2026-01-01 00:00:00,63.18,,,0.21,0.21,33.3,4.0,2.0,3.0,3.0,2.0,3.1666666666666665,,,,,,,,,,,0.7272727272727273,0.7272727272727273,0.7272727272727273,0.9363584563584565,0.8578227711026947,0.5,0.5,0.6303634886834696
P26,S3,zenodo_S3,2026-01-01 00:00:00,,,,,,,6.0,3.0,4.0,4.0,3.0,3.8333333333333335,,,,,,,,,,,0.5454545454545454,0.5454545454545454,0.5454545454545454,0.5,0.7807432469200296,0.5,0.5,0.45654944809364373
P26,S2,zenodo_S2,2026-01-01 00:00:00,62.07,,,0.26,0.26,33.79,,,,,,,,,,,,,,,,,,,,0.937150387738623,0.5,0.5,0.5,0.48428759693465573
P26,S1,zenodo_S1,2026-01-01 00:00:00,,,,,,,,,,,,,,,,,,265.0,0.9994345085261339,0.0005654914738660691,,,,,0.0005654914738660691,0.5,0.5,0.5,0.2600295039684204,0.3150073759921051
P26,S2,zenodo_S2,2026-01-01 00:00:00,,,,,,,,,,,,,,,,,,555.0,0.9999998445329729,1.5546702717356623e-07,,,,,1.5546702717356623e-07,0.5,0.5,0.5,0.1663450199896011,0.29158625499740026
P26,S3,zenodo_S3,2026-01-01 00:00:00,,,,,,,,,,,,,,,,,,585.0,0.9276834106680945,0.07231658933190556,,,,,0.07231658933190556,0.5,0.5,0.5,0.2049034662470104,0.3012258665617526
P30,S3,zenodo_S3,2026-01-01 00:00:00,74.17,,,0.57,0.57,32.91,,,,,,,,,,,,,,,,,,,,0.8067163337751572,0.5,0.5,0.5,0.45167908344378926
P30,S1,zenodo_S1,2026-01-01 00:00:00,68.56,,,1.59,1.59,33.47,4.0,2.0,7.0,4.0,1.0,4.0,,,,,,,,,,,1.0,0.8636363636363636,0.9318181818181819,0.7014171884760122,0.8349488213399503,0.5,0.5,0.617046047908536
P30,S2,zenodo_S2,2026-01-01 00:00:00,71.86,,,1.32,1.32,32.9,5.0,2.0,6.0,6.0,1.0,4.5,,,,,,,,,,,1.0,0.8181818181818182,0.9090909090909092,0.7163493151728447,0.7707816377171216,0.5,0.5,0.5990554654952189
P30,S3,zenodo_S3,2026-01-01 00:00:00,,,,,,,7.0,2.0,7.0,7.0,2.0,4.833333333333333,,,,,,,,,,,1.0,0.5909090909090909,0.7954545454545454,0.5,0.7004225436419833,0.5,0.5,0.4989692722741322
P30,S1,zenodo_S1,2026-01-01 00:00:00,,,,,,,,,,,,,,,,,,273.0,0.9999978219426502,2.178057349770888e-06,,,,,2.178057349770888e-06,0.5,0.5,0.5,0.2570799591167403,0.3142699897791851
P30,S2,zenodo_S2,2026-01-01 00:00:00,,,,,,,,,,,,,,,,,,107.0,0.9998124269658096,0.0001875730341903446,,,,,0.0001875730341903446,0.5,0.5,0.5,0.3106141091785207,0.32765352729463015
P30,S3,zenodo_S3,2026-01-01 00:00:00,,,,,,,,,,,,,,,,,,577.0,0.9792263443086512,0.020773655691348862,,,,,0.020773655691348862,0.5,0.5,0.5,0.1731155130606418,0.2932788782651604
P31,S1,zenodo_S1,2026-01-01 00:00:00,,,,,,,5.0,3.0,5.0,5.0,4.0,4.333333333333333,,,,,,,,,,,0.6363636363636364,0.6363636363636364,0.6363636363636364,0.5,0.7538989377911279,0.5,0.5,0.472565643538691
P31,S2,zenodo_S2,2026-01-01 00:00:00,95.5,,,0.01,0.01,33.05,4.0,3.0,4.0,4.0,3.0,3.5,,,,,,,,,,,0.5454545454545454,0.5454545454545454,0.5454545454545454,0.7344028520499108,0.8187136770275565,0.5,0.5,0.5246427686330032
P31,S3,zenodo_S3,2026-01-01 00:00:00,95.85,,,0.06,0.06,34.59,6.0,4.0,5.0,5.0,4.0,4.666666666666667,,,,,,,,,,,0.5681818181818182,0.5681818181818182,0.5681818181818182,0.7247848012553896,0.7315535076836011,0.5,0.5,0.5061300317802022
P31,S3,zenodo_S3,2026-01-01 00:00:00,100.88,,,0.02,0.02,32.89,,,,,,,,,,,,,,,,,,,,0.6946182793241618,0.5,0.5,0.5,0.42365456983104044
P31,S1,zenodo_S1,2026-01-01 00:00:00,,,,,,,,,,,,,,,,,,726.0,0.9985187838216195,0.0014812161783804708,,,,,0.0014812161783804708,0.5,0.5,0.5,0.11231308877786499,0.27807827219446624
P31,S2,zenodo_S2,2026-01-01 00:00:00,,,,,,,,,,,,,,,,,,264.0,0.9999998445329729,1.5546702717356623e-07,,,,,1.5546702717356623e-07,0.5,0.5,0.5,0.2599743636189447,0.31499359090473616
P31,S3,zenodo_S3,2026-01-01 00:00:00,,,,,,,,,,,,,,,,,,1020.0,0.9999671356723319,3.286432766813684e-05,,,,,3.286432766813684e-05,0.5,0.5,0.5,0.016752926282795493,0.25418823157069886
P32,S1,zenodo_S1,2026-01-01 00:00:00,,,,,,,1.0,1.0,2.0,4.0,1.0,2.333333333333333,,,,,,,,,,,0.6666666666666666,0.9090909090909091,0.7878787878787878,0.5,0.9154259718775848,0.5,0.5,0.5508261899390932
P32,S2,zenodo_S2,2026-01-01 00:00:00,,,,,,,1.0,1.0,1.0,2.0,1.0,1.6666666666666667,,,,,,,,,,,0.6666666666666666,0.6136363636363636,0.6401515151515151,0.5,0.967328370554177,0.5,0.5,0.526869971426423
P32,S3,zenodo_S3,2026-01-01 00:00:00,,,,,,,4.0,1.0,4.0,5.0,2.0,3.333333333333333,,,,,,,,,,,0.6666666666666666,0.6363636363636364,0.6515151515151515,0.5,0.8160010175873929,0.5,0.5,0.49187904227563606
P32,S1,zenodo_S1,2026-01-01 00:00:00,,,,,,,,,,,,,,,,,,140.0,0.9987882677271207,0.0012117322728792835,,,,,0.0012117322728792835,0.5,0.5,0.5,0.30067912138655273,0.3251697803466382
P32,S2,zenodo_S2,2026-01-01 00:00:00,,,,,,,,,,,,,,,,,,65.0,0.9999840454070045,1.5954592995483365e-05,,,,,1.5954592995483365e-05,0.5,0.5,0.5,0.32401321039790437,0.3310033025994761
P32,S3,zenodo_S3,2026-01-01 00:00:00,,,,,,,,,,,,,,,,,,1062.0,0.9951521481140558,0.004847851885944136,,,,,0.004847851885944136,0.5,0.5,0.5,0.0064494044747993124,0.25161235111869984
P33,S1,zenodo_S1,2026-01-01 00:00:00,78.56,,,2.59,2.59,32.75,2.0,2.0,3.0,3.0,2.0,2.833333333333333,,,,,,,,,,,0.6666666666666666,0.75,0.7083333333333333,0.4876657982540336,0.8957932012102215,0.5,0.5,0.5229480831993971
P33,S2,zenodo_S2,2026-01-01 00:00:00,74.34,,,1.46,1.46,32.76,4.0,4.0,5.0,4.0,4.0,4.166666666666667,,,,,,,,,,,0.6666666666666666,0.7727272727272727,0.7196969696969697,0.6787235857824093,0.7921149220756606,0.5,0.5,0.5476338693887599
P33,S3,zenodo_S3,2026-01-01 00:00:00,65.15,,,0.62,0.62,32.9,,,,,,,,,,,,,,,,,0.6666666666666666,,0.6666666666666666,0.8639075521428463,0.5,0.5,0.5,0.5076435547023782
P33,S1,zenodo_S1,2026-01-01 00:00:00,,,,,,,,,,,,,,,,,,432.0,0.9915909459744314,0.008409054025568621,,,,,0.008409054025568621,0.5,0.5,0.5,0.21152624193725164,0.3028815604843129
P33,S2,zenodo_S2,2026-01-01 00:00:00,,,,,,,,,,,,,,,,,,43.0,0.999999996946283,3.0537169297304064e-09,,,,,3.0537169297304064e-09,0.5,0.5,0.5,0.3310810831168924,0.3327702707792231
P33,S3,zenodo_S3,2026-01-01 00:00:00,,,,,,,,,,,,,,,,,,236.0,0.9995391383279516,0.0004608616720484349,,,,,0.0004608616720484349,0.5,0.5,0.5,0.2692905100979679,0.317322627524492
P37,S1,zenodo_S1,2026-01-01 00:00:00,66.06,,,2.54,2.54,33.06,5.0,4.0,6.0,1.0,1.0,4.0,,,,,,,,,,,0.3333333333333333,0.8181818181818182,0.5757575757575758,0.5839148650913356,0.877016129032258,0.5,0.5,0.5091721424702923
P37,S1,zenodo_S1,2026-01-01 00:00:00,64.78,,,2.26,2.26,33.25,5.0,4.0,6.0,1.0,1.0,4.0,,,,,,,,,,,0.3333333333333333,0.8181818181818182,0.5757575757575758,0.6329274646921705,0.877016129032258,0.5,0.5,0.5214252923705011
P37,S2,zenodo_S2,2026-01-01 00:00:00,65.55,,,2.34,2.34,32.99,1.0,3.0,4.0,2.0,1.0,2.833333333333333,,,,,,,,,,,0.3333333333333333,0.75,0.5416666666666666,0.6160412572177277,0.943806865177833,0.5,0.5,0.5253786972655567
P37,S3,zenodo_S3,2026-01-01 00:00:00,,,,,,,1.0,1.0,1.0,4.0,3.0,2.1666666666666665,,,,,,,,,,,0.3333333333333333,0.6590909090909091,0.4962121212121212,0.5,0.892470397457664,0.5,0.5,0.4721706296674463
P37,S1,zenodo_S1,2026-01-01 00:00:00,,,,,,,,,,,,,,,,,,256.0,0.9992672325131072,0.0007327674868927631,,,,,0.0007327674868927631,0.5,0.5,0.5,0.26303677420619104,0.31575919355154775
P37,S2,zenodo_S2,2026-01-01 00:00:00,,,,,,,,,,,,,,,,,,49.0,0.999999996946283,3.0537169297304064e-09,,,,,3.0537169297304064e-09,0.5,0.5,0.5,0.32915058118639046,0.3322876452965976
P37,S3,zenodo_S3,2026-01-01 00:00:00,,,,,,,,,,,,,,,,,,601.0,0.8846827343496731,0.11531726565032684,,,,,0.11531726565032684,0.5,0.5,0.5,0.22842257864461946,0.30710564466115486
P38,S1,zenodo_S1,2026-01-01 00:00:00,,,,,,,2.0,1.0,2.0,2.0,1.0,2.5,,,,,,,,,,,0.8863636363636364,0.8863636363636364,0.8863636363636364,0.5,0.9349022952853598,0.5,0.5,0.580316482912249
P38,S2,zenodo_S2,2026-01-01 00:00:00,,,,,,,5.0,1.0,4.0,4.0,1.0,3.5,,,,,,,,,,,0.75,0.75,0.75,0.5,0.8294044665012407,0.5,0.5,0.5198511166253101
P38,S3,zenodo_S3,2026-01-01 00:00:00,,,,,,,5.0,1.0,4.0,5.0,2.0,4.0,,,,,,,,,,,0.7045454545454546,0.7045454545454546,0.7045454545454546,0.5,0.7869351573723391,0.5,0.5,0.4978701529794484
P38,S1,zenodo_S1,2026-01-01 00:00:00,,,,,,,,,,,,,,,,,,85.0,0.9998970615739409,0.00010293842605915155,,,,,0.00010293842605915155,0.5,0.5,0.5,0.31763619318494035,0.3294090482962351
P38,S2,zenodo_S2,2026-01-01 00:00:00,,,,,,,,,,,,,,,,,,361.0,0.9999999203231982,7.967680186105765e-08,,,,,7.967680186105765e-08,0.5,0.5,0.5,0.22876453188234666,0.30719113297058664
P38,S3,zenodo_S3,2026-01-01 00:00:00,,,,,,,,,,,,,,,,,,1020.0,0.9926509729990797,0.0073490270009202744,,,,,0.0073490270009202744,0.5,0.5,0.5,0.0216303680649636,0.2554075920162409
P39,S1,zenodo_S1,2026-01-01 00:00:00,,,,,,,4.0,1.0,2.0,3.0,4.0,3.0,,,,,,,,,,,0.6666666666666666,0.6818181818181818,0.6742424242424242,0.5,0.8348671966827739,0.5,0.5,0.5022774052312995
P39,S2,zenodo_S2,2026-01-01 00:00:00,,,,,,,5.0,1.0,4.0,3.0,2.0,3.333333333333333,,,,,,,,,,,0.6666666666666666,0.7272727272727273,0.696969696969697,0.5,0.8388375560489313,0.5,0.5,0.5089518132546571
P39,S3,zenodo_S3,2026-01-01 00:00:00,,,,,,,6.0,4.0,7.0,5.0,5.0,5.166666666666667,,,,,,,,,,,0.6666666666666666,0.5681818181818182,0.6174242424242424,0.5,0.7083149677854687,0.5,0.5,0.45643480255242774
P39,S1,zenodo_S1,2026-01-01 00:00:00,,,,,,,,,,,,,,,,,,395.0,0.9934295957464621,0.006570404253537909,,,,,0.006570404253537909,0.5,0.5,0.5,0.22220523732732644,0.3055513093318316
P39,S2,zenodo_S2,2026-01-01 00:00:00,,,,,,,,,,,,,,,,,,524.0,0.9999078893353187,9.211066468133621e-05,,,,,9.211066468133621e-05,0.5,0.5,0.5,0.17638058342896387,0.29409514585724095
P39,S3,zenodo_S3,2026-01-01 00:00:00,,,,,,,,,,,,,,,,,,597.0,,,,,,,,0.5,0.5,0.5,0.4584942084942085,0.36462355212355213
P41,S1,zenodo_S1,2026-01-01 00:00:00,64.64,,,0.12,0.12,33.28,3.0,1.0,1.0,1.0,5.0,2.5,,,,,,,,,,,0.45454545454545453,0.45454545454545453,0.45454545454545453,0.9387689870042811,0.8858764855687606,0.5,0.5,0.5697977317796241
P41,S2,zenodo_S2,2026-01-01 00:00:00,,,,,,,1.0,1.0,1.0,1.0,2.0,1.6666666666666667,,,,,,,,,,,0.5454545454545454,0.5454545454545454,0.5454545454545454,0.5,0.9734012450481041,0.5,0.5,0.5047139476256624
P41,S3,zenodo_S3,2026-01-01 00:00:00,,,,,,,2.0,1.0,2.0,2.0,2.0,2.0,,,,,,,,,,,0.4090909090909091,0.4090909090909091,0.4090909090909091,0.5,0.9318250457098081,0.5,0.5,0.4602289887001793
P41,S2,zenodo_S2,2026-01-01 00:00:00,64.21,,,1.03,1.03,32.97,,,,,,,,,,,,,,,,,,,,0.8122053110288405,0.5,0.5,0.5,0.45305132775721013
P41,S3,zenodo_S3,2026-01-01 00:00:00,63.18,,,1.37,1.37,33.22,,,,,,,,,,,,,,,,,,,,0.7711162911162912,0.5,0.5,0.5,0.4427790727790728
P41,S1,zenodo_S1,2026-01-01 00:00:00,,,,,,,,,,,,,,,,,,291.0,0.9999803807948093,1.961920519063782e-05,,,,,1.961920519063782e-05,0.5,0.5,0.5,0.2513000807571284,0.3128250201892821
P41,S2,zenodo_S2,2026-01-01 00:00:00,,,,,,,,,,,,,,,,,,362.0,0.9999994672475655,5.327524344984715e-07,,,,,5.327524344984715e-07,0.5,0.5,0.5,0.22844308361101814,0.3071107709027545
P41,S3,zenodo_S3,2026-01-01 00:00:00,,,,,,,,,,,,,,,,,,1020.0,0.9993481659126495,0.0006518340873505236,,,,,0.0006518340873505236,0.5,0.5,0.5,0.0171655727892504,0.2542913931973126
P47,S1,zenodo_S1,2026-01-01 00:00:00,,,,,,,6.0,1.0,6.0,5.0,7.0,4.833333333333333,,,,,,,,,,,0.45454545454545453,0.45454545454545453,0.45454545454545453,0.5,0.6887196084193113,0.5,0.5,0.41081626574119146
P47,S2,zenodo_S2,2026-01-01 00:00:00,77.42,,,0.01,0.01,32.78,6.0,1.0,7.0,5.0,6.0,4.333333333333333,,,,,,,,,,,0.5454545454545454,0.5454545454545454,0.5454545454545454,0.8633155080213903,0.7119581483174438,0.5,0.5,0.5301820504483449
P47,S3,zenodo_S3,2026-01-01 00:00:00,68.22,,,0.01,0.01,31.63,7.0,1.0,6.0,6.0,6.0,4.5,,,,,,,,,,,0.5909090909090909,0.5909090909090909,0.5909090909090909,0.9289126559714794,0.6737421640329111,0.5,0.5,0.5483909777283703
P47,S1,zenodo_S1,2026-01-01 00:00:00,70.47,,,0.01,0.01,30.38,,,,,,,,,,,,,,,,,,,,0.9128698752228165,0.5,0.5,0.5,0.47821746880570415
P47,S1,zenodo_S1,2026-01-01 00:00:00,,,,,,,,,,,,,,,,,,321.0,0.9999820575916728,1.794240832718141e-05,,,,,1.794240832718141e-05,0.5,0.5,0.5,0.24164645324004308,0.31041161331001077
P47,S2,zenodo_S2,2026-01-01 00:00:00,,,,,,,,,,,,,,,,,,60.0,0.9999998445329729,1.5546702717356623e-07,,,,,1.5546702717356623e-07,0.5,0.5,0.5,0.3256114292560104,0.3314028573140026
P47,S3,zenodo_S3,2026-01-01 00:00:00,,,,,,,,,,,,,,,,,,652.0,0.0,1.0,,,,,1.0,0.5,0.5,0.5,0.8018018018018017,0.4504504504504504
P48,S1,zenodo_S1,2026-01-01 00:00:00,59.63,,,0.18,0.18,33.66,,,,,,,,,,,,,,,,,,,,0.9659439035909624,0.5,0.5,0.5,0.49148597589774057
P48,S1,zenodo_S1,2026-01-01 00:00:00,,,,,,,6.0,1.0,4.0,6.0,5.0,4.166666666666667,,,,,,,,,,,0.6590909090909091,0.6590909090909091,0.6590909090909091,0.5,0.7092454888772801,0.5,0.5,0.4670840994920473
P48,S2,zenodo_S2,2026-01-01 00:00:00,61.32,,,0.36,0.36,32.99,6.0,1.0,4.0,6.0,4.0,4.5,,,,,,,,,,,0.5681818181818182,0.5681818181818182,0.5681818181818182,0.9282529670764964,0.7156829535065953,0.5,0.5,0.5530294346912275
P48,S3,zenodo_S3,2026-01-01 00:00:00,60.08,,,0.25,0.25,33.61,6.0,1.0,4.0,6.0,3.0,4.0,,,,,,,,,,,0.6136363636363636,0.6136363636363636,0.6136363636363636,0.9527638374697198,0.7389214934047277,0.5,0.5,0.5763304236277028
P48,S1,zenodo_S1,2026-01-01 00:00:00,,,,,,,,,,,,,,,,,,596.0,0.9999981206801338,1.8793198662045968e-06,,,,,1.8793198662045968e-06,0.5,0.5,0.5,0.15315440603306393,0.28828860150826596
P48,S2,zenodo_S2,2026-01-01 00:00:00,,,,,,,,,,,,,,,,,,375.0,0.9999999711276348,2.887236511311241e-08,,,,,2.887236511311241e-08,0.5,0.5,0.5,0.22425999350821768,0.3060649983770544
P48,S3,zenodo_S3,2026-01-01 00:00:00,,,,,,,,,,,,,,,,,,1023.0,0.8244459669423077,0.1755540330576923,,,,,0.1755540330576923,0.5,0.5,0.5,0.1328017878042273,0.28320044695105684
P50,S1,zenodo_S1,2026-01-01 00:00:00,81.43,,,0.2,0.2,32.29,,,,,,,,,,,,,,,,,,,,0.8076581805993571,0.5,0.5,0.5,0.4519145451498393
P50,S2,zenodo_S2,2026-01-01 00:00:00,84.73,,,0.02,0.02,29.81,,,,,,,,,,,,,,,,,,,,0.8097697944756769,0.5,0.5,0.5,0.45244244861891925
P50,S3,zenodo_S3,2026-01-01 00:00:00,83.5,,,0.05,0.05,31.6,,,,,,,,,,,,,,,,,,,,0.8142663436781085,0.5,0.5,0.5,0.45356658591952714
P50,S1,zenodo_S1,2026-01-01 00:00:00,,,,,,,2.0,1.0,6.0,3.0,1.0,3.0,,,,,,,,,,,0.6666666666666666,0.5909090909090909,0.6287878787878788,0.5,0.9055908808933002,0.5,0.5,0.5085946899202948
P50,S2,zenodo_S2,2026-01-01 00:00:00,,,,,,,4.0,1.0,3.0,4.0,1.0,3.0,,,,,,,,,,,0.6666666666666666,0.5454545454545454,0.606060606060606,0.5,0.855110111662531,0.5,0.5,0.49029267943078425
P50,S3,zenodo_S3,2026-01-01 00:00:00,,,,,,,6.0,2.0,5.0,6.0,3.0,3.8333333333333335,,,,,,,,,,,0.6666666666666666,0.5227272727272727,0.5946969696969697,0.5,0.7422817084584912,0.5,0.5,0.4592446695388652
P50,S1,zenodo_S1,2026-01-01 00:00:00,,,,,,,,,,,,,,,,,,298.0,0.9992672325131072,0.0007327674868927631,,,,,0.0007327674868927631,0.5,0.5,0.5,0.24952326069267752,0.3123808151731694
P50,S2,zenodo_S2,2026-01-01 00:00:00,,,,,,,,,,,,,,,,,,326.0,0.9999999212368132,7.876318673255621e-08,,,,,7.876318673255621e-08,0.5,0.5,0.5,0.24002579253453118,0.31000644813363276
P50,S3,zenodo_S3,2026-01-01 00:00:00,,,,,,,,,,,,,,,,,,558.0,,,,,,,,0.5,0.5,0.5,0.49613899613899615,0.37403474903474904
P51,S2,zenodo_S2,2026-01-01 00:00:00,81.81,,,0.18,0.18,32.04,,,,,,,,,,,,,,,,,,,,0.8077977360330301,0.5,0.5,0.5,0.4519494340082575
P51,S3,zenodo_S3,2026-01-01 00:00:00,78.5,,,0.61,0.61,32.97,,,,,,,,,,,,,,,,,,,,0.7701448877919467,0.5,0.5,0.5,0.4425362219479867
P51,S1,zenodo_S1,2026-01-01 00:00:00,76.52,,,0.73,0.73,33.38,4.0,2.0,4.0,4.0,3.0,3.5,,,,,,,,,,,0.3333333333333333,0.5909090909090909,0.46212121212121215,0.7671685177567532,0.8187136770275565,0.5,0.5,0.5120008517263804
P51,S2,zenodo_S2,2026-01-01 00:00:00,,,,,,,5.0,4.0,3.0,5.0,5.0,4.166666666666667,,,,,,,,,,,0.3333333333333333,0.5454545454545454,0.43939393939393934,0.5,0.7441012581080493,0.5,0.5,0.4208737993754972
P51,S3,zenodo_S3,2026-01-01 00:00:00,,,,,,,5.0,3.0,5.0,6.0,6.0,4.5,,,,,,,,,,,0.3333333333333333,0.5681818181818182,0.4507575757575758,0.5,0.7049921640329111,0.5,0.5,0.4139374349476217
P51,S1,zenodo_S1,2026-01-01 00:00:00,,,,,,,,,,,,,,,,,,75.0,0.9988283464599943,0.0011716535400056833,,,,,0.0011716535400056833,0.5,0.5,0.5,0.3215661731450746,0.33039154328626863
P51,S2,zenodo_S2,2026-01-01 00:00:00,,,,,,,,,,,,,,,,,,45.0,0.9998214993056375,0.00017850069436255162,,,,,0.00017850069436255162,0.5,0.5,0.5,0.3305565809004888,0.33263914522512217
P51,S3,zenodo_S3,2026-01-01 00:00:00,,,,,,,,,,,,,,,,,,782.0,0.7103991745331493,0.28960082546685073,,,,,0.28960082546685073,0.5,0.5,0.5,0.2863748102854938,0.32159370257137343
P52,S1,zenodo_S1,2026-01-01 00:00:00,,,,,,,5.0,1.0,1.0,2.0,2.0,3.0,,,,,,,,,,,0.8636363636363636,0.8636363636363636,0.8636363636363636,0.5,0.8647887553872273,0.5,0.5,0.5571062797558978
P52,S2,zenodo_S2,2026-01-01 00:00:00,,,,,,,6.0,2.0,5.0,6.0,5.0,4.5,,,,,,,,,,,0.6818181818181818,0.6818181818181818,0.6818181818181818,0.5,0.7025250587697531,0.5,0.5,0.4710858101469837
P52,S3,zenodo_S3,2026-01-01 00:00:00,,,,,,,7.0,4.0,7.0,5.0,6.0,5.166666666666667,,,,,,,,,,,0.5681818181818182,0.5681818181818182,0.5681818181818182,0.5,0.6795320730486265,0.5,0.5,0.4369284728076112
P52,S1,zenodo_S1,2026-01-01 00:00:00,101.44,,,0.45,0.45,32.08,,,,,,,,,,,,,,,,,,,,0.6293718481953776,0.5,0.5,0.5,0.40734296204884446
P52,S2,zenodo_S2,2026-01-01 00:00:00,100.56,,,0.08,0.08,30.81,,,,,,,,,,,,,,,,,,,,0.6883529107058518,0.5,0.5,0.5,0.4220882276764629
P52,S3,zenodo_S3,2026-01-01 00:00:00,100.44,,,0.15,0.15,31.67,,,,,,,,,,,,,,,,,,,,0.6792370157076039,0.5,0.5,0.5,0.41980925392690094
P52,S1,zenodo_S1,2026-01-01 00:00:00,,,,,,,,,,,,,,,,,,581.0,0.9999851865165389,1.4813483461057324e-05,,,,,1.4813483461057324e-05,0.5,0.5,0.5,0.1579892836350487,0.2894973209087622
P52,S2,zenodo_S2,2026-01-01 00:00:00,,,,,,,,,,,,,,,,,,172.0,0.999990529830996,9.47016900404279e-06,,,,,9.47016900404279e-06,0.5,0.5,0.5,0.28958160302129227,0.3223954007553231
P52,S3,zenodo_S3,2026-01-01 00:00:00,,,,,,,,,,,,,,,,,,1020.0,0.9974361951481912,0.0025638048518088156,,,,,0.0025638048518088156,0.5,0.5,0.5,0.018440219965555955,0.254610054991389
P53,S1,zenodo_S1,2026-01-01 00:00:00,,,,,,,2.0,1.0,5.0,2.0,1.0,3.0,,,,,,,,,,,0.7954545454545454,0.7954545454545454,0.7954545454545454,0.5,0.9248216501240695,0.5,0.5,0.5550690488946537
P53,S2,zenodo_S2,2026-01-01 00:00:00,,,,,,,4.0,2.0,1.0,5.0,3.0,2.833333333333333,,,,,,,,,,,0.6590909090909091,0.6590909090909091,0.6590909090909091,0.5,0.8129237680118411,0.5,0.5,0.49300366927568756
P53,S3,zenodo_S3,2026-01-01 00:00:00,,,,,,,7.0,6.0,1.0,1.0,6.0,3.6666666666666665,,,,,,,,,,,0.5681818181818182,0.5681818181818182,0.5681818181818182,0.5,0.7866970854555744,0.5,0.5,0.4637197259093482
P53,S1,zenodo_S1,2026-01-01 00:00:00,69.95,,,0.69,0.69,32.83,,,,,,,,,,,,,,,,,,,,0.8197114432408551,0.5,0.5,0.5,0.45492786081021375
P53,S2,zenodo_S2,2026-01-01 00:00:00,71.2,,,0.89,0.89,31.38,,,,,,,,,,,,,,,,,,,,0.782308758779347,0.5,0.5,0.5,0.44557718969483673
P53,S3,zenodo_S3,2026-01-01 00:00:00,70.71,,,1.93,1.93,32.5,,,,,,,,,,,,,,,,,,,,0.637654371772019,0.5,0.5,0.5,0.4094135929430047
P53,S1,zenodo_S1,2026-01-01 00:00:00,,,,,,,,,,,,,,,,,,285.0,0.9990427280441666,0.0009572719558333582,,,,,0.0009572719558333582,0.5,0.5,0.5,0.2538556845213921,0.31346392113034804
P53,S2,zenodo_S2,2026-01-01 00:00:00,,,,,,,,,,,,,,,,,,470.0,0.999999882221753,1.1777824698988226e-07,,,,,1.1777824698988226e-07,0.5,0.5,0.5,0.19369377221252507,0.2984234430531313
P53,S3,zenodo_S3,2026-01-01 00:00:00,,,,,,,,,,,,,,,,,,672.0,,,,,,,,0.5,0.5,0.5,0.3861003861003861,0.34652509652509655
P54,S1,zenodo_S1,2026-01-01 00:00:00,81.58,,,0.46,0.46,30.6,1.0,2.0,1.0,2.0,2.0,2.5,,,,,,,,,,,0.7272727272727273,0.7272727272727273,0.7272727272727273,0.7695516248457425,0.9373694005485177,0.5,0.5,0.6085484381667469
P54,S2,zenodo_S2,2026-01-01 00:00:00,77.81,,,0.48,0.48,30.66,2.0,3.0,2.0,3.0,3.0,3.0,,,,,,,,,,,0.7727272727272727,0.7727272727272727,0.7727272727272727,0.7935831924067217,0.879275091419616,0.5,0.5,0.6113963891384027
P54,S3,zenodo_S3,2026-01-01 00:00:00,,,,,,,5.0,4.0,6.0,5.0,5.0,4.666666666666667,,,,,,,,,,,0.6818181818181818,0.6818181818181818,0.6818181818181818,0.5,0.734020612946759,0.5,0.5,0.47895969869123517
P54,S2,zenodo_S2,2026-01-01 00:00:00,77.0,,,0.77,0.77,30.53,,,,,,,,,,,,,,,,,,,,0.7580480521656993,0.5,0.5,0.5,0.43951201304142484
P54,S1,zenodo_S1,2026-01-01 00:00:00,,,,,,,,,,,,,,,,,,293.0,0.9999976693376336,2.33066236643521e-06,,,,,2.33066236643521e-06,0.5,0.5,0.5,0.2506450544184116,0.3126612636046029
P54,S2,zenodo_S2,2026-01-01 00:00:00,,,,,,,,,,,,,,,,,,428.0,0.9999999253070301,7.469296990204674e-08,,,,,7.469296990204674e-08,0.5,0.5,0.5,0.2072072570025205,0.30180181425063013
P54,S3,zenodo_S3,2026-01-01 00:00:00,,,,,,,,,,,,,,,,,,588.0,0.9505748841863998,0.04942511581360025,,,,,0.04942511581360025,0.5,0.5,0.5,0.18867723293622252,0.29716930823405563
P57,S1,zenodo_S1,2026-01-01 00:00:00,78.47,,,0.05,0.05,33.14,,,,,,,,,,,,,,,,,,,,0.8501308713073419,0.5,0.5,0.5,0.46253271782683547
P57,S3,zenodo_S3,2026-01-01 00:00:00,77.68,,,0.03,0.03,33.08,,,,,,,,,,,,,,,,,,,,0.8586126727303197,0.5,0.5,0.5,0.46465316818257996
P57,S3,zenodo_S3,2026-01-01 00:00:00,79.11,,,0.1,0.1,33.51,,,,,,,,,,,,,,,,,,,,0.8384450843274373,0.5,0.5,0.5,0.4596112710818593
P57,S1,zenodo_S1,2026-01-01 00:00:00,,,,,,,2.0,1.0,1.0,3.0,1.0,2.5,,,,,,,,,,,0.3333333333333333,0.6818181818181818,0.5075757575757576,0.5,0.9156715260545906,0.5,0.5,0.4808118209075871
P57,S2,zenodo_S2,2026-01-01 00:00:00,,,,,,,3.0,1.0,1.0,2.0,1.0,2.5,,,,,,,,,,,0.3333333333333333,0.6818181818181818,0.5075757575757576,0.5,0.9192772952853598,0.5,0.5,0.4817132632152794
P57,S3,zenodo_S3,2026-01-01 00:00:00,,,,,,,7.0,3.0,6.0,5.0,3.0,4.333333333333333,,,,,,,,,,,0.3333333333333333,0.8181818181818182,0.5757575757575758,0.5,0.7358068325279701,0.5,0.5,0.45289110207138644
P57,S1,zenodo_S1,2026-01-01 00:00:00,,,,,,,,,,,,,,,,,,143.0,0.9999517674801405,4.823251985953756e-05,,,,,4.823251985953756e-05,0.5,0.5,0.5,0.2989382039192886,0.3247345509798222
P57,S2,zenodo_S2,2026-01-01 00:00:00,,,,,,,,,,,,,,,,,,143.0,0.9999983578785533,1.6421214467650889e-06,,,,,1.6421214467650889e-06,0.5,0.5,0.5,0.29890714365368004,0.32472678591342
P57,S3,zenodo_S3,2026-01-01 00:00:00,,,,,,,,,,,,,,,,,,685.0,0.8587204406368103,0.14127955936318976,,,,,0.14127955936318976,0.5,0.5,0.5,0.21870374742616763,0.30467593685654193
P58,S1,zenodo_S1,2026-01-01 00:00:00,73.78,,,0.04,0.04,32.77,,,,,,,,,,,,,,,,,,,,0.8849956579368344,0.5,0.5,0.5,0.4712489144842086
P58,S2,zenodo_S2,2026-01-01 00:00:00,69.5,,,0.07,0.07,32.83,,,,,,,,,,,,,,,,,,,,0.911239087709676,0.5,0.5,0.5,0.477809771927419
P58,S3,zenodo_S3,2026-01-01 00:00:00,71.4,,,0.08,0.08,33.41,,,,,,,,,,,,,,,,,,,,0.8962673492085257,0.5,0.5,0.5,0.4740668373021314
P58,S1,zenodo_S1,2026-01-01 00:00:00,,,,,,,2.0,1.0,1.0,2.0,1.0,2.1666666666666665,,,,,,,,,,,1.0,0.6818181818181818,0.8409090909090908,0.5,0.9416227253928867,0.5,0.5,0.5706329540754944
P58,S2,zenodo_S2,2026-01-01 00:00:00,,,,,,,3.0,1.0,2.0,3.0,1.0,2.1666666666666665,,,,,,,,,,,1.0,0.6818181818181818,0.8409090909090908,0.5,0.9067669561621174,0.5,0.5,0.5619190117678021
P58,S3,zenodo_S3,2026-01-01 00:00:00,,,,,,,6.0,1.0,4.0,5.0,2.0,4.0,,,,,,,,,,,1.0,0.7045454545454546,0.8522727272727273,0.5,0.7713101573723391,0.5,0.5,0.5308957211612666
P58,S1,zenodo_S1,2026-01-01 00:00:00,,,,,,,,,,,,,,,,,,68.0,0.9999986027180227,1.397281977299763e-06,,,,,1.397281977299763e-06,0.5,0.5,0.5,0.32303825455864127,0.3307595636396603
P58,S2,zenodo_S2,2026-01-01 00:00:00,,,,,,,,,,,,,,,,,,45.0,0.9997871346849053,0.00021286531509463332,,,,,0.00021286531509463332,0.5,0.5,0.5,0.3305794906476435,0.3326448726619109
P58,S3,zenodo_S3,2026-01-01 00:00:00,,,,,,,,,,,,,,,,,,548.0,,,,,,,,0.5,0.5,0.5,0.5057915057915058,0.3764478764478765
P62,S1,zenodo_S1,2026-01-01 00:00:00,,,,,,,1.0,1.0,1.0,1.0,2.0,1.8333333333333333,,,,,,,,,,,0.3333333333333333,0.5681818181818182,0.4507575757575758,0.5,0.9700410299943407,0.5,0.5,0.4801996514379791
P62,S2,zenodo_S2,2026-01-01 00:00:00,,,,,,,2.0,2.0,2.0,2.0,2.0,2.5,,,,,,,,,,,0.3333333333333333,0.5909090909090909,0.46212121212121215,0.5,0.9217444005485177,0.5,0.5,0.47096640316743243
P62,S3,zenodo_S3,2026-01-01 00:00:00,,,,,,,6.0,4.0,6.0,6.0,6.0,5.333333333333333,,,,,,,,,,,0.3333333333333333,0.6136363636363636,0.4734848484848485,0.5,0.6725660887640939,0.5,0.5,0.4115127343122356
P62,S1,zenodo_S1,2026-01-01 00:00:00,,,,,,,,,,,,,,,,,,145.0,0.9987005718799196,0.0012994281200804725,,,,,0.0012994281200804725,0.5,0.5,0.5,0.29912883367593524,0.3247822084189838
P62,S2,zenodo_S2,2026-01-01 00:00:00,,,,,,,,,,,,,,,,,,43.0,0.9997805676379293,0.000219432362070721,,,,,0.000219432362070721,0.5,0.5,0.5,0.3312273693224615,0.33280684233061536
P62,S3,zenodo_S3,2026-01-01 00:00:00,,,,,,,,,,,,,,,,,,443.0,0.26005130846220037,0.7399486915377996,,,,,0.7399486915377996,0.5,0.5,0.5,0.6956800800728188,0.4239200200182047
P68,S1,zenodo_S1,2026-01-01 00:00:00,,,,,,,4.0,2.0,3.0,4.0,3.0,3.6666666666666665,,,,,,,,,,,0.5681818181818182,0.5681818181818182,0.5681818181818182,0.5,0.815353461973793,0.5,0.5,0.47088382003890283
P68,S2,zenodo_S2,2026-01-01 00:00:00,,,,,,,4.0,3.0,3.0,3.0,4.0,3.8333333333333335,,,,,,,,,,,0.6818181818181818,0.6818181818181818,0.6818181818181818,0.5,0.8180661214139567,0.5,0.5,0.49997107580803457
P68,S3,zenodo_S3,2026-01-01 00:00:00,,,,,,,6.0,5.0,6.0,5.0,5.0,5.333333333333333,,,,,,,,,,,0.5909090909090909,0.5909090909090909,0.5909090909090909,0.5,0.7049547527317053,0.5,0.5,0.448965960910199
P68,S1,zenodo_S1,2026-01-01 00:00:00,88.19,,,0.22,0.22,28.79,,,,,,,,,,,,,,,,,,,,0.7566095342565932,0.5,0.5,0.5,0.4391523835641483
P68,S2,zenodo_S2,2026-01-01 00:00:00,85.0,,,0.2899999999999999,0.2899999999999999,29.31,,,,,,,,,,,,,,,,,,,,0.769383122324299,0.5,0.5,0.5,0.44234578058107477
P68,S3,zenodo_S3,2026-01-01 00:00:00,86.03,,,0.41,0.41,28.95,,,,,,,,,,,,,,,,,,,,0.7449450767097825,0.5,0.5,0.5,0.4362362691774456
P68,S1,zenodo_S1,2026-01-01 00:00:00,,,,,,,,,,,,,,,,,,277.0,0.999983659498916,1.6340501083987887e-05,,,,,1.6340501083987887e-05,0.5,0.5,0.5,0.2558023994588951,0.3139505998647238
P68,S2,zenodo_S2,2026-01-01 00:00:00,,,,,,,,,,,,,,,,,,341.0,0.9999999736262137,2.6373786256656214e-08,,,,,2.6373786256656214e-08,0.5,0.5,0.5,0.23519950278200938,0.3087998756955024
P68,S3,zenodo_S3,2026-01-01 00:00:00,,,,,,,,,,,,,,,,,,1050.0,0.9846081740976269,0.015391825902373035,,,,,0.015391825902373035,0.5,0.5,0.5,0.017339724346755774,0.2543349310866889
P69,S1,zenodo_S1,2026-01-01 00:00:00,,,,,,,5.0,3.0,4.0,4.0,6.0,4.5,,,,,,,,,,,0.6818181818181818,0.6818181818181818,0.6818181818181818,0.5,0.7434537024944495,0.5,0.5,0.48131797107815777
P69,S2,zenodo_S2,2026-01-01 00:00:00,,,,,,,5.0,2.0,5.0,5.0,5.0,4.5,,,,,,,,,,,0.6590909090909091,0.6590909090909091,0.6590909090909091,0.5,0.7373808280005224,0.5,0.5,0.47411793427285787
P69,S3,zenodo_S3,2026-01-01 00:00:00,,,,,,,6.0,3.0,3.0,7.0,7.0,4.833333333333333,,,,,,,,,,,0.5454545454545454,0.5454545454545454,0.5454545454545454,0.5,0.6502580699577728,0.5,0.5,0.4239281538530796
P69,S1,zenodo_S1,2026-01-01 00:00:00,77.29,,,0.01,0.01,28.41,,,,,,,,,,,,,,,,,,,,0.8642424242424243,0.5,0.5,0.5,0.46606060606060606
P69,S2,zenodo_S2,2026-01-01 00:00:00,65.5,,,0.01,0.01,29.57,,,,,,,,,,,,,,,,,,,,0.9483065953654188,0.5,0.5,0.5,0.4870766488413547
P69,S3,zenodo_S3,2026-01-01 00:00:00,70.85,,,0.01,0.01,30.41,,,,,,,,,,,,,,,,,,,,0.9101604278074866,0.5,0.5,0.5,0.47754010695187166
P69,S1,zenodo_S1,2026-01-01 00:00:00,,,,,,,,,,,,,,,,,,767.0,0.9999833142760324,1.6685723967640655e-05,,,,,1.6685723967640655e-05,0.5,0.5,0.5,0.09814497194982656,0.2745362429874566
P69,S2,zenodo_S2,2026-01-01 00:00:00,,,,,,,,,,,,,,,,,,449.0,0.9999999979698757,2.0301242563646136e-09,,,,,2.0301242563646136e-09,0.5,0.5,0.5,0.20045045180386664,0.3001126129509667
P69,S3,zenodo_S3,2026-01-01 00:00:00,,,,,,,,,,,,,,,,,,1072.0,0.9980113570089375,0.0019886429910624917,,,,,0.0019886429910624917,0.5,0.5,0.5,0.001325761994041662,0.2503314404985104
P71,S1,zenodo_S1,2026-01-01 00:00:00,,,,,,,2.0,1.0,2.0,3.0,2.0,2.5,,,,,,,,,,,0.6666666666666666,0.6590909090909091,0.6628787878787878,0.5,0.9025136313177484,0.5,0.5,0.5163481047991341
P71,S2,zenodo_S2,2026-01-01 00:00:00,,,,,,,3.0,3.0,3.0,4.0,2.0,3.333333333333333,,,,,,,,,,,0.6666666666666666,0.6590909090909091,0.6628787878787878,0.5,0.850856786818162,0.5,0.5,0.5034338936742375
P71,S3,zenodo_S3,2026-01-01 00:00:00,,,,,,,6.0,7.0,6.0,6.0,4.0,5.666666666666667,,,,,,,,,,,0.6666666666666666,0.5909090909090909,0.6287878787878788,0.5,0.6921614481302512,0.5,0.5,0.4552373317295325
P71,S1,zenodo_S1,2026-01-01 00:00:00,,,,,,,,,,,,,,,,,,44.0,0.9997237651179607,0.0002762348820392626,,,,,0.0002762348820392626,0.5,0.5,0.5,0.33094348734735696,0.3327358718368392
P71,S2,zenodo_S2,2026-01-01 00:00:00,,,,,,,,,,,,,,,,,,48.0,0.9997871346849053,0.00021286531509463332,,,,,0.00021286531509463332,0.5,0.5,0.5,0.3296142396823926,0.33240355992059817
P71,S3,zenodo_S3,2026-01-01 00:00:00,,,,,,,,,,,,,,,,,,780.0,0.9453866663473347,0.05461333365266528,,,,,0.05461333365266528,0.5,0.5,0.5,0.1303599830528708,0.2825899957632177
P76,S1,zenodo_S1,2026-01-01 00:00:00,,,,,,,2.0,1.0,1.0,3.0,1.0,2.5,,,,,,,,,,,1.0,1.0,1.0,0.5,0.9156715260545906,0.5,0.5,0.6039178815136477
P76,S2,zenodo_S2,2026-01-01 00:00:00,,,,,,,4.0,1.0,1.0,4.0,1.0,3.0,,,,,,,,,,,0.9318181818181818,0.9318181818181818,0.9318181818181818,0.5,0.855110111662531,0.5,0.5,0.5717320733701782
P76,S3,zenodo_S3,2026-01-01 00:00:00,,,,,,,6.0,1.0,4.0,5.0,2.0,4.166666666666667,,,,,,,,,,,0.8181818181818182,0.8181818181818182,0.8181818181818182,0.5,0.7679499423185756,0.5,0.5,0.5215329401250985
P76,S1,zenodo_S1,2026-01-01 00:00:00,94.6,,,1.42,1.42,31.86,,,,,,,,,,,,,,,,,,,,0.5399652634946753,0.5,0.5,0.5,0.38499131587366886
P76,S2,zenodo_S2,2026-01-01 00:00:00,90.87,,,1.4,1.4,32.06,,,,,,,,,,,,,,,,,,,,0.5694096317625729,0.5,0.5,0.5,0.3923524079406432
P76,S3,zenodo_S3,2026-01-01 00:00:00,95.54,,,1.98,1.98,31.52,,,,,,,,,,,,,,,,,,,,0.4534908664320429,0.5,0.5,0.5,0.36337271660801074
P76,S1,zenodo_S1,2026-01-01 00:00:00,,,,,,,,,,,,,,,,,,291.0,0.9999877199775952,1.2280022404832873e-05,,,,,1.2280022404832873e-05,0.5,0.5,0.5,0.2512951879686045,0.3128237969921511
P76,S2,zenodo_S2,2026-01-01 00:00:00,,,,,,,,,,,,,,,,,,331.0,0.9999998445329729,1.5546702717356623e-07,,,,,1.5546702717356623e-07,0.5,0.5,0.5,0.2384170920616732,0.30960427301541826
P76,S3,zenodo_S3,2026-01-01 00:00:00,,,,,,,,,,,,,,,,,,929.0,0.9979217467836421,0.002078253216357892,,,,,0.002078253216357892,0.5,0.5,0.5,0.04739579815453462,0.2618489495386337
P77,S1,zenodo_S1,2026-01-01 00:00:00,95.05,,,0.01,0.01,31.49,2.0,1.0,2.0,3.0,3.0,2.1666666666666665,,,,,,,,,,,0.5227272727272727,0.5227272727272727,0.5227272727272727,0.7376114081996435,0.8960761666884333,0.5,0.5,0.5391037119038373
P77,S2,zenodo_S2,2026-01-01 00:00:00,95.5,,,0.01,0.01,32.08,3.0,3.0,3.0,3.0,2.0,2.833333333333333,,,,,,,,,,,0.5681818181818182,0.5681818181818182,0.5681818181818182,0.7344028520499108,0.8801682012102215,0.5,0.5,0.5456882178604877
P77,S3,zenodo_S3,2026-01-01 00:00:00,,,,,,,4.0,3.0,4.0,3.0,5.0,3.5,,,,,,,,,,,0.4090909090909091,0.4090909090909091,0.4090909090909091,0.5,0.8116286567846416,0.5,0.5,0.4301798914688877
P77,S3,zenodo_S3,2026-01-01 00:00:00,105.0,,,0.01,0.01,30.83,,,,,,,,,,,,,,,,,,,,0.6666666666666666,0.5,0.5,0.5,0.41666666666666663
P77,S1,zenodo_S1,2026-01-01 00:00:00,,,,,,,,,,,,,,,,,,295.0,0.9999953788111992,4.621188800830729e-06,,,,,4.621188800830729e-06,0.5,0.5,0.5,0.2500030807925339,0.3125007701981335
P77,S2,zenodo_S2,2026-01-01 00:00:00,,,,,,,,,,,,,,,,,,336.0,0.9999998445329729,1.5546702717356623e-07,,,,,1.5546702717356623e-07,0.5,0.5,0.5,0.23680834045292157,0.3092020851132304
P77,S3,zenodo_S3,2026-01-01 00:00:00,,,,,,,,,,,,,,,,,,368.0,0.9901689258215098,0.009831074178490183,,,,,0.009831074178490183,0.5,0.5,0.5,0.2330662759645533,0.30826656899113836
P78,S1,zenodo_S1,2026-01-01 00:00:00,58.77,,,0.14,0.14,30.26,,,,,,,,,,,,,,,,,,,,0.9777738165973461,0.5,0.5,0.5,0.49444345414933655
P78,S2,zenodo_S2,2026-01-01 00:00:00,58.25,,,0.16,0.16,30.04,,,,,,,,,,,,,,,,,,,,0.9786324786324787,0.5,0.5,0.5,0.4946581196581197
P78,S3,zenodo_S3,2026-01-01 00:00:00,61.69,,,0.26,0.26,29.65,,,,,,,,,,,,,,,,,,,,0.9398598351539528,0.5,0.5,0.5,0.4849649587884882
P78,S1,zenodo_S1,2026-01-01 00:00:00,,,,,,,3.0,1.0,2.0,2.0,1.0,2.6666666666666665,,,,,,,,,,,1.0,0.7727272727272727,0.8863636363636364,0.5,0.9159170802315963,0.5,0.5,0.5755701791488081
P78,S2,zenodo_S2,2026-01-01 00:00:00,,,,,,,3.0,2.0,4.0,5.0,1.0,3.1666666666666665,,,,,,,,,,,1.0,0.7045454545454546,0.8522727272727273,0.5,0.8481441273779984,0.5,0.5,0.5501042136626815
P78,S3,zenodo_S3,2026-01-01 00:00:00,,,,,,,6.0,2.0,5.0,4.0,2.0,3.6666666666666665,,,,,,,,,,,1.0,0.5454545454545454,0.7727272727272727,0.5,0.7972613567106351,0.5,0.5,0.5174971573594769
P78,S1,zenodo_S1,2026-01-01 00:00:00,,,,,,,,,,,,,,,,,,60.0,0.9985336411916493,0.0014663588083506686,,,,,0.0014663588083506686,0.5,0.5,0.5,0.32658889815022607,0.3316472245375565
P78,S2,zenodo_S2,2026-01-01 00:00:00,,,,,,,,,,,,,,,,,,105.0,0.9999924812210829,7.518778917150396e-06,,,,,7.518778917150396e-06,0.5,0.5,0.5,0.3111375736518392,0.3277843934129598
P78,S3,zenodo_S3,2026-01-01 00:00:00,,,,,,,,,,,,,,,,,,653.0,0.9199870576424375,0.08001294235756251,,,,,0.08001294235756251,0.5,0.5,0.5,0.18815534638509315,0.2970388365962733
P79,S1,zenodo_S1,2026-01-01 00:00:00,,,,,,,3.0,1.0,1.0,3.0,1.0,2.6666666666666665,,,,,,,,,,,0.3333333333333333,0.7272727272727273,0.5303030303030303,0.5,0.8966863110008272,0.5,0.5,0.48174733532596437
P79,S2,zenodo_S2,2026-01-01 00:00:00,,,,,,,2.0,1.0,3.0,3.0,2.0,3.0,,,,,,,,,,,0.3333333333333333,0.6818181818181818,0.5075757575757576,0.5,0.8924329861564582,0.5,0.5,0.475002185933054
P79,S3,zenodo_S3,2026-01-01 00:00:00,,,,,,,7.0,2.0,6.0,6.0,6.0,4.666666666666667,,,,,,,,,,,0.3333333333333333,0.5454545454545454,0.43939393939393934,0.5,0.6703819489791476,0.5,0.5,0.40244397209327176
P79,S1,zenodo_S1,2026-01-01 00:00:00,,,,,,,,,,,,,,,,,,153.0,0.9999986027180227,1.397281977299763e-06,,,,,1.397281977299763e-06,0.5,0.5,0.5,0.29568947720986394,0.323922369302466
P79,S2,zenodo_S2,2026-01-01 00:00:00,,,,,,,,,,,,,,,,,,50.0,0.9997838607137438,0.00021613928625621002,,,,,0.00021613928625621002,0.5,0.5,0.5,0.32897292168633296,0.3322432304215832
P79,S3,zenodo_S3,2026-01-01 00:00:00,,,,,,,,,,,,,,,,,,904.0,0.9572564353393714,0.04274356466062853,,,,,0.04274356466062853,0.5,0.5,0.5,0.08254976382780642,0.27063744095695164
P82,S1,zenodo_S1,2026-01-01 00:00:00,,,,,,,2.0,1.0,1.0,1.0,1.0,2.0,,,,,,,,,,,0.6363636363636364,0.6363636363636364,0.6363636363636364,0.5,0.9642137096774194,0.5,0.5,0.5251443365102639
P82,S2,zenodo_S2,2026-01-01 00:00:00,,,,,,,1.0,1.0,1.0,1.0,1.0,1.8333333333333333,,,,,,,,,,,0.6818181818181818,0.6818181818181818,0.6818181818181818,0.5,0.9831989247311828,0.5,0.5,0.5412542766373412
P82,S3,zenodo_S3,2026-01-01 00:00:00,,,,,,,3.0,2.0,5.0,6.0,6.0,4.0,,,,,,,,,,,0.5454545454545454,0.5454545454545454,0.5454545454545454,0.5,0.7463228091942014,0.5,0.5,0.4479443386621867
P82,S1,zenodo_S1,2026-01-01 00:00:00,,,,,,,,,,,,,,,,,,299.0,0.9999999543843396,4.561566035210075e-08,,,,,4.561566035210075e-08,0.5,0.5,0.5,0.24871302912343896,0.31217825728085974
P82,S2,zenodo_S2,2026-01-01 00:00:00,,,,,,,,,,,,,,,,,,358.0,0.9999999967224208,3.2775792413244325e-09,,,,,3.2775792413244325e-09,0.5,0.5,0.5,0.22972973191478255,0.3074324329786956
P82,S3,zenodo_S3,2026-01-01 00:00:00,,,,,,,,,,,,,,,,,,757.0,0.8200052694195292,0.17999473058047083,,,,,0.17999473058047083,0.5,0.5,0.5,0.22134783840499858,0.3053369596012496
P84,S1,zenodo_S1,2026-01-01 00:00:00,82.67,,,1.7,1.7,29.86,,,,,,,,,,,,,,,,,,,,0.5851416122004358,0.5,0.5,0.5,0.39628540305010895
P84,S2,zenodo_S2,2026-01-01 00:00:00,83.31,,,1.58,1.58,29.52,,,,,,,,,,,,,,,,,,,,0.5976723494370554,0.5,0.5,0.5,0.3994180873592639
P84,S3,zenodo_S3,2026-01-01 00:00:00,83.93,,,1.35,1.35,29.71,,,,,,,,,,,,,,,,,,,,0.6260152048387342,0.5,0.5,0.5,0.40650380120968355
P84,S1,zenodo_S1,2026-01-01 00:00:00,82.67,,,1.7,1.7,29.86,2.0,1.0,1.0,2.0,4.0,2.5,,,,,,,,,,,0.3333333333333333,0.7045454545454546,0.5189393939393939,0.5851416122004358,0.8954286110748335,0.5,0.5,0.49987740430366584
P84,S2,zenodo_S2,2026-01-01 00:00:00,83.31,,,1.58,1.58,29.52,3.0,1.0,2.0,3.0,4.0,3.0,,,,,,,,,,,0.3333333333333333,0.6818181818181818,0.5075757575757576,0.5976723494370554,0.8504921966827739,0.5,0.5,0.4889350759238967
P84,S3,zenodo_S3,2026-01-01 00:00:00,83.93,,,1.35,1.35,29.71,6.0,1.0,5.0,3.0,5.0,3.8333333333333335,,,,,,,,,,,0.3333333333333333,0.6136363636363636,0.4734848484848485,0.6260152048387342,0.7736582266771146,0.5,0.5,0.46828957000017435
P84,S1,zenodo_S1,2026-01-01 00:00:00,,,,,,,,,,,,,,,,,,36.0,0.999368251304538,0.0006317486954619608,,,,,0.0006317486954619608,0.5,0.5,0.5,0.3337544991303079,0.33343862478257696
P84,S2,zenodo_S2,2026-01-01 00:00:00,,,,,,,,,,,,,,,,,,65.0,0.9997871346849053,0.00021286531509463332,,,,,0.00021286531509463332,0.5,0.5,0.5,0.32414448421263714,0.33103612105315927
P84,S3,zenodo_S3,2026-01-01 00:00:00,,,,,,,,,,,,,,,,,,670.0,0.9568739538808062,0.04312604611919382,,,,,0.04312604611919382,0.5,0.5,0.5,0.1580943267564252,0.2895235816891063
P85,S3,zenodo_S3,2026-01-01 00:00:00,83.43,,,1.52,1.52,31.97,,,,,,,,,,,,,,,,,,,,0.6053637430108018,0.5,0.5,0.5,0.40134093575270047
P85,S1,zenodo_S1,2026-01-01 00:00:00,79.41,,,3.79,3.79,33.58,3.0,1.0,1.0,1.0,1.0,2.1666666666666665,,,,,,,,,,,0.0,0.75,0.375,0.3106650212532566,0.9452284946236559,0.5,0.5,0.40772337896922817
P85,S2,zenodo_S2,2026-01-01 00:00:00,77.4,,,4.69,4.69,34.06,5.0,1.0,2.0,5.0,3.0,3.6666666666666665,,,,,,,,,,,0.0,0.6590909090909091,0.32954545454545453,0.19679144385026737,0.7804976927430238,0.5,0.5,0.32670864778468645
P85,S3,zenodo_S3,2026-01-01 00:00:00,,,,,,,7.0,2.0,7.0,5.0,6.0,4.666666666666667,,,,,,,,,,,0.0,0.5681818181818182,0.2840909090909091,0.5,0.6896127182099169,0.5,0.5,0.3684259068252065
P85,S1,zenodo_S1,2026-01-01 00:00:00,,,,,,,,,,,,,,,,,,295.0,0.9999986027180227,1.397281977299763e-06,,,,,1.397281977299763e-06,0.5,0.5,0.5,0.25000093152131825,0.3125002328803296
P85,S2,zenodo_S2,2026-01-01 00:00:00,,,,,,,,,,,,,,,,,,321.0,0.999999996946283,3.0537169297304064e-09,,,,,3.0537169297304064e-09,0.5,0.5,0.5,0.2416344936703029,0.3104086234175757
P85,S3,zenodo_S3,2026-01-01 00:00:00,,,,,,,,,,,,,,,,,,644.0,0.9702685131660523,0.02973148683394763,,,,,0.02973148683394763,0.5,0.5,0.5,0.15753012893176946,0.28938253223294236
P87,S1,zenodo_S1,2026-01-01 00:00:00,,,,,,,3.0,1.0,4.0,4.0,2.0,3.333333333333333,,,,,,,,,,,0.7272727272727273,0.7272727272727273,0.7272727272727273,0.5,0.850856786818162,0.5,0.5,0.5195323785227224
P87,S2,zenodo_S2,2026-01-01 00:00:00,,,,,,,4.0,1.0,3.0,5.0,1.0,3.333333333333333,,,,,,,,,,,0.7045454545454546,0.7045454545454546,0.7045454545454546,0.5,0.8291589123242349,0.5,0.5,0.5084260917174224
P87,S3,zenodo_S3,2026-01-01 00:00:00,,,,,,,7.0,1.0,7.0,7.0,6.0,4.833333333333333,,,,,,,,,,,0.5454545454545454,0.5454545454545454,0.5454545454545454,0.5,0.647790964694615,0.5,0.5,0.4233113775372901
P87,S1,zenodo_S1,2026-01-01 00:00:00,68.45,,,0.11,0.11,31.48,,,,,,,,,,,,,,,,,,,,0.913027713027713,0.5,0.5,0.5,0.4782569282569282
P87,S2,zenodo_S2,2026-01-01 00:00:00,66.67,,,0.1,0.1,32.4,,,,,,,,,,,,,,,,,,,,0.9271438365556013,0.5,0.5,0.5,0.4817859591389003
P87,S3,zenodo_S3,2026-01-01 00:00:00,67.45,,,0.02,0.02,31.03,,,,,,,,,,,,,,,,,,,,0.9329783506254095,0.5,0.5,0.5,0.48324458765635236
P87,S1,zenodo_S1,2026-01-01 00:00:00,,,,,,,,,,,,,,,,,,283.0,0.9999820575916728,1.794240832718141e-05,,,,,1.794240832718141e-05,0.5,0.5,0.5,0.2538729654665553,0.3134682413666388
P87,S2,zenodo_S2,2026-01-01 00:00:00,,,,,,,,,,,,,,,,,,350.0,0.9999681825417038,3.1817458296188147e-05,,,,,3.1817458296188147e-05,0.5,0.5,0.5,0.23232494394259642,0.30808123598564907
P87,S3,zenodo_S3,2026-01-01 00:00:00,,,,,,,,,,,,,,,,,,773.0,0.9438435345605954,0.05615646543940455,,,,,0.05615646543940455,0.5,0.5,0.5,0.13364098982961592,0.28341024745740395
P90,S1,zenodo_S1,2026-01-01 00:00:00,83.14,,,0.11,0.11,31.44,4.0,2.0,4.0,3.0,3.0,3.333333333333333,,,,,,,,,,,0.6136363636363636,0.6136363636363636,0.6136363636363636,0.8082861800508859,0.8413046613120891,0.5,0.5,0.5658068012498347
P90,S2,zenodo_S2,2026-01-01 00:00:00,87.12,,,0.12,0.12,31.84,3.0,1.0,2.0,3.0,3.0,2.6666666666666665,,,,,,,,,,,0.5454545454545454,0.5454545454545454,0.5454545454545454,0.7784837820131938,0.8703705215271429,0.5,0.5,0.5485772122487205
P90,S3,zenodo_S3,2026-01-01 00:00:00,,,,,,,6.0,3.0,4.0,4.0,4.0,3.8333333333333335,,,,,,,,,,,0.22727272727272727,0.22727272727272727,0.22727272727272727,0.5,0.7675853521831875,0.5,0.5,0.3737145198639787
P90,S3,zenodo_S3,2026-01-01 00:00:00,84.75,,,0.09,0.09,30.73,,,,,,,,,,,,,,,,,,,,0.7996556820086232,0.5,0.5,0.5,0.44991392050215584
P90,S1,zenodo_S1,2026-01-01 00:00:00,,,,,,,,,,,,,,,,,,285.0,0.9999968930427894,3.106957210628128e-06,,,,,3.106957210628128e-06,0.5,0.5,0.5,0.2532195745223103,0.31330489363057756
P90,S2,zenodo_S2,2026-01-01 00:00:00,,,,,,,,,,,,,,,,,,310.0,0.999993081712868,6.918287131982056e-06,,,,,6.918287131982056e-06,0.5,0.5,0.5,0.24517835736516647,0.3112945893412916
P90,S3,zenodo_S3,2026-01-01 00:00:00,,,,,,,,,,,,,,,,,,589.0,0.9717417040625571,0.02825829593744287,,,,,0.02825829593744287,0.5,0.5,0.5,0.17424426936370066,0.29356106734092513
P91,S1,zenodo_S1,2026-01-01 00:00:00,82.53,,,0.07,0.07,31.94,2.0,1.0,2.0,3.0,1.0,2.5,,,,,,,,,,,0.8636363636363636,0.8636363636363636,0.8636363636363636,0.8183335618629736,0.9156715260545906,0.5,0.5,0.649410362888482
P91,S2,zenodo_S2,2026-01-01 00:00:00,,,,,,,5.0,1.0,2.0,3.0,2.0,3.1666666666666665,,,,,,,,,,,0.8181818181818182,0.8181818181818182,0.8181818181818182,0.5,0.8421977711026947,0.5,0.5,0.5400948973211283
P91,S3,zenodo_S3,2026-01-01 00:00:00,86.76,,,0.09,0.09,31.14,6.0,2.0,3.0,5.0,4.0,4.0,,,,,,,,,,,0.6363636363636364,0.6363636363636364,0.6363636363636364,0.785324131206484,0.7449943678986548,0.5,0.5,0.5416705338671938
P91,S3,zenodo_S3,2026-01-01 00:00:00,82.26,,,0.01,0.01,32.16,6.0,2.0,3.0,5.0,4.0,4.0,,,,,,,,,,,0.6363636363636364,0.6363636363636364,0.6363636363636364,0.8288057040998217,0.7449943678986548,0.5,0.5,0.5525409270905282
P91,S1,zenodo_S1,2026-01-01 00:00:00,,,,,,,,,,,,,,,,,,308.0,0.9999976693376336,2.33066236643521e-06,,,,,2.33066236643521e-06,0.5,0.5,0.5,0.2458187995921568,0.3114546998980392
P91,S2,zenodo_S2,2026-01-01 00:00:00,,,,,,,,,,,,,,,,,,417.0,0.9999999977791427,2.2208573109116754e-09,,,,,2.2208573109116754e-09,0.5,0.5,0.5,0.21074646222703228,0.3026866155567581
P91,S3,zenodo_S3,2026-01-01 00:00:00,,,,,,,,,,,,,,,,,,1020.0,0.997706758201808,0.002293241798191995,,,,,0.002293241798191995,0.5,0.5,0.5,0.01825984459647807,0.25456496114911953
P96,S1,zenodo_S1,2026-01-01 00:00:00,68.71,,,0.06,0.06,32.64,3.0,2.0,2.0,2.0,1.0,2.5,,,,,,,,,,,0.3333333333333333,0.8409090909090909,0.5871212121212122,0.9182963877081525,0.9192772952853598,0.5,0.5,0.6061737237786811
P96,S2,zenodo_S2,2026-01-01 00:00:00,68.24,,,0.08,0.08,32.29,2.0,2.0,2.0,2.0,1.0,2.5,,,,,,,,,,,0.3333333333333333,0.6363636363636364,0.48484848484848486,0.9187985435044258,0.9349022952853598,0.5,0.5,0.5846373309095676
P96,S3,zenodo_S3,2026-01-01 00:00:00,66.0,,,0.1,0.1,32.12,6.0,6.0,7.0,6.0,5.0,5.666666666666667,,,,,,,,,,,0.3333333333333333,0.5681818181818182,0.4507575757575758,0.9319210201563143,0.6790035533934091,0.5,0.5,0.5154205373268248
P96,S1,zenodo_S1,2026-01-01 00:00:00,,,,,,,,,,,,,,,,,,540.0,0.9910501789859666,0.008949821014033415,,,,,0.008949821014033415,0.5,0.5,0.5,0.1771377185138601,0.294284429628465
P96,S2,zenodo_S2,2026-01-01 00:00:00,,,,,,,,,,,,,,,,,,36.0,0.9997936076698628,0.0002063923301371738,,,,,0.0002063923301371738,0.5,0.5,0.5,0.33347092822009144,0.33336773205502285
P96,S3,zenodo_S3,2026-01-01 00:00:00,,,,,,,,,,,,,,,,,,409.0,0.9999942036646874,5.79633531257528e-06,,,,,5.79633531257528e-06,0.5,0.5,0.5,0.21332432754400507,0.3033310818860013
P97,S1,zenodo_S1,2026-01-01 00:00:00,58.59,,,0.08,0.08,33.27,1.0,1.0,1.0,1.0,1.0,1.6666666666666667,,,,,,,,,,,0.6666666666666666,0.6136363636363636,0.6401515151515151,0.9876042476042476,0.9865591397849462,0.5,0.5,0.6535787256351773
P97,S2,zenodo_S2,2026-01-01 00:00:00,60.06,,,0.13,0.13,33.71,1.0,1.0,2.0,2.0,1.0,2.333333333333333,,,,,,,,,,,0.6666666666666666,0.6818181818181818,0.6742424242424242,0.9700004570592805,0.9538875103391232,0.5,0.5,0.649532597910207
P97,S3,zenodo_S3,2026-01-01 00:00:00,60.29,,,0.16,0.16,33.51,5.0,1.0,5.0,3.0,4.0,3.6666666666666665,,,,,,,,,,,0.6666666666666666,0.5909090909090909,0.6287878787878788,0.9640870240870241,0.8058013364677201,0.5,0.5,0.5996690598356558
P97,S1,zenodo_S1,2026-01-01 00:00:00,,,,,,,,,,,,,,,,,,455.0,0.9999998667086867,1.332913133433026e-07,,,,,1.332913133433026e-07,0.5,0.5,0.5,0.19852003738082405,0.299630009345206
P97,S2,zenodo_S2,2026-01-01 00:00:00,,,,,,,,,,,,,,,,,,57.0,0.9997871346849053,0.00021286531509463332,,,,,0.00021286531509463332,0.5,0.5,0.5,0.3267184867866397,0.33167962169665993
P97,S3,zenodo_S3,2026-01-01 00:00:00,,,,,,,,,,,,,,,,,,537.0,0.9177769754949064,0.08222302450509353,,,,,0.08222302450509353,0.5,0.5,0.5,0.22695177180648451,0.30673794295162116
P98,S1,zenodo_S1,2026-01-01 00:00:00,,,,,,,3.0,1.0,4.0,2.0,4.0,3.5,,,,,,,,,,,0.8409090909090909,0.8409090909090909,0.8409090909090909,0.5,0.8596423207522528,0.5,0.5,0.5501378529153359
P98,S2,zenodo_S2,2026-01-01 00:00:00,,,,,,,3.0,1.0,1.0,3.0,2.0,2.833333333333333,,,,,,,,,,,0.7272727272727273,0.7272727272727273,0.7272727272727273,0.5,0.8801682012102215,0.5,0.5,0.5268602321207373
P98,S3,zenodo_S3,2026-01-01 00:00:00,,,,,,,7.0,2.0,7.0,7.0,7.0,5.166666666666667,,,,,,,,,,,0.5681818181818182,0.5681818181818182,0.5681818181818182,0.5,0.6279126398502459,0.5,0.5,0.42402361450801607
P98,S1,zenodo_S1,2026-01-01 00:00:00,,,,,,,,,,,,,,,,,,271.0,0.999988015882924,1.1984117075987472e-05,,,,,1.1984117075987472e-05,0.5,0.5,0.5,0.25772999713339173,0.31443249928334793
P98,S2,zenodo_S2,2026-01-01 00:00:00,,,,,,,,,,,,,,,,,,274.0,0.9999999977791427,2.2208573109116754e-09,,,,,2.2208573109116754e-09,0.5,0.5,0.5,0.2567567582373283,0.31418918955933206
P98,S3,zenodo_S3,2026-01-01 00:00:00,,,,,,,,,,,,,,,,,,767.0,,,,,,,,0.5,0.5,0.5,0.2944015444015444,0.3236003861003861
T08,S1,zenodo_S1,2026-01-01 00:00:00,,,,,,,5.0,2.0,5.0,6.0,5.0,4.166666666666667,,,,,,,,,,,0.38636363636363635,0.38636363636363635,0.38636363636363635,0.5,0.7248704888772801,0.5,0.5,0.4028085313102291
T08,S2,zenodo_S2,2026-01-01 00:00:00,,,,,,,5.0,2.0,3.0,6.0,6.0,4.0,,,,,,,,,,,0.45454545454545453,0.45454545454545453,0.45454545454545453,0.5,0.7150728091942014,0.5,0.5,0.417404565934914
T08,S3,zenodo_S3,2026-01-01 00:00:00,,,,,,,6.0,2.0,6.0,5.0,4.0,4.5,,,,,,,,,,,0.6363636363636364,0.6363636363636364,0.6363636363636364,0.5,0.7349137227373645,0.5,0.5,0.4678193397752502
T09,S1,zenodo_S1,2026-01-01 00:00:00,,,,,,,6.0,1.0,4.0,6.0,1.0,3.1666666666666665,,,,,,,,,,,0.6136363636363636,0.6136363636363636,0.6136363636363636,0.5,0.7820383581472291,0.5,0.5,0.47391868044589824
T09,S2,zenodo_S2,2026-01-01 00:00:00,,,,,,,7.0,1.0,7.0,4.0,1.0,3.5,,,,,,,,,,,0.5909090909090909,0.5909090909090909,0.5909090909090909,0.5,0.7981544665012407,0.5,0.5,0.47226588935258285
T09,S3,zenodo_S3,2026-01-01 00:00:00,,,,,,,7.0,1.0,4.0,6.0,1.0,3.333333333333333,,,,,,,,,,,0.75,0.75,0.75,0.5,0.7630531430934657,0.5,0.5,0.5032632857733664
T10,S1,zenodo_S1,2026-01-01 00:00:00,,,,,,,4.0,1.0,2.0,3.0,3.0,3.0,,,,,,,,,,,0.6818181818181818,0.6818181818181818,0.6818181818181818,0.5,0.848025091419616,0.5,0.5,0.5074608183094494
T10,S2,zenodo_S2,2026-01-01 00:00:00,,,,,,,5.0,1.0,4.0,5.0,5.0,4.0,,,,,,,,,,,0.7045454545454546,0.7045454545454546,0.7045454545454546,0.5,0.7474614731618128,0.5,0.5,0.48800173192681684
T10,S3,zenodo_S3,2026-01-01 00:00:00,,,,,,,6.0,1.0,4.0,5.0,5.0,4.333333333333333,,,,,,,,,,,0.8181818181818182,0.8181818181818182,0.8181818181818182,0.5,0.7251160430542858,0.5,0.5,0.510824465309026
T16,S1,zenodo_S1,2026-01-01 00:00:00,,,,,,,3.0,2.0,1.0,1.0,1.0,2.5,,,,,,,,,,,0.5909090909090909,0.5909090909090909,0.5909090909090909,0.5,0.938508064516129,0.5,0.5,0.507354288856305
T16,S2,zenodo_S2,2026-01-01 00:00:00,,,,,,,2.0,2.0,1.0,4.0,2.0,2.833333333333333,,,,,,,,,,,0.5909090909090909,0.5909090909090909,0.5909090909090909,0.5,0.8765624319794524,0.5,0.5,0.49186788072213583
T16,S3,zenodo_S3,2026-01-01 00:00:00,,,,,,,7.0,2.0,6.0,6.0,4.0,4.666666666666667,,,,,,,,,,,0.4772727272727273,0.4772727272727273,0.4772727272727273,0.5,0.6966977384528319,0.5,0.5,0.4184926164313898
T21,S1,zenodo_S1,2026-01-01 00:00:00,,,,,,,5.0,3.0,5.0,4.0,5.0,4.166666666666667,,,,,,,,,,,0.6136363636363636,0.6136363636363636,0.6136363636363636,0.5,0.7633320273388184,0.5,0.5,0.46924209774379555
T21,S2,zenodo_S2,2026-01-01 00:00:00,,,,,,,5.0,3.0,4.0,4.0,5.0,4.666666666666667,,,,,,,,,,,0.75,0.75,0.75,0.5,0.7532513821775282,0.5,0.5,0.5008128455443821
T21,S3,zenodo_S3,2026-01-01 00:00:00,,,,,,,7.0,6.0,7.0,6.0,7.0,5.666666666666667,,,,,,,,,,,0.7727272727272727,0.7727272727272727,0.7727272727272727,0.5,0.6370627639197248,0.5,0.5,0.47744750916174933
T22,S1,zenodo_S1,2026-01-01 00:00:00,,,,,,,1.0,2.0,1.0,4.0,1.0,2.0,,,,,,,,,,,0.8409090909090909,0.8409090909090909,0.8409090909090909,0.5,0.9221464019851117,0.5,0.5,0.5657638732235506
T22,S2,zenodo_S2,2026-01-01 00:00:00,,,,,,,2.0,1.0,1.0,2.0,1.0,1.6666666666666667,,,,,,,,,,,0.6590909090909091,0.6590909090909091,0.6590909090909091,0.5,0.951703370554177,0.5,0.5,0.5276985699112715
T22,S3,zenodo_S3,2026-01-01 00:00:00,,,,,,,1.0,1.0,1.0,6.0,3.0,2.1666666666666665,,,,,,,,,,,0.5227272727272727,0.5227272727272727,0.5227272727272727,0.5,0.8540088589961256,0.5,0.5,0.46918403293084954
T26,S1,zenodo_S1,2026-01-01 00:00:00,,,,,,,6.0,2.0,6.0,6.0,6.0,5.166666666666667,,,,,,,,,,,0.6818181818181818,0.6818181818181818,0.6818181818181818,0.5,0.6759263038178573,0.5,0.5,0.46443612140900975
T26,S2,zenodo_S2,2026-01-01 00:00:00,,,,,,,7.0,2.0,5.0,6.0,7.0,4.833333333333333,,,,,,,,,,,0.5,0.5,0.5,0.5,0.6538638391885421,0.5,0.5,0.4134659597971355
T26,S3,zenodo_S3,2026-01-01 00:00:00,,,,,,,7.0,2.0,6.0,7.0,5.0,5.666666666666667,,,,,,,,,,,0.7272727272727273,0.7272727272727273,0.7272727272727273,0.5,0.6441477841626398,0.5,0.5,0.46785512785884187
T29,S1,zenodo_S1,2026-01-01 00:00:00,,,,,,,6.0,2.0,3.0,4.0,6.0,3.8333333333333335,,,,,,,,,,,0.4318181818181818,0.4318181818181818,0.4318181818181818,0.5,0.7412695627095033,0.5,0.5,0.41827193613192126
T29,S2,zenodo_S2,2026-01-01 00:00:00,,,,,,,6.0,1.0,6.0,6.0,7.0,5.333333333333333,,,,,,,,,,,0.4318181818181818,0.4318181818181818,0.4318181818181818,0.5,0.6594081940272518,0.5,0.5,0.3978065939613584
T29,S3,zenodo_S3,2026-01-01 00:00:00,,,,,,,7.0,1.0,5.0,6.0,7.0,4.5,,,,,,,,,,,0.3409090909090909,0.3409090909090909,0.3409090909090909,0.5,0.660584269296069,0.5,0.5,0.37537334005128997
T30,S1,zenodo_S1,2026-01-01 00:00:00,,,,,,,3.0,2.0,3.0,3.0,6.0,3.6666666666666665,,,,,,,,,,,0.6136363636363636,0.6136363636363636,0.6136363636363636,0.5,0.8107355469940359,0.5,0.5,0.48109297765759995
T30,S2,zenodo_S2,2026-01-01 00:00:00,,,,,,,4.0,2.0,4.0,4.0,4.0,4.0,,,,,,,,,,,0.5909090909090909,0.5909090909090909,0.5909090909090909,0.5,0.795475137129424,0.5,0.5,0.4715960570096287
T30,S3,zenodo_S3,2026-01-01 00:00:00,,,,,,,4.0,2.0,5.0,5.0,7.0,4.0,,,,,,,,,,,0.6818181818181818,0.6818181818181818,0.6818181818181818,0.5,0.7367706836881285,0.5,0.5,0.47964721637657753
T33,S1,zenodo_S1,2026-01-01 00:00:00,,,,,,,7.0,1.0,4.0,7.0,7.0,4.5,,,,,,,,,,,0.18181818181818182,0.18181818181818182,0.18181818181818182,0.5,0.6413535000652997,0.5,0.5,0.3307929204708704
T33,S2,zenodo_S2,2026-01-01 00:00:00,,,,,,,7.0,1.0,2.0,7.0,7.0,4.166666666666667,,,,,,,,,,,0.13636363636363635,0.13636363636363635,0.13636363636363635,0.5,0.6480739301728266,0.5,0.5,0.32110939163411567
T33,S3,zenodo_S3,2026-01-01 00:00:00,,,,,,,7.0,1.0,6.0,7.0,7.0,4.833333333333333,,,,,,,,,,,0.0,0.0,0.0,0.5,0.6346330699577728,0.5,0.5,0.2836582674894432
robot_2,outdoor,robot_anomaly_outdoor,2026-04-25 13:24:52.041000+00:00,,,,,,,,,,,,,26.2922,0.48540000000000005,0.4404108108108108,50.074809997698374,42.4096,,1.0,0.0,0.9544228025556727,,,,0.6641360627631313,0.5,0.5,0.5464887577267998,0.3181409341852242,0.341157422978006
robot_2,hospital,robot_anomaly_hospital,2026-05-02 07:01:59.481000+00:00,,,,,,,,,,,,,27.0834,0.020000000000000018,0.24517162162162154,38.92765711090124,56.8573,,1.0,0.0,0.3315085912784568,,,,0.6100965922083657,0.5,0.5,0.7786963196589205,0.11050286375948559,0.3472997958546015
robot_1,warehouse,robot_anomaly_warehouse,2026-04-18 09:05:32.798000+00:00,,,,,,,,,,,,,40.0497,0.12760000000000005,0.33808648648648654,45.61617786488777,49.9816,,0.0,1.0,0.9830035357608089,,,,0.8894458629077887,0.5,0.5,0.6811297827057388,0.9943345119202697,0.5438660736565021
robot_1,lab,robot_anomaly_lab,2026-05-02 09:02:18.174000+00:00,,,,,,,,,,,,,36.0851,0.030000000000000027,0.20373783783783783,49.14167586402035,59.9234,,0.0,1.0,0.9076515104522052,,,,0.8690299105198465,0.5,0.5,0.7422702685218845,0.9692171701507352,0.552871859668155
robot_3,warehouse,robot_anomaly_warehouse,2026-04-13 15:32:02.581000+00:00,,,,,,,,,,,,,36.1184,0.05179999999999996,0.3904635135135135,41.50002108112327,46.1057,,0.0,1.0,0.9892221326220457,,,,0.9140170905119952,0.5,0.5,0.6976403066128641,0.9964073775406819,0.5485119210383865
robot_2,outdoor,robot_anomaly_outdoor,2026-04-23 05:56:13.041000+00:00,,,,,,,,,,,,,34.0031,0.027900000000000036,0.4241405405405405,50.074809997698374,43.6136,,0.0,1.0,0.9588890267353142,,,,0.9200158824812069,0.5,0.5,0.6512584758188238,0.9862963422451047,0.5343887045159821
robot_1,outdoor,robot_anomaly_outdoor,2026-04-20 00:03:15.991000+00:00,,,,,,,,,,,,,24.7596,0.06669999999999998,0.40304459459459463,32.28341037492993,45.1747,,0.0,1.0,0.9927113702623906,,,,0.8759189844585971,0.5,0.5,0.736582081556626,0.9975704567541301,0.558538134577689
robot_1,outdoor,robot_anomaly_outdoor,2026-04-15 01:10:31.304000+00:00,,,,,,,,,,,,,28.8164,0.054400000000000004,0.4066432432432432,32.28341037492993,44.9084,,0.0,1.0,0.9519105514546244,,,,0.9263816365657357,0.5,0.5,0.7360337073685944,0.9839701838182081,0.5550009727967006
robot_3,warehouse,robot_anomaly_warehouse,2026-04-21 18:58:36.830000+00:00,,,,,,,,,,,,,34.5467,0.017199999999999993,0.30619864864864865,41.50002108112327,52.3413,,1.0,0.0,0.974737919483903,,,,0.5983034382509554,0.5,0.5,0.739757628399762,0.32491263982796764,0.39116756705693234
robot_1,hospital,robot_anomaly_hospital,2026-04-17 17:24:07.787000+00:00,,,,,,,,,,,,,35.3921,0.06000000000000005,0.4363756756756757,39.72338368547231,42.7082,,0.0,1.0,0.9670771043979902,,,,0.9698673974225404,0.5,0.5,0.6859014952408626,0.9890257014659968,0.5437317991767148
robot_3,warehouse,robot_anomaly_warehouse,2026-05-08 13:55:42.817000+00:00,,,,,,,,,,,,,48.9262,0.07150000000000001,0.41800405405405405,41.50002108112327,44.0677,,0.0,1.0,0.9295794305564171,,,,0.9539127158065778,0.5,0.5,0.6764170961666407,0.976526476852139,0.5382358932546949
robot_1,lab,robot_anomaly_lab,2026-04-24 17:54:45.016000+00:00,,,,,,,,,,,,,268.3253,0.015700000000000047,0.9830351351351352,49.14167586402035,2.2554,,1.0,0.0,0.9461261708330748,,,,0.585291376619919,0.5,0.5,0.32811224236337855,0.3153753902776916,0.28587190816026753
robot_3,hospital,robot_anomaly_hospital,2026-04-22 10:40:12.885000+00:00,,,,,,,,,,,,,46.9143,0.07389999999999997,0.19762837837837832,37.431302275652754,60.3755,,0.0,1.0,0.9833136902177284,,,,0.8564863558017908,0.5,0.5,0.7835438016737376,0.9944378967392428,0.5694954246032451
robot_5,outdoor,robot_anomaly_outdoor,2026-05-08 20:52:10.980000+00:00,,,,,,,,,,,,,26.8516,0.034399999999999986,0.2865283783783784,26.119861519645806,53.7969,,0.0,1.0,0.9981700887041747,,,,0.9451923115617891,0.5,0.5,0.8175914554839684,0.9993900295680582,0.5792453712630067
robot_3,lab,robot_anomaly_lab,2026-04-26 14:21:05.943000+00:00,,,,,,,,,,,,,30.5415,0.055400000000000005,0.28949729729729734,25.56989703262559,53.5772,,0.0,1.0,0.9314248495750884,,,,0.9264813413375015,0.5,0.5,0.8125679368069345,0.9771416165250294,0.5724273883329909
robot_1,warehouse,robot_anomaly_warehouse,2026-05-06 01:07:02.273000+00:00,,,,,,,,,,,,,261.8001,0.02300000000000002,0.908727027027027,45.61617786488777,7.7542,,1.0,0.0,0.9172352831710192,,,,0.6443547820232238,0.5,0.5,0.3752918482795166,0.30574509439033976,0.2952592356674641
robot_2,lab,robot_anomaly_lab,2026-04-22 15:01:11.813000+00:00,,,,,,,,,,,,,49.0974,0.04620000000000002,0.4152554054054054,14.63679636698148,44.2711,,0.0,1.0,0.9891601017306618,,,,0.9508781903285298,0.5,0.5,0.8058398642099582,0.9963867005768873,0.5755566411967115
robot_5,outdoor,robot_anomaly_outdoor,2026-05-01 07:35:34.598000+00:00,,,,,,,,,,,,,35.5948,0.04730000000000001,0.18196351351351348,26.119861519645806,61.5347,,0.0,1.0,0.9727529309596179,,,,0.8903837771986265,0.5,0.5,0.8525715624127936,0.9909176436532059,0.5858723015164999
robot_5,lab,robot_anomaly_lab,2026-05-06 22:06:46.671000+00:00,,,,,,,,,,,,,25.662,0.0998,0.47224054054054054,44.31142771759781,40.0542,,0.0,1.0,0.976149122262887,,,,0.8765585341290343,0.5,0.5,0.6461585919974263,0.9920497074209623,0.5345520748545972
robot_1,outdoor,robot_anomaly_outdoor,2026-04-12 21:08:05.511000+00:00,,,,,,,,,,,,,29.1436,0.052000000000000046,0.35266756756756756,32.28341037492993,48.9026,,0.0,1.0,0.9560045902859624,,,,0.9578016376844574,0.5,0.5,0.7580090381918526,0.9853348634286542,0.5608359754051268
robot_5,hospital,robot_anomaly_hospital,2026-04-24 08:27:24.888000+00:00,,,,,,,,,,,,,40.556,0.03520000000000001,0.4511959459459459,33.69562591427044,41.6115,,1.0,0.0,0.9690155697537374,,,,0.5890870105203949,0.5,0.5,0.710690268562967,0.32300518991791244,0.38342386462021993
robot_1,hospital,robot_anomaly_hospital,2026-05-08 09:33:16.016000+00:00,,,,,,,,,,,,,20.6515,0.06220000000000003,0.34248918918918925,39.72338368547231,49.6558,,0.0,1.0,0.9735128093790708,,,,0.9665767870398279,0.5,0.5,0.7296705601893725,0.9911709364596902,0.5552103741622656
robot_1,outdoor,robot_anomaly_outdoor,2026-04-11 13:12:53.499000+00:00,,,,,,,,,,,,,23.5785,0.02290000000000003,0.26635675675675674,32.28341037492993,55.2896,,0.0,1.0,0.9586874263383165,,,,0.9192273458309229,0.5,0.5,0.8015374432586448,0.9862291421127721,0.5719416463428542
robot_4,warehouse,robot_anomaly_warehouse,2026-05-04 13:43:43.091000+00:00,,,,,,,,,,,,,46.1222,0.09389999999999998,0.3581,44.033102772410636,48.5006,,0.0,1.0,0.9176850071335525,,,,0.8727110567935163,0.5,0.5,0.6850942092750564,0.9725616690445175,0.5394139695798934
robot_3,lab,robot_anomaly_lab,2026-04-22 09:05:46.530000+00:00,,,,,,,,,,,,,35.4645,0.07399999999999995,0.32744729729729727,25.56989703262559,50.7689,,0.0,1.0,0.9395353886235345,,,,0.9284429276133634,0.5,0.5,0.7910115444689699,0.9798451295411782,0.5677141685025371
robot_3,warehouse,robot_anomaly_warehouse,2026-05-04 17:13:01.632000+00:00,,,,,,,,,,,,,34.3047,0.027900000000000036,0.4196675675675675,41.50002108112327,43.9446,,0.0,1.0,0.9495843930277278,,,,0.9662373916660348,0.5,0.5,0.6920999616027955,0.9831947976759093,0.5438236898196762
robot_5,hospital,robot_anomaly_hospital,2026-04-24 06:46:22.831000+00:00,,,,,,,,,,,,,35.5231,0.07099999999999995,0.17686351351351348,33.69562591427044,61.9121,,0.0,1.0,0.9766453693939582,,,,0.8354142731881506,0.5,0.5,0.8147486252010211,0.9922151231313193,0.576740937083085
robot_2,outdoor,robot_anomaly_outdoor,2026-04-18 07:10:48.976000+00:00,,,,,,,,,,,,,39.7022,0.010000000000000009,0.5015554054054054,50.074809997698374,37.8849,,0.0,1.0,0.9912846597605608,,,,0.9125291265525503,0.5,0.5,0.6216824068764868,0.9970948865868535,0.5296943233658351
robot_3,hospital,robot_anomaly_hospital,2026-05-10 10:22:34.501000+00:00,,,,,,,,,,,,,47.4363,0.041000000000000036,0.2589743243243243,37.431302275652754,55.8359,,0.0,1.0,0.9772966937534893,,,,0.8843563571506945,0.5,0.5,0.7660864534777625,0.9924322312511631,0.5646296711822314
robot_4,hospital,robot_anomaly_hospital,2026-05-06 09:07:42.346000+00:00,,,,,,,,,,,,,35.0045,0.06269999999999998,0.4133945945945946,41.58712541309663,44.4088,,0.0,1.0,0.90986911481918,,,,0.9372366753520985,0.5,0.5,0.6861517217384938,0.9699563716063934,0.5390270233362218
robot_5,warehouse,robot_anomaly_warehouse,2026-05-01 08:09:27.552000+00:00,,,,,,,,,,,,,41.0825,0.06159999999999999,0.405254054054054,31.857120950670687,45.0112,,0.0,1.0,0.9864307425097699,,,,0.8974979991671612,0.5,0.5,0.7313575815035115,0.9954769141699233,0.5567086239183587
robot_5,warehouse,robot_anomaly_warehouse,2026-04-29 02:24:22.893000+00:00,,,,,,,,,,,,,42.267,0.0524,0.3668513513513514,31.857120950670687,47.853,,1.0,0.0,0.9859034799330066,,,,0.5883084502153229,0.5,0.5,0.7482264570834868,0.3286344933110022,0.3942152375986222
robot_4,hospital,robot_anomaly_hospital,2026-05-10 06:39:25.836000+00:00,,,,,,,,,,,,,50.8377,0.08579999999999999,0.23832702702702702,41.58712541309663,57.3638,,0.0,1.0,0.9853296941877054,,,,0.9613200411893639,0.5,0.5,0.7438395269239425,0.9951098980625686,0.5597373562466278
robot_4,lab,robot_anomaly_lab,2026-04-24 18:57:52.090000+00:00,,,,,,,,,,,,,32.2483,0.03720000000000001,0.24685945945945953,53.89857422167088,56.7324,,1.0,0.0,0.9797158985174617,,,,0.6010771188948292,0.5,0.5,0.703424439394833,0.32657196617248724,0.3824991013918301
robot_5,warehouse,robot_anomaly_warehouse,2026-05-06 23:49:14.254000+00:00,,,,,,,,,,,,,37.5978,0.037699999999999956,0.3331986486486487,31.857120950670687,50.3433,,0.0,1.0,0.9895788102475033,,,,0.944957212606832,0.5,0.5,0.7670809710964477,0.996526270082501,0.5659018102947372
robot_3,warehouse,robot_anomaly_warehouse,2026-04-24 16:42:47.915000+00:00,,,,,,,,,,,,,38.9032,0.06340000000000001,0.5894391891891892,41.50002108112327,31.3815,,0.0,1.0,0.9919514918429377,,,,0.9558500686150804,0.5,0.5,0.6142031844655869,0.9973171639476459,0.5278800871033082
robot_5,hospital,robot_anomaly_hospital,2026-05-04 22:20:21.436000+00:00,,,,,,,,,,,,,149.5676,0.05710000000000004,0.9473175675675676,33.69562591427044,4.8985,,1.0,0.0,0.9963401774083493,,,,0.6640011598642439,0.5,0.5,0.4577929095223733,0.33211339246944976,0.3224765754979557
robot_2,hospital,robot_anomaly_hospital,2026-05-09 01:23:24.646000+00:00,,,,,,,,,,,,,34.6437,0.038799999999999946,0.31429324324324326,38.92765711090124,51.7423,,0.0,1.0,0.9512437193722474,,,,0.9543224837884902,0.5,0.5,0.7434273772341227,0.9837479064574158,0.5567938209228847
robot_1,lab,robot_anomaly_lab,2026-04-16 20:38:54.736000+00:00,,,,,,,,,,,,,29.194,0.035599999999999965,0.2802391891891891,49.14167586402035,54.2623,,0.0,1.0,0.9064884312387569,,,,0.9460158845576678,0.5,0.5,0.7135580277272762,0.9688294770795857,0.5455968762017154
robot_1,hospital,robot_anomaly_hospital,2026-04-14 07:53:01.430000+00:00,,,,,,,,,,,,,32.6189,0.03380000000000005,0.302604054054054,39.72338368547231,52.6073,,1.0,0.0,0.5701259227095095,,,,0.5934235792846431,0.5,0.5,0.746499412361805,0.19004197423650315,0.359135346649577
robot_1,outdoor,robot_anomaly_outdoor,2026-04-23 10:39:07.373000+00:00,,,,,,,,,,,,,25.6363,0.054200000000000026,0.4115783783783784,32.28341037492993,44.5432,,0.0,1.0,0.9290676757024998,,,,0.8848787328696522,0.5,0.5,0.7355504137022597,0.9763558919008334,0.5529765764007732
robot_1,warehouse,robot_anomaly_warehouse,2026-05-02 05:49:43.752000+00:00,,,,,,,,,,,,,27.1423,0.04530000000000001,0.15650540540540547,45.61617786488777,63.4186,,1.0,0.0,0.9806153464425283,,,,0.6696935562254696,0.5,0.5,0.7779395424044819,0.32687178214750945,0.4012028311379978
robot_2,warehouse,robot_anomaly_warehouse,2026-04-20 19:11:26.932000+00:00,,,,,,,,,,,,,23.3575,0.08140000000000003,0.4179135135135136,58.39748493129811,44.0744,,0.0,1.0,0.9939519880900689,,,,0.8893771663386927,0.5,0.5,0.6086527674304999,0.997983996030023,0.5266591908651307
robot_4,lab,robot_anomaly_lab,2026-05-04 06:07:24.737000+00:00,,,,,,,,,,,,,25.804,0.050899999999999945,0.17855810810810802,53.89857422167088,61.7867,,0.0,1.0,0.996572793251039,,,,0.9368162884246125,0.5,0.5,0.7306282785820606,0.9988575977503463,0.5573714690831018
robot_2,hospital,robot_anomaly_hospital,2026-04-29 14:14:43.951000+00:00,,,,,,,,,,,,,46.3725,0.03839999999999999,0.41055540540540547,38.92765711090124,44.6189,,0.0,1.0,0.9523447676943118,,,,0.8162471754585999,0.5,0.5,0.6996773722417104,0.9841149225647706,0.5459480737016202
robot_4,warehouse,robot_anomaly_warehouse,2026-05-08 07:21:04.479000+00:00,,,,,,,,,,,,,30.2336,0.06820000000000004,0.6081081081081081,44.033102772410636,30.0,,0.0,1.0,0.967216673903604,,,,0.9166759354415278,0.5,0.5,0.5980337392648645,0.9890722246345347,0.5217764909748498
robot_5,hospital,robot_anomaly_hospital,2026-04-13 03:10:53.865000+00:00,,,,,,,,,,,,,18.9196,0.07689999999999997,0.21488108108108117,33.69562591427044,59.0988,,0.0,1.0,0.9370231375224862,,,,0.9250953000795276,0.5,0.5,0.8057802479050198,0.9790077125074954,0.5711969901031289
robot_3,outdoor,robot_anomaly_outdoor,2026-04-10 21:31:43.281000+00:00,,,,,,,,,,,,,36.7632,0.05230000000000001,0.2958378378378379,34.9320233150912,53.108,,0.0,1.0,0.9505458718441784,,,,0.8961595910265391,0.5,0.5,0.7651039062148065,0.9835152906147261,0.5621547992073832
robot_5,lab,robot_anomaly_lab,2026-04-10 23:18:39.638000+00:00,,,,,,,,,,,,,35.9563,0.12660000000000005,0.37081891891891894,44.31142771759781,47.5594,,0.0,1.0,0.9506854413497922,,,,0.8892388733992537,0.5,0.5,0.6760839990262848,0.9835618137832641,0.5399114532023872
robot_5,warehouse,robot_anomaly_warehouse,2026-04-18 16:43:50.997000+00:00,,,,,,,,,,,,,30.43,9.999999999998899e-05,0.37974459459459464,31.857120950670687,46.8989,,0.0,1.0,0.949475838967806,,,,0.8878648480827973,0.5,0.5,0.7600863419250047,0.9831586129892687,0.5608112387285683
robot_1,lab,robot_anomaly_lab,2026-04-22 07:17:45.756000+00:00,,,,,,,,,,,,,42.1099,0.061899999999999955,0.492727027027027,49.14167586402035,38.5382,,0.0,1.0,0.9971465789963402,,,,0.9155817172294854,0.5,0.5,0.6168386009732583,0.9990488596654467,0.5289718651596762
robot_5,warehouse,robot_anomaly_warehouse,2026-05-05 19:51:51.460000+00:00,,,,,,,,,,,,,45.4825,0.0484,0.3130324324324324,31.857120950670687,51.8356,,0.0,1.0,0.9055114446994603,,,,0.8664902722175631,0.5,0.5,0.7691814323675604,0.9685038148998201,0.5594213118168452
robot_4,lab,robot_anomaly_lab,2026-04-12 18:42:08.370000+00:00,,,,,,,,,,,,,34.6029,0.032299999999999995,0.3429972972972972,53.89857422167088,49.6182,,0.0,1.0,0.9882916692512871,,,,0.914299029116437,0.5,0.5,0.6649884392022972,0.9960972230837624,0.5402714155715149
robot_5,hospital,robot_anomaly_hospital,2026-05-04 07:19:10.227000+00:00,,,,,,,,,,,,,30.3643,0.026100000000000012,0.6081081081081081,33.69562591427044,30.0,,0.0,1.0,0.9930990633335401,,,,0.9505687725303444,0.5,0.5,0.6545847134607818,0.9976996877778467,0.5380711003096571
robot_3,hospital,robot_anomaly_hospital,2026-04-20 06:09:14.712000+00:00,,,,,,,,,,,,,34.1009,0.06169999999999998,0.44272162162162165,37.431302275652754,42.2386,,0.0,1.0,0.9471496805409094,,,,0.8827373349717575,0.5,0.5,0.694047710417818,0.9823832268469698,0.5441077343161969
robot_4,lab,robot_anomaly_lab,2026-04-13 13:20:11.796000+00:00,,,,,,,,,,,,,18.4398,0.07240000000000002,0.16884189189189192,53.89857422167088,62.5057,,0.0,1.0,0.9657124247875442,,,,0.954662564835389,0.5,0.5,0.7330813548339068,0.9885708082625148,0.5554130407741054
robot_4,outdoor,robot_anomaly_outdoor,2026-05-04 22:04:55.077000+00:00,,,,,,,,,,,,,33.3409,0.09260000000000002,0.3848013513513513,47.74265761291576,46.5247,,0.0,1.0,0.9403728056572173,,,,0.8691189989074118,0.5,0.5,0.6635618062146678,0.9801242685524058,0.5359215186917683
robot_3,outdoor,robot_anomaly_outdoor,2026-04-24 05:55:28.124000+00:00,,,,,,,,,,,,,28.8281,0.03510000000000002,0.23119864864864859,34.9320233150912,57.8913,,1.0,0.0,0.9829880280379629,,,,0.6450006108623045,0.5,0.5,0.7983944187579833,0.3276626760126543,0.40651427369265947
robot_4,outdoor,robot_anomaly_outdoor,2026-04-21 11:13:16.840000+00:00,,,,,,,,,,,,,10.0188,0.04510000000000003,0.28488513513513514,47.74265761291576,53.9185,,0.0,1.0,0.9946498356181378,,,,0.8675494171084261,0.5,0.5,0.7247010265872176,0.9982166118727126,0.5557294096149825
robot_5,hospital,robot_anomaly_hospital,2026-05-06 03:04:04.279000+00:00,,,,,,,,,,,,,37.3196,0.05779999999999996,0.25460000000000005,33.69562591427044,56.1596,,0.0,1.0,0.976040568202965,,,,0.8770846862313817,0.5,0.5,0.7857732734907927,0.9920135227343216,0.5694466990562785
robot_1,hospital,robot_anomaly_hospital,2026-04-23 12:08:38.364000+00:00,,,,,,,,,,,,,20.0926,0.07469999999999999,0.31222972972972973,39.72338368547231,51.895,,0.0,1.0,0.9792971900006203,,,,0.875809844201159,0.5,0.5,0.7392479666740637,0.9930990633335401,0.558086757501901
robot_4,warehouse,robot_anomaly_warehouse,2026-04-18 01:30:05.917000+00:00,,,,,,,,,,,,,29.1826,0.02510000000000001,0.40608783783783786,44.033102772410636,44.9495,,0.0,1.0,0.9971000558278023,,,,0.8407527940591629,0.5,0.5,0.6889071947486889,0.9990333519426008,0.5469851366728224
robot_3,lab,robot_anomaly_lab,2026-04-24 21:48:06.325000+00:00,,,,,,,,,,,,,44.3605,0.07379999999999998,0.39386351351351345,25.56989703262559,45.8541,,0.0,1.0,0.9832361516034985,,,,0.8743552857821925,0.5,0.5,0.7604437524886976,0.9944120505344994,0.5637139507557992
robot_5,lab,robot_anomaly_lab,2026-04-22 16:29:19.910000+00:00,,,,,,,,,,,,,24.1256,0.013399999999999967,0.4456851351351351,44.31142771759781,42.0193,,0.0,1.0,0.9764592767198065,,,,0.9408529013691025,0.5,0.5,0.6766987097274919,0.9921530922399354,0.5422129504918568
robot_2,lab,robot_anomaly_lab,2026-04-30 15:34:29.997000+00:00,,,,,,,,,,,,,34.5563,0.05020000000000002,0.4125581081081081,14.63679636698148,44.4707,,0.0,1.0,0.9927423857080826,,,,0.8854623655305822,0.5,0.5,0.812642122867889,0.9975807952360275,0.5775557295259791
robot_5,outdoor,robot_anomaly_outdoor,2026-04-27 02:47:56.758000+00:00,,,,,,,,,,,,,39.329,0.056599999999999984,0.5195324324324324,26.119861519645806,36.5546,,0.0,1.0,0.9445598908256312,,,,0.8648432996630708,0.5,0.5,0.713776989934399,0.9815199636085437,0.5488242383857357
robot_2,lab,robot_anomaly_lab,2026-04-15 03:25:39.286000+00:00,,,,,,,,,,,,,37.9476,0.06030000000000002,0.519145945945946,14.63679636698148,36.5832,,0.0,1.0,0.9393182805036908,,,,0.8470104218007604,0.5,0.5,0.7662179739082304,0.9797727601678968,0.5614976835190317
robot_5,hospital,robot_anomaly_hospital,2026-04-11 04:13:20.328000+00:00,,,,,,,,,,,,,14.583,0.04259999999999997,0.5624648648648649,33.69562591427044,33.3776,,0.0,1.0,0.9271447180695986,,,,0.889365850014584,0.5,0.5,0.6763488202914366,0.9757149060231995,0.538015931578659
robot_1,outdoor,robot_anomaly_outdoor,2026-05-06 09:57:25.826000+00:00,,,,,,,,,,,,,43.5996,0.0474,0.43874729729729733,32.28341037492993,42.5327,,0.0,1.0,0.9253458222194653,,,,0.8710636681270169,0.5,0.5,0.7180259758235096,0.975115274073155,0.5482853124741661
robot_3,lab,robot_anomaly_lab,2026-05-07 05:26:06.166000+00:00,,,,,,,,,,,,,19.8939,0.04400000000000004,0.13095945945945953,25.56989703262559,65.309,,1.0,0.0,0.9961851001798896,,,,0.7489819926210819,0.5,0.5,0.8833613423072257,0.3320617000599632,0.4288557605917973
robot_1,outdoor,robot_anomaly_outdoor,2026-05-08 03:37:27.558000+00:00,,,,,,,,,,,,,53.1377,0.07699999999999996,0.4384243243243243,32.28341037492993,42.5566,,0.0,1.0,0.9819800260529744,,,,0.8791202950643873,0.5,0.5,0.7072329890434499,0.9939933420176582,0.5503065827652771
robot_1,outdoor,robot_anomaly_outdoor,2026-04-30 12:41:23.625000+00:00,,,,,,,,,,,,,34.9645,0.030000000000000027,0.3271716216216216,32.28341037492993,50.7893,,0.0,1.0,0.9395974195149184,,,,0.8860619278129512,0.5,0.5,0.7704539235244942,0.9798658065049728,0.5625799325073667
robot_2,warehouse,robot_anomaly_warehouse,2026-04-29 02:42:48.184000+00:00,,,,,,,,,,,,,45.4958,0.07769999999999999,0.3899027027027028,58.39748493129811,46.1472,,0.0,1.0,0.972690900068234,,,,0.908871114610351,0.5,0.5,0.6106119028983391,0.9908969666894114,0.5253772173969377
robot_5,lab,robot_anomaly_lab,2026-04-30 11:32:54.168000+00:00,,,,,,,,,,,,,32.6156,0.01639999999999997,0.13544189189189193,44.31142771759781,64.9773,,0.0,1.0,0.9581136405930153,,,,0.9557770236618849,0.5,0.5,0.7962675225422625,0.9860378801976717,0.5705763506849836
robot_4,lab,robot_anomaly_lab,2026-05-08 13:01:18.380000+00:00,,,,,,,,,,,,,30.9962,0.06469999999999998,0.40276351351351347,53.89857422167088,45.1955,,0.0,1.0,0.9742726877985237,,,,0.8921703168592083,0.5,0.5,0.6355150295419276,0.9914242292661747,0.5317348147020255
robot_3,warehouse,robot_anomaly_warehouse,2026-05-08 14:14:09.579000+00:00,,,,,,,,,,,,,22.4155,0.09109999999999996,0.1689864864864865,41.50002108112327,62.495,,0.0,1.0,0.9353172880094287,,,,0.9190990366587144,0.5,0.5,0.7837209570841754,0.9784390960031429,0.5655400132718296
robot_2,hospital,robot_anomaly_hospital,2026-05-04 11:11:21.282000+00:00,,,,,,,,,,,,,47.0513,0.07279999999999998,0.27151486486486487,38.92765711090124,54.9079,,1.0,0.0,0.5123131319397061,,,,0.6710521381843472,0.5,0.5,0.7473327817936097,0.17077104397990203,0.354525956443378
robot_3,hospital,robot_anomaly_hospital,2026-05-10 04:47:38.667000+00:00,,,,,,,,,,,,,48.1837,0.012299999999999978,0.2993554054054054,37.431302275652754,52.8477,,0.0,1.0,0.9694342782705787,,,,0.8706945654710567,0.5,0.5,0.7559782744019918,0.9898114260901929,0.5614474251230461
robot_2,outdoor,robot_anomaly_outdoor,2026-04-19 10:59:11.602000+00:00,,,,,,,,,,,,,46.7655,0.036599999999999966,0.42522432432432433,50.074809997698374,43.5334,,0.0,1.0,0.969217170150735,,,,0.8999835242491342,0.5,0.5,0.6430855067882182,0.9897390567169116,0.5332061408762825
robot_2,lab,robot_anomaly_lab,2026-05-06 18:12:29.329000+00:00,,,,,,,,,,,,,46.8921,0.07509999999999994,0.5403918918918919,14.63679636698148,35.011,,0.0,1.0,0.941241238136592,,,,0.9564501616801098,0.5,0.5,0.7503595628126624,0.9804137460455307,0.5576933272145482
robot_2,hospital,robot_anomaly_hospital,2026-04-26 15:32:36.455000+00:00,,,,,,,,,,,,,38.8358,0.04830000000000001,0.39732162162162166,38.92765711090124,45.5982,,0.0,1.0,0.9548104956268222,,,,0.9171657220859301,0.5,0.5,0.7061962845938499,0.9849368318756074,0.5477832791173642
robot_3,outdoor,robot_anomaly_outdoor,2026-04-15 05:24:54.809000+00:00,,,,,,,,,,,,,23.1231,0.06000000000000005,0.42739324324324324,34.9320233150912,43.3729,,0.0,1.0,0.9707834501581788,,,,0.9507094610695053,0.5,0.5,0.7169722744977641,0.9902611500527262,0.5518083561376226
robot_3,outdoor,robot_anomaly_outdoor,2026-05-07 18:43:20.091000+00:00,,,,,,,,,,,,,27.0344,0.041000000000000036,0.2406513513513513,34.9320233150912,57.1918,,0.0,1.0,0.9889429936108182,,,,0.9469391572889265,0.5,0.5,0.7941166674543073,0.9963143312036061,0.5726077496644784
robot_5,warehouse,robot_anomaly_warehouse,2026-05-04 00:07:31.955000+00:00,,,,,,,,,,,,,52.8289,0.036699999999999955,0.16277432432432426,31.857120950670687,62.9547,,0.0,1.0,0.9656348861733143,,,,0.9663089056360169,0.5,0.5,0.8285462233370893,0.9885449620577714,0.5792727963487152
robot_3,hospital,robot_anomaly_hospital,2026-05-02 01:05:41.104000+00:00,,,,,,,,,,,,,120.0,0.07299999999999995,0.9626067567567568,37.431302275652754,3.7671,,1.0,0.0,0.9270981949010607,,,,0.6863411542918113,0.5,0.5,0.4445141480759404,0.3090327316336869,0.31338671992740685
robot_4,warehouse,robot_anomaly_warehouse,2026-05-06 14:14:07.411000+00:00,,,,,,,,,,,,,20.1248,0.06440000000000001,0.3797175675675676,44.033102772410636,46.9009,,0.0,1.0,0.953554370076298,,,,0.9322246360413221,0.5,0.5,0.6948326065805148,0.984518123358766,0.5448376824848202
robot_5,hospital,robot_anomaly_hospital,2026-04-27 01:18:24.816000+00:00,,,,,,,,,,,,,40.3421,0.0998,0.21884054054054058,33.69562591427044,58.8058,,0.0,1.0,0.9758079523602754,,,,0.8543213662040194,0.5,0.5,0.7893597844064093,0.9919359841200919,0.5703239421316253
robot_2,warehouse,robot_anomaly_warehouse,2026-04-15 17:57:10.205000+00:00,,,,,,,,,,,,,39.3104,0.05910000000000004,0.2700851351351351,58.39748493129811,55.0137,,0.0,1.0,0.9056665219279201,,,,0.8678942849411213,0.5,0.5,0.6654894466883368,0.9685555073093067,0.533511238499411
robot_3,outdoor,robot_anomaly_outdoor,2026-05-07 20:32:51.469000+00:00,,,,,,,,,,,,,55.5778,0.06269999999999998,0.20903108108108104,34.9320233150912,59.5317,,0.0,1.0,0.991098567086409,,,,0.9649514749682726,0.5,0.5,0.7889565292751499,0.9970328556954696,0.5714973462426549
robot_5,hospital,robot_anomaly_hospital,2026-04-17 07:29:38.283000+00:00,,,,,,,,,,,,,47.6233,0.03269999999999995,0.34958378378378374,33.69562591427044,49.1308,,0.0,1.0,0.9785683270268594,,,,0.8949922384413981,0.5,0.5,0.7486771215614334,0.9928561090089532,0.5603833076425966
robot_1,warehouse,robot_anomaly_warehouse,2026-04-15 09:07:09.253000+00:00,,,,,,,,,,,,,29.2922,0.08040000000000003,0.2574189189189189,45.61617786488777,55.951,,0.0,1.0,0.94946033124496,,,,0.9499040043731233,0.5,0.5,0.7287885803784361,0.98315344374832,0.5529855060316891
robot_4,lab,robot_anomaly_lab,2026-04-18 08:08:26.492000+00:00,,,,,,,,,,,,,56.4046,0.3791,0.25526081081081076,53.89857422167088,56.1107,,1.0,0.0,0.9421717015073506,,,,0.6135010830988215,0.5,0.5,0.6130240708509198,0.31405723383578354,0.35677032617167587
robot_4,lab,robot_anomaly_lab,2026-04-21 03:13:44.305000+00:00,,,,,,,,,,,,,20.6367,0.0413,0.32053783783783785,53.89857422167088,51.2802,,0.0,1.0,0.9669685503380684,,,,0.905617666094658,0.5,0.5,0.6783218817449438,0.9889895167793562,0.541827849631075
robot_2,hospital,robot_anomaly_hospital,2026-05-02 09:21:35.198000+00:00,,,,,,,,,,,,,48.9771,0.0,0.42296486486486484,38.92765711090124,43.7006,,0.0,1.0,0.9703492339184914,,,,0.9307809277676231,0.5,0.5,0.7020709227306561,0.9901164113061638,0.548046833509205
robot_1,outdoor,robot_anomaly_outdoor,2026-04-18 04:35:24.371000+00:00,,,,,,,,,,,,,51.6597,0.04700000000000004,0.3466351351351352,32.28341037492993,49.349,,0.0,1.0,0.9590906271323119,,,,0.9373657920072498,0.5,0.5,0.7512941814527939,0.9863635423774374,0.5594144309575578
robot_1,warehouse,robot_anomaly_warehouse,2026-04-21 21:55:57.948000+00:00,,,,,,,,,,,,,12.8586,0.05820000000000003,0.09478108108108108,45.61617786488777,67.9862,,0.0,1.0,0.9961075615656597,,,,0.9330916552144932,0.5,0.5,0.8062557918957396,0.9987025205218866,0.5762395781044065
robot_1,hospital,robot_anomaly_hospital,2026-04-24 05:45:58.545000+00:00,,,,,,,,,,,,,28.7793,0.022499999999999964,0.3412216216216216,39.72338368547231,49.7496,,0.0,1.0,0.9357049810805781,,,,0.9189845951273075,0.5,0.5,0.7353122142390756,0.9785683270268594,0.5534701353164837
robot_4,lab,robot_anomaly_lab,2026-05-07 00:42:14.096000+00:00,,,,,,,,,,,,,20.2029,0.05820000000000003,0.09935135135135142,53.89857422167088,67.648,,0.0,1.0,0.9301842317474103,,,,0.9265582894294158,0.5,0.5,0.7632344485220017,0.9767280772491368,0.5599906314427847
robot_1,hospital,robot_anomaly_hospital,2026-04-21 23:30:59.671000+00:00,,,,,,,,,,,,,45.5177,0.04279999999999995,0.5629972972972973,39.72338368547231,33.3382,,0.0,1.0,0.9006265120029775,,,,0.9365562771391662,0.5,0.5,0.6344738930583352,0.9668755040009925,0.5253373492648319
robot_4,outdoor,robot_anomaly_outdoor,2026-04-11 21:53:48.785000+00:00,,,,,,,,,,,,,42.9908,0.03149999999999997,0.34212972972972966,47.74265761291576,49.6824,,0.0,1.0,0.9614943241734384,,,,0.8876422434781596,0.5,0.5,0.6898331648777448,0.9871647747244795,0.5442494849005561
robot_1,hospital,robot_anomaly_hospital,2026-04-25 14:19:23.959000+00:00,,,,,,,,,,,,,35.0926,0.09209999999999996,0.3901337837837838,39.72338368547231,46.1301,,0.0,1.0,0.944699460331245,,,,0.9192208776279566,0.5,0.5,0.6973939872092443,0.9815664867770817,0.5447401184965814
robot_1,warehouse,robot_anomaly_warehouse,2026-04-23 03:28:26.253000+00:00,,,,,,,,,,,,,39.3891,0.04490000000000005,0.30844189189189186,45.61617786488777,52.1753,,0.0,1.0,0.9505458718441784,,,,0.8585899631054186,0.5,0.5,0.711684227476262,0.9835152906147261,0.5487998795227471
robot_2,lab,robot_anomaly_lab,2026-04-30 11:12:14.809000+00:00,,,,,,,,,,,,,27.4668,0.033299999999999996,0.6081081081081081,14.63679636698148,30.0,,0.0,1.0,0.9813597171391353,,,,0.9816682516449602,0.5,0.5,0.7414056575664825,0.9937865723797117,0.5587980574865485
robot_2,outdoor,robot_anomaly_outdoor,2026-05-07 22:22:21.892000+00:00,,,,,,,,,,,,,36.5858,0.36970000000000003,0.09862432432432422,50.074809997698374,67.7018,,1.0,0.0,0.9498170088704174,,,,0.7039324978305481,0.5,0.5,0.7042587940849326,0.3166056696234725,0.38021611592710125
robot_4,lab,robot_anomaly_lab,2026-04-23 16:42:22.835000+00:00,,,,,,,,,,,,,45.196,0.07499999999999996,0.30619459459459464,53.89857422167088,52.3416,,0.0,1.0,0.9369145834625644,,,,0.9372003967443951,0.5,0.5,0.665393517792916,0.9789715278208547,0.5360912614034427
robot_5,outdoor,robot_anomaly_outdoor,2026-04-11 22:29:47.688000+00:00,,,,,,,,,,,,,42.3879,0.049799999999999955,0.324295945945946,26.119861519645806,51.0021,,1.0,0.0,0.9691396315365052,,,,0.6596230966616696,0.5,0.5,0.7919930571202636,0.32304654384550174,0.40375990024144137
robot_3,warehouse,robot_anomaly_warehouse,2026-04-15 14:05:44.293000+00:00,,,,,,,,,,,,,46.4362,0.05589999999999995,0.41439189189189185,41.50002108112327,44.335,,0.0,1.0,0.9940450344271448,,,,0.9089398588068516,0.5,0.5,0.6824645200611039,0.9980150114757148,0.5451198828842047
robot_1,warehouse,robot_anomaly_warehouse,2026-04-30 19:46:18.606000+00:00,,,,,,,,,,,,,50.3681,0.05149999999999999,0.36025135135135133,45.61617786488777,48.3414,,0.0,1.0,0.9619595558588176,,,,0.9364005819884014,0.5,0.5,0.684499190971065,0.9873198519529393,0.542954760731001
robot_2,outdoor,robot_anomaly_outdoor,2026-04-16 06:53:05.849000+00:00,,,,,,,,,,,,,34.113,0.08540000000000003,0.4390175675675675,50.074809997698374,42.5127,,0.0,1.0,0.9896563488617331,,,,0.9094767657006066,0.5,0.5,0.632467115456005,0.9965521162872445,0.5322548079358124
robot_3,lab,robot_anomaly_lab,2026-04-21 14:55:29.026000+00:00,,,,,,,,,,,,,30.654,0.07769999999999999,0.48060405405405404,25.56989703262559,39.4353,,0.0,1.0,0.9810650704050617,,,,0.9062210218487012,0.5,0.5,0.7311135543778098,0.9936883568016873,0.5562004777948744
robot_4,hospital,robot_anomaly_hospital,2026-04-12 18:10:27.296000+00:00,,,,,,,,,,,,,35.0005,0.022800000000000042,0.4223851351351352,41.58712541309663,43.7435,,0.0,1.0,0.9820265492215123,,,,0.8731409813847353,0.5,0.5,0.6914328668833235,0.9940088497405041,0.546360429155957
robot_1,warehouse,robot_anomaly_warehouse,2026-04-13 10:41:45.572000+00:00,,,,,,,,,,,,,45.1643,0.05400000000000005,0.21831351351351347,45.61617786488777,58.8448,,0.0,1.0,0.9887413932138205,,,,0.9460193754755973,0.5,0.5,0.7430848404551729,0.9962471310712736,0.5598329928816117
robot_5,outdoor,robot_anomaly_outdoor,2026-05-07 18:51:05.719000+00:00,,,,,,,,,,,,,44.1084,0.027100000000000013,0.4221216216216217,26.119861519645806,43.763,,0.0,1.0,0.9853141864648595,,,,0.9022167448200097,0.5,0.5,0.7571298179610453,0.9951047288216198,0.5630586366956662
robot_3,outdoor,robot_anomaly_outdoor,2026-04-27 16:40:34.080000+00:00,,,,,,,,,,,,,22.1442,0.1018,0.2777459459459459,34.9320233150912,54.4468,,0.0,1.0,0.991811922337324,,,,0.9259767475202569,0.5,0.5,0.7679781983556406,0.997270640779108,0.5663122097836871
robot_1,lab,robot_anomaly_lab,2026-04-27 03:34:15.720000+00:00,,,,,,,,,,,,,30.4043,0.03610000000000002,0.32489594594594595,49.14167586402035,50.9577,,0.0,1.0,0.9935642950189194,,,,0.8905072273457154,0.5,0.5,0.6950336727231438,0.9978547650063065,0.5482221094323626
robot_2,hospital,robot_anomaly_hospital,2026-05-02 04:47:16.681000+00:00,,,,,,,,,,,,,44.9295,0.05679999999999996,0.42075675675675683,38.92765711090124,43.864,,0.0,1.0,0.9521276595744681,,,,0.9116672129801346,0.5,0.5,0.6921601089759137,0.9840425531914893,0.5440506655418507
robot_1,warehouse,robot_anomaly_warehouse,2026-04-11 17:23:40.220000+00:00,,,,,,,,,,,,,33.6548,0.04569999999999996,0.2776027027027027,45.61617786488777,54.4574,,0.0,1.0,0.9668444885553006,,,,0.8808337775204494,0.5,0.5,0.7264498384912328,0.9889481628517669,0.55384950033575
robot_2,lab,robot_anomaly_lab,2026-05-02 02:43:57.781000+00:00,,,,,,,,,,,,,42.75,0.03639999999999999,0.23507702702702704,14.63679636698148,57.6043,,0.0,1.0,0.9743657341355996,,,,0.9726988384312552,0.5,0.5,0.8829778949185607,0.9914552447118665,0.5936082849076068
robot_1,lab,robot_anomaly_lab,2026-05-03 18:39:50.678000+00:00,,,,,,,,,,,,,17.5623,0.04569999999999996,0.28925270270270265,49.14167586402035,53.5953,,0.0,1.0,0.9905247813411079,,,,0.9261515126535025,0.5,0.5,0.7129958892616551,0.9968415937803693,0.5524593707605061
robot_3,hospital,robot_anomaly_hospital,2026-04-30 08:12:48.233000+00:00,,,,,,,,,,,,,30.6885,0.07989999999999997,0.21868918918918923,37.431302275652754,58.817,,0.0,1.0,0.9919825072886297,,,,0.9381966190379443,0.5,0.5,0.7811641091700519,0.9973275024295433,0.5696229028998987
robot_1,lab,robot_anomaly_lab,2026-04-22 13:12:51.448000+00:00,,,,,,,,,,,,,43.7304,0.4746,0.3963283783783783,49.14167586402035,45.6717,,1.0,0.0,0.974722411761057,,,,0.6495956997593602,0.5,0.5,0.5628581623845127,0.324907470587019,0.3469414082428829
robot_3,lab,robot_anomaly_lab,2026-05-01 03:47:22.734000+00:00,,,,,,,,,,,,,35.3704,0.06430000000000002,0.4090175675675676,25.56989703262559,44.7327,,0.0,1.0,0.9856243409217791,,,,0.9207535136278231,0.5,0.5,0.7605839451844969,0.9952081136405931,0.5639480147062725
robot_2,warehouse,robot_anomaly_warehouse,2026-04-12 12:45:07.204000+00:00,,,,,,,,,,,,,37.5688,0.059799999999999964,0.3715824324324325,58.39748493129811,47.5029,,0.0,1.0,0.9768469697909559,,,,0.9032778333687587,0.5,0.5,0.6255268753576255,0.9922823232636521,0.5294522996553195
robot_4,lab,robot_anomaly_lab,2026-05-06 12:37:59.235000+00:00,,,,,,,,,,,,,49.0449,9.999999999998899e-05,0.338272972972973,53.89857422167088,49.9678,,0.0,1.0,0.9717604366974754,,,,0.9006183336941301,0.5,0.5,0.6674728382943119,0.9905868122324918,0.5395149126317009
robot_4,lab,robot_anomaly_lab,2026-04-11 12:28:39.288000+00:00,,,,,,,,,,,,,24.588,0.0033999999999999586,0.3082405405405406,53.89857422167088,52.1902,,0.0,1.0,0.9382172321816264,,,,0.901341198470558,0.5,0.5,0.6898744495461484,0.9794057440605423,0.5423200484016727
robot_2,outdoor,robot_anomaly_outdoor,2026-04-14 18:02:29.981000+00:00,,,,,,,,,,,,,18.7408,0.08509999999999995,0.42313783783783776,50.074809997698374,43.6878,,0.0,1.0,0.9482972520315117,,,,0.8887452390833535,0.5,0.5,0.6458768334967548,0.9827657506771706,0.5321606460434813
robot_1,warehouse,robot_anomaly_warehouse,2026-04-20 00:07:15.036000+00:00,,,,,,,,,,,,,26.8872,0.05510000000000004,0.2732986486486486,45.61617786488777,54.7759,,1.0,0.0,0.9864927734011538,,,,0.7008408580468675,0.5,0.5,0.7291583038013442,0.32883092446705126,0.38949730706709884
robot_3,lab,robot_anomaly_lab,2026-05-02 05:43:07.207000+00:00,,,,,,,,,,,,,28.3701,0.00660000000000005,0.28484459459459455,25.56989703262559,53.9215,,0.0,1.0,0.9834222442776502,,,,0.9455281470337628,0.5,0.5,0.8262718443879535,0.9944740814258833,0.5801864814534592
robot_2,lab,robot_anomaly_lab,2026-05-01 20:18:35.758000+00:00,,,,,,,,,,,,,28.8265,0.09760000000000002,0.4173189189189189,14.63679636698148,44.1184,,0.0,1.0,0.943272749829415,,,,0.9156676828814632,0.5,0.5,0.8027997658596353,0.981090916609805,0.5709726706173601
robot_3,lab,robot_anomaly_lab,2026-05-05 06:30:36.249000+00:00,,,,,,,,,,,,,27.6713,0.022700000000000053,0.3097081081081081,25.56989703262559,52.0816,,0.0,1.0,0.9612617083307488,,,,0.9126254457285666,0.5,0.5,0.8130628857298173,0.9870872361102495,0.5750375304600167
robot_4,warehouse,robot_anomaly_warehouse,2026-04-19 22:38:09.280000+00:00,,,,,,,,,,,,,44.0977,0.04349999999999998,0.29919459459459463,44.033102772410636,52.8596,,0.0,1.0,0.9909124744122573,,,,0.9163302686415452,0.5,0.5,0.7207883010407177,0.9969708248040857,0.5544397814612008
robot_4,hospital,robot_anomaly_hospital,2026-05-09 08:28:19.694000+00:00,,,,,,,,,,,,,43.8801,0.05359999999999998,0.12676756756756746,41.58712541309663,65.6192,,0.0,1.0,0.9609515538738291,,,,0.9129442464119342,0.5,0.5,0.7987902622669013,0.9869838512912764,0.5714435283895445
robot_2,lab,robot_anomaly_lab,2026-05-03 17:52:04.454000+00:00,,,,,,,,,,,,,32.2716,0.0676,0.519668918918919,14.63679636698148,36.5445,,0.0,1.0,0.9786613733639352,,,,0.9263314173027307,0.5,0.5,0.7669663155806722,0.992887124454645,0.5649633600088293
robot_4,lab,robot_anomaly_lab,2026-05-05 13:48:42.968000+00:00,,,,,,,,,,,,,36.8125,0.7809,0.3013270270270271,53.89857422167088,52.7018,,1.0,0.0,0.950158178773029,,,,0.610719031361808,0.5,0.5,0.5141295700182393,0.316719392924343,0.3327122407356456
robot_2,warehouse,robot_anomaly_warehouse,2026-04-17 23:56:05.944000+00:00,,,,,,,,,,,,,33.0512,0.03369999999999995,0.36062972972972973,58.39748493129811,48.3134,,1.0,0.0,0.5057068420073196,,,,0.6089489582733798,0.5,0.5,0.6377683127058609,0.1685689473357732,0.3265843150104085
robot_5,warehouse,robot_anomaly_warehouse,2026-04-17 05:07:36.141000+00:00,,,,,,,,,,,,,67.2648,0.048799999999999955,0.36230945945945936,31.857120950670687,48.1891,,0.0,1.0,0.9959524843372,,,,0.9404021505643098,0.5,0.5,0.7394753141091925,0.9986508281124,0.5595315355553981
robot_3,outdoor,robot_anomaly_outdoor,2026-04-28 19:58:36.386000+00:00,,,,,,,,,,,,,223.8199,0.07130000000000003,0.8864040540540541,34.9320233150912,9.4061,,1.0,0.0,0.9377054773277091,,,,0.6405889616709473,0.5,0.5,0.4395798206051288,0.31256849244256973,0.3130370782619246
robot_4,warehouse,robot_anomaly_warehouse,2026-04-25 16:49:04.751000+00:00,,,,,,,,,,,,,44.9198,0.017000000000000015,0.10553243243243238,44.033102772410636,67.1906,,0.0,1.0,0.952174182743006,,,,0.9576471290578557,0.5,0.5,0.8037740683283046,0.9840580609143353,0.57195803231066
robot_1,outdoor,robot_anomaly_outdoor,2026-05-10 16:00:38.533000+00:00,,,,,,,,,,,,,24.844,0.05120000000000002,0.30939729729729737,32.28341037492993,52.1046,,0.0,1.0,0.9388530488183116,,,,0.8357341360589838,0.5,0.5,0.7774505087015289,0.9796176829394372,0.5642670479102415
robot_2,hospital,robot_anomaly_hospital,2026-05-01 10:09:41.709000+00:00,,,,,,,,,,,,,24.0336,0.0017000000000000348,0.44143378378378384,38.92765711090124,42.3339,,0.0,1.0,0.9838254450716457,,,,0.8900525755393914,0.5,0.5,0.7056492047705143,0.9946084816905486,0.5500644216152657
robot_1,lab,robot_anomaly_lab,2026-05-07 07:55:20.741000+00:00,,,,,,,,,,,,,39.8278,0.0,0.44975,49.14167586402035,41.7185,,0.0,1.0,0.8975094597109361,,,,0.8422657651644719,0.5,0.5,0.6488366084565723,0.9658364865703121,0.5286682737567211
robot_4,lab,robot_anomaly_lab,2026-04-12 11:40:50.515000+00:00,,,,,,,,,,,,,30.573,0.08809999999999996,0.28491891891891896,53.89857422167088,53.916,,0.0,1.0,0.9993951988090068,,,,0.9134240853609426,0.5,0.5,0.6776401284741977,0.9997983996030023,0.5443596320193
robot_3,hospital,robot_anomaly_hospital,2026-04-21 07:42:23.462000+00:00,,,,,,,,,,,,,45.6594,0.034599999999999964,0.6081081081081081,37.431302275652754,30.0,,0.0,1.0,0.988415731034055,,,,0.8486176774797423,0.5,0.5,0.628664698705274,0.9961385770113517,0.5312008189291564
robot_2,warehouse,robot_anomaly_warehouse,2026-04-13 15:15:29.527000+00:00,,,,,,,,,,,,,327.6696,0.06669999999999998,0.8792418918918918,58.39748493129811,9.9361,,1.0,0.0,0.9606103839712177,,,,0.6343097412097851,0.5,0.5,0.2889938483772812,0.3202034613237392,0.2772993274252551
robot_1,outdoor,robot_anomaly_outdoor,2026-05-03 09:49:39.539000+00:00,,,,,,,,,,,,,50.0188,0.035699999999999954,0.3581135135135135,32.28341037492993,48.4996,,0.0,1.0,0.9669065194466845,,,,0.8962154321692626,0.5,0.5,0.7499627165364278,0.9889688398155615,0.5597328890879973
robot_2,warehouse,robot_anomaly_warehouse,2026-04-19 08:23:57.955000+00:00,,,,,,,,,,,,,48.4829,0.03200000000000003,0.26631216216216214,58.39748493129811,55.2929,,0.0,1.0,0.9555393586005831,,,,0.9095437089547052,0.5,0.5,0.6688553430292721,0.9851797862001943,0.5385087823073667
robot_2,hospital,robot_anomaly_hospital,2026-05-04 07:06:28.995000+00:00,,,,,,,,,,,,,24.5653,0.021700000000000053,0.2666716216216216,38.92765711090124,55.2663,,0.0,1.0,0.9611531542708269,,,,0.9812665065769657,0.5,0.5,0.7708633654953351,0.9870510514236089,0.5644786042297361
robot_1,outdoor,robot_anomaly_outdoor,2026-05-06 23:29:56.591000+00:00,,,,,,,,,,,,,48.1056,0.07089999999999996,0.6081081081081081,32.28341037492993,30.0,,0.0,1.0,0.9354413497921965,,,,0.9192476987215089,0.5,0.5,0.6430049269072372,0.9784804499307321,0.5303713442094923
robot_3,outdoor,robot_anomaly_outdoor,2026-04-29 05:35:48.445000+00:00,,,,,,,,,,,,,20.7093,0.008900000000000019,0.4989,34.9320233150912,38.0814,,0.0,1.0,0.9895167793561194,,,,0.9467910942863739,0.5,0.5,0.7008342616503755,0.9965055931187065,0.5493349636922705
robot_1,lab,robot_anomaly_lab,2026-05-03 02:38:55.744000+00:00,,,,,,,,,,,,,35.9947,0.07230000000000003,0.33346351351351344,49.14167586402035,50.3237,,0.0,1.0,0.9513832888778612,,,,0.8690291790440308,0.5,0.5,0.6810117016812578,0.9837944296259536,0.5412015328268028
robot_2,outdoor,robot_anomaly_outdoor,2026-05-04 04:19:39.450000+00:00,,,,,,,,,,,,,45.0235,0.04490000000000005,0.24204189189189185,50.074809997698374,57.0889,,0.0,1.0,0.9607189380311395,,,,0.9654119185954624,0.5,0.5,0.7153044297962589,0.9869063126770464,0.5505526856183263
robot_1,outdoor,robot_anomaly_outdoor,2026-04-10 22:42:33.381000+00:00,,,,,,,,,,,,,45.8428,0.050000000000000044,0.2018932432432432,32.28341037492993,60.0599,,0.0,1.0,0.8987500775386142,,,,0.9482515386536372,0.5,0.5,0.8111690607740103,0.9662500258462048,0.5693547716550538
robot_3,hospital,robot_anomaly_hospital,2026-05-02 19:02:51.983000+00:00,,,,,,,,,,,,,35.0382,0.09819999999999995,0.3615702702702702,37.431302275652754,48.2438,,0.0,1.0,0.9988214130637058,,,,0.9376674086439675,0.5,0.5,0.7179627477845566,0.999607137687902,0.5543924713681146
robot_4,warehouse,robot_anomaly_warehouse,2026-04-26 21:05:34.628000+00:00,,,,,,,,,,,,,35.0607,0.022299999999999986,0.4553702702702703,44.033102772410636,41.3026,,0.0,1.0,0.9427920104211898,,,,0.9296262953845051,0.5,0.5,0.6671437772496699,0.9809306701403967,0.5370186118475166
robot_1,warehouse,robot_anomaly_warehouse,2026-04-13 09:44:19.131000+00:00,,,,,,,,,,,,,14.5435,0.006000000000000005,0.31908378378378377,45.61617786488777,51.3878,,0.0,1.0,0.9278425655976676,,,,0.9164417836478813,0.5,0.5,0.7273800500532566,0.9759475218658892,0.5508318929797864
robot_4,hospital,robot_anomaly_hospital,2026-04-10 18:56:59.980000+00:00,,,,,,,,,,,,,40.0486,0.04179999999999995,0.440127027027027,41.58712541309663,42.4306,,1.0,0.0,0.8769927423857081,,,,0.6653422044996155,0.5,0.5,0.6778138459377144,0.2923309141285694,0.367536190016571
robot_3,warehouse,robot_anomaly_warehouse,2026-04-11 18:15:36.355000+00:00,,,,,,,,,,,,,36.5959,0.06830000000000003,0.33961351351351354,41.50002108112327,49.8686,,0.0,1.0,0.9977823956330253,,,,0.9088293818238393,0.5,0.5,0.7140928083188419,0.9992607985443418,0.553338401715796
robot_1,warehouse,robot_anomaly_warehouse,2026-04-19 12:24:45.886000+00:00,,,,,,,,,,,,,21.6095,0.046499999999999986,0.39842162162162154,45.61617786488777,45.5168,,0.0,1.0,0.9808479622852181,,,,0.9025821306762255,0.5,0.5,0.6834223735999465,0.993615987428406,0.5442595902570881
robot_1,lab,robot_anomaly_lab,2026-04-18 02:52:08.124000+00:00,,,,,,,,,,,,,39.2918,0.056599999999999984,0.4956513513513513,49.14167586402035,38.3218,,0.0,1.0,0.9639135289374108,,,,0.9374301454006121,0.5,0.5,0.6181294661609533,0.9879711763124703,0.5265251606183559
robot_5,hospital,robot_anomaly_hospital,2026-04-14 16:11:43.916000+00:00,,,,,,,,,,,,,16.8656,0.047799999999999954,0.19344189189189187,33.69562591427044,60.6853,,1.0,0.0,0.9820110414986664,,,,0.6066264155143088,0.5,0.5,0.8217631980267139,0.32733701383288877,0.41227505296490063
robot_2,lab,robot_anomaly_lab,2026-05-06 22:20:04.595000+00:00,,,,,,,,,,,,,34.3088,0.056599999999999984,0.4740878378378379,14.63679636698148,39.9175,,1.0,0.0,0.6676539916878605,,,,0.6255156467670867,0.5,0.5,0.7867191451484556,0.2225513305626202,0.37731761892776894
robot_1,lab,robot_anomaly_lab,2026-04-25 10:56:50.694000+00:00,,,,,,,,,,,,,42.4352,0.09819999999999995,0.25211756756756754,49.14167586402035,56.3433,,0.0,1.0,0.9937348799702251,,,,0.9128920348739976,0.5,0.5,0.7048597007987023,0.9979116266567417,0.5506928318638611
robot_4,lab,robot_anomaly_lab,2026-04-24 17:46:51.760000+00:00,,,,,,,,,,,,,25.9916,0.33399999999999996,0.36347027027027023,53.89857422167088,48.1032,,1.0,0.0,0.9475528813349048,,,,0.6794913878045898,0.5,0.5,0.5936040102840925,0.31585096044496824,0.35236374268226517
robot_5,hospital,robot_anomaly_hospital,2026-04-26 19:12:28.866000+00:00,,,,,,,,,,,,,27.2821,0.0625,0.5987540540540541,33.69562591427044,30.6922,,0.0,1.0,0.9868804664723032,,,,0.977016400863066,0.5,0.5,0.6516310969126088,0.9956268221574344,0.5368144797675107
robot_4,lab,robot_anomaly_lab,2026-04-22 08:52:42.799000+00:00,,,,,,,,,,,,,21.8714,0.05269999999999997,0.37858378378378377,53.89857422167088,46.9848,,0.0,1.0,0.9937814031387631,,,,0.9374987098585719,0.5,0.5,0.6520061073678045,0.9979271343795877,0.537483310436848
robot_4,warehouse,robot_anomaly_warehouse,2026-04-23 17:32:45.825000+00:00,,,,,,,,,,,,,30.4143,0.037699999999999956,0.39291756756756757,44.033102772410636,45.9241,,0.0,1.0,0.9775758327647168,,,,0.8876847870144486,0.5,0.5,0.6908123376218966,0.9925252775882388,0.5458344038025338
robot_2,outdoor,robot_anomaly_outdoor,2026-05-08 05:35:58.123000+00:00,,,,,,,,,,,,,20.0645,0.04190000000000005,0.18959729729729735,50.074809997698374,60.9698,,1.0,0.0,0.9941535884870666,,,,0.6025913034424459,0.5,0.5,0.7483006563905621,0.33138452949568886,0.3949212964715627
robot_4,outdoor,robot_anomaly_outdoor,2026-04-12 23:30:33.126000+00:00,,,,,,,,,,,,,25.8219,0.0816,0.5568864864864865,47.74265761291576,33.7904,,0.0,1.0,0.9851591092363997,,,,0.8853000109157216,0.5,0.5,0.6005941947888674,0.9950530364121333,0.5239118078002502
robot_5,lab,robot_anomaly_lab,2026-05-10 08:42:51.717000+00:00,,,,,,,,,,,,,49.3087,0.006000000000000005,0.2308554054054054,44.31142771759781,57.9167,,0.0,1.0,0.9249736368711619,,,,0.9047410006432237,0.5,0.5,0.7528237193982135,0.9749912122903872,0.5569537329221501
robot_4,hospital,robot_anomaly_hospital,2026-04-19 02:32:51.552000+00:00,,,,,,,,,,,,,35.0694,0.051899999999999946,0.33746891891891895,41.58712541309663,50.0273,,0.0,1.0,0.9444668444885553,,,,0.8944641055420075,0.5,0.5,0.7188948786672004,0.9814889481628518,0.5500959567075131
robot_3,hospital,robot_anomaly_hospital,2026-05-01 03:55:57.295000+00:00,,,,,,,,,,,,,43.8406,0.08899999999999997,0.3283081081081082,37.431302275652754,50.7052,,0.0,1.0,0.94811115935736,,,,0.8531147316363239,0.5,0.5,0.7293108773184269,0.9827037197857867,0.5530036492760535
robot_3,warehouse,robot_anomaly_warehouse,2026-04-18 06:42:50.801000+00:00,,,,,,,,,,,,,21.7794,0.11809999999999998,0.34766756756756756,41.50002108112327,49.2726,,0.0,1.0,0.9503752868928727,,,,0.9529371271093151,0.5,0.5,0.7065318093196489,0.9834584289642909,0.547497559570985
robot_1,hospital,robot_anomaly_hospital,2026-05-01 07:46:10.269000+00:00,,,,,,,,,,,,,42.223,0.007900000000000018,0.5510108108108108,39.72338368547231,34.2252,,0.0,1.0,0.985686371813163,,,,0.9342350392652297,0.5,0.5,0.6485301966913859,0.9952287906043876,0.5359397468239434
robot_1,lab,robot_anomaly_lab,2026-04-15 21:54:17.465000+00:00,,,,,,,,,,,,,24.441,0.062100000000000044,0.5333864864864865,49.14167586402035,35.5294,,0.0,1.0,0.9713417281806339,,,,0.920729951512625,0.5,0.5,0.6085659327023774,0.9904472427268779,0.5247532938573138
robot_3,hospital,robot_anomaly_hospital,2026-05-02 09:09:41.561000+00:00,,,,,,,,,,,,,29.0182,0.013599999999999945,0.2150878378378378,37.431302275652754,59.0835,,0.0,1.0,0.9888189318280504,,,,0.9371705364134197,0.5,0.5,0.7981123635929317,0.9962729772760168,0.5735963352172371
robot_2,warehouse,robot_anomaly_warehouse,2026-04-19 17:52:23.279000+00:00,,,,,,,,,,,,,45.2173,0.035499999999999976,0.39675945945945945,58.39748493129811,45.6398,,0.0,1.0,0.9581756714843992,,,,0.8491465273634542,0.5,0.5,0.6173830236082273,0.9860585571614665,0.5258603951924234
robot_3,hospital,robot_anomaly_hospital,2026-05-02 16:49:36.871000+00:00,,,,,,,,,,,,,44.5762,0.11160000000000003,0.45043918918918924,37.431302275652754,41.6675,,0.0,1.0,0.9260591774703802,,,,0.7971669931747752,0.5,0.5,0.6750966533301478,0.9753530591567934,0.5376124281217353
robot_4,warehouse,robot_anomaly_warehouse,2026-04-30 02:44:58.899000+00:00,,,,,,,,,,,,,17.5955,0.01870000000000005,0.519581081081081,44.033102772410636,36.551,,1.0,0.0,0.9449475838967806,,,,0.732185774201622,0.5,0.5,0.6502032178481452,0.3149825279655935,0.3662964364534347
robot_1,warehouse,robot_anomaly_warehouse,2026-04-22 07:46:15.955000+00:00,,,,,,,,,,,,,41.826,0.13149999999999995,0.346741891891892,45.61617786488777,49.3411,,0.0,1.0,0.9440791514174058,,,,0.9270733460389989,0.5,0.5,0.6759922463425998,0.9813597171391354,0.5393379908704339
robot_2,warehouse,robot_anomaly_warehouse,2026-04-20 17:34:01.277000+00:00,,,,,,,,,,,,,58.0679,0.05259999999999998,0.1257608108108107,58.39748493129811,65.6937,,0.0,1.0,0.9827554121952733,,,,0.8812473762851131,0.5,0.5,0.7161343800433668,0.9942518040650912,0.5525965460271145
robot_4,hospital,robot_anomaly_hospital,2026-04-16 11:24:35.382000+00:00,,,,,,,,,,,,,56.1198,0.07320000000000004,0.4079567567567568,41.58712541309663,44.8112,,0.0,1.0,0.9744587804726754,,,,0.8795640225264251,0.5,0.5,0.6763882019149207,0.9914862601575584,0.5419686155181197
robot_1,hospital,robot_anomaly_hospital,2026-05-03 22:36:26.250000+00:00,,,,,,,,,,,,,34.6956,0.06769999999999998,0.27156081081081085,39.72338368547231,54.9045,,0.0,1.0,0.9896253334160412,,,,0.9041786030978367,0.5,0.5,0.7504313771234485,0.996541777805347,0.5617432887321989
robot_4,outdoor,robot_anomaly_outdoor,2026-05-06 13:15:04.142000+00:00,,,,,,,,,,,,,43.3466,0.0013999999999999568,0.45811621621621623,47.74265761291576,41.0994,,0.0,1.0,0.9304943862043298,,,,0.884712642298773,0.5,0.5,0.6499723411709477,0.9768314620681099,0.5317009508097643
robot_2,warehouse,robot_anomaly_warehouse,2026-04-12 16:40:58.858000+00:00,,,,,,,,,,,,,47.4025,0.03069999999999995,0.2922364864864865,58.39748493129811,53.3745,,0.0,1.0,0.9743502264127536,,,,0.915739035518388,0.5,0.5,0.6592661443677469,0.9914500754709179,0.5376790549596662
robot_5,lab,robot_anomaly_lab,2026-04-22 17:49:41.278000+00:00,,,,,,,,,,,,,31.5247,0.03749999999999998,0.3662743243243244,44.31142771759781,47.8957,,0.0,1.0,0.9187705477327709,,,,0.9039725333655321,0.5,0.5,0.6997370953736255,0.9729235159109236,0.5431651528211372
robot_3,hospital,robot_anomaly_hospital,2026-04-26 13:21:45.753000+00:00,,,,,,,,,,,,,32.7961,0.014100000000000001,0.4969094594594594,37.431302275652754,38.2287,,0.0,1.0,0.9717449289746294,,,,0.8833129920965146,0.5,0.5,0.6835543488646175,0.9905816429915432,0.5435339979640402
robot_4,outdoor,robot_anomaly_outdoor,2026-04-17 15:50:29.178000+00:00,,,,,,,,,,,,,37.2735,0.044499999999999984,0.4374891891891892,47.74265761291576,42.6258,,0.0,1.0,0.98222814961851,,,,0.8603661682432555,0.5,0.5,0.6513977601004843,0.9940760498728367,0.5363684524933303
robot_5,warehouse,robot_anomaly_warehouse,2026-05-02 11:51:48.599000+00:00,,,,,,,,,,,,,46.1848,0.08750000000000002,0.12155135135135131,31.857120950670687,66.0052,,0.0,1.0,0.9961385770113517,,,,0.9333079010376082,0.5,0.5,0.8367568806822951,0.9987128590037839,0.5838674349215198
robot_2,warehouse,robot_anomaly_warehouse,2026-04-24 14:15:43.883000+00:00,,,,,,,,,,,,,40.2508,0.044399999999999995,0.33180135135135136,58.39748493129811,50.4467,,0.0,1.0,0.8978351218907016,,,,0.8799565222583962,0.5,0.5,0.6436452141298385,0.9659450406302339,0.5273975636900181
robot_2,warehouse,robot_anomaly_warehouse,2026-05-05 23:25:13.554000+00:00,,,,,,,,,,,,,45.0517,0.0625,0.49847567567567563,58.39748493129811,38.1128,,0.0,1.0,0.9851125860678618,,,,0.8548776231800048,0.5,0.5,0.5707658440155928,0.9950375286892873,0.51645084317622
robot_4,lab,robot_anomaly_lab,2026-04-14 23:40:26.304000+00:00,,,,,,,,,,,,,37.5079,0.025000000000000022,0.38477432432432435,53.89857422167088,46.5267,,0.0,1.0,0.9815768252589789,,,,0.8648341010541589,0.5,0.5,0.6485803151959604,0.9938589417529929,0.5356098142372383
robot_5,hospital,robot_anomaly_hospital,2026-05-04 19:52:26.771000+00:00,,,,,,,,,,,,,29.1695,0.06059999999999999,0.3144608108108108,33.69562591427044,51.7299,,0.0,1.0,0.9720860988772408,,,,0.9064185603924091,0.5,0.5,0.764912672125351,0.9906953662924135,0.5639020096044411
robot_1,outdoor,robot_anomaly_outdoor,2026-05-08 22:00:55.988000+00:00,,,,,,,,,,,,,41.1756,0.05689999999999995,0.4148216216216216,32.28341037492993,44.3032,,1.0,0.0,0.948126667080206,,,,0.6566564433144803,0.5,0.5,0.7265854279736486,0.3160422223600687,0.38565691258342927
robot_4,hospital,robot_anomaly_hospital,2026-04-12 09:28:32.849000+00:00,,,,,,,,,,,,,37.1921,0.03979999999999995,0.3133094594594594,41.58712541309663,51.8151,,0.0,1.0,0.9831741207121146,,,,0.8803721822086459,0.5,0.5,0.730284864342269,0.9943913735707048,0.5561690594782435
robot_2,hospital,robot_anomaly_hospital,2026-04-16 22:36:42.274000+00:00,,,,,,,,,,,,,31.2549,0.08230000000000004,0.5109364864864865,38.92765711090124,37.1907,,0.0,1.0,0.9712331741207121,,,,0.9144585604570198,0.5,0.5,0.656634922645986,0.9904110580402374,0.5367614951715558
robot_3,hospital,robot_anomaly_hospital,2026-04-19 21:19:51.687000+00:00,,,,,,,,,,,,,55.914,0.0806,0.3330540540540541,37.431302275652754,50.354,,0.0,1.0,0.9040227033062465,,,,0.8448196024723108,0.5,0.5,0.7237901961881266,0.9680075677687489,0.5479494409892189
robot_2,warehouse,robot_anomaly_warehouse,2026-05-03 20:02:22.468000+00:00,,,,,,,,,,,,,43.2715,0.04359999999999997,0.6081081081081081,58.39748493129811,30.0,,0.0,1.0,0.998588797221016,,,,0.9092110790841111,0.5,0.5,0.5319266889202995,0.999529599073672,0.5078640719984928
robot_4,outdoor,robot_anomaly_outdoor,2026-05-03 00:58:27.640000+00:00,,,,,,,,,,,,,44.4721,0.0706,0.5063702702702704,47.74265761291576,37.5286,,0.0,1.0,0.9661156255815396,,,,0.8954054262322441,0.5,0.5,0.6147656846586287,0.9887052085271799,0.5258677232964521
robot_1,outdoor,robot_anomaly_outdoor,2026-04-25 15:55:31.824000+00:00,,,,,,,,,,,,,35.6938,0.00649999999999995,0.3422027027027027,32.28341037492993,49.677,,0.0,1.0,0.9682867067799764,,,,0.9574975083464785,0.5,0.5,0.7693372638444717,0.9894289022599921,0.564691541526116
robot_1,warehouse,robot_anomaly_warehouse,2026-04-20 21:56:22.635000+00:00,,,,,,,,,,,,,51.7748,0.04530000000000001,0.41233783783783784,45.61617786488777,44.487,,1.0,0.0,0.9397369890205323,,,,0.5757301182811883,0.5,0.5,0.6644040029716268,0.3132456630068441,0.36941241649461776
robot_3,hospital,robot_anomaly_hospital,2026-05-02 19:37:55.147000+00:00,,,,,,,,,,,,,31.2223,0.054200000000000026,0.4397824324324324,37.431302275652754,42.4561,,0.0,1.0,0.9752651820606663,,,,0.9068121881352,0.5,0.5,0.6982008739546531,0.9917550606868888,0.5474889836603855
robot_5,hospital,robot_anomaly_hospital,2026-04-29 23:30:40.397000+00:00,,,,,,,,,,,,,35.9724,0.04420000000000002,0.39337162162162154,33.69562591427044,45.8905,,0.0,1.0,0.8922523416661498,,,,0.9490715313750387,0.5,0.5,0.7339025627628561,0.9640841138887165,0.5494966691628931
robot_4,outdoor,robot_anomaly_outdoor,2026-04-15 02:16:09.544000+00:00,,,,,,,,,,,,,10.0,0.10140000000000005,0.3335256756756757,47.74265761291576,50.3191,,0.0,1.0,0.8850257428199243,,,,0.9162823485639848,0.5,0.5,0.6927297256403457,0.9616752476066415,0.5386012433117469
robot_3,lab,robot_anomaly_lab,2026-05-09 05:08:51.715000+00:00,,,,,,,,,,,,,34.3781,0.06710000000000005,0.3082554054054054,25.56989703262559,52.1891,,0.0,1.0,0.9749860430494386,,,,0.9034513402280485,0.5,0.5,0.8007172511567658,0.9916620143498128,0.5730948163766446
robot_5,warehouse,robot_anomaly_warehouse,2026-05-08 21:41:01.622000+00:00,,,,,,,,,,,,,18.6037,0.0010999999999999899,0.46963783783783786,31.857120950670687,40.2468,,0.0,1.0,0.9505148563984864,,,,0.9356373113973919,0.5,0.5,0.7292850597892767,0.9835049521328288,0.5531975029805264
robot_5,lab,robot_anomaly_lab,2026-04-12 02:52:28.204000+00:00,,,,,,,,,,,,,35.0032,0.05149999999999999,0.2652689189189189,44.31142771759781,55.3701,,0.0,1.0,0.9491811922337324,,,,0.9484750820594645,0.5,0.5,0.73544305199308,0.9830603974112441,0.554625862351081
robot_2,hospital,robot_anomaly_hospital,2026-04-13 20:22:24.870000+00:00,,,,,,,,,,,,,35.7413,0.006099999999999994,0.45444729729729727,38.92765711090124,41.3709,,0.0,1.0,0.9761956454314249,,,,0.9269080936447438,0.5,0.5,0.6941405208641933,0.9920652151438083,0.5465514340020003
robot_2,outdoor,robot_anomaly_outdoor,2026-05-08 12:20:35.258000+00:00,,,,,,,,,,,,,25.2399,0.03200000000000003,0.32614459459459466,50.074809997698374,50.8653,,0.0,1.0,0.98905154767074,,,,0.9785593852433957,0.5,0.5,0.6935302296380603,0.9963505158902466,0.5474701863820768
robot_5,outdoor,robot_anomaly_outdoor,2026-05-09 03:29:31.620000+00:00,,,,,,,,,,,,,26.5866,0.07189999999999996,0.40051621621621614,26.119861519645806,45.3618,,0.0,1.0,0.9614167855592085,,,,0.8646051697640906,0.5,0.5,0.7637751641717865,0.9871389285197362,0.5627285231728807
robot_3,outdoor,robot_anomaly_outdoor,2026-04-14 12:52:19.502000+00:00,,,,,,,,,,,,,195.7518,0.06169999999999998,0.9281581081081081,34.9320233150912,6.3163,,1.0,0.0,0.9506854413497922,,,,0.6338273907344776,0.5,0.5,0.43777870404475633,0.3168951471165974,0.3136684627903384
robot_3,outdoor,robot_anomaly_outdoor,2026-05-02 01:09:23.279000+00:00,,,,,,,,,,,,,20.3658,0.024499999999999966,0.47012162162162163,34.9320233150912,40.211,,0.0,1.0,0.9919669995657837,,,,0.9887791580209475,0.5,0.5,0.7090316958908973,0.9973223331885945,0.551588507269873
robot_5,warehouse,robot_anomaly_warehouse,2026-04-11 05:27:18.965000+00:00,,,,,,,,,,,,,46.3252,0.05520000000000003,0.3541081081081081,31.857120950670687,48.796,,0.0,1.0,0.9950065132435953,,,,0.9250866360428727,0.5,0.5,0.7508552884789268,0.9983355044145318,0.5622976982233647
robot_2,outdoor,robot_anomaly_outdoor,2026-04-12 22:19:38.785000+00:00,,,,,,,,,,,,,41.165,0.08050000000000002,0.4244391891891891,50.074809997698374,43.5915,,0.0,1.0,0.9450251225110105,,,,0.9285753551538928,0.5,0.5,0.6361812803985438,0.9816750408370035,0.5294640803088868
robot_2,outdoor,robot_anomaly_outdoor,2026-04-16 11:41:39.615000+00:00,,,,,,,,,,,,,36.6094,0.07269999999999999,0.36795810810810814,50.074809997698374,47.7711,,0.0,1.0,0.8924229266174555,,,,0.9271489483821498,0.5,0.5,0.6625806136396793,0.9641409755391518,0.5316803972947077
robot_3,hospital,robot_anomaly_hospital,2026-05-08 05:27:51.712000+00:00,,,,,,,,,,,,,40.6449,0.40959999999999996,0.21336486486486483,37.431302275652754,59.211,,1.0,0.0,0.9138080764220582,,,,0.6102618811970701,0.5,0.5,0.7054257805588816,0.3046026921406861,0.3775071181748919
robot_1,outdoor,robot_anomaly_outdoor,2026-04-26 01:03:56.115000+00:00,,,,,,,,,,,,,32.5259,0.05689999999999995,0.18086351351351349,32.28341037492993,61.6161,,0.0,1.0,0.9934867564046895,,,,0.977072841311643,0.5,0.5,0.8241024513491577,0.9978289188015631,0.5804828425376802
robot_3,outdoor,robot_anomaly_outdoor,2026-04-23 02:28:29.085000+00:00,,,,,,,,,,,,,38.3116,0.05500000000000005,0.41708918918918925,34.9320233150912,44.1354,,0.0,1.0,0.9703027107499534,,,,0.9341709650024985,0.5,0.5,0.7152985712684696,0.9901009035833178,0.5513498687129469
robot_5,hospital,robot_anomaly_hospital,2026-04-22 18:14:15.387000+00:00,,,,,,,,,,,,,36.0199,0.07930000000000004,0.09786621621621616,33.69562591427044,67.7579,,0.0,1.0,0.9627194342782706,,,,0.8816883474654384,0.5,0.5,0.8442753146851858,0.9875731447594235,0.5829621148611523
robot_2,lab,robot_anomaly_lab,2026-04-16 16:45:13.900000+00:00,,,,,,,,,,,,,29.3383,0.025900000000000034,0.31944864864864864,14.63679636698148,51.3608,,0.0,1.0,0.9487004528255071,,,,0.8932050629604678,0.5,0.5,0.8576643960634789,0.9829001509418357,0.5851411367513286
robot_2,warehouse,robot_anomaly_warehouse,2026-04-25 13:35:36.920000+00:00,,,,,,,,,,,,,32.6075,0.03269999999999995,0.6081081081081081,58.39748493129811,30.0,,0.0,1.0,0.9871130823149928,,,,0.9379555957894257,0.5,0.5,0.5392011954759098,0.9957043607716644,0.5087263890618936
robot_4,warehouse,robot_anomaly_warehouse,2026-04-29 22:38:21.758000+00:00,,,,,,,,,,,,,30.9148,0.03149999999999997,0.19139324324324325,44.033102772410636,60.8369,,0.0,1.0,0.9847869238880963,,,,0.8892499838237923,0.5,0.5,0.7725736028710068,0.9949289746293655,0.5668756443750931
robot_1,warehouse,robot_anomaly_warehouse,2026-04-12 08:36:15.466000+00:00,,,,,,,,,,,,,23.868,0.028200000000000003,0.26178378378378375,45.61617786488777,55.628,,0.0,1.0,0.9923702003597792,,,,0.9597910394968764,0.5,0.5,0.7411211073448911,0.9974567334532597,0.5596444601995376
robot_2,lab,robot_anomaly_lab,2026-04-27 20:55:08.381000+00:00,,,,,,,,,,,,,34.3499,0.042300000000000004,0.3190175675675676,14.63679636698148,51.3927,,0.0,1.0,0.9135444451336766,,,,0.8975868456676981,0.5,0.5,0.8519095202045264,0.9711814817112255,0.580772750478938
robot_5,outdoor,robot_anomaly_outdoor,2026-04-28 14:49:15.292000+00:00,,,,,,,,,,,,,39.2174,0.020399999999999974,0.43164189189189184,26.119861519645806,43.0585,,0.0,1.0,0.9380001240617828,,,,0.8958713006558575,0.5,0.5,0.7570364574375577,0.9793333746872609,0.5590924580312047
robot_1,hospital,robot_anomaly_hospital,2026-04-17 10:53:47.822000+00:00,,,,,,,,,,,,,26.2481,0.05779999999999996,0.33782162162162166,39.72338368547231,50.0012,,0.0,1.0,0.934433347807208,,,,0.8823932279661179,0.5,0.5,0.7299710769913743,0.9781444492690694,0.5520288815651109
robot_3,outdoor,robot_anomaly_outdoor,2026-05-03 10:18:06.456000+00:00,,,,,,,,,,,,,29.1354,0.09919999999999995,0.32562297297297293,34.9320233150912,50.9039,,0.0,1.0,0.9946188201724458,,,,0.8827914129237036,0.5,0.5,0.7462262295151638,0.9982062733908154,0.5611081257264948
robot_5,lab,robot_anomaly_lab,2026-04-15 19:27:24.189000+00:00,,,,,,,,,,,,,48.224,0.04149999999999998,0.36834999999999996,44.31142771759781,47.7421,,0.0,1.0,0.9878264375659078,,,,0.9541664693720049,0.5,0.5,0.6904224044756442,0.9959421458553027,0.5465911375827368
robot_1,warehouse,robot_anomaly_warehouse,2026-04-15 11:08:58.727000+00:00,,,,,,,,,,,,,26.8448,0.02510000000000001,0.14615675675675677,45.61617786488777,64.1844,,0.0,1.0,0.9845698157682526,,,,0.9006699495332944,0.5,0.5,0.7867076835777815,0.9948566052560842,0.5703910722084664
robot_2,lab,robot_anomaly_lab,2026-05-09 19:26:04.564000+00:00,,,,,,,,,,,,,22.0667,0.023299999999999987,0.17978918918918918,14.63679636698148,61.6956,,0.0,1.0,0.9495843930277278,,,,0.8646976877316408,0.5,0.5,0.9174135727119033,0.9831947976759093,0.6001520925969532
robot_3,lab,robot_anomaly_lab,2026-04-17 14:57:21.739000+00:00,,,,,,,,,,,,,17.6694,0.04169999999999996,0.46266756756756755,25.56989703262559,40.7626,,0.0,1.0,0.8962998573289498,,,,0.8986384200517061,0.5,0.5,0.7522013977986399,0.9654332857763167,0.5544086708937392
robot_2,lab,robot_anomaly_lab,2026-05-07 13:03:00.266000+00:00,,,,,,,,,,,,,42.8068,0.007399999999999962,0.19737432432432434,14.63679636698148,60.3943,,1.0,0.0,0.9505303641213324,,,,0.6848657324675809,0.5,0.5,0.9044840393786051,0.3168434547071108,0.430331873521429
robot_5,lab,robot_anomaly_lab,2026-04-26 17:17:52.966000+00:00,,,,,,,,,,,,,35.9479,0.059799999999999964,0.24485405405405403,44.31142771759781,56.8808,,0.0,1.0,0.9454903541963898,,,,0.9653372761881311,0.5,0.5,0.7413330689399815,0.9818301180654633,0.5557907967513611
robot_3,hospital,robot_anomaly_hospital,2026-04-24 14:00:52.190000+00:00,,,,,,,,,,,,,32.8047,0.022800000000000042,0.15533378378378382,37.431302275652754,63.5053,,1.0,0.0,0.9696513863904225,,,,0.6974949724025066,0.5,0.5,0.8182454393557859,0.3232171287968075,0.4103656420381483
robot_4,outdoor,robot_anomaly_outdoor,2026-04-16 19:48:57.430000+00:00,,,,,,,,,,,,,43.5393,0.05889999999999995,0.5045324324324325,47.74265761291576,37.6646,,0.0,1.0,0.9629365423981142,,,,0.8678938358817166,0.5,0.5,0.6185276486825241,0.9876455141327046,0.5265432907038071
robot_3,warehouse,robot_anomaly_warehouse,2026-05-04 16:17:31.035000+00:00,,,,,,,,,,,,,17.2086,0.02059999999999995,0.2731554054054055,41.50002108112327,54.7865,,1.0,0.0,0.9156069722721916,,,,0.6634892093703947,0.5,0.5,0.7601037743914179,0.3052023240907305,0.3913265246205371
robot_1,outdoor,robot_anomaly_outdoor,2026-04-14 08:39:34.805000+00:00,,,,,,,,,,,,,38.6023,0.03290000000000004,0.35762432432432434,32.28341037492993,48.5358,,0.0,1.0,0.9407604987283668,,,,0.9033613157141911,0.5,0.5,0.7559733249679849,0.9802534995761222,0.5590567061360268
robot_5,outdoor,robot_anomaly_outdoor,2026-05-06 21:32:46.968000+00:00,,,,,,,,,,,,,34.047,0.056400000000000006,0.19246621621621618,26.119861519645806,60.7575,,0.0,1.0,0.9998139073258483,,,,0.8731254934042425,0.5,0.5,0.8470501557953918,0.9999379691086161,0.5867470312260019
robot_1,warehouse,robot_anomaly_warehouse,2026-05-04 21:55:58.904000+00:00,,,,,,,,,,,,,34.3917,0.08779999999999999,0.2631310810810811,45.61617786488777,55.5283,,0.0,1.0,0.967899013708827,,,,0.9523431492425466,0.5,0.5,0.7225384333552418,0.9892996712362757,0.5529595261478795
robot_1,hospital,robot_anomaly_hospital,2026-04-16 04:16:42.981000+00:00,,,,,,,,,,,,,51.4013,0.03649999999999998,0.22096756756756752,39.72338368547231,58.6484,,0.0,1.0,0.9149866633583524,,,,0.8575997164826715,0.5,0.5,0.7700113954240587,0.9716622211194509,0.5604184041358774
robot_4,warehouse,robot_anomaly_warehouse,2026-05-03 00:02:34.608000+00:00,,,,,,,,,,,,,290.9501,0.03500000000000003,0.9259472972972973,44.033102772410636,6.4799,,1.0,0.0,0.9871906209292227,,,,0.6366443781324383,0.5,0.5,0.359712479815694,0.3290635403097409,0.29719400503135873
robot_5,outdoor,robot_anomaly_outdoor,2026-04-23 15:00:06.418000+00:00,,,,,,,,,,,,,28.6556,0.05259999999999998,0.3178891891891892,26.119861519645806,51.4762,,1.0,0.0,0.9929750015507723,,,,0.6761536565022188,0.5,0.5,0.8001782005933725,0.3309916671835908,0.4077924669442409
robot_5,outdoor,robot_anomaly_outdoor,2026-04-28 05:34:49.575000+00:00,,,,,,,,,,,,,23.2864,0.05010000000000003,0.5060513513513514,26.119861519645806,37.5522,,0.0,1.0,0.988446746479747,,,,0.8957416534464588,0.5,0.5,0.7279112953541755,0.996148915493249,0.5560150527118561
robot_4,warehouse,robot_anomaly_warehouse,2026-04-14 09:18:40.098000+00:00,,,,,,,,,,,,,31.2311,0.03300000000000003,0.3493959459459459,44.033102772410636,49.1447,,0.0,1.0,0.996526270082501,,,,0.917633403604792,0.5,0.5,0.7088950053317108,0.9988420900275004,0.5519342738398028
robot_3,warehouse,robot_anomaly_warehouse,2026-04-15 12:26:21.707000+00:00,,,,,,,,,,,,,27.0321,0.1049,0.3328635135135135,41.50002108112327,50.3681,,0.0,1.0,0.9568730227653371,,,,0.8887340091323284,0.5,0.5,0.713000835392727,0.985624340921779,0.5496562940786265
robot_3,hospital,robot_anomaly_hospital,2026-04-24 05:45:25.821000+00:00,,,,,,,,,,,,,45.1254,0.0857,0.3396297297297297,37.431302275652754,49.8674,,0.0,1.0,0.8457912040196018,,,,0.8423544288916116,0.5,0.5,0.7249319843933518,0.948597068006534,0.5433822630999715
robot_2,lab,robot_anomaly_lab,2026-04-11 13:31:20.885000+00:00,,,,,,,,,,,,,23.6371,0.07579999999999998,0.45177567567567567,14.63679636698148,41.5686,,0.0,1.0,0.9977048570187954,,,,0.891652981387721,0.5,0.5,0.796226433963497,0.9992349523395984,0.5738653465757738
robot_4,warehouse,robot_anomaly_warehouse,2026-04-29 19:43:17.062000+00:00,,,,,,,,,,,,,43.6226,0.04400000000000004,0.2612905405405406,44.033102772410636,55.6645,,0.0,1.0,0.9947428819552137,,,,0.9433964199491861,0.5,0.5,0.7360547701279443,0.9982476273184046,0.5585755993615872
robot_3,outdoor,robot_anomaly_outdoor,2026-04-14 14:22:12.841000+00:00,,,,,,,,,,,,,38.7389,0.06220000000000003,0.2134310810810811,34.9320233150912,59.2061,,1.0,0.0,0.9969449785993425,,,,0.7326406876417642,0.5,0.5,0.794965881979499,0.3323149928664475,0.40682021871148666
robot_2,lab,robot_anomaly_lab,2026-04-24 00:03:29.728000+00:00,,,,,,,,,,,,,51.1192,0.06359999999999999,0.18193108108108103,14.63679636698148,61.5371,,0.0,1.0,0.927594442032132,,,,0.869965167924251,0.5,0.5,0.8943795662712446,0.9758648140107106,0.5925610950704887
robot_5,lab,robot_anomaly_lab,2026-04-17 19:07:14.054000+00:00,,,,,,,,,,,,,38.5574,0.1068,0.36376351351351355,44.31142771759781,48.0815,,0.0,1.0,0.9639290366602569,,,,0.9103182432836828,0.5,0.5,0.6821276164151878,0.987976345553419,0.5425259904921517
robot_2,warehouse,robot_anomaly_warehouse,2026-04-20 13:08:04.048000+00:00,,,,,,,,,,,,,301.3899,0.01880000000000004,0.925677027027027,58.39748493129811,6.4999,,1.0,0.0,0.9833912288319583,,,,0.6189624035056221,0.5,0.5,0.29302658719090435,0.3277970762773194,0.28020591586705595
robot_3,lab,robot_anomaly_lab,2026-04-30 09:05:19.960000+00:00,,,,,,,,,,,,,33.1559,0.03169999999999995,0.31351756756756755,25.56989703262559,51.7997,,0.0,1.0,0.9607344457539855,,,,0.8909758627146503,0.5,0.5,0.807042769445468,0.986911481917995,0.5734885628408657
robot_4,lab,robot_anomaly_lab,2026-04-11 14:38:31.449000+00:00,,,,,,,,,,,,,12.5703,0.0837,0.44880540540540537,53.89857422167088,41.7884,,0.0,1.0,0.9923857080826252,,,,0.9745727999105741,0.5,0.5,0.6212517031088233,0.9974619026942083,0.5296784014507578
robot_5,outdoor,robot_anomaly_outdoor,2026-04-21 00:11:34.934000+00:00,,,,,,,,,,,,,24.7205,0.009299999999999975,0.2573229729729729,26.119861519645806,55.9581,,0.0,1.0,0.963789467154643,,,,0.9525227860495139,0.5,0.5,0.8358261775826786,0.987929822384881,0.5809389999918899
robot_1,hospital,robot_anomaly_hospital,2026-05-09 16:20:01.161000+00:00,,,,,,,,,,,,,47.393,0.08589999999999998,0.3495162162162162,39.72338368547231,49.1358,,0.0,1.0,0.9857484027045469,,,,0.9055551912631513,0.5,0.5,0.7094260963315181,0.9952494675681823,0.551168890974925
robot_4,lab,robot_anomaly_lab,2026-05-05 12:11:06.527000+00:00,,,,,,,,,,,,,27.9491,0.03259999999999996,0.47453378378378375,53.89857422167088,39.8845,,0.0,1.0,0.9586409031697786,,,,0.8590665445781323,0.5,0.5,0.615333179885633,0.9862136343899262,0.5253867035688897
robot_2,warehouse,robot_anomaly_warehouse,2026-05-02 20:41:21.077000+00:00,,,,,,,,,,,,,41.761,0.015700000000000047,0.2929418918918919,58.39748493129811,53.3223,,0.0,1.0,0.9948824514608275,,,,0.9479585672704538,0.5,0.5,0.6648863389513724,0.9982941504869425,0.5407951223595787
robot_1,warehouse,robot_anomaly_warehouse,2026-04-17 04:15:25.292000+00:00,,,,,,,,,,,,,25.0969,0.053100000000000036,0.5052067567567567,45.61617786488777,37.6147,,0.0,1.0,0.912629489485764,,,,0.9216938082964953,0.5,0.5,0.637654156924585,0.9708764964952546,0.52713266335496
robot_2,lab,robot_anomaly_lab,2026-04-24 09:50:40.874000+00:00,,,,,,,,,,,,,32.1509,0.03610000000000002,0.25236486486486487,14.63679636698148,56.325,,0.0,1.0,0.9942311271012965,,,,0.9715646609669475,0.5,0.5,0.8809498371260454,0.9980770423670989,0.5947567198732862
robot_5,outdoor,robot_anomaly_outdoor,2026-04-29 01:40:29.376000+00:00,,,,,,,,,,,,,30.1605,0.01849999999999996,0.43176081081081075,26.119861519645806,43.0497,,1.0,0.0,0.9782116494014019,,,,0.706930975547003,0.5,0.5,0.761530504560301,0.3260705498004673,0.39690026359019204
robot_2,outdoor,robot_anomaly_outdoor,2026-04-22 17:27:30.931000+00:00,,,,,,,,,,,,,46.406,0.02949999999999997,0.5143756756756757,50.074809997698374,36.9362,,0.0,1.0,0.961044600210905,,,,0.9092081065624906,0.5,0.5,0.6091678196839129,0.9870148667369684,0.5240456716052203
robot_1,lab,robot_anomaly_lab,2026-04-12 08:57:37.501000+00:00,,,,,,,,,,,,,33.0539,0.08750000000000002,0.47857297297297297,49.14167586402035,39.5856,,0.0,1.0,0.9941535884870666,,,,0.925155279641614,0.5,0.5,0.6209241996365018,0.9980511961623555,0.5297438489497144
robot_5,hospital,robot_anomaly_hospital,2026-05-09 07:09:46.616000+00:00,,,,,,,,,,,,,39.4412,0.04179999999999995,0.26070810810810807,33.69562591427044,55.7076,,1.0,0.0,0.9763972458284226,,,,0.7153571434452468,0.5,0.5,0.7859242666065488,0.3254657486094742,0.4028475038040058
robot_1,lab,robot_anomaly_lab,2026-04-29 17:38:08.981000+00:00,,,,,,,,,,,,,18.5188,0.0046000000000000485,0.36309594594594596,49.14167586402035,48.1309,,0.0,1.0,0.9408225296197507,,,,0.9770622575464634,0.5,0.5,0.6921660630107325,0.9802741765399169,0.5431100598876624
robot_3,warehouse,robot_anomaly_warehouse,2026-04-18 19:53:21.787000+00:00,,,,,,,,,,,,,42.3043,0.043300000000000005,0.4770797297297297,41.50002108112327,39.6961,,0.0,1.0,0.9710780968922523,,,,0.9188956100131822,0.5,0.5,0.6620713264420808,0.9903593656307508,0.5381076730182079
robot_1,lab,robot_anomaly_lab,2026-04-21 18:24:19.861000+00:00,,,,,,,,,,,,,55.4883,0.04059999999999997,0.03297837837837836,49.14167586402035,72.5596,,0.0,1.0,0.9550741269152038,,,,0.9231408904638464,0.5,0.5,0.799391795488044,0.9850247089717347,0.5711041261149447
robot_4,warehouse,robot_anomaly_warehouse,2026-04-24 06:14:54.149000+00:00,,,,,,,,,,,,,28.9728,0.044499999999999984,0.17907432432432435,44.033102772410636,61.7485,,1.0,0.0,0.9941380807642206,,,,0.7254658135777887,0.5,0.5,0.7754925881477874,0.3313793602547402,0.4017179871006319
robot_1,hospital,robot_anomaly_hospital,2026-04-12 09:25:03.842000+00:00,,,,,,,,,,,,,22.1941,0.0,0.3098675675675675,39.72338368547231,52.0698,,0.0,1.0,0.9202747968488307,,,,0.9310956284992313,0.5,0.5,0.7558537110839755,0.9734249322829435,0.5573196608417297
robot_5,warehouse,robot_anomaly_warehouse,2026-04-20 15:00:22.183000+00:00,,,,,,,,,,,,,26.9628,0.028800000000000048,0.4339729729729729,31.857120950670687,42.886,,0.0,1.0,0.983546306060418,,,,0.9433623826026981,0.5,0.5,0.7335876697353143,0.9945154353534726,0.5570257762721967
robot_5,warehouse,robot_anomaly_warehouse,2026-04-18 19:46:47.368000+00:00,,,,,,,,,,,,,29.1458,0.03469999999999995,0.5046445945945945,31.857120950670687,37.6563,,0.0,1.0,0.9773587246448732,,,,0.8880706640225456,0.5,0.5,0.7030137952549762,0.9924529082149577,0.5488666758674834
robot_1,outdoor,robot_anomaly_outdoor,2026-04-19 14:00:20.454000+00:00,,,,,,,,,,,,,49.2771,0.05710000000000004,0.4241405405405405,32.28341037492993,43.6136,,1.0,0.0,0.4527634762111532,,,,0.6401783398133689,0.5,0.5,0.7191289061454025,0.15092115873705106,0.34251251622061335
robot_3,hospital,robot_anomaly_hospital,2026-04-16 23:34:36.886000+00:00,,,,,,,,,,,,,28.7758,0.06040000000000001,0.3831648648648649,37.431302275652754,46.6458,,0.0,1.0,0.9579740710874015,,,,0.9226400048868214,0.5,0.5,0.7205813829932419,0.9859913570291338,0.5516431850055938
robot_4,hospital,robot_anomaly_hospital,2026-04-11 09:58:41.549000+00:00,,,,,,,,,,,,,366.0083,0.03959999999999997,0.8906864864864865,41.58712541309663,9.0892,,1.0,0.0,0.9846163389367906,,,,0.5454781498732343,0.5,0.5,0.34983686648448925,0.3282054463122635,0.2945105781991882
robot_1,lab,robot_anomaly_lab,2026-04-11 09:29:31.312000+00:00,,,,,,,,,,,,,27.8338,0.029200000000000004,0.21787162162162166,49.14167586402035,58.8775,,0.0,1.0,0.9944017120526022,,,,0.8620757434160113,0.5,0.5,0.7405473033179677,0.998133904017534,0.5596703018338753
robot_3,warehouse,robot_anomaly_warehouse,2026-05-09 00:02:32.123000+00:00,,,,,,,,,,,,,20.9325,0.04379999999999995,0.2295621621621622,41.50002108112327,58.0124,,0.0,1.0,0.8919266794863843,,,,0.9240641656213138,0.5,0.5,0.7706867702249683,0.9639755598287948,0.5586655825134408
robot_1,warehouse,robot_anomaly_warehouse,2026-05-10 13:26:29.965000+00:00,,,,,,,,,,,,,50.6198,0.06310000000000004,0.2664527027027027,45.61617786488777,55.2825,,0.0,1.0,0.9729390236337696,,,,0.8691900053930638,0.5,0.5,0.7193238221442828,0.9909796745445899,0.5525758741722182
robot_3,hospital,robot_anomaly_hospital,2026-04-19 13:32:11.500000+00:00,,,,,,,,,,,,,25.6323,0.08450000000000002,0.3746716216216217,37.431302275652754,47.2743,,0.0,1.0,0.8685875566031884,,,,0.9303119282019605,0.5,0.5,0.7200473900304933,0.9561958522010627,0.544060810557889
robot_1,lab,robot_anomaly_lab,2026-04-27 10:58:03.350000+00:00,,,,,,,,,,,,,29.2031,0.06030000000000002,0.2883554054054054,49.14167586402035,53.6617,,0.0,1.0,0.9210036598225917,,,,0.8934779917032472,0.5,0.5,0.7048130193974409,0.9736678866075307,0.544620226501243
robot_4,outdoor,robot_anomaly_outdoor,2026-05-05 17:56:33.050000+00:00,,,,,,,,,,,,,47.0189,0.03049999999999997,0.38911351351351353,47.74265761291576,46.2056,,0.0,1.0,0.9865858197382297,,,,0.8821832108766328,0.5,0.5,0.6694301643166354,0.9955286065794099,0.5412396927240113
robot_4,lab,robot_anomaly_lab,2026-04-18 16:51:52.305000+00:00,,,,,,,,,,,,,41.4233,0.05789999999999995,0.28505405405405404,53.89857422167088,53.906,,0.0,1.0,0.896858135351405,,,,0.9007056859705627,0.5,0.5,0.6793693166613354,0.9656193784504684,0.536247173777951
robot_3,warehouse,robot_anomaly_warehouse,2026-05-08 14:42:34.569000+00:00,,,,,,,,,,,,,38.3457,0.0,0.34134864864864867,41.50002108112327,49.7402,,0.0,1.0,0.9898889647044228,,,,0.892365907521139,0.5,0.5,0.7277959368963345,0.9966296549014743,0.5561063979494523
robot_2,warehouse,robot_anomaly_warehouse,2026-05-07 06:57:43.985000+00:00,,,,,,,,,,,,,40.2394,0.03249999999999997,0.37427702702702703,58.39748493129811,47.3035,,0.0,1.0,0.9307890329384033,,,,0.9098654890516222,0.5,0.5,0.6293072199792347,0.9769296776461345,0.5265592244063423
robot_5,lab,robot_anomaly_lab,2026-05-04 03:01:25.007000+00:00,,,,,,,,,,,,,38.4702,0.06040000000000001,0.30121351351351355,44.31142771759781,52.7102,,0.0,1.0,0.9826778735810434,,,,0.9122362681851568,0.5,0.5,0.7175087064761592,0.9942259578603477,0.5529336660841266
robot_2,hospital,robot_anomaly_hospital,2026-04-17 10:44:10.840000+00:00,,,,,,,,,,,,,10.0,0.00660000000000005,0.31566216216216214,38.92765711090124,51.641,,0.0,1.0,0.9797314062403076,,,,0.9306966812480615,0.5,0.5,0.7612501880263441,0.9932438020801025,0.5636234975266117
robot_2,warehouse,robot_anomaly_warehouse,2026-05-04 19:49:37.066000+00:00,,,,,,,,,,,,,51.1171,0.02849999999999997,0.3351175675675675,58.39748493129811,50.2013,,0.0,1.0,0.9899665033186527,,,,0.9497819352364447,0.5,0.5,0.6409137345393475,0.9966555011062175,0.5343923089113912
robot_3,outdoor,robot_anomaly_outdoor,2026-04-16 07:20:59.691000+00:00,,,,,,,,,,,,,46.3453,0.10009999999999997,0.14923108108108107,34.9320233150912,63.9569,,0.0,1.0,0.9819024874387445,,,,0.897271489642246,0.5,0.5,0.8087559293370031,0.9939674958129148,0.5756808562874794
robot_4,warehouse,robot_anomaly_warehouse,2026-05-01 05:28:11.316000+00:00,,,,,,,,,,,,,31.3427,0.11470000000000002,0.3147729729729729,44.033102772410636,51.7068,,1.0,0.0,0.995208113640593,,,,0.6980586179708538,0.5,0.5,0.7045197108905029,0.3317360378801977,0.3840639371926752
robot_2,outdoor,robot_anomaly_outdoor,2026-04-29 12:08:11.373000+00:00,,,,,,,,,,,,,34.5064,0.02949999999999997,0.35110135135135134,50.074809997698374,49.0185,,0.0,1.0,0.9991470752434712,,,,0.9088767973609867,0.5,0.5,0.6798893452056253,0.9997156917478237,0.5449012592383622
robot_4,lab,robot_anomaly_lab,2026-05-08 20:50:29.435000+00:00,,,,,,,,,,,,,30.4173,0.0998,0.3299797297297298,53.89857422167088,50.5815,,0.0,1.0,0.9839029836858756,,,,0.9484442528345525,0.5,0.5,0.657084012045507,0.9946343278952918,0.5379295849851997
robot_4,outdoor,robot_anomaly_outdoor,2026-04-19 08:51:02.365000+00:00,,,,,,,,,,,,,51.1709,0.03159999999999996,0.2921918918918919,47.74265761291576,53.3778,,1.0,0.0,0.6593263445195707,,,,0.6303744358799352,0.5,0.5,0.7060658438787403,0.21977544817319025,0.3564603230129827
robot_3,hospital,robot_anomaly_hospital,2026-04-13 17:31:03.180000+00:00,,,,,,,,,,,,,21.8203,0.07520000000000004,0.26867972972972975,37.431302275652754,55.1177,,1.0,0.0,0.9065194466844488,,,,0.728529758236687,0.5,0.5,0.7662465342077933,0.3021731488948163,0.3921049207756524
robot_4,outdoor,robot_anomaly_outdoor,2026-04-30 11:47:16.821000+00:00,,,,,,,,,,,,,38.7589,0.0,0.4141054054054054,47.74265761291576,44.3562,,0.0,1.0,0.976025060480119,,,,0.9215238082570669,0.5,0.5,0.6699745191320529,0.992008353493373,0.5404957181563564
robot_3,warehouse,robot_anomaly_warehouse,2026-05-06 17:42:32.870000+00:00,,,,,,,,,,,,,42.3626,0.013800000000000034,0.40058513513513516,41.50002108112327,45.3567,,0.0,1.0,0.9499565783760313,,,,0.9284849921670532,0.5,0.5,0.6992047678102626,0.9833188594586771,0.5456309068172349
robot_4,outdoor,robot_anomaly_outdoor,2026-04-13 09:08:36.334000+00:00,,,,,,,,,,,,,26.6211,0.05169999999999997,0.26907162162162157,47.74265761291576,55.0887,,0.0,1.0,0.9850195397307859,,,,0.8519740304109357,0.5,0.5,0.7220077696711346,0.9950065132435952,0.5542535707286824
robot_3,lab,robot_anomaly_lab,2026-04-15 13:51:39.539000+00:00,,,,,,,,,,,,,38.7602,0.07820000000000005,0.36958513513513513,25.56989703262559,47.6507,,0.0,1.0,0.8845294956888531,,,,0.8939063040743583,0.5,0.5,0.7717232967808318,0.9615098318962844,0.5583082821692791
robot_2,hospital,robot_anomaly_hospital,2026-04-18 07:24:42.687000+00:00,,,,,,,,,,,,,63.3241,0.06640000000000001,0.42696891891891897,38.92765711090124,43.4043,,0.0,1.0,0.963169158240804,,,,0.9054044685845902,0.5,0.5,0.6791741311801018,0.9877230527469347,0.5417242959817592
robot_1,lab,robot_anomaly_lab,2026-04-13 10:33:55.542000+00:00,,,,,,,,,,,,,46.7956,0.09560000000000002,0.5199256756756756,49.14167586402035,36.5255,,0.0,1.0,0.9094193908566466,,,,0.8580588792702336,0.5,0.5,0.5963317559083227,0.9698064636188821,0.5165345548818012
robot_2,warehouse,robot_anomaly_warehouse,2026-04-17 02:23:43.162000+00:00,,,,,,,,,,,,,24.5362,0.13680000000000003,0.3797202702702702,58.39748493129811,46.9007,,0.0,1.0,0.9355654115749643,,,,0.8414159923698336,0.5,0.5,0.6110705715163022,0.9785218038583214,0.5223980938436559
robot_5,hospital,robot_anomaly_hospital,2026-04-15 15:46:56.299000+00:00,,,,,,,,,,,,,25.7487,0.01319999999999999,0.3639094594594594,33.69562591427044,48.0707,,0.0,1.0,0.9800725761429192,,,,0.9376427947817454,0.5,0.5,0.7572328288126362,0.993357525380973,0.5626475885484024
robot_5,outdoor,robot_anomaly_outdoor,2026-04-17 05:50:45.233000+00:00,,,,,,,,,,,,,29.9436,0.0676,0.30672027027027027,26.119861519645806,52.3027,,0.0,1.0,0.9835307983375721,,,,0.9209446488606817,0.5,0.5,0.8007233311587065,0.994510266112524,0.5738083993178076
robot_2,lab,robot_anomaly_lab,2026-04-30 23:13:13.901000+00:00,,,,,,,,,,,,,47.1075,0.0044999999999999485,0.38979324324324327,14.63679636698148,46.1553,,0.0,1.0,0.9804447614912226,,,,0.9449197050066551,0.5,0.5,0.8262056544101123,0.9934815871637408,0.5799218103934632
robot_5,lab,robot_anomaly_lab,2026-04-23 11:37:17.326000+00:00,,,,,,,,,,,,,30.9913,0.05589999999999995,0.4259675675675676,44.31142771759781,43.4784,,1.0,0.0,0.38575460579368526,,,,0.5583231289196495,0.5,0.5,0.672009400147503,0.12858486859789509,0.3251485671863495
robot_4,outdoor,robot_anomaly_outdoor,2026-05-08 13:40:39.740000+00:00,,,,,,,,,,,,,32.6105,0.06630000000000003,0.28392972972972974,47.74265761291576,53.9892,,1.0,0.0,0.9577104397990199,,,,0.7044963029221032,0.5,0.5,0.7100929267888312,0.31923681326633996,0.38233243501379277
robot_2,warehouse,robot_anomaly_warehouse,2026-05-10 06:36:44.351000+00:00,,,,,,,,,,,,,44.477,0.0695,0.26642567567567566,58.39748493129811,55.2845,,0.0,1.0,0.9428695490354196,,,,0.8729441824616112,0.5,0.5,0.6622900980354638,0.9809565163451399,0.5358116535951509
robot_4,lab,robot_anomaly_lab,2026-04-15 03:51:09.553000+00:00,,,,,,,,,,,,,35.6393,0.04569999999999996,0.35558378378378386,53.89857422167088,48.6868,,0.0,1.0,0.9682867067799764,,,,0.9643284942948014,0.5,0.5,0.6565017437440152,0.9894289022599921,0.5364826615010019
robot_5,lab,robot_anomaly_lab,2026-04-20 02:08:52.952000+00:00,,,,,,,,,,,,,46.1142,0.6075999999999999,0.5349675675675676,44.31142771759781,35.4124,,1.0,0.0,0.9714192667948638,,,,0.5949709470301197,0.5,0.5,0.4988089633350147,0.3238064222649546,0.3306538463999923
robot_5,outdoor,robot_anomaly_outdoor,2026-04-28 12:07:20.236000+00:00,,,,,,,,,,,,,34.8715,0.13460000000000005,0.4417297297297298,26.119861519645806,42.312,,1.0,0.0,0.9673252279635258,,,,0.5843017847906364,0.5,0.5,0.7295746046981162,0.3224417426545086,0.38800408683815624
robot_5,warehouse,robot_anomaly_warehouse,2026-05-02 09:42:46.784000+00:00,,,,,,,,,,,,,42.2183,0.07189999999999996,0.4766905405405406,31.857120950670687,39.7249,,1.0,0.0,0.9609670615966751,,,,0.7123131147257322,0.5,0.5,0.6999752585811493,0.32032235386555835,0.38007440311167695
robot_1,warehouse,robot_anomaly_warehouse,2026-05-04 09:57:43.682000+00:00,,,,,,,,,,,,,43.5678,0.05510000000000004,0.3745527027027027,45.61617786488777,47.2831,,0.0,1.0,0.9546554183983624,,,,0.8643012496225516,0.5,0.5,0.6810705447559651,0.9848851394661208,0.5414889210555214
robot_4,warehouse,robot_anomaly_warehouse,2026-05-06 16:44:07.384000+00:00,,,,,,,,,,,,,49.8845,0.0353,0.4145283783783784,44.033102772410636,44.3249,,0.0,1.0,0.9414893617021276,,,,0.9324540786544752,0.5,0.5,0.6738470663506508,0.9804964539007092,0.53858588006284
robot_4,hospital,robot_anomaly_hospital,2026-05-03 08:49:27.759000+00:00,,,,,,,,,,,,,30.3494,0.06330000000000002,0.3442121621621621,41.58712541309663,49.5283,,0.0,1.0,0.9825848272439675,,,,0.9028773016542649,0.5,0.5,0.7158083117285423,0.9941949424146559,0.5525008135357996
robot_2,outdoor,robot_anomaly_outdoor,2026-04-15 13:53:21.114000+00:00,,,,,,,,,,,,,25.3873,0.02939999999999998,0.36451891891891897,50.074809997698374,48.0256,,0.0,1.0,0.970628372929719,,,,0.9067649145377089,0.5,0.5,0.6786918202847598,0.9902094576432398,0.5422253194819999
robot_5,warehouse,robot_anomaly_warehouse,2026-04-13 08:27:12.741000+00:00,,,,,,,,,,,,,47.7767,0.03300000000000003,0.470704054054054,31.857120950670687,40.1679,,0.0,1.0,0.9532442156193784,,,,0.9113276516741639,0.5,0.5,0.7084950568616211,0.9844147385397929,0.5482274488503536
robot_1,lab,robot_anomaly_lab,2026-04-30 17:42:53.882000+00:00,,,,,,,,,,,,,55.1582,0.7926,0.16026216216216216,49.14167586402035,63.1406,,1.0,0.0,0.9403883133800632,,,,0.6090202532896878,0.5,0.5,0.5813500180067881,0.31346277112668774,0.34870319728336896
robot_5,warehouse,robot_anomaly_warehouse,2026-04-15 10:53:24.744000+00:00,,,,,,,,,,,,,34.9546,0.02100000000000002,0.20955000000000001,31.857120950670687,59.4933,,0.0,1.0,0.9293002915451896,,,,0.8411874046206274,0.5,0.5,0.8214573522472133,0.9764334305150631,0.5744726956905691
robot_5,outdoor,robot_anomaly_outdoor,2026-04-20 09:37:35.772000+00:00,,,,,,,,,,,,,17.1759,0.03949999999999998,0.4199364864864865,26.119861519645806,43.9247,,0.0,1.0,0.968627876682588,,,,0.8729578618214677,0.5,0.5,0.7674941371035867,0.9895426255608627,0.5642591906661124
robot_3,hospital,robot_anomaly_hospital,2026-04-10 18:08:19.841000+00:00,,,,,,,,,,,,,29.2188,0.055400000000000005,0.273622972972973,37.431302275652754,54.7519,,1.0,0.0,0.9818094411016687,,,,0.5822240077867933,0.5,0.5,0.7653088919815628,0.32726981370055624,0.39814467642052975
robot_2,hospital,robot_anomaly_hospital,2026-05-06 16:42:33.771000+00:00,,,,,,,,,,,,,34.4803,0.02729999999999999,0.4138121621621622,38.92765711090124,44.3779,,0.0,1.0,0.9798244525773835,,,,0.9330229427956815,0.5,0.5,0.7062522357019445,0.9932748175257945,0.5498817633069348
robot_3,hospital,robot_anomaly_hospital,2026-05-09 02:00:36.257000+00:00,,,,,,,,,,,,,30.1635,0.08979999999999999,0.32993513513513517,37.431302275652754,50.5848,,0.0,1.0,0.9846473543824825,,,,0.8588267521790914,0.5,0.5,0.7347022923118477,0.9948824514608274,0.5573961859431688
robot_5,lab,robot_anomaly_lab,2026-04-14 03:33:14.474000+00:00,,,,,,,,,,,,,31.4393,0.057699999999999974,0.4368337837837838,44.31142771759781,42.6743,,0.0,1.0,0.9673562434092178,,,,0.9446377113996615,0.5,0.5,0.6670587682175216,0.9891187478030726,0.5390443790051486
robot_1,lab,robot_anomaly_lab,2026-04-22 00:51:20.607000+00:00,,,,,,,,,,,,,37.4489,0.0,0.34161351351351354,49.14167586402035,49.7206,,0.0,1.0,0.9937503876930711,,,,0.9064832460354919,0.5,0.5,0.6931730983257599,0.9979167958976903,0.5477724735558626
robot_1,warehouse,robot_anomaly_warehouse,2026-05-08 01:31:33.538000+00:00,,,,,,,,,,,,,41.8568,0.09099999999999997,0.3780202702702703,45.61617786488777,47.0265,,0.0,1.0,0.9402952670429874,,,,0.8337237616924025,0.5,0.5,0.6724758965285448,0.9800984223476625,0.5381435797190518
robot_1,hospital,robot_anomaly_hospital,2026-04-11 11:12:22.567000+00:00,,,,,,,,,,,,,26.9194,0.03749999999999998,0.37427162162162164,39.72338368547231,47.3039,,0.0,1.0,0.9246169592457043,,,,0.969451451040805,0.5,0.5,0.7196014045162112,0.9748723197485681,0.5486184310661948
robot_3,hospital,robot_anomaly_hospital,2026-04-21 06:31:32.468000+00:00,,,,,,,,,,,,,29.6775,0.008299999999999974,0.44850810810810804,37.431302275652754,41.8104,,0.0,1.0,0.9106134855157868,,,,0.8946788053944665,0.5,0.5,0.7056233704628353,0.970204495171929,0.5439569664086911
robot_2,outdoor,robot_anomaly_outdoor,2026-05-01 12:49:21.786000+00:00,,,,,,,,,,,,,59.9252,0.057599999999999985,0.1784148648648649,50.074809997698374,61.7973,,0.0,1.0,0.9970380249364184,,,,0.9334976210017805,0.5,0.5,0.7311530783628403,0.9990126749788061,0.5575414383354116
robot_4,lab,robot_anomaly_lab,2026-05-04 00:05:21.224000+00:00,,,,,,,,,,,,,36.7027,0.028299999999999992,0.23422972972972966,53.89857422167088,57.667,,0.0,1.0,0.9841355995285652,,,,0.9421986512399952,0.5,0.5,0.7084302809649834,0.9947118665095217,0.5507855368686263
robot_3,lab,robot_anomaly_lab,2026-04-13 14:16:22.721000+00:00,,,,,,,,,,,,,10.0,0.04500000000000004,0.2564027027027027,25.56989703262559,56.0262,,0.0,1.0,0.9472892500465232,,,,0.9379662500093046,0.5,0.5,0.8374612277579356,0.9824297500155077,0.5799727444433609
robot_4,warehouse,robot_anomaly_warehouse,2026-04-14 07:42:23.611000+00:00,,,,,,,,,,,,,37.7037,0.0786,0.29181486486486485,44.033102772410636,53.4057,,0.0,1.0,0.987004528255071,,,,0.8770493941546318,0.5,0.5,0.7188402998693257,0.9956681760850237,0.5536271189885873
robot_4,warehouse,robot_anomaly_warehouse,2026-04-11 21:14:23.319000+00:00,,,,,,,,,,,,,42.6422,0.054200000000000026,0.3485567567567568,44.033102772410636,49.2068,,0.0,1.0,0.9582532100986291,,,,0.9006663597748557,0.5,0.5,0.6993252222361753,0.9860844033662097,0.5463524064005962
robot_2,lab,robot_anomaly_lab,2026-04-18 01:29:40.135000+00:00,,,,,,,,,,,,,41.6141,0.07169999999999999,0.21607567567567576,14.63679636698148,59.0104,,0.0,1.0,0.9831275975435767,,,,0.8486528048504647,0.5,0.5,0.8832427324555298,0.994375865847859,0.5944046495758472
robot_5,lab,robot_anomaly_lab,2026-04-17 09:25:28.803000+00:00,,,,,,,,,,,,,47.5481,0.07030000000000003,0.22709189189189194,44.31142771759781,58.1952,,0.0,1.0,0.9429781030953415,,,,0.8764809937158997,0.5,0.5,0.740826632550489,0.9809927010317804,0.5554548333955673
robot_3,hospital,robot_anomaly_hospital,2026-04-11 06:48:45.795000+00:00,,,,,,,,,,,,,41.9075,0.09709999999999996,0.3240837837837838,37.431302275652754,51.0178,,0.0,1.0,0.9562061906829601,,,,0.8589922886666361,0.5,0.5,0.7300779560115471,0.9854020635609867,0.5538700048931335
robot_2,warehouse,robot_anomaly_warehouse,2026-04-28 01:17:49.585000+00:00,,,,,,,,,,,,,27.4063,0.05459999999999998,0.29782972972972976,58.39748493129811,52.9606,,0.0,1.0,0.9502822405557968,,,,0.8958284710048712,0.5,0.5,0.6608064521896744,0.9834274135185989,0.5360584664270682
robot_2,lab,robot_anomaly_lab,2026-05-03 04:01:03.206000+00:00,,,,,,,,,,,,,31.6064,0.05800000000000005,0.4011351351351351,14.63679636698148,45.316,,0.0,1.0,0.978149618510018,,,,0.8909063913378994,0.5,0.5,0.8168178229022732,0.9927165395033394,0.5773835906014032
robot_1,outdoor,robot_anomaly_outdoor,2026-04-18 01:29:24.351000+00:00,,,,,,,,,,,,,48.3553,0.07869999999999999,0.4106040540540541,32.28341037492993,44.6153,,0.0,1.0,0.9974722411761057,,,,0.8834131164240482,0.5,0.5,0.720157919552881,0.9991574137253686,0.5548288333195623
robot_2,hospital,robot_anomaly_hospital,2026-04-15 09:32:42.284000+00:00,,,,,,,,,,,,,31.5677,0.03859999999999997,0.45430405405405405,38.92765711090124,41.3815,,0.0,1.0,0.9841355995285652,,,,0.9773105878388583,0.5,0.5,0.688866469862281,0.9947118665095217,0.5458945840929507
robot_5,warehouse,robot_anomaly_warehouse,2026-04-24 23:17:15.419000+00:00,,,,,,,,,,,,,51.2376,0.055400000000000005,0.2291432432432433,31.857120950670687,58.0434,,0.0,1.0,0.9621921717015074,,,,0.9237144669538797,0.5,0.5,0.7985626447109193,0.987397390567169,0.571490008819522
robot_5,outdoor,robot_anomaly_outdoor,2026-04-13 03:36:06.582000+00:00,,,,,,,,,,,,,44.7007,0.10160000000000002,0.3396337837837837,26.119861519645806,49.8671,,0.0,1.0,0.9502357173872589,,,,0.8994234800468446,0.5,0.5,0.7732834544552968,0.983411905795753,0.5641738400627624
robot_4,warehouse,robot_anomaly_warehouse,2026-05-07 05:11:21.137000+00:00,,,,,,,,,,,,,35.7129,0.05700000000000005,0.4605905405405405,44.033102772410636,40.9163,,0.0,1.0,0.9901836114384964,,,,0.8815424028265685,0.5,0.5,0.6570402264391118,0.9967278704794987,0.5384420242296526
robot_1,warehouse,robot_anomaly_warehouse,2026-04-20 21:26:10.382000+00:00,,,,,,,,,,,,,31.4946,0.06659999999999999,0.4901486486486487,45.61617786488777,38.729,,1.0,0.0,0.9818094411016687,,,,0.6031798011593946,0.5,0.5,0.6377647997045437,0.32726981370055624,0.366258653351275
robot_1,warehouse,robot_anomaly_warehouse,2026-05-08 22:19:50.522000+00:00,,,,,,,,,,,,,26.2097,0.06220000000000003,0.34069189189189186,45.61617786488777,49.7888,,0.0,1.0,0.9564388065256497,,,,0.9229587835706429,0.5,0.5,0.7009297682680103,0.9854796021752166,0.5466023426108068
robot_5,hospital,robot_anomaly_hospital,2026-04-27 04:18:51.857000+00:00,,,,,,,,,,,,,35.1894,0.46419999999999995,0.39636081081081076,33.69562591427044,45.6693,,1.0,0.0,0.9744587804726754,,,,0.6182937181737169,0.5,0.5,0.6396362260311266,0.3248195934908918,0.3661139548805046
robot_5,lab,robot_anomaly_lab,2026-04-28 06:37:39.027000+00:00,,,,,,,,,,,,,20.1838,0.04820000000000002,0.48264864864864865,44.31142771759781,39.284,,0.0,1.0,0.9807239005024502,,,,0.9698953096320378,0.5,0.5,0.6559649134207521,0.9935746335008168,0.5373848867303923
robot_2,lab,robot_anomaly_lab,2026-04-14 03:19:43.085000+00:00,,,,,,,,,,,,,34.3566,0.7308,0.25596891891891893,14.63679636698148,56.0583,,1.0,0.0,0.9859034799330066,,,,0.49147120554767854,0.5,0.5,0.7239727794309471,0.3286344933110022,0.3881518181854873
robot_2,warehouse,robot_anomaly_warehouse,2026-04-13 03:43:56.834000+00:00,,,,,,,,,,,,,25.4973,0.6779,0.12050540540540544,58.39748493129811,66.0826,,1.0,0.0,0.9684417840084362,,,,0.591035970068764,0.5,0.5,0.5939546114207861,0.32281392800281206,0.3541921348558995
robot_1,warehouse,robot_anomaly_warehouse,2026-04-19 17:15:20.185000+00:00,,,,,,,,,,,,,37.1276,0.06499999999999995,0.1593702702702703,45.61617786488777,63.2066,,1.0,0.0,0.9566093914769556,,,,0.7181587701903632,0.5,0.5,0.7678702414788289,0.31886979715898517,0.3966850096594535
robot_5,hospital,robot_anomaly_hospital,2026-05-06 01:41:36.130000+00:00,,,,,,,,,,,,,21.8903,0.3983,0.20150270270270276,33.69562591427044,60.0888,,1.0,0.0,0.998588797221016,,,,0.6080227931810169,0.5,0.5,0.7382868444799942,0.3328629324070053,0.3927874442217498
robot_4,hospital,robot_anomaly_hospital,2026-05-04 22:48:34.986000+00:00,,,,,,,,,,,,,22.8649,0.032299999999999995,0.30466081081081076,41.58712541309663,52.4551,,0.0,1.0,0.9677594442032132,,,,0.9394238861511172,0.5,0.5,0.7419284980476484,0.9892531480677378,0.5577954115288466
robot_3,lab,robot_anomaly_lab,2026-05-06 06:55:16.079000+00:00,,,,,,,,,,,,,32.3783,0.5331,0.477795945945946,25.56989703262559,39.6431,,1.0,0.0,0.9448545375597047,,,,0.5811921242577369,0.5,0.5,0.6301513052978589,0.31495151251990156,0.3612757044544401
robot_1,lab,robot_anomaly_lab,2026-04-30 11:38:39.396000+00:00,,,,,,,,,,,,,34.1499,0.04530000000000001,0.3653283783783784,49.14167586402035,47.9657,,0.0,1.0,0.9739470256187581,,,,0.9370535193732387,0.5,0.5,0.6751107547223467,0.9913156752062527,0.54160660748215
robot_5,outdoor,robot_anomaly_outdoor,2026-04-30 04:55:56.424000+00:00,,,,,,,,,,,,,34.9036,0.06710000000000005,0.450504054054054,26.119861519645806,41.6627,,0.0,1.0,0.9831741207121146,,,,0.875073964644186,0.5,0.5,0.7410652912872333,0.9943913735707048,0.5588641662144845
robot_3,warehouse,robot_anomaly_warehouse,2026-05-01 11:09:27.652000+00:00,,,,,,,,,,,,,29.0957,0.01970000000000005,0.2897527027027027,41.50002108112327,53.5583,,0.0,1.0,0.9362632591030333,,,,0.926926955795113,0.5,0.5,0.7482589447312493,0.9787544197010112,0.5567533411080652
robot_2,hospital,robot_anomaly_hospital,2026-04-25 14:15:03.284000+00:00,,,,,,,,,,,,,370.5919,0.035699999999999954,0.880572972972973,38.92765711090124,9.8376,,1.0,0.0,0.9811426090192916,,,,0.5690998374175733,0.5,0.5,0.3648198395092615,0.32704753633976386,0.2979668439622563
robot_3,warehouse,robot_anomaly_warehouse,2026-04-12 03:45:08.375000+00:00,,,,,,,,,,,,,35.7702,0.018299999999999983,0.07642567567567571,41.50002108112327,69.3445,,0.0,1.0,0.9110787172011662,,,,0.8864409646242603,0.5,0.5,0.8308656952852255,0.9703595724003887,0.5753063169214035
robot_2,warehouse,robot_anomaly_warehouse,2026-04-15 01:12:46.046000+00:00,,,,,,,,,,,,,31.9384,0.11529999999999996,0.29146621621621627,58.39748493129811,53.4315,,0.0,1.0,0.9082563116431983,,,,0.9381695403343852,0.5,0.5,0.6477883214269443,0.9694187705477327,0.5293017729936693
robot_5,warehouse,robot_anomaly_warehouse,2026-04-16 10:36:27.678000+00:00,,,,,,,,,,,,,45.7114,0.04279999999999995,0.5985878378378379,31.857120950670687,30.7045,,0.0,1.0,0.9594007815892315,,,,0.9309244386125612,0.5,0.5,0.6561008593570211,0.9864669271964105,0.5356419466383578
robot_1,outdoor,robot_anomaly_outdoor,2026-04-20 13:32:44.301000+00:00,,,,,,,,,,,,,39.9225,0.06220000000000003,0.2937391891891892,32.28341037492993,53.2633,,0.0,1.0,0.9695273246076546,,,,0.8734464697161792,0.5,0.5,0.7744093391083187,0.989842441535885,0.5660629451610509
robot_2,warehouse,robot_anomaly_warehouse,2026-04-11 22:35:43.109000+00:00,,,,,,,,,,,,,47.2323,0.038799999999999946,0.2719216216216216,58.39748493129811,54.8778,,0.0,1.0,0.9775138018733329,,,,0.9036915555353581,0.5,0.5,0.6656676934367451,0.9925046006244443,0.5395430735152973
robot_2,outdoor,robot_anomaly_outdoor,2026-04-28 02:08:33.074000+00:00,,,,,,,,,,,,,32.5811,0.08430000000000004,0.20680540540540548,50.074809997698374,59.6964,,1.0,0.0,0.9891290862849699,,,,0.6736528029877462,0.5,0.5,0.7262933592569402,0.3297096954283233,0.38900076367131586
robot_1,hospital,robot_anomaly_hospital,2026-05-04 08:06:03.646000+00:00,,,,,,,,,,,,,21.477,0.032200000000000006,0.43180540540540546,39.72338368547231,43.0464,,0.0,1.0,0.9825848272439675,,,,0.9848573630836228,0.5,0.5,0.700241986180375,0.9941949424146559,0.5486092321487577
robot_4,outdoor,robot_anomaly_outdoor,2026-05-05 11:55:32.139000+00:00,,,,,,,,,,,,,33.9159,0.023499999999999965,0.2982864864864865,47.74265761291576,52.9268,,0.0,1.0,0.9821661187271261,,,,0.938765958396886,0.5,0.5,0.713277175518144,0.9940553729090421,0.5518331371067966
robot_3,warehouse,robot_anomaly_warehouse,2026-05-08 12:52:12.731000+00:00,,,,,,,,,,,,,44.2508,0.07299999999999995,0.15177432432432425,41.50002108112327,63.7687,,0.0,1.0,0.9842131381427951,,,,0.9260723733383273,0.5,0.5,0.7847016370726729,0.994737712714265,0.5698598374467345
robot_1,warehouse,robot_anomaly_warehouse,2026-04-28 21:40:22.754000+00:00,,,,,,,,,,,,,53.1173,0.0,0.34999054054054046,45.61617786488777,49.1007,,0.0,1.0,0.989036039947894,,,,0.8797979755194408,0.5,0.5,0.6988091123534028,0.996345346649298,0.5487886147506752
robot_5,outdoor,robot_anomaly_outdoor,2026-05-05 19:51:10.256000+00:00,,,,,,,,,,,,,32.4624,0.12070000000000003,0.37109594594594597,26.119861519645806,47.5389,,0.0,1.0,0.9557874821661188,,,,0.9404872655046352,0.5,0.5,0.7620157289548686,0.9852624940553728,0.5618195557525603
robot_2,lab,robot_anomaly_lab,2026-04-13 15:29:19.365000+00:00,,,,,,,,,,,,,47.2854,0.07640000000000002,0.1546324324324324,14.63679636698148,63.5572,,0.0,1.0,0.9610911233794429,,,,0.8991788705915166,0.5,0.5,0.9041953003923272,0.9870303744598142,0.5978064187130353
robot_4,warehouse,robot_anomaly_warehouse,2026-04-18 04:52:14.596000+00:00,,,,,,,,,,,,,35.4229,0.040100000000000025,0.22177702702702695,44.033102772410636,58.5885,,0.0,1.0,0.9700700949072638,,,,0.8622571880526824,0.5,0.5,0.7564568352473036,0.990023364969088,0.561620050054098
robot_3,warehouse,robot_anomaly_warehouse,2026-05-09 03:41:29.166000+00:00,,,,,,,,,,,,,42.9902,0.09709999999999996,0.4280824324324325,41.50002108112327,43.3219,,0.0,1.0,0.9529805843309969,,,,0.8996153683824968,0.5,0.5,0.6693907831639312,0.9843268614436657,0.5384294111518992
robot_3,hospital,robot_anomaly_hospital,2026-05-05 02:34:21.280000+00:00,,,,,,,,,,,,,31.7322,0.042300000000000004,0.4294013513513514,37.431302275652754,43.2243,,0.0,1.0,0.9370696606910242,,,,0.9169517874383388,0.5,0.5,0.7047685015001331,0.9790232202303414,0.5459479304326186
robot_2,warehouse,robot_anomaly_warehouse,2026-04-12 06:12:57.018000+00:00,,,,,,,,,,,,,18.9793,0.05479999999999996,0.3010972972972973,58.39748493129811,52.7188,,1.0,0.0,0.38657651510452207,,,,0.6012888247497903,0.5,0.5,0.6632874350644437,0.12885883836817402,0.3230365683581544
robot_5,lab,robot_anomaly_lab,2026-04-18 17:00:07.096000+00:00,,,,,,,,,,,,,49.0614,0.06459999999999999,0.2673148648648649,44.31142771759781,55.2187,,0.0,1.0,0.9919359841200918,,,,0.9445873391759502,0.5,0.5,0.7253171472176682,0.9973119947066973,0.5556572854810914
robot_4,outdoor,robot_anomaly_outdoor,2026-04-17 14:46:43.156000+00:00,,,,,,,,,,,,,45.8567,0.05520000000000003,0.3871648648648648,47.74265761291576,46.3498,,0.0,1.0,0.9655883630047764,,,,0.9657704741930772,0.5,0.5,0.6652437951670689,0.9885294543349255,0.5384433123754986
robot_1,outdoor,robot_anomaly_outdoor,2026-04-23 07:50:53.732000+00:00,,,,,,,,,,,,,35.465,0.05559999999999998,0.2156756756756757,32.28341037492993,59.04,,0.0,1.0,0.9766608771168042,,,,0.970060997917996,0.5,0.5,0.8091300970151789,0.9922202923722679,0.5753375973468617
robot_4,lab,robot_anomaly_lab,2026-05-02 00:22:33.760000+00:00,,,,,,,,,,,,,15.9532,0.027900000000000036,0.4660486486486487,53.89857422167088,40.5124,,0.0,1.0,0.9564543142484958,,,,0.9182392186743631,0.5,0.5,0.6252283157545528,0.9854847714161652,0.5276782717926796
robot_4,lab,robot_anomaly_lab,2026-04-26 03:01:36.588000+00:00,,,,,,,,,,,,,40.4045,0.0017000000000000348,0.38979864864864866,53.89857422167088,46.1549,,0.0,1.0,0.9739470256187581,,,,0.8844774020818562,0.5,0.5,0.6504362071604886,0.9913156752062527,0.5354379705916854
robot_4,hospital,robot_anomaly_hospital,2026-04-13 23:41:14.777000+00:00,,,,,,,,,,,,,40.4489,0.04500000000000004,0.28493378378378376,41.58712541309663,53.9149,,0.0,1.0,0.978196141678556,,,,0.8974208327047235,0.5,0.5,0.7389972686475053,0.9927320472261854,0.5579323289684226
robot_5,warehouse,robot_anomaly_warehouse,2026-04-28 05:37:06.210000+00:00,,,,,,,,,,,,,32.7697,0.031200000000000006,0.4364148648648648,31.857120950670687,42.7053,,0.0,1.0,0.9802431610942249,,,,0.9043858449247587,0.5,0.5,0.7294361370933229,0.9934143870314083,0.5557126310311828
robot_1,outdoor,robot_anomaly_outdoor,2026-04-18 23:40:18.660000+00:00,,,,,,,,,,,,,40.1372,0.03739999999999999,0.2181135135135135,32.28341037492993,58.8596,,0.0,1.0,0.9948204205694435,,,,0.9178262459157862,0.5,0.5,0.810078594124688,0.9982734735231479,0.577088016911959
robot_4,hospital,robot_anomaly_hospital,2026-04-25 02:02:25.056000+00:00,,,,,,,,,,,,,40.7007,0.05510000000000004,0.42382567567567575,41.58712541309663,43.6369,,0.0,1.0,0.9277960424291297,,,,0.8498762972257061,0.5,0.5,0.6810793051260362,0.9759320141430433,0.5392528298172699
robot_2,hospital,robot_anomaly_hospital,2026-04-26 16:21:50.799000+00:00,,,,,,,,,,,,,33.0788,0.03720000000000001,0.2879472972972973,38.92765711090124,53.6919,,0.0,1.0,0.981561317536133,,,,0.925010101229166,0.5,0.5,0.7550333648874227,0.9938537725120443,0.5622217843498667
robot_4,warehouse,robot_anomaly_warehouse,2026-04-29 15:36:57.741000+00:00,,,,,,,,,,,,,32.7259,0.028699999999999948,0.3167148648648649,44.033102772410636,51.5631,,0.0,1.0,0.9724892996712363,,,,0.9610691923564281,0.5,0.5,0.7222441326656553,0.9908297665570788,0.5532684748056835
robot_4,lab,robot_anomaly_lab,2026-04-29 11:12:28.367000+00:00,,,,,,,,,,,,,29.0109,0.0,0.5297824324324324,53.89857422167088,35.7961,,0.0,1.0,0.9674492897462936,,,,0.8806901279497795,0.5,0.5,0.6000025226231027,0.9891497632487646,0.5222880714679667
robot_1,lab,robot_anomaly_lab,2026-04-12 02:39:28.778000+00:00,,,,,,,,,,,,,34.0754,0.05789999999999995,0.39532162162162154,49.14167586402035,45.7462,,0.0,1.0,0.9861205880528503,,,,0.8983553135692326,0.5,0.5,0.660344536331422,0.9953735293509501,0.538929516420593
robot_1,outdoor,robot_anomaly_outdoor,2026-04-16 14:09:49.942000+00:00,,,,,,,,,,,,,32.7734,0.6294,0.2886567567567567,32.28341037492993,53.6394,,1.0,0.0,0.9475683890577508,,,,0.6369774078017063,0.5,0.5,0.6535230222172953,0.3158561296859169,0.36734478797580306
robot_2,outdoor,robot_anomaly_outdoor,2026-04-22 04:58:27.468000+00:00,,,,,,,,,,,,,42.3618,0.04800000000000004,0.19531351351351356,50.074809997698374,60.5468,,0.0,1.0,0.9507319645183301,,,,0.9001572332259471,0.5,0.5,0.7345167120133004,0.9835773215061101,0.5545235083798526
robot_5,lab,robot_anomaly_lab,2026-04-16 13:00:18.482000+00:00,,,,,,,,,,,,,48.6618,0.02969999999999995,0.43721486486486494,44.31142771759781,42.6461,,0.0,1.0,0.9873767136033745,,,,0.8837706183744384,0.5,0.5,0.6653021993939298,0.9957922378677915,0.5402736093154303
robot_2,outdoor,robot_anomaly_outdoor,2026-04-19 13:22:45.140000+00:00,,,,,,,,,,,,,41.5594,0.4235,0.3004648648648649,50.074809997698374,52.7656,,1.0,0.0,0.9502202096644129,,,,0.6407904041805633,0.5,0.5,0.6092931209812983,0.31674006988813763,0.35650829771735904
robot_2,lab,robot_anomaly_lab,2026-04-25 18:23:07.724000+00:00,,,,,,,,,,,,,41.1775,0.03849999999999998,0.47139459459459465,14.63679636698148,40.1168,,0.0,1.0,0.9096209912536444,,,,0.9003342440518869,0.5,0.5,0.7886988882880894,0.9698736637512148,0.564643138009826
robot_4,warehouse,robot_anomaly_warehouse,2026-04-12 09:21:42.514000+00:00,,,,,,,,,,,,,23.8338,0.017000000000000015,0.24395135135135138,44.033102772410636,56.9476,,0.0,1.0,0.9051392593511569,,,,0.9492336050462097,0.5,0.5,0.7579961614274607,0.9683797531170523,0.5565939786361283
robot_5,hospital,robot_anomaly_hospital,2026-04-13 13:12:53.936000+00:00,,,,,,,,,,,,,25.8449,0.008099999999999996,0.3368054054054054,33.69562591427044,50.0764,,0.0,1.0,0.9980460269214069,,,,0.9120279343277428,0.5,0.5,0.7691651676256921,0.9993486756404689,0.5671284608165402
robot_1,hospital,robot_anomaly_hospital,2026-04-18 05:22:19.504000+00:00,,,,,,,,,,,,,31.4194,0.011600000000000055,0.4084445945945946,39.72338368547231,44.7751,,0.0,1.0,0.9934402332361516,,,,0.8783645596470964,0.5,0.5,0.7096469860076517,0.9978134110787172,0.5518650992715922
robot_4,hospital,robot_anomaly_hospital,2026-04-21 16:07:43.092000+00:00,,,,,,,,,,,,,41.4919,0.0736,0.39262027027027024,41.58712541309663,45.9461,,0.0,1.0,0.978134110787172,,,,0.9115324825979922,0.5,0.5,0.6890864126514276,0.9927113702623908,0.5454494457284547
robot_3,warehouse,robot_anomaly_warehouse,2026-05-08 17:27:12.460000+00:00,,,,,,,,,,,,,36.4119,0.0383,0.388777027027027,41.50002108112327,46.2305,,0.0,1.0,0.9707679424353328,,,,0.9361467721841432,0.5,0.5,0.7011844239199523,0.9902559808117776,0.5478601011829325
robot_4,outdoor,robot_anomaly_outdoor,2026-04-29 23:31:18.847000+00:00,,,,,,,,,,,,,24.9916,0.03639999999999999,0.2772108108108108,47.74265761291576,54.4864,,0.0,1.0,0.9550741269152038,,,,0.9237572249632713,0.5,0.5,0.7228965745143145,0.9850247089717347,0.5519803208715124
robot_1,warehouse,robot_anomaly_warehouse,2026-05-06 07:51:54.094000+00:00,,,,,,,,,,,,,36.4759,0.032200000000000006,0.5976202702702702,45.61617786488777,30.7761,,0.0,1.0,0.9410396377395943,,,,0.8879098048102676,0.5,0.5,0.6001628119201683,0.9803465459131981,0.5201273394583417
robot_1,lab,robot_anomaly_lab,2026-05-01 02:14:32.104000+00:00,,,,,,,,,,,,,38.3665,0.0676,0.25812837837837843,49.14167586402035,55.8985,,0.0,1.0,0.9781186030643261,,,,0.9253013756018331,0.5,0.5,0.7111125793902002,0.9927062010214419,0.5509546951029105
robot_3,lab,robot_anomaly_lab,2026-04-22 21:43:55.509000+00:00,,,,,,,,,,,,,39.4924,0.053300000000000014,0.4595797297297297,25.56989703262559,40.9911,,0.0,1.0,0.9969294708764965,,,,0.8857991033070794,0.5,0.5,0.7409313353437251,0.9989764902921655,0.5599769564089726
robot_4,warehouse,robot_anomaly_warehouse,2026-04-13 00:36:17.186000+00:00,,,,,,,,,,,,,34.9919,0.01100000000000001,0.2387162162162162,44.033102772410636,57.335,,0.0,1.0,0.9669530426152224,,,,0.9468337912406442,0.5,0.5,0.7563503130244709,0.9889843475384076,0.5613336651407197
robot_2,outdoor,robot_anomaly_outdoor,2026-04-28 06:49:16.801000+00:00,,,,,,,,,,,,,36.4998,0.10499999999999998,0.29597432432432424,50.074809997698374,53.0979,,0.0,1.0,0.9097140375907202,,,,0.8883518153462742,0.5,0.5,0.6842390091821459,0.9699046791969067,0.5385359220947632
robot_2,outdoor,robot_anomaly_outdoor,2026-04-16 18:29:56.287000+00:00,,,,,,,,,,,,,18.6345,0.03380000000000005,0.2850472972972973,50.074809997698374,53.9065,,0.0,1.0,0.9657589479560821,,,,0.8468889222371982,0.5,0.5,0.712572805093313,0.9885863159853607,0.5502897802696685
robot_4,outdoor,robot_anomaly_outdoor,2026-04-26 23:33:57.449000+00:00,,,,,,,,,,,,,32.1046,0.06020000000000003,0.41335135135135137,47.74265761291576,44.412,,0.0,1.0,0.9510266112524037,,,,0.8596732144835423,0.5,0.5,0.6599112678789684,0.9836755370841347,0.5358967012407758
robot_1,hospital,robot_anomaly_hospital,2026-04-29 06:38:19.810000+00:00,,,,,,,,,,,,,29.7106,0.03190000000000004,0.2784540540540541,39.72338368547231,54.3944,,0.0,1.0,0.9528099993796911,,,,0.9340004546830365,0.5,0.5,0.7579047172932512,0.9842699997932304,0.5605436792716203
robot_2,warehouse,robot_anomaly_warehouse,2026-04-25 21:41:05.023000+00:00,,,,,,,,,,,,,16.1869,0.04390000000000005,0.2558945945945946,58.39748493129811,56.0638,,0.0,1.0,0.9343092860244402,,,,0.9162929290639911,0.5,0.5,0.6850631131448333,0.9781030953414801,0.5407915521215783
robot_3,lab,robot_anomaly_lab,2026-04-23 14:14:28.340000+00:00,,,,,,,,,,,,,13.1236,0.045499999999999985,0.2410243243243243,25.56989703262559,57.1642,,1.0,0.0,0.9607499534768315,,,,0.5967420147654328,0.5,0.5,0.8420807808459088,0.32024998449227715,0.4155826913345464
robot_5,warehouse,robot_anomaly_warehouse,2026-05-02 08:25:18.488000+00:00,,,,,,,,,,,,,23.9215,0.0,0.379368918918919,31.857120950670687,46.9267,,0.0,1.0,0.9860430494386204,,,,0.9452538781523643,0.5,0.5,0.7632188446373679,0.9953476831462068,0.5646416319458937
robot_1,lab,robot_anomaly_lab,2026-04-17 06:19:00.175000+00:00,,,,,,,,,,,,,49.7716,0.04849999999999999,0.4397,49.14167586402035,42.4622,,0.0,1.0,0.9833447056634204,,,,0.9688812930167459,0.5,0.5,0.6375457207742276,0.9944482352211401,0.532998488998842
robot_4,hospital,robot_anomaly_hospital,2026-04-11 04:57:13.553000+00:00,,,,,,,,,,,,,19.5233,0.08620000000000005,0.11076351351351355,41.58712541309663,66.8035,,0.0,1.0,0.9888654549965883,,,,0.9404720080330172,0.5,0.5,0.8090173691444692,0.9962884849988628,0.576326463535833
robot_5,hospital,robot_anomaly_hospital,2026-04-17 03:25:31.190000+00:00,,,,,,,,,,,,,38.3594,0.08589999999999998,0.3667513513513514,33.69562591427044,47.8604,,0.0,1.0,0.9817784256559767,,,,0.936989569115266,0.5,0.5,0.73418914920395,0.9939261418853255,0.5570288227723188
robot_2,hospital,robot_anomaly_hospital,2026-04-18 12:50:35.850000+00:00,,,,,,,,,,,,,36.408,0.0,0.3542081081081081,38.92765711090124,48.7886,,0.0,1.0,0.9429005644811116,,,,0.8736350702666652,0.5,0.5,0.7352899018198766,0.9809668548270372,0.5540641891617284
robot_2,warehouse,robot_anomaly_warehouse,2026-04-14 11:49:49.886000+00:00,,,,,,,,,,,,,16.1569,0.10829999999999995,0.19816891891891886,58.39748493129811,60.3355,,0.0,1.0,0.9620060790273556,,,,0.9197631313058527,0.5,0.5,0.6938415905087234,0.9873353596757851,0.5452942375461272
robot_3,warehouse,robot_anomaly_warehouse,2026-04-22 11:31:23.728000+00:00,,,,,,,,,,,,,208.543,0.009499999999999953,0.9411472972972973,41.50002108112327,5.3551,,1.0,0.0,0.9571986849451026,,,,0.6118759546427553,0.5,0.5,0.4083595561749088,0.31906622831503423,0.30685644612248575
robot_1,outdoor,robot_anomaly_outdoor,2026-05-06 23:08:28.656000+00:00,,,,,,,,,,,,,58.5705,0.06879999999999997,0.4088959459459459,32.28341037492993,44.7417,,0.0,1.0,0.9380776626760127,,,,0.8947498499110391,0.5,0.5,0.7183976141853361,0.9793592208920042,0.5494392087693352
robot_5,lab,robot_anomaly_lab,2026-04-18 09:04:24.759000+00:00,,,,,,,,,,,,,35.9571,0.06589999999999996,0.3671283783783783,44.31142771759781,47.8325,,0.0,1.0,0.9999534768314621,,,,0.9358559166651533,0.5,0.5,0.691062242692236,0.999984492277154,0.5477616837423476
robot_4,hospital,robot_anomaly_hospital,2026-05-09 04:12:46.712000+00:00,,,,,,,,,,,,,46.1448,0.0121,0.4239472972972973,41.58712541309663,43.6279,,0.0,1.0,0.9434123193350289,,,,0.9252772410240484,0.5,0.5,0.6881198655707819,0.981137439778343,0.5423143263372812
robot_2,outdoor,robot_anomaly_outdoor,2026-04-23 22:13:56.504000+00:00,,,,,,,,,,,,,31.0976,0.10189999999999999,0.3868621621621622,50.074809997698374,46.3722,,1.0,0.0,0.9694187705477327,,,,0.5838404179015283,0.5,0.5,0.6510303084782186,0.3231395901825776,0.36854247466519907
robot_4,hospital,robot_anomaly_hospital,2026-05-01 21:18:21.980000+00:00,,,,,,,,,,,,,32.2763,0.04910000000000003,0.40905945945945954,41.58712541309663,44.7296,,0.0,1.0,0.9995812914831587,,,,0.9790034634227751,0.5,0.5,0.6921517760001208,0.9998604304943862,0.5480030516236267
robot_5,warehouse,robot_anomaly_warehouse,2026-04-25 16:07:45.235000+00:00,,,,,,,,,,,,,50.9595,0.0655,0.5032243243243243,31.857120950670687,37.7614,,0.0,1.0,0.993827926307301,,,,0.8609496944296915,0.5,0.5,0.6868099976975601,0.9979426421024337,0.5461881599499985
robot_1,warehouse,robot_anomaly_warehouse,2026-05-05 13:20:53.496000+00:00,,,,,,,,,,,,,42.4299,0.04490000000000005,0.3421635135135135,45.61617786488777,49.6799,,0.0,1.0,0.9681626449972086,,,,0.9535995982560201,0.5,0.5,0.6968126593476089,0.9893875483324028,0.5465500519200029
robot_1,warehouse,robot_anomaly_warehouse,2026-04-21 00:18:35.897000+00:00,,,,,,,,,,,,,45.0027,0.0726,0.24154459459459454,45.61617786488777,57.1257,,0.0,1.0,0.9951770981949011,,,,0.9059234102195013,0.5,0.5,0.7297284309662907,0.9983923660649671,0.5570301992578145
robot_4,warehouse,robot_anomaly_warehouse,2026-05-08 23:14:31.990000+00:00,,,,,,,,,,,,,48.5383,0.024900000000000033,0.34306621621621614,44.033102772410636,49.6131,,0.0,1.0,0.9634638049748775,,,,0.8910036029720028,0.5,0.5,0.7053575914141401,0.9878212683249591,0.5482947149347748
robot_1,lab,robot_anomaly_lab,2026-05-08 06:40:17.148000+00:00,,,,,,,,,,,,,25.0333,0.01639999999999997,0.293027027027027,49.14167586402035,53.316,,0.0,1.0,0.9984802431610942,,,,0.9374500835510722,0.5,0.5,0.7146060668053487,0.9994934143870314,0.553524870298095
robot_1,lab,robot_anomaly_lab,2026-04-20 16:09:29.335000+00:00,,,,,,,,,,,,,22.6288,0.03590000000000004,0.37714189189189185,49.14167586402035,47.0915,,1.0,0.0,0.21471993052540173,,,,0.6008303588724179,0.5,0.5,0.6777159877035492,0.07157331017513391,0.3123223244696708
robot_4,warehouse,robot_anomaly_warehouse,2026-04-29 22:14:13.973000+00:00,,,,,,,,,,,,,38.4824,0.05900000000000005,0.3366608108108108,44.033102772410636,50.0871,,0.0,1.0,0.9463898021214565,,,,0.9059535054791195,0.5,0.5,0.7049076935131844,0.9821299340404854,0.5467594068884174
robot_1,outdoor,robot_anomaly_outdoor,2026-05-08 05:57:40.554000+00:00,,,,,,,,,,,,,18.3421,0.03469999999999995,0.3018283783783783,32.28341037492993,52.6647,,0.0,1.0,0.9701631412443397,,,,0.9538245409185123,0.5,0.5,0.7871053996470896,0.9900543804147799,0.5692899450154674
robot_5,warehouse,robot_anomaly_warehouse,2026-04-26 19:03:05.220000+00:00,,,,,,,,,,,,,29.8789,0.0494,0.46729054054054053,31.857120950670687,40.4205,,0.0,1.0,0.9957818993858942,,,,0.9802356938567038,0.5,0.5,0.714352075159282,0.9985939664619647,0.5532365104053116
robot_3,outdoor,robot_anomaly_outdoor,2026-04-28 07:20:31.681000+00:00,,,,,,,,,,,,,18.6716,0.05610000000000004,0.37496756756756755,34.9320233150912,47.2524,,0.0,1.0,0.9430556417095713,,,,0.9734473883515149,0.5,0.5,0.740834567940633,0.9810185472365238,0.5554632787942893
robot_3,outdoor,robot_anomaly_outdoor,2026-04-26 03:30:36.540000+00:00,,,,,,,,,,,,,47.6189,0.07869999999999999,0.4659837837837838,34.9320233150912,40.5172,,0.0,1.0,0.9605948762483717,,,,0.9110611493530882,0.5,0.5,0.6862359460762659,0.9868649587494572,0.5432752262064309
robot_4,lab,robot_anomaly_lab,2026-04-23 11:10:52.418000+00:00,,,,,,,,,,,,,34.3931,0.07379999999999998,0.33376621621621627,53.89857422167088,50.3013,,0.0,1.0,0.9574157930649463,,,,0.8957380684105107,0.5,0.5,0.6595448324901735,0.9858052643549821,0.5363375242112889
robot_4,lab,robot_anomaly_lab,2026-04-25 20:25:21.535000+00:00,,,,,,,,,,,,,26.1098,0.12109999999999999,0.3039959459459459,53.89857422167088,52.5043,,0.0,1.0,0.9977203647416414,,,,0.9652041285392992,0.5,0.5,0.6646984536478759,0.9992401215805472,0.5409846438071058
robot_5,hospital,robot_anomaly_hospital,2026-05-08 00:51:02.061000+00:00,,,,,,,,,,,,,30.9795,0.11350000000000005,0.38755135135135144,33.69562591427044,46.3212,,0.0,1.0,0.9777929408845605,,,,0.8628827624367276,0.5,0.5,0.7230859666735553,0.9925976469615202,0.5539209034087689
robot_4,hospital,robot_anomaly_hospital,2026-04-30 14:37:06.673000+00:00,,,,,,,,,,,,,30.153,0.005099999999999993,0.3431432432432433,41.58712541309663,49.6074,,0.0,1.0,0.9769710315737237,,,,0.917029862891787,0.5,0.5,0.729271479280627,0.9923236771912413,0.555398789117967
robot_3,hospital,robot_anomaly_hospital,2026-04-22 15:08:29.916000+00:00,,,,,,,,,,,,,33.7827,0.02839999999999998,0.3205905405405406,37.431302275652754,51.2763,,0.0,1.0,0.9956578376031263,,,,0.8894168799393632,0.5,0.5,0.75045226381282,0.9985526125343754,0.5622512190867989
robot_2,lab,robot_anomaly_lab,2026-05-04 16:13:20.592000+00:00,,,,,,,,,,,,,41.5326,0.02639999999999998,0.3632540540540541,14.63679636698148,48.1192,,0.0,1.0,0.9880280379629055,,,,0.9177203581598041,0.5,0.5,0.8344851897397287,0.9960093459876352,0.582623633931841
robot_5,outdoor,robot_anomaly_outdoor,2026-04-21 22:57:35.698000+00:00,,,,,,,,,,,,,50.8286,0.07150000000000001,0.23911621621621626,26.119861519645806,57.3054,,0.0,1.0,0.9427920104211898,,,,0.9155626430072484,0.5,0.5,0.8173991703093038,0.9809306701403967,0.5745824601124252
robot_3,outdoor,robot_anomaly_outdoor,2026-05-05 07:27:08.412000+00:00,,,,,,,,,,,,,36.6257,0.05689999999999995,0.20071081081081088,34.9320233150912,60.1474,,0.0,1.0,0.9517399665033186,,,,0.9028131433142278,0.5,0.5,0.8021940049137879,0.9839133221677728,0.5715268317703901
robot_2,lab,robot_anomaly_lab,2026-04-15 07:52:40.232000+00:00,,,,,,,,,,,,,23.7102,0.06569999999999998,0.2604324324324324,14.63679636698148,55.728,,0.0,1.0,0.9898114260901929,,,,0.8737910501960847,0.5,0.5,0.8749771773904585,0.9966038086967309,0.5928952465217974
robot_3,lab,robot_anomaly_lab,2026-04-26 20:30:25.878000+00:00,,,,,,,,,,,,,56.8765,0.05510000000000004,0.2386608108108108,25.56989703262559,57.3391,,0.0,1.0,0.9611066311022889,,,,0.9122236545404958,0.5,0.5,0.8209924216991503,0.9870355437007629,0.5770069913499782
robot_4,outdoor,robot_anomaly_outdoor,2026-04-19 22:07:17.460000+00:00,,,,,,,,,,,,,42.5231,0.08440000000000003,0.39467432432432437,47.74265761291576,45.7941,,0.0,1.0,0.9771106010793376,,,,0.9312370032268735,0.5,0.5,0.6572607085290072,0.9923702003597792,0.5374077272221967
robot_5,lab,robot_anomaly_lab,2026-04-20 16:58:22.883000+00:00,,,,,,,,,,,,,16.5039,0.055300000000000016,0.33819459459459467,44.31142771759781,49.9736,,1.0,0.0,0.7376403448917561,,,,0.6473319730279432,0.5,0.5,0.713840752425505,0.2458801149639187,0.36493021684735594
robot_4,lab,robot_anomaly_lab,2026-04-30 00:10:40.410000+00:00,,,,,,,,,,,,,40.2665,0.07399999999999995,0.35054864864864865,53.89857422167088,49.0594,,0.0,1.0,0.9851280937907078,,,,0.8760105764661281,0.5,0.5,0.6501162184942878,0.9950426979302359,0.5362897291061309
robot_1,warehouse,robot_anomaly_warehouse,2026-04-12 19:13:25.320000+00:00,,,,,,,,,,,,,29.1126,0.05159999999999998,0.4046418918918919,45.61617786488777,45.0565,,0.0,1.0,0.9781186030643261,,,,0.9040361386694513,0.5,0.5,0.6763874775281083,0.9927062010214419,0.5422734196373875
robot_1,warehouse,robot_anomaly_warehouse,2026-04-15 04:42:38.287000+00:00,,,,,,,,,,,,,36.7206,0.6172,0.3968459459459459,45.61617786488777,45.6334,,1.0,0.0,0.9881676074685193,,,,0.5759845121220232,0.5,0.5,0.5502311248857384,0.3293892024895064,0.3449050818438112
robot_2,outdoor,robot_anomaly_outdoor,2026-05-08 04:38:31.542000+00:00,,,,,,,,,,,,,35.8906,0.06720000000000004,0.12350675675675671,50.074809997698374,65.8605,,0.0,1.0,0.9859965262700825,,,,0.9603451699577118,0.5,0.5,0.7619115014931465,0.9953321754233609,0.5643109192291269
robot_3,warehouse,robot_anomaly_warehouse,2026-04-29 17:09:59.606000+00:00,,,,,,,,,,,,,36.0414,0.07269999999999999,0.22940540540540544,41.50002108112327,58.024,,0.0,1.0,0.9755598287947398,,,,0.952305048425816,0.5,0.5,0.7574494749974068,0.9918532762649134,0.56232568781558
robot_3,warehouse,robot_anomaly_warehouse,2026-04-28 17:07:09.394000+00:00,,,,,,,,,,,,,27.2754,0.024700000000000055,0.29600540540540543,41.50002108112327,53.0956,,0.0,1.0,0.9864462502326159,,,,0.981625404695014,0.5,0.5,0.7454734909897072,0.995482083410872,0.5602388936001448
robot_3,warehouse,robot_anomaly_warehouse,2026-04-16 20:09:51.586000+00:00,,,,,,,,,,,,,30.2312,0.09350000000000003,0.4951337837837837,41.50002108112327,38.3601,,1.0,0.0,0.2768593759692327,,,,0.6206069673459559,0.5,0.5,0.6491736840600033,0.0922864586564109,0.31036503567910356
robot_3,outdoor,robot_anomaly_outdoor,2026-04-21 15:19:47.128000+00:00,,,,,,,,,,,,,42.1375,0.0232,0.42772027027027026,34.9320233150912,43.3487,,0.0,1.0,0.9738849947273742,,,,0.8642830482257159,0.5,0.5,0.7163799056708442,0.991294998242458,0.5519187259783256
robot_3,outdoor,robot_anomaly_outdoor,2026-04-16 18:26:14.029000+00:00,,,,,,,,,,,,,44.2326,0.07699999999999996,0.2549108108108108,34.9320233150912,56.1366,,0.0,1.0,0.9953942063147447,,,,0.8861568641150932,0.5,0.5,0.7725833399478967,0.9984647354382483,0.5677620188465362
robot_2,lab,robot_anomaly_lab,2026-04-22 12:37:50.459000+00:00,,,,,,,,,,,,,38.9158,0.026900000000000035,0.33324324324324317,14.63679636698148,50.34,,0.0,1.0,0.9274083493579803,,,,0.8885475097887519,0.5,0.5,0.8475683810805414,0.9758027831193269,0.5808427910499672
robot_1,hospital,robot_anomaly_hospital,2026-04-12 15:59:17.076000+00:00,,,,,,,,,,,,,44.1267,0.04479999999999995,0.4224797297297297,39.72338368547231,43.7365,,0.0,1.0,0.9435518888406427,,,,0.9059205626739862,0.5,0.5,0.690868640918871,0.9811839629468809,0.543013150966438
robot_4,warehouse,robot_anomaly_warehouse,2026-04-16 06:32:46.832000+00:00,,,,,,,,,,,,,31.4031,0.03480000000000005,0.18857432432432442,44.033102772410636,61.0455,,0.0,1.0,0.9996588300973885,,,,0.9359504920644385,0.5,0.5,0.772745030036628,0.9998862766991294,0.5681578266839393
robot_3,outdoor,robot_anomaly_outdoor,2026-05-02 13:13:18.355000+00:00,,,,,,,,,,,,,26.9932,0.00649999999999995,0.562595945945946,34.9320233150912,33.3679,,0.0,1.0,0.9923546926369332,,,,0.9541322343615054,0.5,0.5,0.6730319078914998,0.9974515642123111,0.5426208680259527
robot_2,hospital,robot_anomaly_hospital,2026-05-05 20:53:32.341000+00:00,,,,,,,,,,,,,31.3345,0.04310000000000003,0.2475324324324324,38.92765711090124,56.6826,,0.0,1.0,0.9172507908938652,,,,0.9474244826834577,0.5,0.5,0.7706801740814679,0.9724169302979551,0.5607742760948558
robot_1,hospital,robot_anomaly_hospital,2026-04-22 18:09:00.807000+00:00,,,,,,,,,,,,,32.2535,0.07720000000000005,0.07692297297297301,39.72338368547231,69.3077,,0.0,1.0,0.962424787544197,,,,0.9371753318023547,0.5,0.5,0.8272839258020237,0.987474929181399,0.5786897137458558
robot_5,warehouse,robot_anomaly_warehouse,2026-04-25 12:59:08.428000+00:00,,,,,,,,,,,,,32.8765,0.02969999999999995,0.23312162162162164,31.857120950670687,57.749,,0.0,1.0,0.9683487376713603,,,,0.9748359888772338,0.5,0.5,0.8110385300280019,0.9894495792237867,0.5751220273129471
robot_3,outdoor,robot_anomaly_outdoor,2026-05-10 12:08:13.875000+00:00,,,,,,,,,,,,,49.5623,0.04849999999999999,0.1733405405405405,34.9320233150912,62.1728,,1.0,0.0,0.21769741331182935,,,,0.5481992216837484,0.5,0.5,0.809127237231583,0.07256580443727645,0.34542326041721483
robot_4,warehouse,robot_anomaly_warehouse,2026-04-12 08:12:14.769000+00:00,,,,,,,,,,,,,38.7746,0.06059999999999999,0.4371324324324324,44.033102772410636,42.6522,,0.0,1.0,0.9675113206376775,,,,0.9590937201163096,0.5,0.5,0.6642302443314589,0.9891704402125591,0.5383501711360045
robot_4,lab,robot_anomaly_lab,2026-05-05 08:40:09.616000+00:00,,,,,,,,,,,,,54.2101,0.08420000000000005,0.2039081081081081,53.89857422167088,59.9108,,0.0,1.0,0.9143508467216674,,,,0.8570103445012183,0.5,0.5,0.7001621165571333,0.9714502822405559,0.5429030996994223
robot_5,lab,robot_anomaly_lab,2026-05-06 19:39:26.442000+00:00,,,,,,,,,,,,,31.7113,0.015100000000000002,0.33425405405405406,44.31142771759781,50.2652,,0.0,1.0,0.9810495626822158,,,,0.9429244729066678,0.5,0.5,0.7174431005712963,0.9936831875607387,0.5527815720330088
robot_3,hospital,robot_anomaly_hospital,2026-04-15 21:57:27.119000+00:00,,,,,,,,,,,,,33.1453,0.0625,0.4589040540540541,37.431302275652754,41.0411,,0.0,1.0,0.963742943986105,,,,0.919162983114326,0.5,0.5,0.6878313771648631,0.987914314662035,0.5439364229567245
robot_5,hospital,robot_anomaly_hospital,2026-05-08 13:05:13.553000+00:00,,,,,,,,,,,,,43.5354,0.023499999999999965,0.3145662162162163,33.69562591427044,51.7221,,0.0,1.0,0.9592457043607716,,,,0.8922454419476142,0.5,0.5,0.766589767563274,0.9864152347869238,0.5632512505875494
robot_3,outdoor,robot_anomaly_outdoor,2026-04-30 01:53:00.805000+00:00,,,,,,,,,,,,,20.433,0.1129,0.3681189189189189,34.9320233150912,47.7592,,0.0,1.0,0.9669375348923764,,,,0.8817211033298019,0.5,0.5,0.7301381066625169,0.9889791782974587,0.5547793212399939
robot_4,outdoor,robot_anomaly_outdoor,2026-04-11 17:43:30.476000+00:00,,,,,,,,,,,,,41.5427,0.03590000000000004,0.39507837837837834,47.74265761291576,45.7642,,0.0,1.0,0.9738229638359903,,,,0.9060019499751906,0.5,0.5,0.6683335274484941,0.9912743212786634,0.5399019621817893
robot_2,warehouse,robot_anomaly_warehouse,2026-04-22 20:42:27.098000+00:00,,,,,,,,,,,,,449.7653,0.0726,0.8780513513513514,58.39748493129811,10.0242,,1.0,0.0,0.9982321195955586,,,,0.5049564239191117,0.5,0.5,0.23262997664330998,0.3327440398651862,0.26634350412712404
robot_1,lab,robot_anomaly_lab,2026-04-14 15:51:06.814000+00:00,,,,,,,,,,,,,120.0,0.07540000000000002,0.8378716216216217,49.14167586402035,12.9975,,1.0,0.0,0.9683642453942063,,,,0.6419805643904405,0.5,0.5,0.44035427401379906,0.3227880817980688,0.315785588952967
robot_5,warehouse,robot_anomaly_warehouse,2026-04-25 00:21:36.016000+00:00,,,,,,,,,,,,,21.6977,0.08830000000000005,0.35266891891891883,31.857120950670687,48.9025,,0.0,1.0,0.9734352707648409,,,,0.8656366800667907,0.5,0.5,0.7552683382002419,0.991145090254947,0.5616033571137973
robot_2,hospital,robot_anomaly_hospital,2026-04-17 16:20:45.195000+00:00,,,,,,,,,,,,,200.7995,0.0948,1.0,38.92765711090124,1.0,,1.0,0.0,0.9747689349295949,,,,0.6693430558476959,0.5,0.5,0.3811221021333663,0.324922978309865,0.3015112701108078
robot_4,warehouse,robot_anomaly_warehouse,2026-04-16 14:20:38.484000+00:00,,,,,,,,,,,,,13.6916,0.018199999999999994,0.42870675675675673,44.033102772410636,43.2757,,1.0,0.0,0.9943551888840643,,,,0.7752739422386702,0.5,0.5,0.6884396169509108,0.33145172962802144,0.379972836644733
robot_2,warehouse,robot_anomaly_warehouse,2026-04-18 14:06:53.950000+00:00,,,,,,,,,,,,,29.5672,0.04830000000000001,0.3601945945945946,58.39748493129811,48.3456,,0.0,1.0,0.9483902983685876,,,,0.8800549310861279,0.5,0.5,0.6362791561638282,0.9827967661228625,0.5297689805716727
robot_3,lab,robot_anomaly_lab,2026-04-11 05:42:55.717000+00:00,,,,,,,,,,,,,43.0023,0.05789999999999995,0.24460000000000004,25.56989703262559,56.8996,,0.0,1.0,0.9801656224799951,,,,0.8620604730769807,0.5,0.5,0.8243037212171288,0.9933885408266651,0.5794230655109485
robot_4,lab,robot_anomaly_lab,2026-05-02 14:25:26.181000+00:00,,,,,,,,,,,,,29.6298,0.03159999999999996,0.30350270270270274,53.89857422167088,52.5408,,0.0,1.0,0.955616897214813,,,,0.9159767811239046,0.5,0.5,0.68320369472172,0.9852056324049377,0.5421023317816644
robot_2,hospital,robot_anomaly_hospital,2026-05-10 12:27:32.670000+00:00,,,,,,,,,,,,,37.8761,0.030200000000000005,0.48487162162162156,38.92765711090124,39.1195,,0.0,1.0,0.9951770981949011,,,,0.92607470268405,0.5,0.5,0.675638993149047,0.9983923660649671,0.5435078398035036
robot_3,warehouse,robot_anomaly_warehouse,2026-04-27 06:12:33.993000+00:00,,,,,,,,,,,,,244.5918,0.10470000000000002,0.8806054054054054,41.50002108112327,9.8352,,1.0,0.0,0.9843837230941008,,,,0.6334199990816893,0.5,0.5,0.3950050174529565,0.3281279076980336,0.30578323128774754
robot_4,warehouse,robot_anomaly_warehouse,2026-04-25 00:42:56+00:00,,,,,,,,,,,,,35.7792,0.05879999999999996,0.2031175675675676,44.033102772410636,59.9693,,0.0,1.0,0.9734507784876869,,,,0.9480388837891809,0.5,0.5,0.7595988627806747,0.9911502594958956,0.5626872805691425
robot_4,lab,robot_anomaly_lab,2026-04-13 23:00:43.310000+00:00,,,,,,,,,,,,,33.6928,0.014100000000000001,0.41225675675675677,53.89857422167088,44.493,,0.0,1.0,0.9393182805036908,,,,0.9409706539645077,0.5,0.5,0.6417470509534853,0.9797727601678968,0.5303799527803454
robot_3,warehouse,robot_anomaly_warehouse,2026-04-28 19:13:56.378000+00:00,,,,,,,,,,,,,23.9959,0.06240000000000001,0.46867162162162157,41.50002108112327,40.3183,,0.0,1.0,0.9703182184727994,,,,0.8747230757288291,0.5,0.5,0.6695123179472795,0.9901060728242665,0.5399045976928865
robot_1,warehouse,robot_anomaly_warehouse,2026-05-10 03:21:41.175000+00:00,,,,,,,,,,,,,31.9348,0.07650000000000001,0.3228891891891892,45.61617786488777,51.1062,,0.0,1.0,0.9716208671918616,,,,0.912242488681071,0.5,0.5,0.702266183589763,0.9905402890639539,0.5482016181634293
robot_3,outdoor,robot_anomaly_outdoor,2026-05-10 17:02:53.539000+00:00,,,,,,,,,,,,,35.086,0.10260000000000002,0.42504864864864866,34.9320233150912,43.5464,,0.0,1.0,0.9253923453880032,,,,0.9362708562403895,0.5,0.5,0.7029933856510452,0.975130781796001,0.5445310418617615
robot_2,outdoor,robot_anomaly_outdoor,2026-04-13 09:12:39.625000+00:00,,,,,,,,,,,,,41.1402,0.08009999999999995,0.3792837837837838,50.074809997698374,46.933,,0.0,1.0,0.9645648532969419,,,,0.9123637800545362,0.5,0.5,0.6543436991709186,0.9881882844323139,0.5356329959008082
robot_4,hospital,robot_anomaly_hospital,2026-04-16 11:43:34.074000+00:00,,,,,,,,,,,,,23.3454,0.057699999999999974,0.1522256756756757,41.58712541309663,63.7353,,0.0,1.0,0.9729080081880777,,,,0.8859844732936102,0.5,0.5,0.797033931908239,0.9909693360626926,0.5720008169927329
robot_2,outdoor,robot_anomaly_outdoor,2026-05-04 08:24:29.821000+00:00,,,,,,,,,,,,,28.8498,0.02529999999999999,0.3336094594594595,50.074809997698374,50.3129,,0.0,1.0,0.9743657341355996,,,,0.929015883181307,0.5,0.5,0.690392923605211,0.9914552447118665,0.5454620420792694
robot_5,hospital,robot_anomaly_hospital,2026-04-16 12:49:19.048000+00:00,,,,,,,,,,,,,39.0467,0.11439999999999995,0.3635027027027027,33.69562591427044,48.1008,,0.0,1.0,0.9410241300167483,,,,0.8607789341657263,0.5,0.5,0.7288363598353758,0.9803413766722494,0.5522944341269063
robot_1,hospital,robot_anomaly_hospital,2026-05-03 17:03:09.910000+00:00,,,,,,,,,,,,,24.4954,0.038900000000000046,0.16022432432432432,39.72338368547231,63.1434,,0.0,1.0,0.9532287078965325,,,,0.9261736069862861,0.5,0.5,0.8060113071168006,0.9844095692988443,0.5726052191039113
robot_2,lab,robot_anomaly_lab,2026-04-30 04:42:51.092000+00:00,,,,,,,,,,,,,38.956,0.04090000000000005,0.4433,14.63679636698148,42.1958,,0.0,1.0,0.9591991811922337,,,,0.8993461936762891,0.5,0.5,0.8004131705620777,0.9863997270640779,0.5717032244065389
robot_1,lab,robot_anomaly_lab,2026-05-07 06:18:49.115000+00:00,,,,,,,,,,,,,41.5078,0.05920000000000003,0.24952972972972975,49.14167586402035,56.5348,,0.0,1.0,0.9963711928540413,,,,0.9066200678814884,0.5,0.5,0.7149919483732403,0.9987903976180137,0.5534455864978135
robot_3,warehouse,robot_anomaly_warehouse,2026-04-21 00:37:30.168000+00:00,,,,,,,,,,,,,56.8858,0.0048000000000000265,0.49033513513513505,41.50002108112327,38.7152,,1.0,0.0,0.974706904038211,,,,0.7254186795988838,0.5,0.5,0.6587017921116592,0.32490230134607034,0.3709010233644324
robot_5,lab,robot_anomaly_lab,2026-05-10 07:31:16.066000+00:00,,,,,,,,,,,,,44.7913,0.026699999999999946,0.13114054054054058,44.31142771759781,65.2956,,0.0,1.0,0.9836858755660319,,,,0.8765145078859377,0.5,0.5,0.7901595202432947,0.9945619585220107,0.5711803696913264
robot_3,hospital,robot_anomaly_hospital,2026-04-15 00:48:39.017000+00:00,,,,,,,,,,,,,57.7699,0.08040000000000003,0.48125945945945947,37.431302275652754,39.3868,,0.0,1.0,0.997239625333416,,,,0.8769143457494428,0.5,0.5,0.6637084818310404,0.9990798751111387,0.5406970892355447
robot_5,outdoor,robot_anomaly_outdoor,2026-05-08 22:02:06.754000+00:00,,,,,,,,,,,,,50.163,0.05369999999999997,0.49170405405405404,26.119861519645806,38.6139,,0.0,1.0,0.988446746479747,,,,0.8982632971401291,0.5,0.5,0.720626257165964,0.996148915493249,0.5541937931648032
robot_5,outdoor,robot_anomaly_outdoor,2026-05-10 02:38:12.999000+00:00,,,,,,,,,,,,,39.8544,0.0043999999999999595,0.2883486486486486,26.119861519645806,53.6622,,0.0,1.0,0.975435767011972,,,,0.9396313292627454,0.5,0.5,0.8176231694219307,0.9918119223373241,0.5773587729398137
robot_3,lab,robot_anomaly_lab,2026-04-11 10:44:25.782000+00:00,,,,,,,,,,,,,50.5343,0.057499999999999996,0.2842945945945946,25.56989703262559,53.9622,,0.0,1.0,0.9203988586315985,,,,0.8907968567702739,0.5,0.5,0.805089397709019,0.9734662862105328,0.569638920979888
robot_5,outdoor,robot_anomaly_outdoor,2026-05-05 07:37:36.195000+00:00,,,,,,,,,,,,,42.6604,0.06579999999999997,0.4970932432432432,26.119861519645806,38.2151,,0.0,1.0,0.951476335214937,,,,0.8745981076557415,0.5,0.5,0.7191910937895044,0.9838254450716457,0.5507541347152876
robot_5,warehouse,robot_anomaly_warehouse,2026-05-02 03:20:14.244000+00:00,,,,,,,,,,,,,58.3358,0.0797,0.44078108108108116,31.857120950670687,42.3822,,0.0,1.0,0.9990075057378575,,,,0.8689613572770115,0.5,0.5,0.7052739276862405,0.9996691685792859,0.5512357740663816
robot_3,hospital,robot_anomaly_hospital,2026-04-16 07:12:53.718000+00:00,,,,,,,,,,,,,36.3159,0.0043999999999999595,0.4803135135135135,37.431302275652754,39.4568,,0.0,1.0,0.9653092239935488,,,,0.9234764881478782,0.5,0.5,0.6907496775594,0.9884364079978495,0.5447965213893123
robot_4,warehouse,robot_anomaly_warehouse,2026-05-04 09:38:11.475000+00:00,,,,,,,,,,,,,19.3855,0.0796,0.2658554054054054,44.033102772410636,55.3267,,0.0,1.0,0.993920972644377,,,,0.9423079813548482,0.5,0.5,0.7373325373085754,0.9979736575481256,0.5588265487141753
robot_2,hospital,robot_anomaly_hospital,2026-05-02 14:26:36.660000+00:00,,,,,,,,,,,,,17.0147,0.023900000000000032,0.17962027027027028,38.92765711090124,61.7081,,0.0,1.0,0.9839184914087216,,,,0.914078496599165,0.5,0.5,0.8086284503633399,0.9946394971362406,0.575816986874895
robot_1,outdoor,robot_anomaly_outdoor,2026-04-13 19:05:19.324000+00:00,,,,,,,,,,,,,29.5654,0.8028,0.402781081081081,32.28341037492993,45.1942,,1.0,0.0,0.8891042739284164,,,,0.5092793448165702,0.5,0.5,0.5707603472897247,0.2963680913094721,0.3417821096497992
robot_3,lab,robot_anomaly_lab,2026-04-13 20:46:22.392000+00:00,,,,,,,,,,,,,35.8343,0.0020000000000000018,0.43539189189189187,25.56989703262559,42.781,,0.0,1.0,0.9937658954159171,,,,0.9210834483536784,0.5,0.5,0.7636815420289865,0.9979219651386391,0.5654008767919064
robot_2,lab,robot_anomaly_lab,2026-04-14 06:04:06.321000+00:00,,,,,,,,,,,,,32.2496,0.034599999999999964,0.2742986486486486,14.63679636698148,54.7019,,1.0,0.0,0.9515848892748588,,,,0.7732781258218532,0.5,0.5,0.8724651030330588,0.3171949630916196,0.42241501653116953
robot_4,lab,robot_anomaly_lab,2026-05-02 02:24:00.379000+00:00,,,,,,,,,,,,,35.8138,0.010399999999999965,0.35960810810810806,53.89857422167088,48.389,,1.0,0.0,0.9873146827119905,,,,0.6740343289677668,0.5,0.5,0.6626649502420336,0.3291048942373302,0.372942461119841
robot_3,outdoor,robot_anomaly_outdoor,2026-04-17 02:23:53.351000+00:00,,,,,,,,,,,,,40.2999,0.02200000000000002,0.39716216216216216,34.9320233150912,45.61,,0.0,1.0,0.9763352149370387,,,,0.9665228107747706,0.5,0.5,0.7297058010214761,0.9921117383123462,0.5554543848334557
robot_1,hospital,robot_anomaly_hospital,2026-04-17 08:58:04.909000+00:00,,,,,,,,,,,,,18.0335,0.024499999999999966,0.44576621621621615,39.72338368547231,42.0133,,0.0,1.0,0.9470101110352955,,,,0.9412552824666566,0.5,0.5,0.6979365484158653,0.9823367036784317,0.5450683130235743
robot_1,hospital,robot_anomaly_hospital,2026-04-21 14:18:13.991000+00:00,,,,,,,,,,,,,35.2072,0.06399999999999995,0.12710540540540538,39.72338368547231,65.5942,,1.0,0.0,0.9686588921282799,,,,0.7046840452776791,0.5,0.5,0.8088039149904951,0.3228862973760933,0.40792255309164704
robot_1,hospital,robot_anomaly_hospital,2026-04-14 19:28:53.394000+00:00,,,,,,,,,,,,,45.3798,0.0,0.23108513513513507,39.72338368547231,57.8997,,0.0,1.0,0.9213138142795112,,,,0.9023058528655504,0.5,0.5,0.7768221049371317,0.9737712714265037,0.5626483440909088
robot_4,outdoor,robot_anomaly_outdoor,2026-04-17 10:34:42.272000+00:00,,,,,,,,,,,,,44.5937,0.018900000000000028,0.5580405405405406,47.74265761291576,33.705,,0.0,1.0,0.9860430494386204,,,,0.9137040087776775,0.5,0.5,0.6055426636027048,0.9953476831462068,0.525222586687228
robot_3,hospital,robot_anomaly_hospital,2026-04-18 16:57:10.955000+00:00,,,,,,,,,,,,,314.1356,0.08479999999999999,0.867668918918919,37.431302275652754,10.7925,,1.0,0.0,0.9729235159109236,,,,0.6313922689665702,0.5,0.5,0.3915738866145704,0.32430783863697454,0.30397043131288626
robot_3,outdoor,robot_anomaly_outdoor,2026-04-27 23:45:50.205000+00:00,,,,,,,,,,,,,28.6551,0.09509999999999996,0.3891297297297297,34.9320233150912,46.2044,,0.0,1.0,0.9626108802183487,,,,0.8934730596297553,0.5,0.5,0.7219539846435777,0.9875369600727829,0.5523727361790902
robot_1,outdoor,robot_anomaly_outdoor,2026-04-12 04:36:52.676000+00:00,,,,,,,,,,,,,47.6086,0.01880000000000004,0.33674324324324323,32.28341037492993,50.081,,0.0,1.0,0.9808479622852181,,,,0.9326826508772964,0.5,0.5,0.763366269655289,0.993615987428406,0.5642455642709236
robot_2,hospital,robot_anomaly_hospital,2026-05-08 12:01:20.442000+00:00,,,,,,,,,,,,,38.3167,0.040100000000000025,0.2624864864864864,38.92765711090124,55.576,,0.0,1.0,0.9122417964146144,,,,0.8835960627164134,0.5,0.5,0.7621904653893197,0.9707472654715382,0.5582344327152144
robot_1,outdoor,robot_anomaly_outdoor,2026-04-20 17:11:16.205000+00:00,,,,,,,,,,,,,33.4425,0.032200000000000006,0.37127027027027026,32.28341037492993,47.526,,0.0,1.0,0.8676570932324298,,,,0.9152952499573237,0.5,0.5,0.753017273198749,0.9558856977441432,0.5522257427357231
robot_5,warehouse,robot_anomaly_warehouse,2026-04-14 06:56:36.577000+00:00,,,,,,,,,,,,,27.0156,0.02210000000000001,0.6081081081081081,31.857120950670687,30.0,,0.0,1.0,0.9677129210346753,,,,0.9333612927888992,0.5,0.5,0.6653999821407666,0.9892376403448918,0.5386594056214147
robot_1,outdoor,robot_anomaly_outdoor,2026-04-15 10:02:43.210000+00:00,,,,,,,,,,,,,57.5156,0.032299999999999995,0.23556081081081082,32.28341037492993,57.5685,,0.0,1.0,0.9408690527882886,,,,0.864942083839656,0.5,0.5,0.7963306544870044,0.9802896842627629,0.5691550846874418
robot_4,lab,robot_anomaly_lab,2026-05-07 11:05:03.738000+00:00,,,,,,,,,,,,,20.2877,0.045599999999999974,0.4094581081081081,53.89857422167088,44.7001,,0.0,1.0,0.9782426648470939,,,,0.9494286100233383,0.5,0.5,0.6419559825960877,0.9927475549490312,0.5336758843862797
robot_5,lab,robot_anomaly_lab,2026-04-13 06:29:58.301000+00:00,,,,,,,,,,,,,26.3562,0.023900000000000032,0.4071851351351352,44.31142771759781,44.8683,,0.0,1.0,0.9792661745549284,,,,0.9081842307282546,0.5,0.5,0.688748590517284,0.9930887248516428,0.5454593288422317
robot_3,warehouse,robot_anomaly_warehouse,2026-05-10 09:59:00.441000+00:00,,,,,,,,,,,,,30.0349,0.08809999999999996,0.42622297297297296,41.50002108112327,43.4595,,1.0,0.0,0.9922771540227033,,,,0.7652947978494167,0.5,0.5,0.6780284844782956,0.3307590513409011,0.3771968839547992
robot_3,lab,robot_anomaly_lab,2026-05-07 21:45:51.341000+00:00,,,,,,,,,,,,,27.6078,0.03700000000000003,0.2672743243243243,25.56989703262559,55.2217,,0.0,1.0,0.9664723032069971,,,,0.8998188437445227,0.5,0.5,0.8268843195475231,0.988824101068999,0.5789271051541305
robot_1,outdoor,robot_anomaly_outdoor,2026-05-07 11:15:19.227000+00:00,,,,,,,,,,,,,37.6443,0.02939999999999998,0.28820810810810804,32.28341037492993,53.6726,,0.0,1.0,0.9680851063829787,,,,0.9177613241899453,0.5,0.5,0.7849540547334151,0.9893617021276596,0.5685789392152687
robot_4,lab,robot_anomaly_lab,2026-04-18 02:20:33.330000+00:00,,,,,,,,,,,,,43.7657,0.01629999999999998,0.21573378378378383,53.89857422167088,59.0357,,0.0,1.0,0.9959990075057379,,,,0.9003003648903919,0.5,0.5,0.715285827400993,0.9986663358352459,0.5534880408090597
robot_1,outdoor,robot_anomaly_outdoor,2026-04-17 07:04:34.651000+00:00,,,,,,,,,,,,,40.1822,0.09430000000000005,0.2827121621621621,32.28341037492993,54.0793,,0.0,1.0,0.9611686619936729,,,,0.9012630287387141,0.5,0.5,0.7715615676573202,0.9870562206645577,0.5646544470804695
robot_1,hospital,robot_anomaly_hospital,2026-04-26 13:50:02.097000+00:00,,,,,,,,,,,,,29.6784,0.08579999999999999,0.40393918918918925,39.72338368547231,45.1085,,0.0,1.0,0.9956888530488183,,,,0.9730282695918344,0.5,0.5,0.6957355398688465,0.9985629510162727,0.5485746227212798
robot_2,outdoor,robot_anomaly_outdoor,2026-05-04 00:23:13.473000+00:00,,,,,,,,,,,,,31.7992,0.04190000000000005,0.31009864864864867,50.074809997698374,52.0527,,0.0,1.0,0.9147385397928168,,,,0.8770564924598417,0.5,0.5,0.6947633146062672,0.9715795132642723,0.5415857069676349
robot_5,outdoor,robot_anomaly_outdoor,2026-04-13 06:57:44.677000+00:00,,,,,,,,,,,,,39.9571,0.0716,0.40256081081081074,26.119861519645806,45.2105,,0.0,1.0,0.9555238508777371,,,,0.8758396393039212,0.5,0.5,0.7569433162101402,0.9851746169592457,0.5605294832923464
robot_2,outdoor,robot_anomaly_outdoor,2026-04-14 01:57:51.576000+00:00,,,,,,,,,,,,,34.3434,0.7067,0.12896756756756755,50.074809997698374,65.4564,,1.0,0.0,0.9871130823149928,,,,0.5991911292262384,0.5,0.5,0.61817746075278,0.3290376941049976,0.3618037887144444
robot_5,warehouse,robot_anomaly_warehouse,2026-05-09 22:25:51.981000+00:00,,,,,,,,,,,,,31.0071,0.09770000000000001,0.3364662162162162,31.857120950670687,50.1015,,0.0,1.0,0.9465138639042243,,,,0.8886887948906839,0.5,0.5,0.7554246356085816,0.9821712879680747,0.5593989808941642
robot_2,lab,robot_anomaly_lab,2026-04-25 06:15:23.554000+00:00,,,,,,,,,,,,,48.8642,0.09309999999999996,0.14538513513513507,14.63679636698148,64.2415,,0.0,1.0,0.9640530984430247,,,,0.8806332462425418,0.5,0.5,0.9034613740125066,0.9880176994810083,0.5978697683733787
robot_2,outdoor,robot_anomaly_outdoor,2026-04-30 13:48:30.043000+00:00,,,,,,,,,,,,,26.3057,0.007600000000000051,0.4538783783783784,50.074809997698374,41.413,,0.0,1.0,0.9809565163451399,,,,0.9872556658824493,0.5,0.5,0.6473796529008149,0.9936521721150466,0.5352579562539654
robot_4,lab,robot_anomaly_lab,2026-04-30 00:01:53.311000+00:00,,,,,,,,,,,,,43.6171,0.04959999999999998,0.27157567567567575,53.89857422167088,54.9034,,1.0,0.0,0.1693443334780722,,,,0.5440624115879922,0.5,0.5,0.6856092447399625,0.056448111159357404,0.31051433897482994
robot_4,warehouse,robot_anomaly_warehouse,2026-04-23 19:50:35.387000+00:00,,,,,,,,,,,,,16.4401,0.07469999999999999,0.2679716216216217,44.033102772410636,55.1701,,0.0,1.0,0.9708299733267167,,,,0.9363465141920546,0.5,0.5,0.738915562390584,0.9902766577755723,0.5572980550415391
robot_3,hospital,robot_anomaly_hospital,2026-04-12 19:56:47.835000+00:00,,,,,,,,,,,,,56.8647,0.07269999999999999,0.2938878378378379,37.431302275652754,53.2523,,0.0,1.0,0.934433347807208,,,,0.8520443643803827,0.5,0.5,0.7407816285509164,0.9781444492690694,0.5547315194549964
robot_2,hospital,robot_anomaly_hospital,2026-04-18 03:35:51.833000+00:00,,,,,,,,,,,,,28.2556,0.08919999999999995,0.4865067567567568,38.92765711090124,38.9985,,0.0,1.0,0.9755908442404317,,,,0.9151991402571994,0.5,0.5,0.6662359921125787,0.9918636147468106,0.5395249017148473
robot_1,hospital,robot_anomaly_hospital,2026-04-22 11:53:09.966000+00:00,,,,,,,,,,,,,36.7308,0.013700000000000045,0.42713783783783776,39.72338368547231,43.3918,,0.0,1.0,0.9730010545251535,,,,0.9233061626953152,0.5,0.5,0.6992869937003058,0.9910003515083844,0.5475718363021725
robot_4,hospital,robot_anomaly_hospital,2026-04-30 07:15:36.955000+00:00,,,,,,,,,,,,,31.7501,0.02090000000000003,0.31566216216216214,41.58712541309663,51.641,,0.0,1.0,0.9757614291917375,,,,0.9810806004325185,0.5,0.5,0.7360229439933401,0.9919204763972459,0.5569858550976465
robot_3,hospital,robot_anomaly_hospital,2026-04-12 16:20:03.640000+00:00,,,,,,,,,,,,,31.3638,0.11129999999999995,0.3765716216216216,37.431302275652754,47.1337,,0.0,1.0,0.9599590596116866,,,,0.8951968111373733,0.5,0.5,0.7107192552915783,0.9866530198705622,0.5493430687905351
robot_3,lab,robot_anomaly_lab,2026-04-28 17:52:13.728000+00:00,,,,,,,,,,,,,21.0061,0.04139999999999999,0.4785067567567568,25.56989703262559,39.5905,,0.0,1.0,0.9820885801128962,,,,0.8991048733466791,0.5,0.5,0.7444149642612146,0.9940295267042988,0.5596111227413783
robot_3,hospital,robot_anomaly_hospital,2026-04-24 17:31:12.171000+00:00,,,,,,,,,,,,,39.2715,0.04700000000000004,0.3816013513513514,37.431302275652754,46.7615,,0.0,1.0,0.9558495130575027,,,,0.8835553744218958,0.5,0.5,0.7194142280760156,0.9852831710191676,0.5511743497737958
robot_2,hospital,robot_anomaly_hospital,2026-05-10 04:33:12.628000+00:00,,,,,,,,,,,,,31.9793,0.01319999999999999,0.09058918918918912,38.92765711090124,68.2964,,0.0,1.0,0.9539265554246015,,,,0.9204725882597223,0.5,0.5,0.8398153195888673,0.9846421851415338,0.5811143761826003
robot_1,hospital,robot_anomaly_hospital,2026-04-26 11:47:31.420000+00:00,,,,,,,,,,,,,37.4842,0.016599999999999948,0.3147986486486486,39.72338368547231,51.7049,,1.0,0.0,0.9691551392593512,,,,0.5795381423308434,0.5,0.5,0.7432349425306918,0.32305171308645036,0.39157166390428555
robot_5,lab,robot_anomaly_lab,2026-04-15 08:39:49.306000+00:00,,,,,,,,,,,,,15.3205,0.10719999999999996,0.1911662162162162,44.31142771759781,60.8537,,0.0,1.0,0.9979064574157931,,,,0.8648165917023892,0.5,0.5,0.7616454217349503,0.9993021524719311,0.5652368935517204
robot_2,hospital,robot_anomaly_hospital,2026-05-03 05:33:06.053000+00:00,,,,,,,,,,,,,35.5523,0.06240000000000001,0.2694635135135135,38.92765711090124,55.0597,,0.0,1.0,0.9192978103095342,,,,0.878720281560421,0.5,0.5,0.7556963545719053,0.9730992701031781,0.5571989061687708
robot_4,outdoor,robot_anomaly_outdoor,2026-04-30 22:03:55.006000+00:00,,,,,,,,,,,,,40.0736,0.06810000000000005,0.3477837837837837,47.74265761291576,49.264,,0.0,1.0,0.987733391228832,,,,0.8738675645671746,0.5,0.5,0.6807567761259181,0.9959111304096107,0.5441669766338821
robot_4,hospital,robot_anomaly_hospital,2026-04-18 16:54:36.618000+00:00,,,,,,,,,,,,,42.2148,0.07769999999999999,0.17744189189189186,41.58712541309663,61.8693,,0.0,1.0,0.9678679982631351,,,,0.8952324938171735,0.5,0.5,0.7739169745925221,0.9892893327543785,0.5658015768367252
robot_1,warehouse,robot_anomaly_warehouse,2026-04-22 04:16:43.261000+00:00,,,,,,,,,,,,,39.1363,0.08240000000000003,0.33658243243243247,45.61617786488777,50.0929,,0.0,1.0,0.9898734569815768,,,,0.947938850550073,0.5,0.5,0.6922013066688788,0.9966244856605256,0.5472064480823511
robot_1,lab,robot_anomaly_lab,2026-04-26 20:33:37.710000+00:00,,,,,,,,,,,,,40.7746,0.08989999999999998,0.25422162162162154,49.14167586402035,56.1876,,0.0,1.0,0.9785838347497053,,,,0.8507906468534714,0.5,0.5,0.7066195909358381,0.9928612782499018,0.5498702172964349
robot_4,warehouse,robot_anomaly_warehouse,2026-04-14 05:12:20.328000+00:00,,,,,,,,,,,,,31.91,0.029299999999999993,0.3366256756756757,44.033102772410636,50.0897,,0.0,1.0,0.983639352397494,,,,0.9747760644656547,0.5,0.5,0.7145174031051726,0.9945464507991647,0.5522659634760844
robot_5,warehouse,robot_anomaly_warehouse,2026-04-27 10:49:26.513000+00:00,,,,,,,,,,,,,41.8705,0.10299999999999998,0.35003648648648655,31.857120950670687,49.0973,,0.0,1.0,0.9339371006761368,,,,0.9050792978228485,0.5,0.5,0.7438770263437433,0.9779790335587123,0.5554640149756138
robot_4,warehouse,robot_anomaly_warehouse,2026-04-26 05:48:22.697000+00:00,,,,,,,,,,,,,39.2889,0.03520000000000001,0.3964540540540541,44.033102772410636,45.6624,,1.0,0.0,0.49990695366292415,,,,0.5702479492310385,0.5,0.5,0.6859177927314732,0.1666356512209747,0.338138360988112
robot_4,lab,robot_anomaly_lab,2026-05-02 11:13:14.841000+00:00,,,,,,,,,,,,,205.0348,0.06420000000000003,1.0,53.89857422167088,1.0,,1.0,0.0,0.9919049686743998,,,,0.6949022987997406,0.5,0.5,0.3175809830461347,0.33063498955813325,0.287053993151067
robot_3,lab,robot_anomaly_lab,2026-04-28 18:06:41.513000+00:00,,,,,,,,,,,,,22.2863,0.02290000000000003,0.4679432432432432,25.56989703262559,40.3722,,0.0,1.0,0.9317505117548539,,,,0.9353412400229061,0.5,0.5,0.7521733763519041,0.9772501705849512,0.5573558867342139
robot_4,lab,robot_anomaly_lab,2026-05-03 12:26:18.553000+00:00,,,,,,,,,,,,,25.731,0.03200000000000003,0.4283310810810811,53.89857422167088,43.3035,,1.0,0.0,0.9870820668693009,,,,0.7303655426753762,0.5,0.5,0.634956493124187,0.3290273556231003,0.36599596218682184
robot_1,warehouse,robot_anomaly_warehouse,2026-05-06 23:26:37.008000+00:00,,,,,,,,,,,,,41.4965,0.03169999999999995,0.4680094594594595,45.61617786488777,40.3673,,0.0,1.0,0.9701786489671856,,,,0.9046200982089989,0.5,0.5,0.64983504973115,0.9900595496557285,0.5349736498467197
robot_5,warehouse,robot_anomaly_warehouse,2026-04-13 20:34:04.693000+00:00,,,,,,,,,,,,,15.7476,0.0,0.2421689189189189,31.857120950670687,57.0795,,0.0,1.0,0.960424291297066,,,,0.9290843185056401,0.5,0.5,0.8218162366189545,0.9868080970990221,0.5771560834294942
robot_3,warehouse,robot_anomaly_warehouse,2026-05-06 14:26:04.371000+00:00,,,,,,,,,,,,,37.1496,0.0786,0.3833837837837837,41.50002108112327,46.6296,,1.0,0.0,0.9765523230568823,,,,0.7672431511694109,0.5,0.5,0.6940417040025763,0.3255174410189608,0.3798897862553843
robot_2,outdoor,robot_anomaly_outdoor,2026-05-08 04:50:37.046000+00:00,,,,,,,,,,,,,27.686,0.09830000000000005,0.0909743243243244,50.074809997698374,68.2679,,0.0,1.0,0.9839184914087216,,,,0.9690803169599347,0.5,0.5,0.7717377993003631,0.9946394971362406,0.5665943241091509
robot_4,hospital,robot_anomaly_hospital,2026-05-02 12:53:04.320000+00:00,,,,,,,,,,,,,43.5313,0.06299999999999994,0.37709189189189196,41.58712541309663,47.0952,,1.0,0.0,0.9919825072886297,,,,0.6574040671641608,0.5,0.5,0.6967281827376803,0.3306608357628766,0.38184725462513924
robot_2,outdoor,robot_anomaly_outdoor,2026-04-20 10:00:45.347000+00:00,,,,,,,,,,,,,36.0621,0.023499999999999965,0.3566945945945946,50.074809997698374,48.6046,,0.0,1.0,0.9710160660008684,,,,0.9772852817545594,0.5,0.5,0.6782792021517559,0.9903386886669562,0.5421544727046781
robot_3,outdoor,robot_anomaly_outdoor,2026-05-04 01:45:46.530000+00:00,,,,,,,,,,,,,31.4243,0.04349999999999998,0.4125824324324324,34.9320233150912,44.4689,,0.0,1.0,0.9517864896718566,,,,0.9719137824728286,0.5,0.5,0.7227916493263464,0.9839288298906189,0.5516801198042414
robot_4,hospital,robot_anomaly_hospital,2026-05-04 22:59:12.282000+00:00,,,,,,,,,,,,,29.5106,0.06289999999999996,0.045235135135134996,41.58712541309663,71.6526,,0.0,1.0,0.9657899634017741,,,,0.9163372050959774,0.5,0.5,0.8358695766162599,0.9885966544672581,0.5811165577708794
robot_3,hospital,robot_anomaly_hospital,2026-04-15 07:37:28.995000+00:00,,,,,,,,,,,,,24.7348,0.04420000000000002,0.2847027027027027,37.431302275652754,53.932,,0.0,1.0,0.9992401215805471,,,,0.8939642134656853,0.5,0.5,0.7654076499419453,0.9997467071935157,0.5662885892838653
robot_4,outdoor,robot_anomaly_outdoor,2026-04-17 01:13:14.309000+00:00,,,,,,,,,,,,,27.872,0.0252,0.09486351351351363,47.74265761291576,67.9801,,0.0,1.0,0.9518019973947025,,,,0.9519424275812034,0.5,0.5,0.7970169022244236,0.9839339991315675,0.5702377253389979
robot_4,lab,robot_anomaly_lab,2026-04-18 09:42:54.885000+00:00,,,,,,,,,,,,,20.1867,0.04410000000000003,0.14807972972972971,53.89857422167088,64.0421,,0.0,1.0,0.9243998511258606,,,,0.9022743808713963,0.5,0.5,0.7468869345400775,0.9747999503752869,0.555421721228841
robot_5,hospital,robot_anomaly_hospital,2026-04-14 07:08:43.262000+00:00,,,,,,,,,,,,,37.0444,0.03600000000000003,0.2527513513513514,33.69562591427044,56.2964,,0.0,1.0,0.9742881955213697,,,,0.9445715693643922,0.5,0.5,0.7914871843577642,0.9914293985071233,0.5707291457162219
robot_4,lab,robot_anomaly_lab,2026-05-08 15:07:39.313000+00:00,,,,,,,,,,,,,41.8841,0.017100000000000004,0.26096756756756756,53.89857422167088,55.6884,,0.0,1.0,0.9480646361888221,,,,0.9672624198080058,0.5,0.5,0.6978700873349655,0.9826882120629407,0.5451395748494765
robot_4,lab,robot_anomaly_lab,2026-04-15 17:01:38.285000+00:00,,,,,,,,,,,,,42.8315,0.0034999999999999476,0.25728648648648655,53.89857422167088,55.9608,,0.0,1.0,0.8673934619440482,,,,0.9107101187674711,0.5,0.5,0.7019369010455099,0.9557978206480161,0.5394336804233815
robot_1,hospital,robot_anomaly_hospital,2026-04-23 23:21:38.875000+00:00,,,,,,,,,,,,,41.036,0.021599999999999953,0.2834283783783784,39.72338368547231,54.0263,,0.0,1.0,0.9144283853358973,,,,0.8416726753763685,0.5,0.5,0.75305551113457,0.9714761284452992,0.5561329098949673
robot_4,warehouse,robot_anomaly_warehouse,2026-05-07 13:53:21.444000+00:00,,,,,,,,,,,,,49.7225,0.03520000000000001,0.36970810810810817,44.033102772410636,47.6416,,0.0,1.0,0.9811581167421376,,,,0.892350705325382,0.5,0.5,0.6918710945883525,0.9937193722473792,0.5463976167089329
robot_5,hospital,robot_anomaly_hospital,2026-04-30 16:11:27.131000+00:00,,,,,,,,,,,,,38.9223,0.01980000000000004,0.4580094594594595,33.69562591427044,41.1073,,1.0,0.0,0.9979219651386391,,,,0.7140136768226066,0.5,0.5,0.7121334982528851,0.33264065504621304,0.38619353832477454
robot_4,outdoor,robot_anomaly_outdoor,2026-04-30 13:25:38.604000+00:00,,,,,,,,,,,,,34.7186,0.07399999999999995,0.4427540540540541,47.74265761291576,42.2362,,0.0,1.0,0.9228025556727251,,,,0.9128613874241932,0.5,0.5,0.6438916344514041,0.974267518557575,0.5295397882522448
robot_5,outdoor,robot_anomaly_outdoor,2026-05-03 03:30:20.196000+00:00,,,,,,,,,,,,,22.4005,0.025699999999999945,0.36392837837837844,26.119861519645806,48.0693,,0.0,1.0,0.9851901246820917,,,,0.9320924258138863,0.5,0.5,0.7905910311424178,0.9950633748940305,0.571413601509112
robot_1,warehouse,robot_anomaly_warehouse,2026-04-25 18:17:01.795000+00:00,,,,,,,,,,,,,21.0075,0.05740000000000001,0.386627027027027,45.61617786488777,46.3896,,0.0,1.0,0.9544383102785187,,,,0.8651963826765441,0.5,0.5,0.6859893469703514,0.9848127700928395,0.5427005292657977
robot_3,outdoor,robot_anomaly_outdoor,2026-04-11 13:14:20.397000+00:00,,,,,,,,,,,,,31.2097,0.027200000000000002,0.4156729729729729,34.9320233150912,44.2402,,0.0,1.0,0.9906798585695676,,,,0.9830500537663174,0.5,0.5,0.7252788786943695,0.9968932861898558,0.5555430412210564
robot_5,warehouse,robot_anomaly_warehouse,2026-04-25 23:08:12.102000+00:00,,,,,,,,,,,,,30.668,0.008399999999999963,0.20519864864864867,31.857120950670687,59.8153,,0.0,1.0,0.9616028782333602,,,,0.9160246163817641,0.5,0.5,0.8279501900140593,0.9872009594111201,0.5787877873562948
robot_4,hospital,robot_anomaly_hospital,2026-05-01 09:14:05.728000+00:00,,,,,,,,,,,,,42.9811,0.04090000000000005,0.5739797297297298,41.58712541309663,32.5255,,0.0,1.0,0.9409931145710564,,,,0.9323146130016966,0.5,0.5,0.6231392991218451,0.9803310381903522,0.5258675843280494
robot_5,warehouse,robot_anomaly_warehouse,2026-04-27 11:44:35.630000+00:00,,,,,,,,,,,,,37.2836,0.025000000000000022,0.43542702702702707,31.857120950670687,42.7784,,0.0,1.0,0.9306184479870976,,,,0.8429172345577427,0.5,0.5,0.7291575614175798,0.9768728159956992,0.5515075943533198
robot_2,lab,robot_anomaly_lab,2026-05-09 12:12:27.026000+00:00,,,,,,,,,,,,,21.707,0.04610000000000003,0.27670135135135143,14.63679636698148,54.5241,,0.0,1.0,0.9429160722039576,,,,0.8988218108258179,0.5,0.5,0.8737405567008976,0.9809720240679859,0.5886781451922208
robot_1,outdoor,robot_anomaly_outdoor,2026-04-13 02:42:56.701000+00:00,,,,,,,,,,,,,51.1068,0.06920000000000004,0.2659662162162162,32.28341037492993,55.3185,,1.0,0.0,0.9987748898951678,,,,0.7005276968685867,0.5,0.5,0.7788749297241888,0.3329249632983893,0.4029499732556445
robot_4,hospital,robot_anomaly_hospital,2026-04-12 01:39:36.108000+00:00,,,,,,,,,,,,,43.1187,0.06220000000000003,0.31317432432432435,41.58712541309663,51.8251,,0.0,1.0,0.9397990199119162,,,,0.9604578152352037,0.5,0.5,0.7226608110446044,0.9799330066373054,0.5506484544204775
robot_1,outdoor,robot_anomaly_outdoor,2026-04-17 20:39:13.498000+00:00,,,,,,,,,,,,,35.0112,0.00880000000000003,0.19184054054054056,32.28341037492993,60.8038,,0.0,1.0,0.9886638545995906,,,,0.8978681762282952,0.5,0.5,0.8292809442933852,0.9962212848665302,0.5813755572899788
robot_3,warehouse,robot_anomaly_warehouse,2026-04-18 12:19:26.855000+00:00,,,,,,,,,,,,,37.0454,0.07299999999999995,0.3262432432432433,41.50002108112327,50.858,,1.0,0.0,0.9543607716642888,,,,0.6852990298049335,0.5,0.5,0.7181909992674127,0.3181202572214296,0.38407781412221054
robot_1,lab,robot_anomaly_lab,2026-04-14 18:02:31.844000+00:00,,,,,,,,,,,,,42.6599,0.05030000000000001,0.270991891891892,49.14167586402035,54.9466,,0.0,1.0,0.9721326220457788,,,,0.9302877924159312,0.5,0.5,0.7078628797397839,0.9907108740152596,0.549643438438761
robot_3,outdoor,robot_anomaly_outdoor,2026-05-09 13:40:50.091000+00:00,,,,,,,,,,,,,45.7092,0.06389999999999996,0.4632216216216216,34.9320233150912,40.7216,,0.0,1.0,0.9719310216487811,,,,0.8734734871581649,0.5,0.5,0.6915015007360845,0.9906436738829271,0.545536293654753
robot_2,warehouse,robot_anomaly_warehouse,2026-05-05 08:05:13.964000+00:00,,,,,,,,,,,,,22.4293,0.05289999999999995,0.4236932432432432,58.39748493129811,43.6467,,0.0,1.0,0.9403572979343713,,,,0.8865621625687148,0.5,0.5,0.6131026828061092,0.980119099311457,0.5233054455293915
robot_1,hospital,robot_anomaly_hospital,2026-04-11 23:39:24.093000+00:00,,,,,,,,,,,,,25.9287,0.059599999999999986,0.4333648648648649,39.72338368547231,42.931,,0.0,1.0,0.9969604863221885,,,,0.9495795149699273,0.5,0.5,0.69149863859449,0.9989868287740628,0.5476213668421381
robot_3,outdoor,robot_anomaly_outdoor,2026-05-05 00:48:46.853000+00:00,,,,,,,,,,,,,30.7425,0.0041999999999999815,0.23610270270270273,34.9320233150912,57.5284,,1.0,0.0,0.9683797531170523,,,,0.7042889096493272,0.5,0.5,0.80243569111444,0.3227932510390174,0.40630723553836434
robot_5,hospital,robot_anomaly_hospital,2026-05-07 08:08:49.143000+00:00,,,,,,,,,,,,,21.8528,0.0998,0.28349189189189195,33.69562591427044,54.0216,,0.0,1.0,0.9677904596489052,,,,0.875102580218193,0.5,0.5,0.7719079564223165,0.989263486549635,0.5652928607429879
robot_3,lab,robot_anomaly_lab,2026-05-03 02:12:46.069000+00:00,,,,,,,,,,,,,46.6041,0.03590000000000004,0.21672702702702695,25.56989703262559,58.9622,,0.0,1.0,0.9719465293716271,,,,0.8720757988833918,0.5,0.5,0.8387086375059631,0.9906488431238757,0.5823393701574597
robot_1,lab,robot_anomaly_lab,2026-04-25 08:11:23.690000+00:00,,,,,,,,,,,,,42.3754,0.10619999999999996,0.34695,49.14167586402035,49.3257,,0.0,1.0,0.936480367222877,,,,0.8947469286494767,0.5,0.5,0.6651743668155652,0.9788267890742923,0.5360002889724644
robot_5,outdoor,robot_anomaly_outdoor,2026-05-10 07:53:55.773000+00:00,,,,,,,,,,,,,38.5524,0.032200000000000006,0.2562297297297297,26.119861519645806,56.039,,0.0,1.0,0.9975807952360275,,,,0.8598494689390501,0.5,0.5,0.8248789092814744,0.9991935984120092,0.581018126923371
robot_3,hospital,robot_anomaly_hospital,2026-04-18 10:03:07.398000+00:00,,,,,,,,,,,,,23.5449,0.020100000000000007,0.42040135135135126,37.431302275652754,43.8903,,0.0,1.0,0.9772966937534893,,,,0.9148992801921894,0.5,0.5,0.7170302592464292,0.9924322312511631,0.552365622624398
robot_1,lab,robot_anomaly_lab,2026-04-27 01:39:39.841000+00:00,,,,,,,,,,,,,19.9271,0.06020000000000003,0.4010648648648649,49.14167586402035,45.3212,,1.0,0.0,0.9290676757024998,,,,0.6986330087625888,0.5,0.5,0.663970093963706,0.3096892252341666,0.36841482979946816
robot_1,hospital,robot_anomaly_hospital,2026-04-20 15:47:20.680000+00:00,,,,,,,,,,,,,28.8982,0.06599999999999995,0.27225675675675676,39.72338368547231,54.853,,0.0,1.0,0.9873922213262205,,,,0.9267903688781682,0.5,0.5,0.7531677428770773,0.9957974071087401,0.5622412874964544
robot_1,outdoor,robot_anomaly_outdoor,2026-05-08 18:16:15.443000+00:00,,,,,,,,,,,,,27.6795,0.08560000000000001,0.5227162162162162,32.28341037492993,36.319,,1.0,0.0,0.9894237330190435,,,,0.6813039214042761,0.5,0.5,0.6831812930981217,0.3298079110063478,0.37824730102611737
robot_2,hospital,robot_anomaly_hospital,2026-04-15 13:30:36.797000+00:00,,,,,,,,,,,,,16.1715,0.6163000000000001,0.26052567567567564,38.92765711090124,55.7211,,1.0,0.0,0.9409776068482104,,,,0.6201043969646015,0.5,0.5,0.6448735448136068,0.3136592022827368,0.36463318677408585
robot_5,outdoor,robot_anomaly_outdoor,2026-04-11 18:46:57.367000+00:00,,,,,,,,,,,,,36.4741,0.017100000000000004,0.43561216216216214,26.119861519645806,42.7647,,0.0,1.0,0.9703337261956454,,,,0.9134306411199546,0.5,0.5,0.757430036767508,0.9901112420652152,0.5618853197081808
robot_1,warehouse,robot_anomaly_warehouse,2026-04-26 13:47:52.856000+00:00,,,,,,,,,,,,,32.934,0.0504,0.45233918918918925,45.61617786488777,41.5269,,0.0,1.0,0.9852831710191675,,,,0.9063085252343445,0.5,0.5,0.6558375651833812,0.9950943903397226,0.537732988880776
robot_2,warehouse,robot_anomaly_warehouse,2026-05-09 02:24:17.700000+00:00,,,,,,,,,,,,,319.9491,0.04310000000000003,1.0,58.39748493129811,1.0,,1.0,0.0,0.9785218038583214,,,,0.6018844162702678,0.5,0.5,0.24945149035568276,0.3261739346194405,0.26890635624378084
robot_5,warehouse,robot_anomaly_warehouse,2026-04-19 15:53:08.730000+00:00,,,,,,,,,,,,,29.9159,0.06030000000000002,0.31312567567567573,31.857120950670687,51.8287,,0.0,1.0,0.9796383599032318,,,,0.9272815588025944,0.5,0.5,0.7735765470785595,0.9932127866344106,0.5666973334282426
robot_2,warehouse,robot_anomaly_warehouse,2026-04-13 08:29:00.668000+00:00,,,,,,,,,,,,,46.6957,0.044399999999999995,0.3832689189189189,58.39748493129811,46.6381,,0.0,1.0,0.9047670740028534,,,,0.877931849224933,0.5,0.5,0.6201271236469182,0.9682556913342845,0.5220957037453007
robot_2,lab,robot_anomaly_lab,2026-04-10 22:36:52.711000+00:00,,,,,,,,,,,,,37.2306,0.13119999999999998,0.2614135135135135,14.63679636698148,55.6554,,0.0,1.0,0.9272997952980584,,,,0.9468358077861938,0.5,0.5,0.8538657030253253,0.9757665984326861,0.5824080753645029
robot_1,outdoor,robot_anomaly_outdoor,2026-04-11 13:26:03.035000+00:00,,,,,,,,,,,,,33.3293,0.09540000000000004,0.3014405405405406,32.28341037492993,52.6934,,0.0,1.0,0.9225234166614974,,,,0.928127796649562,0.5,0.5,0.7669421441496738,0.9741744722204991,0.5602791540925433
robot_3,outdoor,robot_anomaly_outdoor,2026-05-08 03:31:13.986000+00:00,,,,,,,,,,,,,45.3444,0.07179999999999997,0.37332567567567565,34.9320233150912,47.3739,,0.0,1.0,0.9640996216115626,,,,0.9149541138286696,0.5,0.5,0.7258684729239873,0.9880332072038542,0.5534754200319604
robot_5,warehouse,robot_anomaly_warehouse,2026-04-17 16:32:27.695000+00:00,,,,,,,,,,,,,38.222,0.03390000000000004,0.22812162162162164,31.857120950670687,58.119,,1.0,0.0,0.8824204453818001,,,,0.6713544609374867,0.5,0.5,0.8096731929452325,0.29414014846060005,0.40095333535145816
robot_4,hospital,robot_anomaly_hospital,2026-04-23 05:17:08.113000+00:00,,,,,,,,,,,,,33.1265,0.08560000000000001,0.3937121621621622,41.58712541309663,45.8653,,0.0,1.0,0.9844147385397928,,,,0.9004236920402648,0.5,0.5,0.68978480378375,0.9948049128465977,0.546147429157587
robot_2,lab,robot_anomaly_lab,2026-05-02 12:50:52.113000+00:00,,,,,,,,,,,,,37.4017,0.02200000000000002,0.3114756756756757,14.63679636698148,51.9508,,0.0,1.0,0.9218410768562744,,,,0.9402996498637444,0.5,0.5,0.8580539815506588,0.9739470256187581,0.5830002517923543
robot_5,hospital,robot_anomaly_hospital,2026-05-01 19:41:43.336000+00:00,,,,,,,,,,,,,34.1784,0.06059999999999999,0.200018918918919,33.69562591427044,60.1986,,0.0,1.0,0.9575708702934062,,,,0.9039159268489536,0.5,0.5,0.8084114410554193,0.9858569567644687,0.573567099454972
robot_3,lab,robot_anomaly_lab,2026-05-08 03:43:37.278000+00:00,,,,,,,,,,,,,27.9922,0.046599999999999975,0.4344891891891892,25.56989703262559,42.8478,,0.0,1.0,0.9659915637987718,,,,0.925619675339294,0.5,0.5,0.7576880842758579,0.9886638545995906,0.5615879847188621
robot_5,warehouse,robot_anomaly_warehouse,2026-05-01 16:18:58.466000+00:00,,,,,,,,,,,,,42.3509,0.6564,0.3685878378378379,31.857120950670687,47.7245,,1.0,0.0,0.9831275975435767,,,,0.5738045170206609,0.5,0.5,0.613137126971093,0.32770919918119223,0.3602115815380713
robot_1,warehouse,robot_anomaly_warehouse,2026-04-19 14:11:48.501000+00:00,,,,,,,,,,,,,38.7688,0.07440000000000002,0.24773783783783787,45.61617786488777,56.6674,,0.0,1.0,0.9922616462998574,,,,0.9406752230193927,0.5,0.5,0.7296858364474932,0.9974205487666191,0.556776596303528
robot_2,hospital,robot_anomaly_hospital,2026-04-14 16:22:21.032000+00:00,,,,,,,,,,,,,44.5982,0.08250000000000002,0.38114189189189196,38.92765711090124,46.7955,,0.0,1.0,0.9949599900750574,,,,0.9184299503587731,0.5,0.5,0.7024398982613301,0.9983199966916857,0.550189973738254
robot_1,hospital,robot_anomaly_hospital,2026-05-03 01:08:53.932000+00:00,,,,,,,,,,,,,26.1623,0.09630000000000005,0.3734513513513513,39.72338368547231,47.3646,,0.0,1.0,0.996557285528193,,,,0.938918636324372,0.5,0.5,0.7071940862383086,0.9988524285093977,0.5515116286869266
robot_1,warehouse,robot_anomaly_warehouse,2026-04-18 22:23:46.064000+00:00,,,,,,,,,,,,,40.414,0.08809999999999996,0.39071891891891897,45.61617786488777,46.0868,,0.0,1.0,0.9687209230196638,,,,0.8718030610756327,0.5,0.5,0.6686976947909586,0.9895736410065545,0.5395678339493784
robot_3,outdoor,robot_anomaly_outdoor,2026-04-20 03:51:45.407000+00:00,,,,,,,,,,,,,31.4313,0.07520000000000004,0.4583918918918919,34.9320233150912,41.079,,0.0,1.0,0.9184293778301594,,,,0.9383555765881907,0.5,0.5,0.6974131860858795,0.9728097926100531,0.5425557446739832
robot_4,outdoor,robot_anomaly_outdoor,2026-04-22 23:44:40.403000+00:00,,,,,,,,,,,,,28.0547,0.08720000000000006,0.21825135135135132,47.74265761291576,58.8494,,0.0,1.0,0.9928044165994665,,,,0.961625821646769,0.5,0.5,0.7337871079667766,0.9976014721998222,0.5578471450416498
robot_4,lab,robot_anomaly_lab,2026-04-25 11:40:52.893000+00:00,,,,,,,,,,,,,34.6936,0.09109999999999996,0.292768918918919,53.89857422167088,53.3351,,1.0,0.0,0.7167204267725327,,,,0.6439815313452202,0.5,0.5,0.6719587948651029,0.23890680892417757,0.3527164009473201
robot_2,lab,robot_anomaly_lab,2026-04-12 21:52:54.387000+00:00,,,,,,,,,,,,,37.4669,0.03810000000000002,0.4690283783783784,14.63679636698148,40.2919,,1.0,0.0,0.949475838967806,,,,0.5920315501056718,0.5,0.5,0.7914218891522842,0.31649194632260197,0.4019784588687215
robot_4,warehouse,robot_anomaly_warehouse,2026-04-24 12:22:02.001000+00:00,,,,,,,,,,,,,49.5493,0.06040000000000001,0.2507364864864865,44.033102772410636,56.4455,,0.0,1.0,0.9908504435208734,,,,0.8321079399701115,0.5,0.5,0.7339329069203778,0.9969501478402911,0.5577207636901672
robot_3,hospital,robot_anomaly_hospital,2026-05-04 17:31:52.962000+00:00,,,,,,,,,,,,,46.7615,0.0252,0.38929594594594585,37.431302275652754,46.1921,,0.0,1.0,0.9332392531480678,,,,0.9366009600007713,0.5,0.5,0.717779321537123,0.9777464177160226,0.5488814348132863
robot_3,warehouse,robot_anomaly_warehouse,2026-05-08 04:20:29.246000+00:00,,,,,,,,,,,,,37.0317,0.03210000000000002,0.219172972972973,41.50002108112327,58.7812,,0.0,1.0,0.9893617021276596,,,,0.9322150464937915,0.5,0.5,0.7701233248474694,0.9964539007092199,0.5666443063891723
robot_5,lab,robot_anomaly_lab,2026-04-20 09:47:59.857000+00:00,,,,,,,,,,,,,43.193,0.07830000000000004,0.16036756756756754,44.31142771759781,63.1328,,1.0,0.0,0.9676198746975994,,,,0.5758415954407736,0.5,0.5,0.7677174523495282,0.3225399582325331,0.3975643526455154
robot_1,hospital,robot_anomaly_hospital,2026-04-19 14:24:41.878000+00:00,,,,,,,,,,,,,59.3344,0.04420000000000002,0.3695418918918919,39.72338368547231,47.6539,,1.0,0.0,0.9801501147571491,,,,0.6846067277415075,0.5,0.5,0.7052609627383596,0.3267167049190497,0.3829944169143523
robot_3,warehouse,robot_anomaly_warehouse,2026-04-20 08:45:03.507000+00:00,,,,,,,,,,,,,26.742,0.0121,0.300354054054054,41.50002108112327,52.7738,,0.0,1.0,0.9634638049748775,,,,0.9119938995854009,0.5,0.5,0.746779418274985,0.9878212683249591,0.558650171649986
robot_2,warehouse,robot_anomaly_warehouse,2026-04-17 16:17:19.889000+00:00,,,,,,,,,,,,,29.1025,0.0524,0.27571486486486485,58.39748493129811,54.5971,,0.0,1.0,0.9817008870417467,,,,0.916963788824166,0.5,0.5,0.6693703649248812,0.9939002956805822,0.5408176651513659
robot_3,hospital,robot_anomaly_hospital,2026-04-21 14:04:51.695000+00:00,,,,,,,,,,,,,22.6159,0.027100000000000013,0.2903783783783783,37.431302275652754,53.512,,0.0,1.0,0.939225234166615,,,,0.8782602863664103,0.5,0.5,0.7679048338589902,0.979741744722205,0.5619116446452987
robot_1,warehouse,robot_anomaly_warehouse,2026-04-20 04:01:04.550000+00:00,,,,,,,,,,,,,29.941,0.04720000000000002,0.5143756756756757,45.61617786488777,36.9362,,0.0,1.0,0.9757924446374294,,,,0.902452360569564,0.5,0.5,0.6330959741343989,0.9919308148791431,0.5312566972533855
robot_5,lab,robot_anomaly_lab,2026-04-25 15:30:52.487000+00:00,,,,,,,,,,,,,24.5221,0.0706,0.3408945945945946,44.31142771759781,49.7738,,0.0,1.0,0.9567179455368774,,,,0.8649151116736171,0.5,0.5,0.7057107675387514,0.9855726485122925,0.547820854012761
robot_1,outdoor,robot_anomaly_outdoor,2026-04-26 02:38:04.945000+00:00,,,,,,,,,,,,,35.2974,0.022599999999999953,0.3219891891891892,32.28341037492993,51.1728,,1.0,0.0,0.9304478630357919,,,,0.670286217577737,0.5,0.5,0.7740215880930578,0.3101492876785973,0.39604271894291376
robot_2,warehouse,robot_anomaly_warehouse,2026-04-15 14:29:16.489000+00:00,,,,,,,,,,,,,22.5609,0.07640000000000002,0.23748378378378376,58.39748493129811,57.4262,,0.0,1.0,0.9938899571986849,,,,0.9464810443151686,0.5,0.5,0.6822991668115899,0.9979633190662284,0.5450656214694546
robot_3,lab,robot_anomaly_lab,2026-05-06 14:32:00.408000+00:00,,,,,,,,,,,,,43.2586,0.05389999999999995,0.30348243243243245,25.56989703262559,52.5423,,0.0,1.0,0.9930525401650022,,,,0.9058240944386583,0.5,0.5,0.8015239647363883,0.9976841800550007,0.5748020361978472
robot_3,hospital,robot_anomaly_hospital,2026-04-26 10:28:13.716000+00:00,,,,,,,,,,,,,40.1083,0.029900000000000038,0.30684054054054055,37.431302275652754,52.2938,,0.0,1.0,0.993161094224924,,,,0.9429993240213139,0.5,0.5,0.7527417895700778,0.9977203647416414,0.5626155385779298
robot_5,warehouse,robot_anomaly_warehouse,2026-05-07 02:38:14.334000+00:00,,,,,,,,,,,,,46.1229,0.028200000000000003,0.2592743243243244,31.857120950670687,55.8137,,0.0,1.0,0.8780937907077725,,,,0.9098342951567305,0.5,0.5,0.7948868116194687,0.9593645969025908,0.5635628521305149
robot_3,warehouse,robot_anomaly_warehouse,2026-04-25 12:12:51.444000+00:00,,,,,,,,,,,,,277.5198,0.05579999999999996,0.8924797297297298,41.50002108112327,8.9565,,1.0,0.0,0.9958129148315862,,,,0.601342376761735,0.5,0.5,0.38615757126665284,0.3319376382771954,0.3045238023859621
robot_1,hospital,robot_anomaly_hospital,2026-04-13 06:57:04.166000+00:00,,,,,,,,,,,,,50.7655,0.0806,0.25929594594594596,39.72338368547231,55.8121,,0.0,1.0,0.9840890763600273,,,,0.8654353533205054,0.5,0.5,0.7451593885003965,0.9946963587866757,0.559963936821768
robot_5,warehouse,robot_anomaly_warehouse,2026-04-17 12:41:37.564000+00:00,,,,,,,,,,,,,28.4043,0.07479999999999998,0.2853391891891892,31.857120950670687,53.8849,,0.0,1.0,0.9585788722783947,,,,0.938757318882854,0.5,0.5,0.7821531516084892,0.9861929574261316,0.5670865272586552
robot_1,outdoor,robot_anomaly_outdoor,2026-04-24 10:18:55.668000+00:00,,,,,,,,,,,,,38.6732,0.0947,0.2503121621621621,32.28341037492993,56.4769,,0.0,1.0,0.9560666211773463,,,,0.8960962957317651,0.5,0.5,0.7851188649468808,0.9853555403924488,0.5676186013348323
robot_2,outdoor,robot_anomaly_outdoor,2026-04-14 09:31:13.683000+00:00,,,,,,,,,,,,,39.7479,0.07430000000000003,0.44221891891891896,50.074809997698374,42.2758,,1.0,0.0,0.2983065566652193,,,,0.4910587221199341,0.5,0.5,0.6310930255765637,0.09943551888840645,0.3076321361162425
robot_2,hospital,robot_anomaly_hospital,2026-04-30 02:09:13.978000+00:00,,,,,,,,,,,,,62.9896,0.10550000000000004,0.3138040540540541,38.92765711090124,51.7785,,0.0,1.0,0.971962037094473,,,,0.8480875709555811,0.5,0.5,0.7158946172509406,0.9906540123648243,0.5516371574039413
robot_3,warehouse,robot_anomaly_warehouse,2026-04-20 05:30:18.914000+00:00,,,,,,,,,,,,,37.3357,0.4181,0.2948621621621622,41.50002108112327,53.1802,,1.0,0.0,0.9807239005024502,,,,0.6474560306037926,0.5,0.5,0.6538457521876396,0.3269079668341501,0.3701884297554474
robot_5,warehouse,robot_anomaly_warehouse,2026-05-02 23:49:18.018000+00:00,,,,,,,,,,,,,32.8366,0.04390000000000005,0.3252608108108108,31.857120950670687,50.9307,,1.0,0.0,0.9444203213200174,,,,0.7697182516498658,0.5,0.5,0.7710422861254014,0.31480677377333915,0.3964622649746852
robot_4,hospital,robot_anomaly_hospital,2026-04-17 00:47:56.614000+00:00,,,,,,,,,,,,,24.376,0.03839999999999999,0.2823,41.58712541309663,54.1098,,0.0,1.0,0.9960455306742758,,,,0.9706312732341239,0.5,0.5,0.7488286796927431,0.9986818435580919,0.5618776308127087
robot_2,outdoor,robot_anomaly_outdoor,2026-04-28 06:16:10.225000+00:00,,,,,,,,,,,,,33.3548,0.09289999999999998,0.41556756756756763,50.074809997698374,44.248,,1.0,0.0,0.9826778735810434,,,,0.7213972909383846,0.5,0.5,0.6405236007482525,0.32755929119368116,0.3670207229854834
robot_5,hospital,robot_anomaly_hospital,2026-05-05 06:33:01.520000+00:00,,,,,,,,,,,,,34.6178,0.10619999999999996,0.45010945945945946,33.69562591427044,41.6919,,0.0,1.0,0.9830035357608089,,,,0.8878010260765061,0.5,0.5,0.6980319141631316,0.9943345119202697,0.5480916065208503
robot_5,lab,robot_anomaly_lab,2026-05-02 12:19:52.384000+00:00,,,,,,,,,,,,,29.1192,0.03410000000000002,0.5177986486486488,44.31142771759781,36.6829,,0.0,1.0,0.9643167297314063,,,,0.935025962401786,0.5,0.5,0.6409776701478455,0.9881055765771354,0.5322708116812452
robot_1,outdoor,robot_anomaly_outdoor,2026-04-19 11:43:55.845000+00:00,,,,,,,,,,,,,21.0201,0.0232,0.4132702702702703,32.28341037492993,44.418,,0.0,1.0,0.948777991439737,,,,0.9459339885794507,0.5,0.5,0.7438688341814164,0.982925997146579,0.5566987078319988
robot_3,lab,robot_anomaly_lab,2026-05-03 12:43:24.428000+00:00,,,,,,,,,,,,,42.6426,0.02639999999999998,0.20349864864864864,25.56989703262559,59.9411,,0.0,1.0,0.9559735748402705,,,,0.8915076508079668,0.5,0.5,0.8479148560236075,0.9853245249467569,0.5833098452425911
robot_2,lab,robot_anomaly_lab,2026-04-25 11:09:14.600000+00:00,,,,,,,,,,,,,28.2667,0.10399999999999998,0.17345810810810813,14.63679636698148,62.1641,,0.0,1.0,0.9756218596861237,,,,0.8853010951990645,0.5,0.5,0.899175034662129,0.9918739532287079,0.5977622469727093
robot_5,hospital,robot_anomaly_hospital,2026-05-09 04:56:09.955000+00:00,,,,,,,,,,,,,39.5296,0.07199999999999995,0.48624189189189193,33.69562591427044,39.0181,,0.0,1.0,0.9705353265926432,,,,0.9528395563351232,0.5,0.5,0.6889527208900162,0.9901784421975477,0.544782790771891
robot_1,hospital,robot_anomaly_hospital,2026-04-15 20:58:42.199000+00:00,,,,,,,,,,,,,18.4423,0.01870000000000005,0.1556283783783784,39.72338368547231,63.4835,,0.0,1.0,0.9954097140375907,,,,0.8971468857152919,0.5,0.5,0.8150959452671334,0.9984699046791969,0.5783914624865826
robot_3,lab,robot_anomaly_lab,2026-04-16 03:20:36.058000+00:00,,,,,,,,,,,,,44.5158,0.08799999999999997,0.5991432432432433,25.56989703262559,30.6634,,0.0,1.0,0.8621363438992619,,,,0.8468258956583259,0.5,0.5,0.6751025177439611,0.9540454479664207,0.5322869914275954
robot_2,hospital,robot_anomaly_hospital,2026-04-29 09:20:15.716000+00:00,,,,,,,,,,,,,26.4265,0.09609999999999996,0.37115135135135136,38.92765711090124,47.5348,,0.0,1.0,0.9945878047267539,,,,0.9149171851632234,0.5,0.5,0.7116751388819655,0.9981959349089179,0.5524677684477208
robot_5,lab,robot_anomaly_lab,2026-04-23 15:13:12.608000+00:00,,,,,,,,,,,,,24.4982,0.11709999999999998,0.5926337837837838,44.31142771759781,31.1451,,0.0,1.0,0.9491501767880405,,,,0.9589016273580683,0.5,0.5,0.5946822842869507,0.9830500589293468,0.5194330858040743
robot_3,outdoor,robot_anomaly_outdoor,2026-04-22 04:21:00.993000+00:00,,,,,,,,,,,,,33.7862,0.5298,0.4828837837837838,34.9320233150912,39.2666,,1.0,0.0,0.9907108740152596,,,,0.6269114954636407,0.5,0.5,0.5854221033997625,0.3302369580050865,0.35391476535121225
robot_3,warehouse,robot_anomaly_warehouse,2026-05-03 01:00:37.975000+00:00,,,,,,,,,,,,,33.9786,0.061000000000000054,0.5732891891891891,41.50002108112327,32.5766,,0.0,1.0,0.9680540909372868,,,,0.8595578376286456,0.5,0.5,0.6234367008608163,0.9893513636457621,0.5281970161266446
robot_4,hospital,robot_anomaly_hospital,2026-04-20 14:36:36.340000+00:00,,,,,,,,,,,,,46.6154,0.09670000000000001,0.41958243243243243,41.58712541309663,43.9509,,0.0,1.0,0.9968984554308046,,,,0.9357662449903458,0.5,0.5,0.6708329694450512,0.9989661518102682,0.5424497803138298
robot_1,lab,robot_anomaly_lab,2026-04-17 10:41:39.897000+00:00,,,,,,,,,,,,,49.376,0.07899999999999996,0.3576418918918919,49.14167586402035,48.5345,,0.0,1.0,0.9864772656783078,,,,0.9003605191693845,0.5,0.5,0.663764315827014,0.9954924218927692,0.5398141844299458
robot_4,warehouse,robot_anomaly_warehouse,2026-04-14 15:22:21.776000+00:00,,,,,,,,,,,,,45.464,0.03610000000000002,0.5286216216216216,44.033102772410636,35.882,,0.0,1.0,0.9540971403759072,,,,0.833520224931641,0.5,0.5,0.6300422038622521,0.9846990467919691,0.5286853126635552
robot_4,lab,robot_anomaly_lab,2026-05-01 13:07:53.089000+00:00,,,,,,,,,,,,,37.9372,0.04610000000000003,0.16413918918918913,53.89857422167088,62.8537,,0.0,1.0,0.9921220767942436,,,,0.9172661108545143,0.5,0.5,0.7319455462719567,0.9973740255980812,0.5573298929675095
robot_2,hospital,robot_anomaly_hospital,2026-04-19 10:56:00.711000+00:00,,,,,,,,,,,,,53.8148,0.039000000000000035,0.28524189189189186,38.92765711090124,53.8921,,1.0,0.0,0.9718379753117052,,,,0.6166411479324743,0.5,0.5,0.7462846417973783,0.32394599177056843,0.39255765839198675
robot_4,outdoor,robot_anomaly_outdoor,2026-04-11 22:48:55.749000+00:00,,,,,,,,,,,,,35.1444,0.03859999999999997,0.3556702702702703,47.74265761291576,48.6804,,0.0,1.0,0.9697754481731903,,,,0.8749377171757379,0.5,0.5,0.6864060404242437,0.9899251493910635,0.5440827974538268
robot_1,hospital,robot_anomaly_hospital,2026-04-20 21:26:17.835000+00:00,,,,,,,,,,,,,40.8522,0.026900000000000035,0.20416621621621622,39.72338368547231,59.8917,,0.0,1.0,0.9538024936418337,,,,0.9199300870797895,0.5,0.5,0.7836650093071565,0.9846008312139446,0.5670664601302753
robot_3,outdoor,robot_anomaly_outdoor,2026-04-16 03:08:16.177000+00:00,,,,,,,,,,,,,54.5531,0.07140000000000002,0.14010810810810803,34.9320233150912,64.632,,0.0,1.0,0.9257490230134607,,,,0.8576235874609577,0.5,0.5,0.8150564711696784,0.9752496743378202,0.5725765363768747
robot_1,hospital,robot_anomaly_hospital,2026-05-02 13:08:53.032000+00:00,,,,,,,,,,,,,21.9107,0.07779999999999998,0.4530472972972973,39.72338368547231,41.4745,,0.0,1.0,0.9383568016872402,,,,0.8757893163981922,0.5,0.5,0.6814045110393897,0.9794522672290801,0.5402141945671174
robot_1,outdoor,robot_anomaly_outdoor,2026-05-08 22:42:22.425000+00:00,,,,,,,,,,,,,27.2808,0.08079999999999998,0.2707310810810811,32.28341037492993,54.9659,,0.0,1.0,0.930370324421562,,,,0.8846203636773732,0.5,0.5,0.7852244055458368,0.9767901081405207,0.5655036284215894
robot_5,lab,robot_anomaly_lab,2026-04-11 03:22:20.747000+00:00,,,,,,,,,,,,,33.5546,0.0343,0.22762432432432433,44.31142771759781,58.1558,,0.0,1.0,0.9707059115439489,,,,0.9261184318800497,0.5,0.5,0.7549857440599526,0.990235303847983,0.5613052619769838
robot_5,lab,robot_anomaly_lab,2026-04-12 22:58:49.999000+00:00,,,,,,,,,,,,,31.3496,0.07340000000000002,0.5718405405405406,44.31142771759781,32.6838,,1.0,0.0,0.9114509025494697,,,,0.721301837715135,0.5,0.5,0.6096044787320829,0.3038169675164899,0.3533553615621432
robot_2,lab,robot_anomaly_lab,2026-04-28 23:40:26.155000+00:00,,,,,,,,,,,,,28.8443,0.03049999999999997,0.24562027027027022,14.63679636698148,56.8241,,0.0,1.0,0.9019601761677315,,,,0.9385284729219678,0.5,0.5,0.8863971672401956,0.9673200587225771,0.5884293064906931
robot_4,outdoor,robot_anomaly_outdoor,2026-04-20 00:41:41.102000+00:00,,,,,,,,,,,,,52.2523,0.022499999999999964,0.2423932432432433,47.74265761291576,57.0629,,0.0,1.0,0.9865703120153837,,,,0.9380842215898065,0.5,0.5,0.7275177420175993,0.9955234373384613,0.5557602948390152
robot_2,warehouse,robot_anomaly_warehouse,2026-04-14 00:39:30.907000+00:00,,,,,,,,,,,,,39.9895,0.09830000000000005,0.3021027027027028,58.39748493129811,52.6444,,0.0,1.0,0.9400006203089138,,,,0.9294390580575754,0.5,0.5,0.643653742159512,0.980000206769638,0.5309134872322875
robot_5,warehouse,robot_anomaly_warehouse,2026-04-16 03:20:16.417000+00:00,,,,,,,,,,,,,26.4739,0.0011999999999999789,0.46039864864864866,31.857120950670687,40.9305,,1.0,0.0,0.9718534830345512,,,,0.6174645638715626,0.5,0.5,0.7293792181452211,0.32395116101151705,0.3883325947891846
robot_2,warehouse,robot_anomaly_warehouse,2026-05-03 05:15:16.616000+00:00,,,,,,,,,,,,,30.9951,0.07920000000000005,0.40849054054054046,58.39748493129811,44.7717,,0.0,1.0,0.974737919483903,,,,0.924371463463131,0.5,0.5,0.6094378457325167,0.9915793064946343,0.5252542880567878
robot_1,outdoor,robot_anomaly_outdoor,2026-05-05 00:18:10.387000+00:00,,,,,,,,,,,,,39.9078,0.08830000000000005,0.387454054054054,32.28341037492993,46.3284,,0.0,1.0,0.9744897959183674,,,,0.9026966493625483,0.5,0.5,0.7311242727407934,0.9914965986394558,0.5556552178450623
robot_3,warehouse,robot_anomaly_warehouse,2026-04-29 14:55:33.750000+00:00,,,,,,,,,,,,,26.2024,0.08109999999999995,0.551995945945946,41.50002108112327,34.1523,,1.0,0.0,0.9755133056262019,,,,0.6631110033434645,0.5,0.5,0.6310193831306783,0.3251711018754006,0.36404762125151974
robot_1,outdoor,robot_anomaly_outdoor,2026-04-26 10:41:39.982000+00:00,,,,,,,,,,,,,28.4383,0.07130000000000003,0.04757972972972968,32.28341037492993,71.4791,,0.0,1.0,0.9966038086967309,,,,0.8872356433730723,0.5,0.5,0.8760717532624891,0.9988679362322436,0.5937349223736832
robot_2,hospital,robot_anomaly_hospital,2026-04-13 19:47:32.359000+00:00,,,,,,,,,,,,,40.5517,0.06979999999999997,0.4063851351351351,38.92765711090124,44.9275,,0.0,1.0,0.9983251659326344,,,,0.9473128853447577,0.5,0.5,0.6970079480479938,0.9994417219775448,0.5491124175063846
robot_5,hospital,robot_anomaly_hospital,2026-05-01 05:50:53.309000+00:00,,,,,,,,,,,,,25.5241,0.1008,0.1826486486486486,33.69562591427044,61.484,,0.0,1.0,0.9847093852738664,,,,0.9018605020023077,0.5,0.5,0.8103531457118471,0.9949031284246223,0.5763140685341174
robot_3,warehouse,robot_anomaly_warehouse,2026-05-07 12:26:27.094000+00:00,,,,,,,,,,,,,35.3846,0.04700000000000004,0.3730689189189189,41.50002108112327,47.3929,,0.0,1.0,0.9834222442776502,,,,0.9665086363087919,0.5,0.5,0.7059996023174456,0.9944740814258833,0.5501184209358322
robot_1,outdoor,robot_anomaly_outdoor,2026-05-05 03:08:15.966000+00:00,,,,,,,,,,,,,39.435,0.07240000000000002,0.4695621621621622,32.28341037492993,40.2524,,0.0,1.0,0.9649835618137833,,,,0.9013884263281831,0.5,0.5,0.7020329234876387,0.9883278539379278,0.5475901943563917
robot_4,lab,robot_anomaly_lab,2026-04-30 15:29:33.738000+00:00,,,,,,,,,,,,,44.8677,0.032399999999999984,0.2626459459459459,53.89857422167088,55.5642,,1.0,0.0,0.9983716891011724,,,,0.7396903247865094,0.5,0.5,0.6924384269762442,0.3327905630337241,0.3813072475024921
robot_3,warehouse,robot_anomaly_warehouse,2026-04-12 00:55:21.362000+00:00,,,,,,,,,,,,,30.2195,0.04859999999999998,0.37966486486486484,41.50002108112327,46.9048,,0.0,1.0,0.9574313007877924,,,,0.9498314733297665,0.5,0.5,0.7053543381909906,0.9858104335959309,0.5477911929467304
robot_1,lab,robot_anomaly_lab,2026-05-05 12:02:07.087000+00:00,,,,,,,,,,,,,24.6945,0.08989999999999998,0.383368918918919,49.14167586402035,46.6307,,0.0,1.0,0.9797314062403076,,,,0.8837851983557551,0.5,0.5,0.6622737092210824,0.9932438020801025,0.5388793778252963
robot_4,outdoor,robot_anomaly_outdoor,2026-05-09 11:27:21.567000+00:00,,,,,,,,,,,,,36.0227,0.09540000000000004,0.4859554054054055,47.74265761291576,39.0393,,0.0,1.0,0.9169406364369456,,,,0.9416721144906541,0.5,0.5,0.6212576889530534,0.9723135454789819,0.5233928086080089
robot_3,warehouse,robot_anomaly_warehouse,2026-04-28 12:33:43.325000+00:00,,,,,,,,,,,,,23.51,0.05520000000000003,0.10950945945945956,41.50002108112327,66.8963,,0.0,1.0,0.9759475218658892,,,,0.942332317917357,0.5,0.5,0.8149997659236558,0.9919825072886298,0.5767455683030714
robot_4,lab,robot_anomaly_lab,2026-04-14 03:40:42.658000+00:00,,,,,,,,,,,,,46.8349,0.012800000000000034,0.37980405405405404,53.89857422167088,46.8945,,1.0,0.0,0.946017616773153,,,,0.5938212512834599,0.5,0.5,0.6490404401665819,0.315339205591051,0.36609491143940825
robot_3,hospital,robot_anomaly_hospital,2026-04-29 01:46:00.740000+00:00,,,,,,,,,,,,,29.7826,0.014700000000000046,0.3810756756756757,37.431302275652754,46.8004,,0.0,1.0,0.8362849699150177,,,,0.883293304051033,0.5,0.5,0.7311248993444384,0.9454283233050059,0.5441383056623611
robot_5,lab,robot_anomaly_lab,2026-04-21 19:41:33.116000+00:00,,,,,,,,,,,,,30.1582,0.032200000000000006,0.3595364864864865,44.31142771759781,48.3943,,0.0,1.0,0.9156845108864214,,,,0.868927593856505,0.5,0.5,0.7042326551035156,0.9718948369621404,0.544031873016414
robot_5,lab,robot_anomaly_lab,2026-05-05 20:39:55.248000+00:00,,,,,,,,,,,,,30.721,0.02739999999999998,0.34647297297297297,44.31142771759781,49.361,,0.0,1.0,0.9710160660008684,,,,0.9142399501690068,0.5,0.5,0.7102698401996012,0.9903386886669562,0.5501521322166394
robot_5,hospital,robot_anomaly_hospital,2026-05-03 21:10:15.773000+00:00,,,,,,,,,,,,,15.2512,0.009199999999999986,0.3168932432432432,33.69562591427044,51.5499,,1.0,0.0,0.4867098815209975,,,,0.6875943933347838,0.5,0.5,0.7817032314441017,0.16223662717366583,0.3609849646544419
robot_2,lab,robot_anomaly_lab,2026-04-25 13:47:54.265000+00:00,,,,,,,,,,,,,38.3479,0.14090000000000003,0.3668351351351351,14.63679636698148,47.8542,,0.0,1.0,0.9790955896036226,,,,0.8835462319672851,0.5,0.5,0.8090312064278308,0.9930318632012076,0.5755157674072596
robot_5,outdoor,robot_anomaly_outdoor,2026-04-12 01:59:00.177000+00:00,,,,,,,,,,,,,12.1381,0.032299999999999995,0.36717702702702704,26.119861519645806,47.8289,,0.0,1.0,0.9249581291483159,,,,0.9391576435157335,0.5,0.5,0.7924906536900923,0.9749860430494386,0.5668691741848827
robot_2,lab,robot_anomaly_lab,2026-04-16 23:36:42.349000+00:00,,,,,,,,,,,,,31.17,0.6072,0.37657972972972975,14.63679636698148,47.1331,,1.0,0.0,0.9824452577383537,,,,0.6284387886853666,0.5,0.5,0.7046718435107356,0.3274817525794512,0.38303839902254677
robot_1,lab,robot_anomaly_lab,2026-05-06 09:21:41.249000+00:00,,,,,,,,,,,,,35.5084,0.024599999999999955,0.2355324324324325,49.14167586402035,57.5706,,0.0,1.0,0.9632466968550338,,,,0.8543174240645921,0.5,0.5,0.7310159081494279,0.987748898951678,0.5546912017752764
robot_1,lab,robot_anomaly_lab,2026-04-13 22:58:08.412000+00:00,,,,,,,,,,,,,41.332,0.043399999999999994,0.3551445945945947,49.14167586402035,48.7193,,0.0,1.0,0.9999379691086161,,,,0.8982459748702961,0.5,0.5,0.6763405799020352,0.9999793230362054,0.5440799757345602
robot_5,outdoor,robot_anomaly_outdoor,2026-04-26 19:53:42.736000+00:00,,,,,,,,,,,,,45.9386,0.04920000000000002,0.18958378378378382,26.119861519645806,60.9708,,0.0,1.0,0.9603157372371441,,,,0.9033187018988602,0.5,0.5,0.8443965728823246,0.9867719124123814,0.5827921213236764
robot_5,warehouse,robot_anomaly_warehouse,2026-04-19 16:00:00.163000+00:00,,,,,,,,,,,,,31.7275,0.09360000000000002,0.2590837837837837,31.857120950670687,55.8278,,0.0,1.0,0.989020532225048,,,,0.9440768992489439,0.5,0.5,0.7869620024098952,0.9963401774083493,0.5708255449545612
robot_2,lab,robot_anomaly_lab,2026-04-20 12:33:24.166000+00:00,,,,,,,,,,,,,26.7103,0.05149999999999999,0.5092905405405406,14.63679636698148,37.3125,,1.0,0.0,0.9758854909745053,,,,0.6825302535662775,0.5,0.5,0.7772282388103712,0.3252951636581684,0.4006308506171349
robot_2,outdoor,robot_anomaly_outdoor,2026-04-26 08:58:31.754000+00:00,,,,,,,,,,,,,10.0,0.05459999999999998,0.35904729729729723,50.074809997698374,48.4305,,1.0,0.0,0.25767632280875874,,,,0.6102942645617517,0.5,0.5,0.6822728233760378,0.08589210760291958,0.31704123274473933
robot_5,lab,robot_anomaly_lab,2026-04-29 06:29:36.321000+00:00,,,,,,,,,,,,,45.8626,0.028299999999999992,0.35991216216216215,44.31142771759781,48.3665,,1.0,0.0,0.9176074685193226,,,,0.715469412046535,0.5,0.5,0.6978077456975627,0.30586915617310756,0.37591922546766754
robot_5,lab,robot_anomaly_lab,2026-04-30 22:32:28.041000+00:00,,,,,,,,,,,,,290.5804,0.0262,1.0,44.31142771759781,1.0,,1.0,0.0,0.9928819552136964,,,,0.5874881801286904,0.5,0.5,0.33094501510617524,0.3309606517378988,0.29047641671101854
robot_1,lab,robot_anomaly_lab,2026-04-22 04:09:34.216000+00:00,,,,,,,,,,,,,34.7778,0.07030000000000003,0.18888648648648654,49.14167586402035,61.0224,,0.0,1.0,0.9921841076856275,,,,0.8863045743746504,0.5,0.5,0.7398408333949135,0.9973947025618758,0.5593088839891973
robot_4,hospital,robot_anomaly_hospital,2026-05-08 06:26:11.446000+00:00,,,,,,,,,,,,,37.8507,0.09909999999999997,0.41290945945945945,41.58712541309663,44.4447,,0.0,1.0,0.9300911854103343,,,,0.8514342717434191,0.5,0.5,0.6769543721908741,0.9766970618034447,0.5384128584985797
robot_4,warehouse,robot_anomaly_warehouse,2026-04-28 06:54:45.529000+00:00,,,,,,,,,,,,,43.7737,0.05120000000000002,0.20561216216216216,44.033102772410636,59.7847,,0.0,1.0,0.9465914025184542,,,,0.930940205588594,0.5,0.5,0.7566558014044539,0.9821971341728181,0.5597132338943179
robot_5,warehouse,robot_anomaly_warehouse,2026-04-14 18:16:22.155000+00:00,,,,,,,,,,,,,47.4849,0.0816,0.5578864864864865,31.857120950670687,33.7164,,1.0,0.0,0.9176539916878605,,,,0.6928995140386972,0.5,0.5,0.6629439802286743,0.30588466389595353,0.36720716103115697
robot_5,lab,robot_anomaly_lab,2026-05-06 11:27:48.210000+00:00,,,,,,,,,,,,,32.1746,0.04930000000000001,0.4597391891891892,44.31142771759781,40.9793,,0.0,1.0,0.9731716394764592,,,,0.9330579849653698,0.5,0.5,0.6594307356094882,0.9910572131588197,0.5376219871920769
robot_4,warehouse,robot_anomaly_warehouse,2026-05-02 04:07:42.330000+00:00,,,,,,,,,,,,,194.5117,0.08489999999999998,0.8882324324324324,44.033102772410636,9.2708,,1.0,0.0,0.9945878047267539,,,,0.6277388460615253,0.5,0.5,0.40755746805345405,0.3315292682422513,0.3097716840739263
robot_3,warehouse,robot_anomaly_warehouse,2026-05-09 08:56:03.651000+00:00,,,,,,,,,,,,,35.8012,0.06710000000000005,0.33853378378378374,41.50002108112327,49.9485,,0.0,1.0,0.9989454748464736,,,,0.9113006177240004,0.5,0.5,0.7151530538684724,0.9996484916154912,0.5537003863709908
robot_4,lab,robot_anomaly_lab,2026-04-16 13:58:50.756000+00:00,,,,,,,,,,,,,49.4959,0.06040000000000001,0.41585945945945946,53.89857422167088,44.2264,,0.0,1.0,0.9283388127287389,,,,0.9262696994931604,0.5,0.5,0.6228197208790813,0.9761129375762462,0.5247331646138318
robot_3,outdoor,robot_anomaly_outdoor,2026-04-15 20:52:32.993000+00:00,,,,,,,,,,,,,25.9685,0.05059999999999998,0.10327432432432437,34.9320233150912,67.3577,,0.0,1.0,0.9810340549593698,,,,0.9245355281332674,0.5,0.5,0.8474167680376132,0.9936780183197899,0.5852736965893508
robot_4,lab,robot_anomaly_lab,2026-04-11 16:30:25.548000+00:00,,,,,,,,,,,,,21.8466,0.05669999999999997,0.3010027027027027,53.89857422167088,52.7258,,0.0,1.0,0.976040568202965,,,,0.8758146216148693,0.5,0.5,0.6821600398761375,0.9920135227343216,0.5435433906526148
robot_2,outdoor,robot_anomaly_outdoor,2026-04-30 12:21:34.914000+00:00,,,,,,,,,,,,,37.2805,0.3062,0.2535027027027027,50.074809997698374,56.2408,,1.0,0.0,0.9667979653867627,,,,0.6453041478806079,0.5,0.5,0.6561167378278304,0.32226598846225424,0.3695956815725212
robot_1,outdoor,robot_anomaly_outdoor,2026-05-08 03:13:14.836000+00:00,,,,,,,,,,,,,34.5273,0.043399999999999994,0.19289999999999996,32.28341037492993,60.7254,,0.0,1.0,0.9190186712983066,,,,0.9149972115018631,0.5,0.5,0.821380646969063,0.9730062237661022,0.5735967176837913
robot_1,warehouse,robot_anomaly_warehouse,2026-04-17 17:52:37.820000+00:00,,,,,,,,,,,,,46.1442,0.01990000000000003,0.40497972972972973,45.61617786488777,45.0315,,0.0,1.0,0.9598815209974567,,,,0.9715583542293595,0.5,0.5,0.67555807030664,0.986627173665819,0.5405463109931148
robot_1,warehouse,robot_anomaly_warehouse,2026-04-13 06:52:49.130000+00:00,,,,,,,,,,,,,22.2107,0.034599999999999964,0.2780148648648648,45.61617786488777,54.4269,,0.0,1.0,0.9673717511320638,,,,0.8925446698743704,0.5,0.5,0.7339587492674055,0.9891239170440213,0.5557706665778567
robot_1,hospital,robot_anomaly_hospital,2026-04-22 22:10:04.284000+00:00,,,,,,,,,,,,,42.2997,0.03069999999999995,0.22848513513513513,39.72338368547231,58.0921,,0.0,1.0,0.9862136343899262,,,,0.8685000095377131,0.5,0.5,0.7724338463137153,0.9954045447966421,0.5669595977775894
robot_5,hospital,robot_anomaly_hospital,2026-05-04 22:09:10.033000+00:00,,,,,,,,,,,,,27.4455,0.5887,0.21545000000000003,33.69562591427044,59.0567,,1.0,0.0,0.9572762235593325,,,,0.5543976399143073,0.5,0.5,0.6878280224510156,0.3190920745197775,0.3767300242426983
robot_5,hospital,robot_anomaly_hospital,2026-04-30 04:33:14.004000+00:00,,,,,,,,,,,,,33.0532,0.09519999999999995,0.39767972972972976,33.69562591427044,45.5717,,0.0,1.0,0.9695738477761926,,,,0.9111784498510691,0.5,0.5,0.7221622587622898,0.9898579492587309,0.5530050520052552
robot_5,hospital,robot_anomaly_hospital,2026-04-16 08:49:32.245000+00:00,,,,,,,,,,,,,43.6821,0.09599999999999997,0.3329486486486486,33.69562591427044,50.3618,,0.0,1.0,0.9837168910117239,,,,0.8808615618719522,0.5,0.5,0.7430428388349879,0.9945722970039079,0.5594037839597239
robot_3,warehouse,robot_anomaly_warehouse,2026-04-14 17:26:02.707000+00:00,,,,,,,,,,,,,19.1317,0.0524,0.31149729729729736,41.50002108112327,51.9492,,0.0,1.0,0.9973481793933379,,,,0.9730842479098578,0.5,0.5,0.7368186743428213,0.9991160597977794,0.5589836835351503
robot_2,warehouse,robot_anomaly_warehouse,2026-04-30 02:03:17.996000+00:00,,,,,,,,,,,,,23.8455,0.03810000000000002,0.34277702702702695,58.39748493129811,49.6345,,0.0,1.0,0.9690776006451213,,,,0.9284031522849038,0.5,0.5,0.6481172795365936,0.9896925335483737,0.5344524532712418
robot_2,hospital,robot_anomaly_hospital,2026-05-02 04:12:36.783000+00:00,,,,,,,,,,,,,27.8699,0.03749999999999998,0.13733513513513518,38.92765711090124,64.8372,,0.0,1.0,0.9913621983747907,,,,0.8895390228321103,0.5,0.5,0.8175804417874335,0.997120732791597,0.5786752936447577
robot_1,lab,robot_anomaly_lab,2026-05-08 10:05:38.919000+00:00,,,,,,,,,,,,,39.3981,0.07930000000000004,0.37446486486486485,49.14167586402035,47.2896,,1.0,0.0,0.6266205570374046,,,,0.6421926070516802,0.5,0.5,0.6615062228482345,0.2088735190124682,0.34259493546517567
robot_5,outdoor,robot_anomaly_outdoor,2026-04-14 05:35:47.700000+00:00,,,,,,,,,,,,,33.1656,0.0615,0.4484554054054054,26.119861519645806,41.8143,,0.0,1.0,0.9596023819862292,,,,0.9248624385170856,0.5,0.5,0.7439208624993485,0.986534127328743,0.5576137474570229
robot_4,hospital,robot_anomaly_hospital,2026-05-09 02:51:20.847000+00:00,,,,,,,,,,,,,32.6639,0.09130000000000005,0.3694567567567567,41.58712541309663,47.6602,,0.0,1.0,0.9736833943303765,,,,0.9056810081468984,0.5,0.5,0.698429416293161,0.9912277981101255,0.5474143036008217
robot_2,hospital,robot_anomaly_hospital,2026-05-02 00:31:16.208000+00:00,,,,,,,,,,,,,36.4099,0.0464,0.2172472972972973,38.92765711090124,58.9237,,0.0,1.0,0.9306494634327895,,,,0.8670143859597197,0.5,0.5,0.7797519295032652,0.9768831544775965,0.5641587709952154
robot_4,hospital,robot_anomaly_hospital,2026-04-28 12:03:03.248000+00:00,,,,,,,,,,,,,24.9819,0.032299999999999995,0.3634216216216216,41.58712541309663,48.1068,,0.0,1.0,0.9724582842255444,,,,0.913286267869353,0.5,0.5,0.7174613874370935,0.9908194280751815,0.5520702038780688
robot_4,hospital,robot_anomaly_hospital,2026-05-07 15:30:45.384000+00:00,,,,,,,,,,,,,50.434,0.04459999999999997,0.09147702702702709,41.58712541309663,68.2307,,0.0,1.0,0.9632001736864959,,,,0.8357329350219282,0.5,0.5,0.8119278451325803,0.987733391228832,0.574915309090353
robot_3,warehouse,robot_anomaly_warehouse,2026-04-12 06:47:40.697000+00:00,,,,,,,,,,,,,31.5438,0.05610000000000004,0.4646054054054054,41.50002108112327,40.6192,,0.0,1.0,0.963169158240804,,,,0.9269109690155247,0.5,0.5,0.6691075111682621,0.9877230527469347,0.5392076409787991
robot_4,warehouse,robot_anomaly_warehouse,2026-04-26 11:38:06.029000+00:00,,,,,,,,,,,,,45.103,0.08250000000000002,0.35169864864864864,44.033102772410636,48.9743,,0.0,1.0,0.9486539296569692,,,,0.8994117612712398,0.5,0.5,0.690654138991173,0.9828846432189898,0.5433846955525408
robot_2,lab,robot_anomaly_lab,2026-04-26 23:09:00.376000+00:00,,,,,,,,,,,,,29.8031,0.028800000000000048,0.47122027027027025,14.63679636698148,40.1297,,0.0,1.0,0.9683797531170523,,,,0.9580761375365661,0.5,0.5,0.7960992723986411,0.9894599177056841,0.5713897975260813
robot_5,outdoor,robot_anomaly_outdoor,2026-04-15 06:55:15.448000+00:00,,,,,,,,,,,,,27.5989,0.07699999999999996,0.320504054054054,26.119861519645806,51.2827,,0.0,1.0,0.8807301035915887,,,,0.8870818514350205,0.5,0.5,0.7941851792999708,0.9602433678638628,0.5636071367909583
robot_1,hospital,robot_anomaly_hospital,2026-04-15 17:22:47.196000+00:00,,,,,,,,,,,,,37.3942,0.0706,0.40665000000000007,39.72338368547231,44.9079,,0.0,1.0,0.9702872030271075,,,,0.8956712860082305,0.5,0.5,0.6945233209019752,0.9900957343423692,0.5461547638110862
robot_3,hospital,robot_anomaly_hospital,2026-05-08 06:01:32.747000+00:00,,,,,,,,,,,,,54.8325,0.0826,0.3028527027027027,37.431302275652754,52.5889,,0.0,1.0,0.939907573971838,,,,0.9104926298735248,0.5,0.5,0.7359177006629845,0.979969191323946,0.5539717229967327
robot_1,hospital,robot_anomaly_hospital,2026-04-20 02:49:08.157000+00:00,,,,,,,,,,,,,27.3075,0.0,0.27863513513513516,39.72338368547231,54.381,,0.0,1.0,0.9783977420755536,,,,0.9377599043674335,0.5,0.5,0.7660211708798059,0.9927992473585179,0.564705104559581
robot_5,warehouse,robot_anomaly_warehouse,2026-04-30 17:10:46.306000+00:00,,,,,,,,,,,,,31.3102,0.05559999999999998,0.5050554054054054,31.857120950670687,37.6259,,0.0,1.0,0.9511816884808635,,,,0.9437743135502931,0.5,0.5,0.6972160341532189,0.9837272294936211,0.54523581591171
robot_2,lab,robot_anomaly_lab,2026-04-19 10:25:56.644000+00:00,,,,,,,,,,,,,23.4297,0.08860000000000001,0.26349594594594594,14.63679636698148,55.5013,,0.0,1.0,0.9536474164133739,,,,0.8995218163066763,0.5,0.5,0.8687853571592481,0.984549138804458,0.5883336239909265
robot_5,hospital,robot_anomaly_hospital,2026-05-05 00:35:25.390000+00:00,,,,,,,,,,,,,33.826,0.06720000000000004,0.2505824324324325,33.69562591427044,56.4569,,0.0,1.0,0.9554152968178152,,,,0.9132794794600553,0.5,0.5,0.7868781681547656,0.985138432272605,0.5680041501068427
robot_3,outdoor,robot_anomaly_outdoor,2026-05-02 02:56:24.564000+00:00,,,,,,,,,,,,,47.4971,0.06520000000000004,0.45802027027027026,34.9320233150912,41.1065,,0.0,1.0,0.9369455989082563,,,,0.8798252870686565,0.5,0.5,0.6924797476682656,0.9789818663027522,0.5428654034927545
robot_1,warehouse,robot_anomaly_warehouse,2026-05-04 11:47:04.657000+00:00,,,,,,,,,,,,,23.691,0.06710000000000005,0.3605959459459459,45.61617786488777,48.3159,,0.0,1.0,0.969977048570188,,,,0.9314347066225022,0.5,0.5,0.6930236424215838,0.989992349523396,0.5457539979862449
robot_2,hospital,robot_anomaly_hospital,2026-04-12 01:02:31.208000+00:00,,,,,,,,,,,,,33.5125,0.056400000000000006,0.4587986486486486,38.92765711090124,41.0489,,0.0,1.0,0.9827243967495813,,,,0.9061850754977705,0.5,0.5,0.6822246451685261,0.9942414655831938,0.5441165276879301
robot_3,hospital,robot_anomaly_hospital,2026-04-28 19:44:22.821000+00:00,,,,,,,,,,,,,44.6482,0.12539999999999996,0.47852297297297297,37.431302275652754,39.5893,,0.0,1.0,0.9793902363376962,,,,0.9289858602091698,0.5,0.5,0.6607606586744958,0.993130078779232,0.538472684363432
robot_2,lab,robot_anomaly_lab,2026-04-12 10:46:45.718000+00:00,,,,,,,,,,,,,31.2204,0.06289999999999996,0.3026202702702703,14.63679636698148,52.6061,,0.0,1.0,0.9536474164133739,,,,0.9600556991030226,0.5,0.5,0.8553093381649146,0.984549138804458,0.5849646192423432
robot_1,outdoor,robot_anomaly_outdoor,2026-04-29 14:11:03.004000+00:00,,,,,,,,,,,,,37.5152,0.07569999999999999,0.3729351351351351,32.28341037492993,47.4028,,0.0,1.0,0.9335649153278333,,,,0.9221171991152186,0.5,0.5,0.7408227689819408,0.9778549717759444,0.5546694351894713
robot_5,warehouse,robot_anomaly_warehouse,2026-04-30 04:26:22.442000+00:00,,,,,,,,,,,,,16.8684,0.058499999999999996,0.15195675675675668,31.857120950670687,63.7552,,0.0,1.0,0.9966038086967309,,,,0.9208834955474025,0.5,0.5,0.8443783620326359,0.9988679362322436,0.5858115745662198
robot_2,lab,robot_anomaly_lab,2026-04-13 08:02:48.293000+00:00,,,,,,,,,,,,,46.3497,0.03700000000000003,0.39828648648648646,14.63679636698148,45.5268,,0.0,1.0,0.9804447614912226,,,,0.9287573433853538,0.5,0.5,0.8159235438176177,0.9934815871637408,0.5773512827453396
robot_2,outdoor,robot_anomaly_outdoor,2026-04-27 23:02:49.898000+00:00,,,,,,,,,,,,,31.3513,0.0817,0.5472689189189189,50.074809997698374,34.5021,,0.0,1.0,0.9588735190124682,,,,0.9184473878680622,0.5,0.5,0.5912456083202627,0.986291173004156,0.5193841953311047
robot_4,warehouse,robot_anomaly_warehouse,2026-04-20 20:20:47.688000+00:00,,,,,,,,,,,,,41.7788,0.05030000000000001,0.039579729729729674,44.033102772410636,72.0711,,0.0,1.0,0.991083059363563,,,,0.9737039936238421,0.5,0.5,0.8241762312438533,0.997027686454521,0.5803009794245936
robot_2,warehouse,robot_anomaly_warehouse,2026-05-04 00:55:06.215000+00:00,,,,,,,,,,,,,38.9213,0.06820000000000004,0.16320405405405403,58.39748493129811,62.9229,,0.0,1.0,0.9969759940450345,,,,0.8779907373919282,0.5,0.5,0.7063945906794624,0.9989919980150116,0.5513466471736186
robot_2,lab,robot_anomaly_lab,2026-04-28 22:03:04.853000+00:00,,,,,,,,,,,,,38.4062,0.0,0.3569391891891892,14.63679636698148,48.5865,,0.0,1.0,0.9743347186899076,,,,0.9317681436416574,0.5,0.5,0.8443055242280002,0.9914449062299692,0.5839376076144924
robot_5,lab,robot_anomaly_lab,2026-04-21 00:03:15.417000+00:00,,,,,,,,,,,,,44.3575,0.05230000000000001,0.2371391891891892,44.31142771759781,57.4517,,0.0,1.0,0.9732801935363811,,,,0.8808994585328968,0.5,0.5,0.7422627643643633,0.9910933978454604,0.558339040552456
robot_5,warehouse,robot_anomaly_warehouse,2026-04-14 18:25:34.109000+00:00,,,,,,,,,,,,,26.4783,0.11580000000000001,0.17901486486486495,31.857120950670687,61.7529,,1.0,0.0,0.97818063395571,,,,0.5788211929884068,0.5,0.5,0.8164385717658551,0.32606021131857,0.4106246957711063
robot_1,warehouse,robot_anomaly_warehouse,2026-04-17 14:58:38.058000+00:00,,,,,,,,,,,,,37.7662,0.038000000000000034,0.23351891891891896,45.61617786488777,57.7196,,1.0,0.0,0.9483747906457416,,,,0.5894034223801021,0.5,0.5,0.7439263603813571,0.3161249302152472,0.39001282264915105
robot_1,lab,robot_anomaly_lab,2026-04-17 00:47:18.375000+00:00,,,,,,,,,,,,,44.1053,0.04710000000000003,0.36981891891891894,49.14167586402035,47.6334,,0.0,1.0,0.9842131381427951,,,,0.9022711449985289,0.5,0.5,0.6683865412262128,0.994737712714265,0.5407810634851195
robot_5,warehouse,robot_anomaly_warehouse,2026-04-24 01:34:45.975000+00:00,,,,,,,,,,,,,55.1955,0.0,0.5353243243243243,31.857120950670687,35.386,,0.0,1.0,0.9943862043297562,,,,0.8844658678856365,0.5,0.5,0.6866136412302508,0.9981287347765854,0.5461855940017091
robot_2,outdoor,robot_anomaly_outdoor,2026-04-18 05:25:45.051000+00:00,,,,,,,,,,,,,35.9932,0.0816,0.3431081081081081,50.074809997698374,49.61,,0.0,1.0,0.9687984616338937,,,,0.9623660957773013,0.5,0.5,0.6708210964962298,0.989599487211298,0.540105145926882
robot_1,hospital,robot_anomaly_hospital,2026-04-12 12:52:34.624000+00:00,,,,,,,,,,,,,14.5113,0.05249999999999999,0.23273648648648648,39.72338368547231,57.7775,,0.0,1.0,0.9188946095155387,,,,0.9677268366064279,0.5,0.5,0.7785218440785846,0.9729648698385129,0.5628716784792744
robot_3,lab,robot_anomaly_lab,2026-05-06 14:33:43.496000+00:00,,,,,,,,,,,,,39.5124,0.0393,0.31384999999999996,25.56989703262559,51.7751,,0.0,1.0,0.9751256125550524,,,,0.8802586358819381,0.5,0.5,0.8023283568112122,0.9917085375183508,0.5735092235823908
robot_5,hospital,robot_anomaly_hospital,2026-05-09 12:55:21.869000+00:00,,,,,,,,,,,,,36.8291,0.08779999999999999,0.25973783783783777,33.69562591427044,55.7794,,0.0,1.0,0.9931455865020781,,,,0.9688675634261104,0.5,0.5,0.7772678718838903,0.9977151955006928,0.5687457668461458
robot_1,outdoor,robot_anomaly_outdoor,2026-05-04 15:11:24.024000+00:00,,,,,,,,,,,,,48.9193,0.10809999999999997,0.25430135135135135,32.28341037492993,56.1817,,0.0,1.0,0.9865858197382297,,,,0.8489531316804342,0.5,0.5,0.7758826269713835,0.9955286065794099,0.5678528083876984
robot_2,hospital,robot_anomaly_hospital,2026-05-04 20:35:49.706000+00:00,,,,,,,,,,,,,29.7237,0.0,0.13928783783783782,38.92765711090124,64.6927,,1.0,0.0,0.9667979653867627,,,,0.6896994901610924,0.5,0.5,0.8242979496412819,0.32226598846225424,0.41164098452588405
robot_3,warehouse,robot_anomaly_warehouse,2026-05-08 13:54:56.273000+00:00,,,,,,,,,,,,,34.2792,0.04069999999999996,0.46915135135135133,41.50002108112327,40.2828,,0.0,1.0,0.9628900192295763,,,,0.9115535140014913,0.5,0.5,0.6694707534481883,0.9876300064098588,0.5392751899645117
robot_3,hospital,robot_anomaly_hospital,2026-04-26 17:10:59.319000+00:00,,,,,,,,,,,,,36.4326,0.04420000000000002,0.45467297297297304,37.431302275652754,41.3542,,0.0,1.0,0.9605328453569878,,,,0.8833747386559919,0.5,0.5,0.6920995222688555,0.9868442817856625,0.5447359510136295
robot_4,lab,robot_anomaly_lab,2026-05-06 01:47:52.829000+00:00,,,,,,,,,,,,,41.0412,0.06879999999999997,0.24087432432432432,53.89857422167088,57.1753,,0.0,1.0,0.991067551640717,,,,0.9546219437395107,0.5,0.5,0.6947903361952216,0.9970225172135724,0.5479532133521985
robot_1,warehouse,robot_anomaly_warehouse,2026-04-18 22:35:07.001000+00:00,,,,,,,,,,,,,55.2598,0.07189999999999996,0.34755,45.61617786488777,49.2813,,0.0,1.0,0.9763662303827306,,,,0.9561088302250909,0.5,0.5,0.6828171736389745,0.9921220767942436,0.5437348126083046
robot_5,hospital,robot_anomaly_hospital,2026-05-05 14:25:23.499000+00:00,,,,,,,,,,,,,36.6903,0.045399999999999996,0.16832162162162168,33.69562591427044,62.5442,,0.0,1.0,0.9903076732212642,,,,0.9719599053502636,0.5,0.5,0.823329136826791,0.996769224407088,0.5800245903084698
robot_1,outdoor,robot_anomaly_outdoor,2026-05-07 17:18:06.791000+00:00,,,,,,,,,,,,,31.9897,0.08099999999999996,0.15787972972972975,32.28341037492993,63.3169,,0.0,1.0,0.948715960548353,,,,0.9339327394888295,0.5,0.5,0.8281789057390976,0.9829053201827843,0.5777710564804706
robot_2,warehouse,robot_anomaly_warehouse,2026-05-01 18:59:38.072000+00:00,,,,,,,,,,,,,30.9433,0.03949999999999998,0.1364283783783783,58.39748493129811,64.9043,,0.0,1.0,0.9267105018299113,,,,0.8727221379529405,0.5,0.5,0.7271173218934871,0.9755701672766371,0.5506718722925311
robot_1,outdoor,robot_anomaly_outdoor,2026-05-03 21:08:48.169000+00:00,,,,,,,,,,,,,47.2535,0.04369999999999996,0.39883513513513513,32.28341037492993,45.4862,,0.0,1.0,0.9966503318652689,,,,0.8546068200272415,0.5,0.5,0.7331521359269282,0.9988834439550897,0.5580088949705044
robot_3,outdoor,robot_anomaly_outdoor,2026-05-09 13:24:22.120000+00:00,,,,,,,,,,,,,47.7434,0.04239999999999999,0.5442310810810811,34.9320233150912,34.7269,,0.0,1.0,0.9961540847341976,,,,0.8481505699389468,0.5,0.5,0.6629551474541152,0.9987180282447325,0.540418293924712
robot_5,lab,robot_anomaly_lab,2026-05-02 14:10:52.474000+00:00,,,,,,,,,,,,,19.6286,0.05920000000000003,0.24395,44.31142771759781,56.9477,,1.0,0.0,0.43396811612182873,,,,0.6278894510771772,0.5,0.5,0.749249979865695,0.14465603870727625,0.34847650464324287
robot_4,lab,robot_anomaly_lab,2026-04-11 17:01:50.848000+00:00,,,,,,,,,,,,,20.6548,0.04500000000000004,0.31154324324324323,53.89857422167088,51.9458,,0.0,1.0,0.9966813473109608,,,,0.8927883938256652,0.5,0.5,0.6810884426517205,0.998893782436987,0.5449955562721769
robot_1,warehouse,robot_anomaly_warehouse,2026-04-22 08:04:23.480000+00:00,,,,,,,,,,,,,52.8627,0.034599999999999964,0.34262702702702696,45.61617786488777,49.6456,,0.0,1.0,0.9989919980150115,,,,0.8841393561685157,0.5,0.5,0.6941737213200965,0.999663999338337,0.5484594301646084
robot_1,lab,robot_anomaly_lab,2026-04-21 23:12:10.870000+00:00,,,,,,,,,,,,,37.5371,0.06020000000000003,0.23737972972972976,49.14167586402035,57.4339,,0.0,1.0,0.9353483034551207,,,,0.8391775168825427,0.5,0.5,0.7214353305871897,0.9784494344850403,0.5499711912680575
robot_5,outdoor,robot_anomaly_outdoor,2026-04-15 13:30:50.183000+00:00,,,,,,,,,,,,,44.4647,0.013499999999999956,0.1783662162162163,26.119861519645806,61.8009,,1.0,0.0,0.978165126232864,,,,0.7693224917940243,0.5,0.5,0.8574951866133131,0.3260550420776213,0.42088755717273363
robot_2,outdoor,robot_anomaly_outdoor,2026-04-16 12:56:53.403000+00:00,,,,,,,,,,,,,33.7776,0.0797,0.20741891891891884,50.074809997698374,59.651,,0.0,1.0,0.9264933937100677,,,,0.938632510579769,0.5,0.5,0.7265270454262277,0.975497797903356,0.5505062108323959
robot_2,outdoor,robot_anomaly_outdoor,2026-04-19 20:15:50.188000+00:00,,,,,,,,,,,,,35.9504,0.07010000000000005,0.2535527027027027,50.074809997698374,56.2371,,0.0,1.0,0.9385584020842379,,,,0.9065199487955942,0.5,0.5,0.709220837255841,0.9795194673614126,0.5471850761543133
robot_3,lab,robot_anomaly_lab,2026-05-02 06:07:05.850000+00:00,,,,,,,,,,,,,11.6538,0.054200000000000026,0.38452567567567575,25.56989703262559,46.5451,,0.0,1.0,0.9998914459400782,,,,0.9532679607231277,0.5,0.5,0.7834134191684784,0.9999638153133593,0.5708443086204594
robot_4,hospital,robot_anomaly_hospital,2026-04-16 10:40:12.674000+00:00,,,,,,,,,,,,,30.9982,0.08179999999999998,0.3589689189189189,41.58712541309663,48.4363,,1.0,0.0,0.9831275975435767,,,,0.7066461892321337,0.5,0.5,0.7054953162063379,0.32770919918119223,0.3833011288468825
robot_3,warehouse,robot_anomaly_warehouse,2026-04-28 17:51:50.128000+00:00,,,,,,,,,,,,,46.5552,0.0,0.48394594594594587,41.50002108112327,39.188,,1.0,0.0,0.9777774331617145,,,,0.6629980187766936,0.5,0.5,0.6670234355415117,0.32592581105390483,0.3732373116488541
robot_5,lab,robot_anomaly_lab,2026-05-02 10:56:13.287000+00:00,,,,,,,,,,,,,21.2733,0.01970000000000005,0.3886810810810811,44.31142771759781,46.2376,,0.0,1.0,0.9915172756032504,,,,0.9202148930797615,0.5,0.5,0.6993961218816823,0.9971724252010835,0.5491421367706915
robot_2,outdoor,robot_anomaly_outdoor,2026-04-13 18:35:32.087000+00:00,,,,,,,,,,,,,46.1068,0.039000000000000035,0.14962567567567564,50.074809997698374,63.9277,,0.0,1.0,0.9813907325848272,,,,0.9351408056196278,0.5,0.5,0.7530906679308187,0.993796910861609,0.5617218946981068
robot_4,hospital,robot_anomaly_hospital,2026-05-03 01:47:16.591000+00:00,,,,,,,,,,,,,38.1457,0.5163,0.34231486486486484,41.58712541309663,49.6687,,1.0,0.0,0.9935798027417654,,,,0.6317412327371319,0.5,0.5,0.612254132530001,0.3311932675805885,0.36086185002764737
robot_5,outdoor,robot_anomaly_outdoor,2026-05-05 00:56:33.128000+00:00,,,,,,,,,,,,,42.437,0.007000000000000006,0.3445405405405406,26.119861519645806,49.504,,0.0,1.0,0.943257242106569,,,,0.8915190886827897,0.5,0.5,0.793393520932387,0.9810857473688563,0.5686198170753108
robot_4,warehouse,robot_anomaly_warehouse,2026-04-29 09:20:08.820000+00:00,,,,,,,,,,,,,207.4238,0.0938,0.896722972972973,44.033102772410636,8.6425,,1.0,0.0,0.966534334098381,,,,0.5997906832507134,0.5,0.5,0.3963092256167874,0.322178111366127,0.30462183424572864
robot_5,outdoor,robot_anomaly_outdoor,2026-04-21 00:56:49.295000+00:00,,,,,,,,,,,,,36.3977,0.051000000000000045,0.2407162162162162,26.119861519645806,57.187,,0.0,1.0,0.9529340611624589,,,,0.9241738539197737,0.5,0.5,0.8278822867448019,0.9843113537208197,0.5780484101164054
robot_4,outdoor,robot_anomaly_outdoor,2026-04-28 09:48:10.022000+00:00,,,,,,,,,,,,,35.6231,0.09630000000000005,0.34810135135135134,47.74265761291576,49.2405,,0.0,1.0,0.9612306928850568,,,,0.921544259082108,0.5,0.5,0.6763808436763066,0.9870768976283523,0.5408644353261647
robot_1,outdoor,robot_anomaly_outdoor,2026-04-24 16:03:53.131000+00:00,,,,,,,,,,,,,45.5636,0.10370000000000001,0.30279594594594594,32.28341037492993,52.5931,,1.0,0.0,0.5326902797593203,,,,0.5752415559192785,0.5,0.5,0.7589896779024838,0.1775634265864401,0.359138276122231
robot_2,warehouse,robot_anomaly_warehouse,2026-04-10 20:13:53.597000+00:00,,,,,,,,,,,,,39.2527,0.030000000000000027,0.40659999999999996,58.39748493129811,44.9116,,0.0,1.0,0.9128000744370697,,,,0.9201592367130104,0.5,0.5,0.6173828818189231,0.9709333581456899,0.5220790599911533
robot_3,lab,robot_anomaly_lab,2026-04-14 21:43:27.344000+00:00,,,,,,,,,,,,,28.6401,0.06879999999999997,0.2933608108108108,25.56989703262559,53.2913,,0.0,1.0,0.909838099373488,,,,0.9242335252814226,0.5,0.5,0.8089065068494563,0.9699460331244959,0.5697131349934881
robot_5,warehouse,robot_anomaly_warehouse,2026-04-20 13:30:09.779000+00:00,,,,,,,,,,,,,30.1456,0.050899999999999945,0.4823067567567567,31.857120950670687,39.3093,,1.0,0.0,0.9462967557843807,,,,0.584563973165434,0.5,0.5,0.7078906297014946,0.3154322519281269,0.3808307204074054
robot_5,warehouse,robot_anomaly_warehouse,2026-05-04 03:29:17.927000+00:00,,,,,,,,,,,,,47.2255,0.05269999999999997,0.2679216216216216,31.857120950670687,55.1738,,0.0,1.0,0.9648595000310154,,,,0.9655021877255845,0.5,0.5,0.7854765490659716,0.9882865000103385,0.5684407622690775
robot_1,warehouse,robot_anomaly_warehouse,2026-04-26 07:41:03.342000+00:00,,,,,,,,,,,,,49.4954,0.0615,0.2941945945945946,45.61617786488777,53.2296,,0.0,1.0,0.9866943737981515,,,,0.9145324391010643,0.5,0.5,0.7090943405296728,0.9955647912660505,0.5511647829489308
robot_1,lab,robot_anomaly_lab,2026-04-20 10:54:04.532000+00:00,,,,,,,,,,,,,51.6991,0.07420000000000004,0.18045675675675676,49.14167586402035,61.6462,,0.0,1.0,0.9335028844364494,,,,0.8230007248191982,0.5,0.5,0.7346495861803211,0.9778342948121498,0.5531209702481177
robot_5,lab,robot_anomaly_lab,2026-04-12 04:12:19.442000+00:00,,,,,,,,,,,,,30.8335,0.10089999999999999,0.2617513513513513,44.31142771759781,55.6304,,0.0,1.0,0.9885397928168228,,,,0.8979099318774028,0.5,0.5,0.7277576421771051,0.9961799309389409,0.5559843932790115
robot_5,outdoor,robot_anomaly_outdoor,2026-05-07 01:41:40.539000+00:00,,,,,,,,,,,,,36.7442,0.02510000000000001,0.466595945945946,26.119861519645806,40.4719,,0.0,1.0,0.9901836114384964,,,,0.9017907799182125,0.5,0.5,0.7431341276685696,0.9967278704794987,0.559965499537017
robot_4,lab,robot_anomaly_lab,2026-04-28 23:29:52.550000+00:00,,,,,,,,,,,,,21.9708,0.08560000000000001,0.5238554054054054,53.89857422167088,36.2347,,0.0,1.0,0.9714657899634018,,,,0.937419581292063,0.5,0.5,0.5865338232470674,0.9904885966544672,0.5192556049753836
robot_4,lab,robot_anomaly_lab,2026-05-04 06:27:53.294000+00:00,,,,,,,,,,,,,372.2823,0.0615,0.8938,53.89857422167088,8.8588,,1.0,0.0,0.9551516655294336,,,,0.5646058750123537,0.5,0.5,0.28459942048834147,0.3183838885098112,0.27574582724953817
robot_5,outdoor,robot_anomaly_outdoor,2026-04-30 08:03:53.333000+00:00,,,,,,,,,,,,,38.484,0.08330000000000004,0.20921621621621622,26.119861519645806,59.518,,0.0,1.0,0.9892841635134297,,,,0.9075724500966459,0.5,0.5,0.8323484997109617,0.9964280545044767,0.5821941385538596
robot_5,warehouse,robot_anomaly_warehouse,2026-04-21 03:47:33.259000+00:00,,,,,,,,,,,,,10.0,0.0,0.40770540540540545,31.857120950670687,44.8298,,0.0,1.0,0.9708144656038707,,,,0.9227318931207741,0.5,0.5,0.7582155817781331,0.9902714885346237,0.5621217675781892
robot_5,hospital,robot_anomaly_hospital,2026-05-09 23:37:17.891000+00:00,,,,,,,,,,,,,232.7454,0.02180000000000004,0.9482297297297297,33.69562591427044,4.831,,1.0,0.0,0.969217170150735,,,,0.6618534895611313,0.5,0.5,0.4274520725471044,0.323072390050245,0.3126311156493373
robot_1,lab,robot_anomaly_lab,2026-05-06 19:00:55.468000+00:00,,,,,,,,,,,,,27.9117,0.05010000000000003,0.38742567567567565,49.14167586402035,46.3305,,1.0,0.0,0.9901991191613424,,,,0.5803005968492391,0.5,0.5,0.6680411601698435,0.3300663730537808,0.37452688330590606
robot_4,lab,robot_anomaly_lab,2026-04-25 09:53:53.769000+00:00,,,,,,,,,,,,,43.4658,0.03920000000000001,0.37702297297297305,53.89857422167088,47.1003,,1.0,0.0,0.9690155697537374,,,,0.594258068273974,0.5,0.5,0.645812559787539,0.32300518991791244,0.3672044374263629
robot_5,hospital,robot_anomaly_hospital,2026-04-20 17:14:53.345000+00:00,,,,,,,,,,,,,50.0702,0.02190000000000003,0.32659729729729725,33.69562591427044,50.8318,,1.0,0.0,0.4535388623534521,,,,0.6129189246452255,0.5,0.5,0.7591612976969391,0.15117962078448402,0.35258522962035577
robot_1,warehouse,robot_anomaly_warehouse,2026-04-21 19:54:33.139000+00:00,,,,,,,,,,,,,29.5139,0.01990000000000003,0.3838027027027028,45.61617786488777,46.5986,,0.0,1.0,0.964502822405558,,,,0.8949614760961936,0.5,0.5,0.6915921427026646,0.9881676074685193,0.5449399375427959
robot_4,lab,robot_anomaly_lab,2026-04-23 09:19:00.853000+00:00,,,,,,,,,,,,,37.9629,0.039000000000000035,0.03082432432432436,53.89857422167088,72.719,,0.0,1.0,0.9284938899571987,,,,0.8734195854344098,0.5,0.5,0.78683916130012,0.9761646299857328,0.5657509478214632
robot_2,lab,robot_anomaly_lab,2026-04-12 05:55:00.876000+00:00,,,,,,,,,,,,,49.5545,0.054400000000000004,0.4402405405405406,14.63679636698148,42.4222,,0.0,1.0,0.9591526580236958,,,,0.9110450179728542,0.5,0.5,0.7938138802731312,0.9863842193412319,0.5700495249035908
robot_2,lab,robot_anomaly_lab,2026-05-01 18:45:51.326000+00:00,,,,,,,,,,,,,34.7727,0.024700000000000055,0.29367567567567565,14.63679636698148,53.268,,0.0,1.0,0.9950995595806712,,,,0.9586047841726766,0.5,0.5,0.865769018714111,0.9983665198602237,0.5910338846435836
robot_2,warehouse,robot_anomaly_warehouse,2026-05-07 13:13:06.870000+00:00,,,,,,,,,,,,,54.1881,0.06589999999999996,0.36473918918918913,58.39748493129811,48.0093,,0.0,1.0,0.9807549159481421,,,,0.898606363683451,0.5,0.5,0.6193490012701546,0.9935849719827141,0.5282334933132171
robot_4,lab,robot_anomaly_lab,2026-04-19 13:44:26.199000+00:00,,,,,,,,,,,,,32.7651,0.043300000000000005,0.4019851351351351,53.89857422167088,45.2531,,0.0,1.0,0.9682711990571304,,,,0.890601344542336,0.5,0.5,0.6397822221961122,0.9894237330190435,0.5323014888037889
robot_5,lab,robot_anomaly_lab,2026-04-19 08:12:21.117000+00:00,,,,,,,,,,,,,34.569,0.05230000000000001,0.29259189189189194,44.31142771759781,53.3482,,0.0,1.0,0.9866323429067676,,,,0.8935359811621778,0.5,0.5,0.724533376038486,0.9955441143022559,0.5550193725851855
robot_3,lab,robot_anomaly_lab,2026-05-03 17:52:18.836000+00:00,,,,,,,,,,,,,54.9528,0.0044999999999999485,0.5253229729729729,25.56989703262559,36.1261,,0.0,1.0,0.9768779852366478,,,,0.8725764011249592,0.5,0.5,0.7184581327364661,0.9922926617455493,0.5526876986205038
robot_2,outdoor,robot_anomaly_outdoor,2026-04-28 17:47:39.811000+00:00,,,,,,,,,,,,,45.1194,0.013599999999999945,0.3572364864864864,50.074809997698374,48.5645,,0.0,1.0,0.8849016810371565,,,,0.9126872530233785,0.5,0.5,0.6761454958587627,0.9616338936790522,0.5344448473844536
robot_2,lab,robot_anomaly_lab,2026-04-13 14:19:19.504000+00:00,,,,,,,,,,,,,29.6888,0.0,0.2173864864864864,14.63679636698148,58.9134,,0.0,1.0,0.9856088331989331,,,,0.907005935826214,0.5,0.5,0.904091174591833,0.9952029443996443,0.5998235297478693
robot_2,warehouse,robot_anomaly_warehouse,2026-04-13 04:54:27.185000+00:00,,,,,,,,,,,,,42.3438,0.07250000000000001,0.12003108108108107,58.39748493129811,66.1177,,0.0,1.0,0.9841355995285652,,,,0.8489185464127612,0.5,0.5,0.7211507557251553,0.9947118665095217,0.5539656555586692
robot_2,warehouse,robot_anomaly_warehouse,2026-04-17 20:44:17.109000+00:00,,,,,,,,,,,,,38.5444,0.05459999999999998,0.2317608108108108,58.39748493129811,57.8497,,0.0,1.0,0.9675113206376775,,,,0.930360212323721,0.5,0.5,0.6821685450597157,0.9891704402125591,0.5428347463180687
robot_3,lab,robot_anomaly_lab,2026-04-12 08:39:20.996000+00:00,,,,,,,,,,,,,31.4405,0.048699999999999966,0.2738527027027027,25.56989703262559,54.7349,,0.0,1.0,0.9109546554183984,,,,0.8813440480558464,0.5,0.5,0.8199072994626126,0.9703182184727995,0.5725563794838531
robot_3,hospital,robot_anomaly_hospital,2026-04-11 18:46:38.386000+00:00,,,,,,,,,,,,,39.1624,0.07889999999999997,0.25064999999999993,37.431302275652754,56.4519,,0.0,1.0,0.9834222442776502,,,,0.8629649380413753,0.5,0.5,0.7647484011182436,0.9944740814258833,0.5648056206360317
robot_1,warehouse,robot_anomaly_warehouse,2026-04-27 10:15:55.046000+00:00,,,,,,,,,,,,,35.0679,0.0,0.0903621621621622,45.61617786488777,68.3132,,0.0,1.0,0.9938899571986849,,,,0.9372030102660973,0.5,0.5,0.8108691150012526,0.9979633190662284,0.5772081085168703
robot_5,hospital,robot_anomaly_hospital,2026-04-20 07:00:11.215000+00:00,,,,,,,,,,,,,26.4114,0.11370000000000002,0.4408527027027027,33.69562591427044,42.3769,,0.0,1.0,0.989749395198809,,,,0.945711370557078,0.5,0.5,0.7037984544571376,0.9965831317329363,0.5500953965475185
robot_4,outdoor,robot_anomaly_outdoor,2026-04-27 11:47:45.581000+00:00,,,,,,,,,,,,,45.0762,0.0514,0.4262648648648648,47.74265761291576,43.4564,,0.0,1.0,0.956237206128652,,,,0.8487982048851187,0.5,0.5,0.6508040469685139,0.985412402042884,0.5340541122528495
robot_4,outdoor,robot_anomaly_outdoor,2026-05-04 19:56:00.342000+00:00,,,,,,,,,,,,,43.2835,0.0,0.4191851351351351,47.74265761291576,43.9803,,0.0,1.0,0.9663792568699212,,,,0.8695207135573806,0.5,0.5,0.6658848932625142,0.988793085623307,0.5386694947214553
robot_2,outdoor,robot_anomaly_outdoor,2026-05-06 20:19:35.153000+00:00,,,,,,,,,,,,,36.6812,0.06320000000000003,0.3488391891891892,50.074809997698374,49.1859,,1.0,0.0,0.5727467278704795,,,,0.6242058548512944,0.5,0.5,0.6723087517612332,0.1909155759568265,0.34080608192951495
robot_3,outdoor,robot_anomaly_outdoor,2026-04-29 05:30:07.790000+00:00,,,,,,,,,,,,,53.4099,0.45609999999999995,0.3834283783783784,34.9320233150912,46.6263,,1.0,0.0,0.9568730227653371,,,,0.5304123011016583,0.5,0.5,0.6326738133996543,0.3189576742551124,0.36290787191369167
robot_1,lab,robot_anomaly_lab,2026-04-21 11:41:54.121000+00:00,,,,,,,,,,,,,27.0678,0.04800000000000004,0.3581891891891892,49.14167586402035,48.494,,0.0,1.0,0.9838099373487997,,,,0.9511073561158991,0.5,0.5,0.6805866841940738,0.9946033124496,0.5437974991609185
robot_2,hospital,robot_anomaly_hospital,2026-05-09 10:17:44.085000+00:00,,,,,,,,,,,,,35.3411,0.030399999999999983,0.3889797297297297,38.92765711090124,46.2155,,0.0,1.0,0.9892841635134297,,,,0.9135834034358019,0.5,0.5,0.7151041486604722,0.9964280545044767,0.5528830507912372
robot_5,hospital,robot_anomaly_hospital,2026-04-19 20:38:07.427000+00:00,,,,,,,,,,,,,36.3192,0.1199,0.08279324324324322,33.69562591427044,68.8733,,0.0,1.0,0.9810030395136778,,,,0.9602509504513632,0.5,0.5,0.8411371323375205,0.9936676798378926,0.5837012030438533
robot_2,lab,robot_anomaly_lab,2026-04-29 16:51:27.632000+00:00,,,,,,,,,,,,,16.7784,0.0232,0.20470675675675676,14.63679636698148,59.8517,,0.0,1.0,0.9517709819490106,,,,0.8326314611216944,0.5,0.5,0.9098738457573621,0.9839236606496703,0.5984493766017581
robot_5,hospital,robot_anomaly_hospital,2026-04-18 21:28:43.542000+00:00,,,,,,,,,,,,,31.8236,0.0,0.34953378378378375,33.69562591427044,49.1345,,0.0,1.0,0.9843837230941008,,,,0.9591558322918585,0.5,0.5,0.7631565768057194,0.9947945743647003,0.5644877877926049
robot_4,hospital,robot_anomaly_hospital,2026-05-03 12:57:26.073000+00:00,,,,,,,,,,,,,33.0291,0.08120000000000005,0.49653378378378377,41.58712541309663,38.2565,,0.0,1.0,0.9879349916258297,,,,0.9558544390128236,0.5,0.5,0.6496792080247648,0.9959783305419432,0.536414384641677
robot_5,lab,robot_anomaly_lab,2026-04-14 11:34:52.112000+00:00,,,,,,,,,,,,,28.7979,0.028200000000000003,0.3729743243243243,44.31142771759781,47.3999,,0.0,1.0,0.9270981949010607,,,,0.9712305788338114,0.5,0.5,0.7003659468103154,0.9756993983003536,0.5440163362776673
robot_5,warehouse,robot_anomaly_warehouse,2026-04-29 12:38:14.538000+00:00,,,,,,,,,,,,,40.6646,0.03169999999999995,0.42013783783783787,31.857120950670687,43.9098,,0.0,1.0,0.9347900254326654,,,,0.8641309116747518,0.5,0.5,0.732245219452994,0.9782633418108885,0.5526271403159706
robot_2,outdoor,robot_anomaly_outdoor,2026-05-05 21:06:54.737000+00:00,,,,,,,,,,,,,34.448,0.0696,0.264522972972973,50.074809997698374,55.4253,,0.0,1.0,0.9691086160908132,,,,0.8421754651521443,0.5,0.5,0.7056272250364124,0.9897028720302711,0.5488325242666708
robot_3,outdoor,robot_anomaly_outdoor,2026-04-19 03:59:06.155000+00:00,,,,,,,,,,,,,37.4939,0.08140000000000003,0.35316486486486487,34.9320233150912,48.8658,,0.0,1.0,0.9807394082252961,,,,0.967363984680019,0.5,0.5,0.7353676419747789,0.9935798027417654,0.5572368611791361
robot_4,lab,robot_anomaly_lab,2026-04-15 12:03:03.313000+00:00,,,,,,,,,,,,,40.8629,0.05510000000000004,0.32889594594594596,53.89857422167088,50.6617,,0.0,1.0,0.9451646920166242,,,,0.9350470605226917,0.5,0.5,0.6627102681909534,0.9817215640055413,0.5361079580491237
robot_1,warehouse,robot_anomaly_warehouse,2026-05-05 19:51:53.692000+00:00,,,,,,,,,,,,,35.6118,0.06359999999999999,0.25721216216216225,45.61617786488777,55.9663,,0.0,1.0,0.9130326902797593,,,,0.9582385976659301,0.5,0.5,0.729734274970723,0.9710108967599198,0.5501862929326606
robot_4,outdoor,robot_anomaly_outdoor,2026-04-23 05:27:39.002000+00:00,,,,,,,,,,,,,24.4378,0.07889999999999997,0.3437445945945946,47.74265761291576,49.5629,,0.0,1.0,0.9804757769369146,,,,0.8653014165856175,0.5,0.5,0.6870810242760178,0.9934919256456382,0.5451432374804139
robot_4,outdoor,robot_anomaly_outdoor,2026-05-02 15:14:05.435000+00:00,,,,,,,,,,,,,40.8995,0.0797,0.4575216216216216,47.74265761291576,41.1434,,0.0,1.0,0.9368680602940265,,,,0.8523956889358122,0.5,0.5,0.633905673410468,0.9789560200980088,0.5282154233771192
robot_2,lab,robot_anomaly_lab,2026-05-02 00:30:27.729000+00:00,,,,,,,,,,,,,26.2564,0.0826,0.4383418918918919,14.63679636698148,42.5627,,0.0,1.0,0.9781186030643261,,,,0.9006203042767877,0.5,0.5,0.7988960974221253,0.9927062010214419,0.5729005746108917
robot_4,hospital,robot_anomaly_hospital,2026-04-17 02:31:45.350000+00:00,,,,,,,,,,,,,31.4418,0.03049999999999997,0.4036837837837838,41.58712541309663,45.1274,,0.0,1.0,0.9533837851249922,,,,0.9123762827727099,0.5,0.5,0.6988190376960963,0.9844612617083307,0.5458200748511067
robot_4,hospital,robot_anomaly_hospital,2026-05-01 12:38:30.011000+00:00,,,,,,,,,,,,,25.8584,0.0,0.34402027027027027,41.58712541309663,49.5425,,0.0,1.0,0.9474753427206749,,,,0.9168618578490211,0.5,0.5,0.7320082689987945,0.9824917809068916,0.5536250124764215
robot_1,outdoor,robot_anomaly_outdoor,2026-04-29 06:37:54.869000+00:00,,,,,,,,,,,,,38.1682,0.06310000000000004,0.30879594594594595,32.28341037492993,52.1491,,0.0,1.0,0.977451770981949,,,,0.9049269936542098,0.5,0.5,0.7689842708685872,0.9924839236606496,0.5653670486323092
robot_4,lab,robot_anomaly_lab,2026-04-18 12:03:50.110000+00:00,,,,,,,,,,,,,38.7393,0.062000000000000055,0.41902837837837836,53.89857422167088,43.9919,,0.0,1.0,0.9060542149990696,,,,0.9466255530064924,0.5,0.5,0.6260882149037572,0.9686847383330232,0.5236932383091951
robot_4,outdoor,robot_anomaly_outdoor,2026-04-19 01:10:24.161000+00:00,,,,,,,,,,,,,23.9785,0.0,0.2950324324324324,47.74265761291576,53.1676,,0.0,1.0,0.9532442156193784,,,,0.9834807884700865,0.5,0.5,0.7243256575064096,0.9844147385397929,0.5521850990115507
robot_4,hospital,robot_anomaly_hospital,2026-04-28 00:51:53.281000+00:00,,,,,,,,,,,,,29.6021,0.0039000000000000146,0.3005878378378378,41.58712541309663,52.7565,,0.0,1.0,0.9493052540165002,,,,0.9440442501130228,0.5,0.5,0.7468111177757364,0.9831017513388334,0.5574782172786424
robot_4,warehouse,robot_anomaly_warehouse,2026-04-20 05:49:55.247000+00:00,,,,,,,,,,,,,36.0775,0.0,0.3436513513513514,44.033102772410636,49.5698,,0.0,1.0,0.9976118106817194,,,,0.8885812269548733,0.5,0.5,0.7163294324071268,0.9992039368939065,0.5538833423252583
robot_3,outdoor,robot_anomaly_outdoor,2026-05-10 09:54:17.479000+00:00,,,,,,,,,,,,,26.08,0.047900000000000054,0.3834094594594595,34.9320233150912,46.6277,,0.0,1.0,0.9746293654239812,,,,0.8507960813594373,0.5,0.5,0.7359126057174075,0.9915431218079936,0.5568639318813502
robot_3,outdoor,robot_anomaly_outdoor,2026-04-27 12:49:09.758000+00:00,,,,,,,,,,,,,42.4789,0.04259999999999997,0.5401581081081082,34.9320233150912,35.0283,,0.0,1.0,0.9981390732584827,,,,0.9612395992941867,0.5,0.5,0.6669340793603091,0.999379691086161,0.5415784426116175
robot_5,outdoor,robot_anomaly_outdoor,2026-05-05 19:53:34.758000+00:00,,,,,,,,,,,,,35.741,0.05700000000000005,0.4034729729729729,26.119861519645806,45.143,,0.0,1.0,0.9759940450344271,,,,0.866134110001757,0.5,0.5,0.7617435753483542,0.9919980150114757,0.5634353975899575
robot_2,lab,robot_anomaly_lab,2026-04-10 22:25:02.404000+00:00,,,,,,,,,,,,,27.1908,0.07820000000000005,0.5366162162162162,14.63679636698148,35.2904,,0.0,1.0,0.9690776006451213,,,,0.9147773498459209,0.5,0.5,0.7601401702796817,0.9896925335483737,0.5624581759570139
robot_5,outdoor,robot_anomaly_outdoor,2026-04-27 23:08:32.077000+00:00,,,,,,,,,,,,,27.7367,0.07050000000000001,0.41652567567567567,26.119861519645806,44.1771,,0.0,1.0,0.9275324111407481,,,,0.8654080431525791,0.5,0.5,0.7571597511938281,0.9758441370469161,0.558250972060186
robot_5,hospital,robot_anomaly_hospital,2026-04-19 14:49:23.433000+00:00,,,,,,,,,,,,,22.6495,0.036599999999999966,0.3110486486486487,33.69562591427044,51.9824,,0.0,1.0,0.984290676757025,,,,0.9525262940062603,0.5,0.5,0.7745814270334488,0.9947635589190084,0.5673362464881142
robot_1,lab,robot_anomaly_lab,2026-05-03 16:44:58.809000+00:00,,,,,,,,,,,,,44.0374,0.08350000000000002,0.44659324324324323,49.14167586402035,41.9521,,0.0,1.0,0.9932851560076918,,,,0.8884448286796023,0.5,0.5,0.6296107057298134,0.9977617186692306,0.5318431060997609
robot_2,hospital,robot_anomaly_hospital,2026-04-14 18:16:09.165000+00:00,,,,,,,,,,,,,38.6743,0.08589999999999998,0.4165175675675675,38.92765711090124,44.1777,,0.0,1.0,0.9520966441287761,,,,0.8320770000552041,0.5,0.5,0.6902274350093245,0.984032214709592,0.543564912429729
robot_2,outdoor,robot_anomaly_outdoor,2026-04-18 17:20:37.475000+00:00,,,,,,,,,,,,,314.4108,0.0514,0.9816067567567568,50.074809997698374,2.3611,,1.0,0.0,0.951476335214937,,,,0.5337094751580433,0.5,0.5,0.29551847064135506,0.317158778404979,0.2781693122615835
robot_1,lab,robot_anomaly_lab,2026-04-21 10:10:56.119000+00:00,,,,,,,,,,,,,45.3222,0.011299999999999977,0.24388648648648648,49.14167586402035,56.9524,,0.0,1.0,0.9674492897462936,,,,0.872272343750162,0.5,0.5,0.7261696017047494,0.9891497632487646,0.5538298412383784
robot_3,warehouse,robot_anomaly_warehouse,2026-04-18 20:06:11.585000+00:00,,,,,,,,,,,,,46.1485,0.04039999999999999,0.27155540540540546,41.50002108112327,54.9049,,0.0,1.0,0.9945722970039079,,,,0.8243945538420665,0.5,0.5,0.7431778495123421,0.9981907656679693,0.5603421537950778
robot_4,hospital,robot_anomaly_hospital,2026-05-07 10:08:16.105000+00:00,,,,,,,,,,,,,47.43,0.053200000000000025,0.23382297297297294,41.58712541309663,57.6971,,1.0,0.0,0.9528410148253831,,,,0.5837186865297417,0.5,0.5,0.7544426258989916,0.31761367160846105,0.3930140743768631
robot_5,lab,robot_anomaly_lab,2026-04-28 20:13:48.982000+00:00,,,,,,,,,,,,,37.0877,0.04679999999999995,0.2983,44.31142771759781,52.9258,,0.0,1.0,0.9551516655294336,,,,0.8963991710437595,0.5,0.5,0.7223281038201812,0.9850505551764779,0.5518446647491648
robot_5,hospital,robot_anomaly_hospital,2026-04-28 08:24:39.795000+00:00,,,,,,,,,,,,,15.0089,0.047900000000000054,0.3081567567567568,33.69562591427044,52.1964,,0.0,1.0,0.9486694373798151,,,,0.9603466996492745,0.5,0.5,0.7766994125728149,0.9828898124599385,0.5648973062581883
robot_3,warehouse,robot_anomaly_warehouse,2026-04-13 10:38:04.718000+00:00,,,,,,,,,,,,,32.4932,0.037799999999999945,0.5091216216216216,41.50002108112327,37.325,,0.0,1.0,0.9921685999627815,,,,0.8334766815922551,0.5,0.5,0.6549399863181812,0.9973895333209272,0.538082379909777
robot_2,outdoor,robot_anomaly_outdoor,2026-04-26 04:35:51.576000+00:00,,,,,,,,,,,,,60.9405,0.0,0.3898405405405405,50.074809997698374,46.1518,,1.0,0.0,0.9634793126977235,,,,0.7414075322543676,0.5,0.5,0.6589338746057087,0.32115977089924114,0.37002341137623745
robot_1,warehouse,robot_anomaly_warehouse,2026-05-03 05:52:14.062000+00:00,,,,,,,,,,,,,42.8698,0.057699999999999974,0.3969621621621622,45.61617786488777,45.6248,,0.0,1.0,0.9591371503008498,,,,0.8963358380567991,0.5,0.5,0.6718458468920195,0.9863790501002833,0.5395562242480757
robot_4,outdoor,robot_anomaly_outdoor,2026-04-28 03:55:38.961000+00:00,,,,,,,,,,,,,36.7506,0.09840000000000004,0.39062432432432426,47.74265761291576,46.0938,,0.0,1.0,0.9703182184727994,,,,0.8791645906816005,0.5,0.5,0.6583917471685943,0.9901060728242665,0.5371244549982153
robot_1,lab,robot_anomaly_lab,2026-04-27 15:25:03.782000+00:00,,,,,,,,,,,,,37.8985,0.006299999999999972,0.3719148648648649,49.14167586402035,47.4783,,1.0,0.0,0.9651231313193971,,,,0.6821693220567944,0.5,0.5,0.6794466836798552,0.321707710439799,0.3752885985299135
robot_1,hospital,robot_anomaly_hospital,2026-05-02 21:28:27.353000+00:00,,,,,,,,,,,,,31.7674,0.05120000000000002,0.36518648648648655,39.72338368547231,47.9762,,1.0,0.0,0.9633397431921097,,,,0.6884995953994556,0.5,0.5,0.7179831542032538,0.3211132477307032,0.38477410048348926
robot_4,warehouse,robot_anomaly_warehouse,2026-04-12 02:29:51.058000+00:00,,,,,,,,,,,,,42.5073,0.028200000000000003,0.3479094594594595,44.033102772410636,49.2547,,0.0,1.0,0.9991315675206253,,,,0.9397143821662046,0.5,0.5,0.7054290534011608,0.9997105225068751,0.551284893977009
robot_4,outdoor,robot_anomaly_outdoor,2026-04-19 05:34:52.917000+00:00,,,,,,,,,,,,,33.7186,0.09399999999999997,0.22190810810810813,47.74265761291576,58.5788,,0.0,1.0,0.9530581229452267,,,,0.9066644889213153,0.5,0.5,0.7282359075346221,0.984352707648409,0.5531471537957577
robot_1,hospital,robot_anomaly_hospital,2026-04-19 22:52:16.095000+00:00,,,,,,,,,,,,,35.2402,0.09650000000000003,0.5364662162162163,39.72338368547231,35.3015,,0.0,1.0,0.9426059177470381,,,,0.8889442423960242,0.5,0.5,0.637815130986868,0.9808686392490126,0.5296709425589701
robot_5,lab,robot_anomaly_lab,2026-04-18 02:31:02.352000+00:00,,,,,,,,,,,,,19.2574,0.0686,0.39426216216216226,44.31142771759781,45.8246,,0.0,1.0,0.9844767694311767,,,,0.965294199060468,0.5,0.5,0.6872029524534937,0.9948255898103922,0.5455071355659715
robot_3,outdoor,robot_anomaly_outdoor,2026-04-22 23:38:22.745000+00:00,,,,,,,,,,,,,41.0798,0.05359999999999998,0.46253783783783786,34.9320233150912,40.7722,,0.0,1.0,0.9026890391414925,,,,0.9344786864212207,0.5,0.5,0.6961715900830693,0.9675630130471641,0.5409336507825583
robot_1,outdoor,robot_anomaly_outdoor,2026-04-20 20:17:27.181000+00:00,,,,,,,,,,,,,30.429,0.09309999999999996,0.4145594594594595,32.28341037492993,44.3226,,0.0,1.0,0.9891601017306618,,,,0.942054555423411,0.5,0.5,0.7235252210759673,0.9963867005768873,0.5549779804132137
robot_4,lab,robot_anomaly_lab,2026-04-24 20:30:28.509000+00:00,,,,,,,,,,,,,37.7145,0.0383,0.1962121621621622,53.89857422167088,60.4803,,0.0,1.0,0.9599435518888406,,,,0.9259898871705255,0.5,0.5,0.7209527067815944,0.9866478506296135,0.551900139352802
robot_5,warehouse,robot_anomaly_warehouse,2026-04-11 10:17:13.257000+00:00,,,,,,,,,,,,,40.7256,0.4677,0.34097567567567566,31.857120950670687,49.7678,,1.0,0.0,0.9889740090565101,,,,0.6199761663289209,0.5,0.5,0.6668964674836064,0.3296580030188367,0.3741386176256108
robot_1,lab,robot_anomaly_lab,2026-04-26 10:04:50.878000+00:00,,,,,,,,,,,,,15.5342,0.057499999999999996,0.5225027027027027,49.14167586402035,36.3348,,0.0,1.0,0.9309130947211711,,,,0.9216149309587566,0.5,0.5,0.617993397821605,0.9769710315737238,0.5237411073488323
robot_2,hospital,robot_anomaly_hospital,2026-05-06 20:11:41.133000+00:00,,,,,,,,,,,,,43.4714,0.058699999999999974,0.2969310810810811,38.92765711090124,53.0271,,0.0,1.0,0.9291917374852676,,,,0.9313077550072414,0.5,0.5,0.7419308608240416,0.9763972458284226,0.5545820266631161
robot_1,hospital,robot_anomaly_hospital,2026-04-16 05:56:39.568000+00:00,,,,,,,,,,,,,25.0142,0.06410000000000005,0.4455797297297298,39.72338368547231,42.0271,,0.0,1.0,0.9619905713045096,,,,0.9404766356313694,0.5,0.5,0.6860275953125206,0.9873301904348365,0.5433394464368393
robot_1,outdoor,robot_anomaly_outdoor,2026-04-23 11:53:25.550000+00:00,,,,,,,,,,,,,24.6759,0.05820000000000003,0.4475945945945946,32.28341037492993,41.878,,1.0,0.0,0.9929750015507723,,,,0.6423289764754407,0.5,0.5,0.7206909269843509,0.3309916671835908,0.3879206485419855
robot_1,warehouse,robot_anomaly_warehouse,2026-04-22 19:15:59.753000+00:00,,,,,,,,,,,,,22.0003,0.06330000000000002,0.3188418918918918,45.61617786488777,51.4057,,0.0,1.0,0.9007040506172074,,,,0.8868180171755669,0.5,0.5,0.7113394639210447,0.9669013502057359,0.5445602035316952
robot_1,warehouse,robot_anomaly_warehouse,2026-04-25 10:10:07.355000+00:00,,,,,,,,,,,,,35.131,0.008499999999999952,0.05935405405405414,45.61617786488777,70.6078,,0.0,1.0,0.9686743998511259,,,,0.9669848016710961,0.5,0.5,0.8213528814504487,0.9895581332837087,0.5777277536835393
robot_3,hospital,robot_anomaly_hospital,2026-04-12 02:31:55.173000+00:00,,,,,,,,,,,,,32.3675,0.0,0.14385405405405405,37.431302275652754,64.3548,,0.0,1.0,0.9517554742261647,,,,0.9074870233018892,0.5,0.5,0.8281079029849838,0.9839184914087215,0.5780065985984263
robot_4,outdoor,robot_anomaly_outdoor,2026-04-18 14:32:55.390000+00:00,,,,,,,,,,,,,20.0543,0.017299999999999982,0.31774729729729734,47.74265761291576,51.4867,,0.0,1.0,0.9847093852738664,,,,0.9241761016378405,0.5,0.5,0.7131760980601387,0.9949031284246223,0.5520198066211903
robot_1,warehouse,robot_anomaly_warehouse,2026-05-02 06:15:05.815000+00:00,,,,,,,,,,,,,44.215,0.019100000000000006,0.11890675675675666,45.61617786488777,66.2009,,0.0,1.0,0.983561813783264,,,,0.8906495898783471,0.5,0.5,0.7910425923211666,0.9945206045944213,0.5713907992288969
robot_3,lab,robot_anomaly_lab,2026-05-01 19:19:11.568000+00:00,,,,,,,,,,,,,42.9492,0.06120000000000003,0.6081081081081081,25.56989703262559,30.0,,0.0,1.0,0.9308820792754792,,,,0.9464177136811408,0.5,0.5,0.6781905598182145,0.9769606930918263,0.5387878132275101
robot_5,warehouse,robot_anomaly_warehouse,2026-04-23 23:41:43.001000+00:00,,,,,,,,,,,,,38.5747,0.06399999999999995,0.26699864864864864,31.857120950670687,55.2421,,0.0,1.0,0.9601761677315304,,,,0.8919904016648003,0.5,0.5,0.7872663939184268,0.9867253892438436,0.5684979457905677
robot_2,hospital,robot_anomaly_hospital,2026-04-18 03:12:43.218000+00:00,,,,,,,,,,,,,28.7351,0.05230000000000001,0.45518513513513514,38.92765711090124,41.3163,,1.0,0.0,0.986415234786924,,,,0.7761669475000607,0.5,0.5,0.6867547781029983,0.328805078262308,0.3788899640913266
robot_4,lab,robot_anomaly_lab,2026-04-28 02:54:39.227000+00:00,,,,,,,,,,,,,47.2984,0.09079999999999999,0.5612472972972973,53.89857422167088,33.4677,,0.0,1.0,0.9925718007567769,,,,0.8667874938224294,0.5,0.5,0.5589016645941788,0.9975239335855922,0.5141063995449427
robot_3,lab,robot_anomaly_lab,2026-04-12 22:16:04.360000+00:00,,,,,,,,,,,,,20.0213,0.0,0.342754054054054,25.56989703262559,49.6362,,1.0,0.0,0.9757614291917375,,,,0.7333469184268214,0.5,0.5,0.8083731298158788,0.32525380973057916,0.4084067348866145
robot_3,hospital,robot_anomaly_hospital,2026-05-05 17:35:15.097000+00:00,,,,,,,,,,,,,38.2612,0.06330000000000002,0.30309864864864866,37.431302275652754,52.5707,,0.0,1.0,0.9483592829228956,,,,0.9171994007544353,0.5,0.5,0.7476489334462648,0.9827864276409652,0.5576088402718076
robot_2,lab,robot_anomaly_lab,2026-04-23 02:00:46.256000+00:00,,,,,,,,,,,,,24.9005,0.050000000000000044,0.32020945945945944,14.63679636698148,51.3045,,0.0,1.0,0.9884777619254389,,,,0.8928525831560012,0.5,0.5,0.8540174136426743,0.9961592539751463,0.5875441669044551
robot_1,lab,robot_anomaly_lab,2026-04-23 22:13:01.982000+00:00,,,,,,,,,,,,,32.9672,0.04579999999999995,0.4650148648648649,49.14167586402035,40.5889,,0.0,1.0,0.9784442652440916,,,,0.9298138451163144,0.5,0.5,0.6356628156123165,0.9928147550813639,0.53211939267342
robot_5,lab,robot_anomaly_lab,2026-04-30 03:35:45.152000+00:00,,,,,,,,,,,,,33.8391,0.029000000000000026,0.28127297297297293,44.31142771759781,54.1858,,1.0,0.0,0.9762266608771168,,,,0.7575525945485573,0.5,0.5,0.7345758541368795,0.32540888695903897,0.3899961852739796
robot_1,hospital,robot_anomaly_hospital,2026-04-15 06:37:29.364000+00:00,,,,,,,,,,,,,22.5916,0.04810000000000003,0.4462567567567568,39.72338368547231,41.977,,0.0,1.0,0.9972241176105701,,,,0.9478225144046369,0.5,0.5,0.6904176686839912,0.9990747058701901,0.5473730936385454
robot_5,outdoor,robot_anomaly_outdoor,2026-04-26 20:40:15.914000+00:00,,,,,,,,,,,,,22.5356,0.053300000000000014,0.2602445945945946,26.119861519645806,55.7419,,0.0,1.0,0.9975652875131815,,,,0.9365762165155461,0.5,0.5,0.8258636299852335,0.9991884291710605,0.5812630147890736
robot_4,lab,robot_anomaly_lab,2026-05-07 10:06:05.851000+00:00,,,,,,,,,,,,,36.2657,0.38029999999999997,0.33492567567567566,53.89857422167088,50.2155,,1.0,0.0,0.9812511630792135,,,,0.6694895063247507,0.5,0.5,0.5900501222162635,0.3270837210264045,0.354283460810667
robot_4,outdoor,robot_anomaly_outdoor,2026-05-01 19:24:05.399000+00:00,,,,,,,,,,,,,33.4024,0.04090000000000005,0.4256527027027027,47.74265761291576,43.5017,,0.0,1.0,0.9204763972458284,,,,0.8776585477605128,0.5,0.5,0.658693685487673,0.9734921324152762,0.5330464544757374
robot_5,outdoor,robot_anomaly_outdoor,2026-04-24 01:14:07.472000+00:00,,,,,,,,,,,,,20.1508,0.0393,0.35920675675675673,26.119861519645806,48.4187,,0.0,1.0,0.9846783698281745,,,,0.8834820115025893,0.5,0.5,0.7904775689808607,0.9948927899427248,0.5713425897308964
robot_2,outdoor,robot_anomaly_outdoor,2026-05-04 12:24:43.860000+00:00,,,,,,,,,,,,,54.5421,0.0998,0.43343243243243246,50.074809997698374,42.926,,0.0,1.0,0.9633242354692637,,,,0.8973682326205872,0.5,0.5,0.6222070559053303,0.9877747451564213,0.5274954502654379
robot_2,hospital,robot_anomaly_hospital,2026-04-18 05:38:46.301000+00:00,,,,,,,,,,,,,34.6941,0.07589999999999997,0.3893932432432432,38.92765711090124,46.1849,,1.0,0.0,0.9949289746293655,,,,0.6812794135225655,0.5,0.5,0.7051117587751886,0.3316429915431218,0.3841886875795776
robot_4,warehouse,robot_anomaly_warehouse,2026-04-10 22:07:47.449000+00:00,,,,,,,,,,,,,29.3775,0.06389999999999996,0.1710621621621622,44.033102772410636,62.3414,,0.0,1.0,0.9851746169592457,,,,0.9297950680959447,0.5,0.5,0.7741979737541547,0.9950582056530819,0.5673140448518091
robot_2,warehouse,robot_anomaly_warehouse,2026-05-08 21:03:52.795000+00:00,,,,,,,,,,,,,28.8431,0.12019999999999997,0.4529824324324324,58.39748493129811,41.4793,,0.0,1.0,0.8971993052540165,,,,0.9017042444848758,0.5,0.5,0.5834995615010284,0.9657331017513388,0.5123081658130918
robot_2,lab,robot_anomaly_lab,2026-04-10 20:33:34.388000+00:00,,,,,,,,,,,,,45.7271,0.0232,0.47913243243243253,14.63679636698148,39.5442,,0.0,1.0,0.9974877488989516,,,,0.9681786919022362,0.5,0.5,0.7869380528776454,0.9991625829663172,0.5715251589609907
robot_3,lab,robot_anomaly_lab,2026-05-08 11:50:03.834000+00:00,,,,,,,,,,,,,40.6916,0.09060000000000001,0.3796554054054053,25.56989703262559,46.9055,,0.0,1.0,0.946017616773153,,,,0.9144295506656986,0.5,0.5,0.764058497177779,0.9820058722577176,0.5615160923588741
robot_3,warehouse,robot_anomaly_warehouse,2026-05-06 04:19:01.572000+00:00,,,,,,,,,,,,,41.9698,0.0022999999999999687,0.4738554054054054,41.50002108112327,39.9347,,0.0,1.0,0.9639755598287948,,,,0.8826972292007478,0.5,0.5,0.672633414114521,0.9879918532762649,0.5401563168476965
robot_2,lab,robot_anomaly_lab,2026-04-27 15:38:56.216000+00:00,,,,,,,,,,,,,46.5723,0.11070000000000002,0.3477054054054054,14.63679636698148,49.2698,,0.0,1.0,0.8901122759134049,,,,0.8432424104515027,0.5,0.5,0.819660568482035,0.9633707586378016,0.5707578317799592
robot_5,hospital,robot_anomaly_hospital,2026-04-27 18:08:17.226000+00:00,,,,,,,,,,,,,159.5922,0.04530000000000001,0.9060445945945946,33.69562591427044,7.9527,,1.0,0.0,0.9636343899261832,,,,0.646095534155744,0.5,0.5,0.47236787756878734,0.32121146330872774,0.3233948352193788
robot_2,outdoor,robot_anomaly_outdoor,2026-04-12 00:35:40.906000+00:00,,,,,,,,,,,,,51.8814,0.02310000000000001,0.35840945945945946,50.074809997698374,48.4777,,0.0,1.0,0.9844612617083307,,,,0.8780848924134045,0.5,0.5,0.6704878055899182,0.9948204205694435,0.5413270565398405
robot_2,lab,robot_anomaly_lab,2026-04-10 17:57:07.962000+00:00,,,,,,,,,,,,,40.8614,0.03210000000000002,0.3471824324324324,14.63679636698148,49.3085,,0.0,1.0,0.9469635878667576,,,,0.9262703218747823,0.5,0.5,0.8399511575213173,0.9823211959555859,0.5805680883692258
robot_4,outdoor,robot_anomaly_outdoor,2026-04-11 22:11:59.039000+00:00,,,,,,,,,,,,,20.2047,0.03869999999999996,0.2944351351351352,47.74265761291576,53.2118,,0.0,1.0,0.9927423857080826,,,,0.9396533016030736,0.5,0.5,0.7176722469319663,0.9975807952360275,0.5538132605419984
robot_4,outdoor,robot_anomaly_outdoor,2026-04-20 07:55:18.264000+00:00,,,,,,,,,,,,,32.3381,0.04239999999999999,0.33645270270270267,47.74265761291576,50.1025,,0.0,1.0,0.9499875938217233,,,,0.969463017989454,0.5,0.5,0.6945240494011019,0.9833291979405745,0.5444633118354191
robot_4,outdoor,robot_anomaly_outdoor,2026-05-08 15:30:35.154000+00:00,,,,,,,,,,,,,19.8292,0.07469999999999999,0.3057283783783784,47.74265761291576,52.3761,,1.0,0.0,0.9820420569443583,,,,0.5838108087603333,0.5,0.5,0.7053177145366654,0.3273473523147861,0.3831662667128628
robot_1,hospital,robot_anomaly_hospital,2026-05-02 19:47:22.286000+00:00,,,,,,,,,,,,,18.3276,0.042200000000000015,0.36354459459459454,39.72338368547231,48.0977,,0.0,1.0,0.9916103219403263,,,,0.8784163714843277,0.5,0.5,0.7267541732972415,0.9972034406467755,0.5559894034860042
robot_4,outdoor,robot_anomaly_outdoor,2026-04-13 04:11:46.255000+00:00,,,,,,,,,,,,,29.4278,0.07110000000000005,0.298822972972973,47.74265761291576,52.8871,,0.0,1.0,0.9903386886669562,,,,0.8809896065989429,0.5,0.5,0.7045153489937185,0.9967795628889854,0.550323727970676
robot_1,hospital,robot_anomaly_hospital,2026-04-20 10:59:33.121000+00:00,,,,,,,,,,,,,41.6841,0.04469999999999996,0.14857027027027037,39.72338368547231,64.0058,,1.0,0.0,0.9588735190124682,,,,0.5833587539812595,0.5,0.5,0.8015655344422516,0.3196245063374894,0.4052975101949352
robot_1,lab,robot_anomaly_lab,2026-05-04 15:32:58.434000+00:00,,,,,,,,,,,,,36.1604,0.07179999999999997,0.37087702702702696,49.14167586402035,47.5551,,0.0,1.0,0.990431735004032,,,,0.9334427098906024,0.5,0.5,0.6660821602306346,0.9968105783346773,0.5407231846413281
robot_3,hospital,robot_anomaly_hospital,2026-05-05 21:58:23.170000+00:00,,,,,,,,,,,,,23.4932,0.07069999999999999,0.4278783783783784,37.431302275652754,43.337,,0.0,1.0,0.9883071769741332,,,,0.8954834893781218,0.5,0.5,0.7028072608328328,0.996102392324711,0.5497274132893859
robot_4,outdoor,robot_anomaly_outdoor,2026-05-07 01:09:23.218000+00:00,,,,,,,,,,,,,51.6363,0.11450000000000005,0.2816824324324324,47.74265761291576,54.1555,,1.0,0.0,0.991765399168786,,,,0.721150988454742,0.5,0.5,0.6916173064223805,0.3305884663895953,0.38055144320299394
robot_2,hospital,robot_anomaly_hospital,2026-04-23 02:47:23.785000+00:00,,,,,,,,,,,,,39.6383,0.10109999999999997,0.28399864864864865,38.92765711090124,53.9841,,0.0,1.0,0.9688915079709696,,,,0.8867459571505556,0.5,0.5,0.7394154279670901,0.9896305026569898,0.55726148265602
robot_1,lab,robot_anomaly_lab,2026-04-18 17:23:37.658000+00:00,,,,,,,,,,,,,41.7051,0.04059999999999997,0.2733527027027026,49.14167586402035,54.7719,,0.0,1.0,0.9980150114757149,,,,0.9092497019250138,0.5,0.5,0.7095105003073793,0.9993383371585717,0.5522122093664877
robot_5,warehouse,robot_anomaly_warehouse,2026-05-03 09:16:12.665000+00:00,,,,,,,,,,,,,49.8433,0.07679999999999998,0.32322837837837837,31.857120950670687,51.0811,,0.0,1.0,0.9732336703678431,,,,0.8686664776549744,0.5,0.5,0.756802385753266,0.9910778901226144,0.5619700689689702
robot_2,hospital,robot_anomaly_hospital,2026-04-18 20:53:28.483000+00:00,,,,,,,,,,,,,36.8179,0.06979999999999997,0.3443175675675676,38.92765711090124,49.5205,,0.0,1.0,0.9985112586067861,,,,0.9665849914731293,0.5,0.5,0.7235330626685622,0.9995037528689288,0.5557592038843727
robot_1,outdoor,robot_anomaly_outdoor,2026-04-23 02:53:14.726000+00:00,,,,,,,,,,,,,30.3465,0.04359999999999997,0.17414459459459453,32.28341037492993,62.1133,,0.0,1.0,0.9837323987345699,,,,0.911698134837709,0.5,0.5,0.8307396980464408,0.9945774662448565,0.5813292910728243
robot_3,warehouse,robot_anomaly_warehouse,2026-05-08 23:23:48.385000+00:00,,,,,,,,,,,,,32.4534,0.010600000000000054,0.28529729729729736,41.50002108112327,53.888,,0.0,1.0,0.9495843930277278,,,,0.9512111407693407,0.5,0.5,0.750538311551391,0.9831947976759093,0.5584332773068251
robot_5,hospital,robot_anomaly_hospital,2026-05-08 17:30:48.896000+00:00,,,,,,,,,,,,,37.8026,0.09719999999999995,0.3181459459459459,33.69562591427044,51.4572,,1.0,0.0,0.998666335835246,,,,0.5817753771332516,0.5,0.5,0.7513709126123971,0.33288877861174865,0.39606492280603645
robot_2,hospital,robot_anomaly_hospital,2026-05-09 02:08:29.146000+00:00,,,,,,,,,,,,,43.111,0.022700000000000053,0.18829189189189188,38.92765711090124,61.0664,,1.0,0.0,0.9771416165250295,,,,0.6688414364257546,0.5,0.5,0.7935584501182862,0.32571387217500986,0.404818080573324
robot_1,outdoor,robot_anomaly_outdoor,2026-05-06 19:48:52.784000+00:00,,,,,,,,,,,,,21.6809,0.0,0.14698783783783786,32.28341037492993,64.1229,,0.0,1.0,0.9339371006761368,,,,0.9261974864881661,0.5,0.5,0.8552419994876523,0.9779790335587123,0.5833052582615912
robot_4,warehouse,robot_anomaly_warehouse,2026-04-29 05:54:25.682000+00:00,,,,,,,,,,,,,47.9151,0.06010000000000004,0.4441472972972973,44.033102772410636,42.1331,,0.0,1.0,0.9517244587804726,,,,0.8533067576412836,0.5,0.5,0.6573785306153728,0.9839081529268242,0.5353216708855493
robot_2,outdoor,robot_anomaly_outdoor,2026-04-23 14:34:18.245000+00:00,,,,,,,,,,,,,25.3088,0.017800000000000038,0.46220000000000006,50.074809997698374,40.7972,,0.0,1.0,0.9866323429067676,,,,0.9704120093944646,0.5,0.5,0.6422354468495869,0.9955441143022559,0.5344448902879607
robot_2,outdoor,robot_anomaly_outdoor,2026-05-03 16:07:21.097000+00:00,,,,,,,,,,,,,24.5977,0.04500000000000004,0.29614864864864865,50.074809997698374,53.085,,0.0,1.0,0.9695738477761926,,,,0.9370525101454581,0.5,0.5,0.702928892227852,0.9898579492587309,0.5481967103716457
robot_4,lab,robot_anomaly_lab,2026-05-01 00:15:48.804000+00:00,,,,,,,,,,,,,294.197,0.054200000000000026,0.9464864864864865,53.89857422167088,4.96,,1.0,0.0,0.9898734569815768,,,,0.5385688940473203,0.5,0.5,0.30066093270657546,0.32995781899385895,0.2826546879251086
robot_3,warehouse,robot_anomaly_warehouse,2026-04-26 13:37:17.720000+00:00,,,,,,,,,,,,,25.5982,0.04349999999999998,0.3802378378378378,41.50002108112327,46.8624,,0.0,1.0,0.9329911295825322,,,,0.9027265510700827,0.5,0.5,0.7083613287843041,0.977663709860844,0.5465062596612871
robot_5,hospital,robot_anomaly_hospital,2026-04-25 19:44:34.448000+00:00,,,,,,,,,,,,,14.7271,0.043399999999999994,0.39802432432432433,33.69562591427044,45.5462,,0.0,1.0,0.9044879349916258,,,,0.8995099584420476,0.5,0.5,0.7418815458171998,0.9681626449972086,0.552511047703602
robot_4,hospital,robot_anomaly_hospital,2026-04-10 21:38:14.454000+00:00,,,,,,,,,,,,,42.3049,0.03469999999999995,0.3392459459459459,41.58712541309663,49.8958,,0.0,1.0,0.9702561875814155,,,,0.9252401552781893,0.5,0.5,0.718719497244492,0.9900853958604717,0.5522012232762409
robot_4,warehouse,robot_anomaly_warehouse,2026-04-20 09:58:49.380000+00:00,,,,,,,,,,,,,61.6861,0.5412,0.37206621621621616,44.033102772410636,47.4671,,1.0,0.0,0.8778921903107748,,,,0.5858876178123991,0.5,0.5,0.5729299476725085,0.2926307301035916,0.341390169444025
robot_1,lab,robot_anomaly_lab,2026-04-15 18:54:04.528000+00:00,,,,,,,,,,,,,34.1348,0.05689999999999995,0.3581972972972973,49.14167586402035,48.4934,,0.0,1.0,0.9893772098505056,,,,0.9659738235190318,0.5,0.5,0.675389696318309,0.9964590699501685,0.5429621915671194
robot_4,warehouse,robot_anomaly_warehouse,2026-04-16 17:55:43.268000+00:00,,,,,,,,,,,,,25.9611,0.043200000000000016,0.3683391891891892,44.033102772410636,47.7429,,0.0,1.0,0.9626574033868867,,,,0.8553069632502861,0.5,0.5,0.7014455054167614,0.9875524677956289,0.5472494933030976
robot_5,warehouse,robot_anomaly_warehouse,2026-05-10 05:07:49.242000+00:00,,,,,,,,,,,,,14.7656,0.05800000000000005,0.3255067567567568,31.857120950670687,50.9125,,0.0,1.0,0.9921220767942436,,,,0.9078366774629302,0.5,0.5,0.7760259126621055,0.9973740255980812,0.5683499845650467
robot_5,warehouse,robot_anomaly_warehouse,2026-04-13 13:31:59.567000+00:00,,,,,,,,,,,,,16.3522,0.008700000000000041,0.4415702702702703,31.857120950670687,42.3238,,0.0,1.0,0.9896253334160412,,,,0.9360287620788658,0.5,0.5,0.7398454626259096,0.996541777805347,0.5590968101078141
robot_1,lab,robot_anomaly_lab,2026-05-05 14:48:49.805000+00:00,,,,,,,,,,,,,47.3183,0.08420000000000005,0.523495945945946,49.14167586402035,36.2613,,0.0,1.0,0.9640996216115626,,,,0.9331364077113384,0.5,0.5,0.5972017992928719,0.9880332072038542,0.5213087516241816
robot_5,hospital,robot_anomaly_hospital,2026-04-15 22:14:31.522000+00:00,,,,,,,,,,,,,50.6535,0.07599999999999996,0.5295256756756757,33.69562591427044,35.8151,,0.0,1.0,0.9479095589603622,,,,0.930439386101346,0.5,0.5,0.6656904120016254,0.982636519653454,0.5370817329137698
robot_5,lab,robot_anomaly_lab,2026-04-24 18:40:43.263000+00:00,,,,,,,,,,,,,35.8239,0.06610000000000005,0.41641081081081077,44.31142771759781,44.1856,,1.0,0.0,0.9862601575584641,,,,0.7155282305778311,0.5,0.5,0.6713653585531625,0.3287533858528214,0.3750296861014959
robot_4,lab,robot_anomaly_lab,2026-04-22 11:54:17.310000+00:00,,,,,,,,,,,,,21.7307,0.059799999999999964,0.4319918918918919,53.89857422167088,43.0326,,0.0,1.0,0.9784132497983996,,,,0.8745556678680961,0.5,0.5,0.6291274956672455,0.9928044165994665,0.530482978066678
robot_5,lab,robot_anomaly_lab,2026-04-19 12:22:17.523000+00:00,,,,,,,,,,,,,36.0253,0.08020000000000005,0.28859729729729733,44.31142771759781,53.6438,,0.0,1.0,0.9814682711990571,,,,0.8797484589941655,0.5,0.5,0.7192626998436474,0.9938227570663524,0.5532713642275
robot_4,outdoor,robot_anomaly_outdoor,2026-04-17 21:50:45.811000+00:00,,,,,,,,,,,,,32.6152,0.013900000000000023,0.4550621621621621,47.74265761291576,41.3254,,0.0,1.0,0.9587029340611625,,,,0.9786754642707314,0.5,0.5,0.6532939168570472,0.9862343113537207,0.534882057052692
robot_3,lab,robot_anomaly_lab,2026-04-29 11:11:54.270000+00:00,,,,,,,,,,,,,30.8901,0.01539999999999997,0.29079999999999995,25.56989703262559,53.4808,,0.0,1.0,0.9171732522796352,,,,0.8984628827667528,0.5,0.5,0.8207861032897601,0.9723910840932118,0.5732942968457431
robot_3,warehouse,robot_anomaly_warehouse,2026-04-24 14:26:48.582000+00:00,,,,,,,,,,,,,40.2745,0.04959999999999998,0.2093621621621622,41.50002108112327,59.5072,,0.0,1.0,0.9898114260901929,,,,0.8477962046216841,0.5,0.5,0.7686800808366201,0.9966038086967309,0.5663209723833378
robot_3,hospital,robot_anomaly_hospital,2026-05-05 09:03:04.895000+00:00,,,,,,,,,,,,,40.5886,0.0897,0.4076945945945947,37.431302275652754,44.8306,,0.0,1.0,0.9936573413559953,,,,0.893085738750657,0.5,0.5,0.6988795421716161,0.9978857804519984,0.5491913306559035
robot_1,outdoor,robot_anomaly_outdoor,2026-05-08 11:44:50.403000+00:00,,,,,,,,,,,,,45.5742,0.05710000000000004,0.4344594594594594,32.28341037492993,42.85,,0.0,1.0,0.9824917809068916,,,,0.8673912353955409,0.5,0.5,0.7166853732208593,0.9941639269689638,0.5527123250474557
robot_4,outdoor,robot_anomaly_outdoor,2026-04-28 05:31:00.736000+00:00,,,,,,,,,,,,,51.0274,0.011199999999999988,0.43276081081081075,47.74265761291576,42.9757,,0.0,1.0,0.9099311457105639,,,,0.9285636582022502,0.5,0.5,0.6544414095998267,0.969977048570188,0.5311046145425037
robot_4,outdoor,robot_anomaly_outdoor,2026-05-10 13:37:28.507000+00:00,,,,,,,,,,,,,33.7845,0.07709999999999995,0.44902027027027025,47.74265761291576,41.7725,,0.0,1.0,0.9375814155449413,,,,0.9039129769092495,0.5,0.5,0.6411203870081745,0.9791938051816471,0.5300785480474555
robot_2,outdoor,robot_anomaly_outdoor,2026-04-27 17:50:43.674000+00:00,,,,,,,,,,,,,39.273,0.08460000000000001,0.3318108108108109,50.074809997698374,50.446,,0.0,1.0,0.9558340053346567,,,,0.8972541906952627,0.5,0.5,0.6731810675922902,0.9852780017782189,0.5396147673426273
robot_4,hospital,robot_anomaly_hospital,2026-05-06 10:33:00.953000+00:00,,,,,,,,,,,,,43.5541,0.11760000000000004,0.37240675675675683,41.58712541309663,47.4419,,0.0,1.0,0.9577259475218659,,,,0.9527651860434361,0.5,0.5,0.6864463888122172,0.9859086491739553,0.5430887594965431
robot_3,lab,robot_anomaly_lab,2026-04-26 21:01:57.154000+00:00,,,,,,,,,,,,,23.1214,0.005199999999999982,0.3168837837837838,25.56989703262559,51.5506,,1.0,0.0,0.9919825072886297,,,,0.7483376456352678,0.5,0.5,0.8161546372452317,0.3306608357628766,0.4117038682520271
robot_1,lab,robot_anomaly_lab,2026-04-26 12:14:42.096000+00:00,,,,,,,,,,,,,59.7677,0.03290000000000004,0.4462256756756756,49.14167586402035,41.9793,,0.0,1.0,0.9652937162707028,,,,0.8734207883853502,0.5,0.5,0.6338594805545753,0.9884312387569009,0.530572679827869
robot_2,hospital,robot_anomaly_hospital,2026-04-11 17:02:26.953000+00:00,,,,,,,,,,,,,24.3042,0.08430000000000004,0.23063918918918924,38.92765711090124,57.9327,,0.0,1.0,0.9455834005334657,,,,0.912857500987422,0.5,0.5,0.7714700474789782,0.9818611335111552,0.5633327952475333
robot_3,outdoor,robot_anomaly_outdoor,2026-04-27 09:27:07.243000+00:00,,,,,,,,,,,,,35.0782,0.0030999999999999917,0.42134189189189186,34.9320233150912,43.8207,,0.0,1.0,0.9135289374108306,,,,0.9478503219916874,0.5,0.5,0.7266128800559469,0.9711763124702769,0.549447298131556
robot_5,hospital,robot_anomaly_hospital,2026-05-02 06:01:14.515000+00:00,,,,,,,,,,,,,39.5121,0.0,0.04020810810810804,33.69562591427044,72.0246,,1.0,0.0,0.9819800260529744,,,,0.5917234550179353,0.5,0.5,0.8833902092102918,0.32732667535099147,0.42767922114032075
robot_1,warehouse,robot_anomaly_warehouse,2026-04-12 01:52:55.869000+00:00,,,,,,,,,,,,,21.5372,0.045599999999999974,0.5548162162162162,45.61617786488777,33.9436,,0.0,1.0,0.9331306990881459,,,,0.9269927592122927,0.5,0.5,0.6210976171377904,0.977710233029382,0.5247019625417931
robot_2,outdoor,robot_anomaly_outdoor,2026-04-19 01:30:25.460000+00:00,,,,,,,,,,,,,22.8356,0.037799999999999945,0.31761756756756765,50.074809997698374,51.4963,,0.0,1.0,0.9356739656348861,,,,0.8542431157271005,0.5,0.5,0.6967443082717899,0.9785579885449621,0.543825574204188
robot_2,hospital,robot_anomaly_hospital,2026-04-29 18:11:54.175000+00:00,,,,,,,,,,,,,34.9599,0.0383,0.45232297297297297,38.92765711090124,41.5281,,0.0,1.0,0.9932696482848459,,,,0.8555790655919328,0.5,0.5,0.6881829036965984,0.997756549428282,0.54648486328122
robot_1,warehouse,robot_anomaly_warehouse,2026-04-27 09:19:19.102000+00:00,,,,,,,,,,,,,28.7693,0.048900000000000055,0.20927297297297298,45.61617786488777,59.5138,,0.0,1.0,0.9839805223001055,,,,0.9245716512516392,0.5,0.5,0.7552917744313085,0.994660174100035,0.5624879871328359
robot_4,hospital,robot_anomaly_hospital,2026-05-08 09:22:50.315000+00:00,,,,,,,,,,,,,26.6121,0.07399999999999995,0.29518918918918924,41.58712541309663,53.156,,0.0,1.0,0.9930680478878482,,,,0.9228786251347316,0.5,0.5,0.7347370223337084,0.9976893492959494,0.5581065929074145
robot_1,hospital,robot_anomaly_hospital,2026-04-29 00:11:33.324000+00:00,,,,,,,,,,,,,23.3879,0.0776,0.38524594594594597,39.72338368547231,46.4918,,0.0,1.0,0.9896718565845791,,,,0.9046789144810992,0.5,0.5,0.7078977276167471,0.9965572855281931,0.5511137532862351
robot_5,outdoor,robot_anomaly_outdoor,2026-04-27 09:53:14.760000+00:00,,,,,,,,,,,,,38.4509,0.07240000000000002,0.32570270270270263,26.119861519645806,50.898,,1.0,0.0,0.9714502822405557,,,,0.5786999273262818,0.5,0.5,0.7881936054696691,0.3238167607468519,0.4030025915541302
robot_4,lab,robot_anomaly_lab,2026-04-22 09:47:01.052000+00:00,,,,,,,,,,,,,45.765,0.051000000000000045,0.3358405405405406,53.89857422167088,50.1478,,0.0,1.0,0.9134358910737548,,,,0.8413126838703814,0.5,0.5,0.6586150370236245,0.971145297024585,0.5324400835120523
robot_4,hospital,robot_anomaly_hospital,2026-04-22 16:04:00.524000+00:00,,,,,,,,,,,,,29.0883,0.06599999999999995,0.3870891891891891,41.58712541309663,46.3554,,0.0,1.0,0.9615098318962844,,,,0.8381486357852787,0.5,0.5,0.6986304335176813,0.9871699439654281,0.5464500943707774
robot_3,outdoor,robot_anomaly_outdoor,2026-04-11 06:07:14.746000+00:00,,,,,,,,,,,,,36.8909,0.07069999999999999,0.21545810810810806,34.9320233150912,59.0561,,0.0,1.0,0.9712331741207121,,,,0.8925773750488032,0.5,0.5,0.7931047398028959,0.9904110580402374,0.5708789494607833
robot_2,outdoor,robot_anomaly_outdoor,2026-04-29 00:57:45.420000+00:00,,,,,,,,,,,,,33.9918,0.011600000000000055,0.17208783783783776,50.074809997698374,62.2655,,0.0,1.0,0.9666273804354568,,,,0.948843092326117,0.5,0.5,0.7557105440750791,0.9888757934784856,0.5611465843883912
robot_5,lab,robot_anomaly_lab,2026-04-17 03:41:14.832000+00:00,,,,,,,,,,,,,46.6401,0.10519999999999996,0.2925743243243243,44.31142771759781,53.3495,,0.0,1.0,0.8940202220705912,,,,0.9204115650536503,0.5,0.5,0.7072832882457867,0.9646734073568637,0.5429891739006626
robot_5,outdoor,robot_anomaly_outdoor,2026-05-04 22:24:13.757000+00:00,,,,,,,,,,,,,42.2161,0.047599999999999976,0.25784864864864865,26.119861519645806,55.9192,,0.0,1.0,0.9219496309161963,,,,0.8950680291233303,0.5,0.5,0.8191394868920611,0.9739832103053988,0.573280674299365
robot_4,outdoor,robot_anomaly_outdoor,2026-04-13 08:24:26.514000+00:00,,,,,,,,,,,,,49.8562,0.01880000000000004,0.2193175675675676,47.74265761291576,58.7705,,0.0,1.0,0.9752186588921283,,,,0.9320650085940816,0.5,0.5,0.7386607751842854,0.9917395529640428,0.5576000820370821
robot_5,lab,robot_anomaly_lab,2026-05-01 04:51:20.294000+00:00,,,,,,,,,,,,,36.6269,0.028699999999999948,0.3335905405405405,44.31142771759781,50.3143,,0.0,1.0,0.9213293220023572,,,,0.8810994686683843,0.5,0.5,0.7124477024046981,0.9737764406674524,0.5465560357680376
robot_2,warehouse,robot_anomaly_warehouse,2026-04-19 21:18:51.144000+00:00,,,,,,,,,,,,,45.7669,0.0,0.35295135135135136,58.39748493129811,48.8816,,0.0,1.0,0.9943551888840643,,,,0.9397804793351623,0.5,0.5,0.6425531010178089,0.9981183962946881,0.5351678743281243
robot_1,hospital,robot_anomaly_hospital,2026-04-20 17:43:34.180000+00:00,,,,,,,,,,,,,34.0179,0.09889999999999999,0.22634459459459455,39.72338368547231,58.2505,,0.0,1.0,0.9720395757087029,,,,0.8637214614128539,0.5,0.5,0.7618857998594796,0.9906798585695676,0.5631414146072617
robot_3,lab,robot_anomaly_lab,2026-04-25 00:40:04.045000+00:00,,,,,,,,,,,,,20.7654,0.05120000000000002,0.3233770270270271,25.56989703262559,51.0701,,0.0,1.0,0.9634172818063396,,,,0.9492706811672269,0.5,0.5,0.8043963658994523,0.9878057606021132,0.5730505316253913
robot_3,lab,robot_anomaly_lab,2026-04-11 11:40:12.275000+00:00,,,,,,,,,,,,,47.8096,0.02639999999999998,0.20616621621621622,25.56989703262559,59.7437,,0.0,1.0,0.9782891880156318,,,,0.8796114836268123,0.5,0.5,0.8444979391803533,0.9927630626718772,0.5843152504630575
robot_3,outdoor,robot_anomaly_outdoor,2026-04-14 16:06:00.588000+00:00,,,,,,,,,,,,,36.6598,0.08309999999999995,0.2578351351351351,34.9320233150912,55.9202,,0.0,1.0,0.9388840642640035,,,,0.9313326545941113,0.5,0.5,0.77350071663931,0.9796280214213345,0.5632821845151611
robot_5,hospital,robot_anomaly_hospital,2026-04-12 07:18:30.153000+00:00,,,,,,,,,,,,,37.8887,0.05510000000000004,0.35237567567567574,33.69562591427044,48.9242,,0.0,1.0,0.9814992866447491,,,,0.9725964100446826,0.5,0.5,0.747004783946067,0.9938330955482497,0.5602094698735791
robot_3,lab,robot_anomaly_lab,2026-05-05 13:24:01.874000+00:00,,,,,,,,,,,,,35.2905,0.0,0.5145148648648649,25.56989703262559,36.9259,,0.0,1.0,0.9567179455368774,,,,0.9300139721154481,0.5,0.5,0.7327245559111534,0.9855726485122925,0.5545743011058615
robot_2,hospital,robot_anomaly_hospital,2026-05-07 22:55:44.631000+00:00,,,,,,,,,,,,,18.5342,0.08230000000000004,0.3920662162162163,38.92765711090124,45.9871,,0.0,1.0,0.9896408411388872,,,,0.9747767161144342,0.5,0.5,0.7099682530078735,0.9965469470462957,0.5516288000135423
robot_1,hospital,robot_anomaly_hospital,2026-04-30 23:48:02.473000+00:00,,,,,,,,,,,,,52.8709,0.04569999999999996,0.44246891891891893,39.72338368547231,42.2573,,0.0,1.0,0.9931300787792321,,,,0.9403494430594103,0.5,0.5,0.6786960074407012,0.9977100262597439,0.5441015084251113
robot_4,lab,robot_anomaly_lab,2026-04-29 13:23:58.864000+00:00,,,,,,,,,,,,,32.7917,0.049000000000000044,0.1718581081081081,53.89857422167088,62.2825,,1.0,0.0,0.9302152471931022,,,,0.7070536568075966,0.5,0.5,0.7305530010437213,0.3100717490643674,0.3851561875270222
robot_4,outdoor,robot_anomaly_outdoor,2026-04-15 10:33:17.796000+00:00,,,,,,,,,,,,,24.0805,0.0,0.2677905405405405,47.74265761291576,55.1835,,0.0,1.0,0.9489330686681967,,,,0.9397077706995027,0.5,0.5,0.735176025882819,0.9829776895560656,0.5545384288597212
robot_1,outdoor,robot_anomaly_outdoor,2026-04-13 01:43:45.343000+00:00,,,,,,,,,,,,,38.592,0.05369999999999997,0.36902702702702705,32.28341037492993,47.692,,0.0,1.0,0.9671236275665281,,,,0.8976806257986624,0.5,0.5,0.7467900791324492,0.9890412091888426,0.558957822080323
robot_3,hospital,robot_anomaly_hospital,2026-04-21 16:14:00.806000+00:00,,,,,,,,,,,,,20.3637,0.012599999999999945,0.37324189189189194,37.431302275652754,47.3801,,1.0,0.0,0.9601606600086843,,,,0.6994398451644172,0.5,0.5,0.7390091497530697,0.3200535533362281,0.38976567577232446
robot_2,hospital,robot_anomaly_hospital,2026-04-30 19:46:26.881000+00:00,,,,,,,,,,,,,44.984,0.06169999999999998,0.40379324324324317,38.92765711090124,45.1193,,1.0,0.0,0.974009056510142,,,,0.7313261064189465,0.5,0.5,0.6978307495652397,0.32466968550338066,0.38062510876715505
robot_3,warehouse,robot_anomaly_warehouse,2026-04-27 17:43:33.356000+00:00,,,,,,,,,,,,,34.655,0.013299999999999979,0.3963283783783783,41.50002108112327,45.6717,,0.0,1.0,0.9958594380001241,,,,0.9259378884091836,0.5,0.5,0.7045240171637218,0.998619812666708,0.5507859574576074
robot_3,hospital,robot_anomaly_hospital,2026-04-11 12:06:47.371000+00:00,,,,,,,,,,,,,30.4038,0.05300000000000005,0.33867702702702707,37.431302275652754,49.9379,,0.0,1.0,0.9803206997084548,,,,0.8969211356776438,0.5,0.5,0.7392822137299683,0.9934402332361515,0.5581806117415299
robot_3,warehouse,robot_anomaly_warehouse,2026-04-30 01:29:10.256000+00:00,,,,,,,,,,,,,37.0722,0.06379999999999997,0.2350094594594595,41.50002108112327,57.6093,,0.0,1.0,0.9765988462254203,,,,0.8994612563976174,0.5,0.5,0.7567188153967637,0.9921996154084735,0.5622296077013093
robot_5,warehouse,robot_anomaly_warehouse,2026-05-07 07:04:05.629000+00:00,,,,,,,,,,,,,35.1133,0.050799999999999956,0.19051081081081078,31.857120950670687,60.9022,,1.0,0.0,0.9409310836796725,,,,0.5879265881851599,0.5,0.5,0.8223720019872294,0.31364369455989083,0.40900392413678
robot_4,warehouse,robot_anomaly_warehouse,2026-05-04 22:06:20.100000+00:00,,,,,,,,,,,,,30.3742,0.01739999999999997,0.2769067567567568,44.033102772410636,54.5089,,0.0,1.0,0.9793592208920042,,,,0.8634461016404152,0.5,0.5,0.7417505256845792,0.9931197402973347,0.5587175664954784
robot_4,hospital,robot_anomaly_hospital,2026-04-15 17:23:58.260000+00:00,,,,,,,,,,,,,49.7681,0.016599999999999948,0.15637702702702705,41.58712541309663,63.4281,,0.0,1.0,0.9957198684945102,,,,0.9642589173411131,0.5,0.5,0.7924991391630574,0.9985732894981701,0.5727681071653069
robot_2,outdoor,robot_anomaly_outdoor,2026-04-11 17:32:36.925000+00:00,,,,,,,,,,,,,33.8121,0.04379999999999995,0.1450513513513514,50.074809997698374,64.2662,,0.0,1.0,0.9444978599342473,,,,0.8783243136371344,0.5,0.5,0.7594441458071033,0.9814992866447492,0.5602358581129632
robot_3,outdoor,robot_anomaly_outdoor,2026-05-10 13:29:16.555000+00:00,,,,,,,,,,,,,37.8579,0.0018000000000000238,0.33422567567567574,34.9320233150912,50.2673,,0.0,1.0,0.9265864400471435,,,,0.8930818481968743,0.5,0.5,0.7604843702873132,0.9755288133490478,0.5590032959090903
robot_3,warehouse,robot_anomaly_warehouse,2026-05-04 11:17:49.429000+00:00,,,,,,,,,,,,,44.0605,0.0037000000000000366,0.20336891891891895,41.50002108112327,59.9507,,0.0,1.0,0.9522362136343899,,,,0.9028473346011573,0.5,0.5,0.7795657608147615,0.9840787378781299,0.5659111246732229
robot_1,lab,robot_anomaly_lab,2026-04-13 04:14:48.632000+00:00,,,,,,,,,,,,,27.1712,0.0484,0.30225810810810816,49.14167586402035,52.6329,,0.0,1.0,0.9231902487438745,,,,0.912294193311307,0.5,0.5,0.7028231136761434,0.9743967495812914,0.5443049658143586
robot_1,lab,robot_anomaly_lab,2026-04-23 13:15:50.608000+00:00,,,,,,,,,,,,,23.6347,0.006800000000000028,0.1883662162162163,49.14167586402035,61.0609,,0.0,1.0,0.9803051919856088,,,,0.8401473398723859,0.5,0.5,0.7592419264882193,0.9934350639952029,0.5631692476208555
robot_4,lab,robot_anomaly_lab,2026-05-08 03:38:46.970000+00:00,,,,,,,,,,,,,44.0014,0.06499999999999995,0.3041918918918919,53.89857422167088,52.4898,,0.0,1.0,0.9386979715898518,,,,0.8951481641655686,0.5,0.5,0.6689623353386043,0.9795659905299505,0.5371320814671388
robot_3,hospital,robot_anomaly_hospital,2026-05-01 15:46:17.941000+00:00,,,,,,,,,,,,,18.2885,0.06279999999999997,0.4080175675675676,37.431302275652754,44.8067,,0.0,1.0,0.9785218038583214,,,,0.9214802500803934,0.5,0.5,0.7148759333510148,0.9928406012861072,0.5519291336592805
robot_1,hospital,robot_anomaly_hospital,2026-04-24 05:52:37.144000+00:00,,,,,,,,,,,,,35.6517,0.03859999999999997,0.47698243243243243,39.72338368547231,39.7033,,0.0,1.0,0.9995037528689287,,,,0.9805146641408633,0.5,0.5,0.6743010454337223,0.9998345842896429,0.5435339074308413
robot_1,outdoor,robot_anomaly_outdoor,2026-04-18 21:09:40.832000+00:00,,,,,,,,,,,,,64.9697,0.11029999999999995,0.33759189189189187,32.28341037492993,50.0182,,0.0,1.0,0.9918894609515538,,,,0.8598733299238018,0.5,0.5,0.734777502488714,0.9972964869838513,0.5580184973681414
robot_1,outdoor,robot_anomaly_outdoor,2026-05-09 08:22:55.696000+00:00,,,,,,,,,,,,,42.1083,0.06469999999999998,0.21490270270270273,32.28341037492993,59.0972,,0.0,1.0,0.9879504993486756,,,,0.9079888289608208,0.5,0.5,0.8043937463321276,0.9959834997828919,0.5750943115287548
robot_5,lab,robot_anomaly_lab,2026-05-08 02:37:28.918000+00:00,,,,,,,,,,,,,15.3313,0.03859999999999997,0.1861162162162162,44.31142771759781,61.2274,,0.0,1.0,0.9895477948018113,,,,0.8974545474687325,0.5,0.5,0.778920214172683,0.9965159316006038,0.5688590364433217
robot_3,hospital,robot_anomaly_hospital,2026-04-11 09:05:41.451000+00:00,,,,,,,,,,,,,27.1572,0.07210000000000005,0.30605945945945945,37.431302275652754,52.3516,,0.0,1.0,0.9749085044352087,,,,0.9181280114821705,0.5,0.5,0.7495570624785893,0.9916361681450696,0.5602983076559147
robot_3,hospital,robot_anomaly_hospital,2026-05-09 04:15:05.533000+00:00,,,,,,,,,,,,,21.7342,0.07050000000000001,0.522008108108108,37.431302275652754,36.3714,,0.0,1.0,0.9773587246448732,,,,0.8303419710792415,0.5,0.5,0.6659998300412904,0.9924529082149577,0.5396131845640619
robot_5,warehouse,robot_anomaly_warehouse,2026-04-27 10:06:19.256000+00:00,,,,,,,,,,,,,26.9711,0.02510000000000001,0.23743783783783778,31.857120950670687,57.4296,,0.0,1.0,0.9715588363004777,,,,0.9109035139099563,0.5,0.5,0.8130209943161042,0.9905196121001593,0.575885151604066
robot_5,outdoor,robot_anomaly_outdoor,2026-04-23 23:16:41.232000+00:00,,,,,,,,,,,,,25.5438,0.03990000000000005,0.334027027027027,26.119861519645806,50.282,,0.0,1.0,0.9799485143601514,,,,0.8380299684951252,0.5,0.5,0.7979633221587596,0.9933161714533837,0.5728198734030359
robot_4,hospital,robot_anomaly_hospital,2026-04-14 04:28:25.315000+00:00,,,,,,,,,,,,,45.8686,0.011399999999999966,0.46452297297297296,41.58712541309663,40.6253,,0.0,1.0,0.9914552447118665,,,,0.9142262385567881,0.5,0.5,0.6721709190247062,0.9971517482372888,0.5423306668154987
robot_2,lab,robot_anomaly_lab,2026-05-02 05:21:47.853000+00:00,,,,,,,,,,,,,34.1853,0.04500000000000004,0.3890162162162162,14.63679636698148,46.2128,,0.0,1.0,0.9982941504869425,,,,0.872345444850167,0.5,0.5,0.8233843182562819,0.9994313834956475,0.5807039254379824
robot_3,warehouse,robot_anomaly_warehouse,2026-05-06 08:32:37.593000+00:00,,,,,,,,,,,,,36.3604,0.02639999999999998,0.4537486486486486,41.50002108112327,41.4226,,0.0,1.0,0.9376744618820172,,,,0.9098852976576751,0.5,0.5,0.6778662883914791,0.9792248206273392,0.5392727772547046
robot_4,hospital,robot_anomaly_hospital,2026-05-06 23:45:43.945000+00:00,,,,,,,,,,,,,33.9047,0.06510000000000005,0.38940675675675673,41.58712541309663,46.1839,,1.0,0.0,0.9987593821723219,,,,0.7179473047120024,0.5,0.5,0.6957131655623705,0.3329197940574406,0.3821582399049528
robot_1,hospital,robot_anomaly_hospital,2026-04-12 23:09:16.068000+00:00,,,,,,,,,,,,,53.4197,0.07310000000000005,0.40744594594594596,39.72338368547231,44.849,,0.0,1.0,0.9914397369890205,,,,0.9177175870235773,0.5,0.5,0.6863606250793379,0.9971465789963402,0.5458768010189194
robot_1,outdoor,robot_anomaly_outdoor,2026-05-06 03:22:00.891000+00:00,,,,,,,,,,,,,34.5834,0.04930000000000001,0.2934337837837838,32.28341037492993,53.2859,,0.0,1.0,0.9229421251783388,,,,0.8999075886686784,0.5,0.5,0.7798291963117124,0.9743140417261129,0.5635358095094564
robot_1,warehouse,robot_anomaly_warehouse,2026-05-05 19:01:49.668000+00:00,,,,,,,,,,,,,49.2547,0.06640000000000001,0.34789324324324333,45.61617786488777,49.2559,,0.0,1.0,0.991083059363563,,,,0.8495762436960057,0.5,0.5,0.6866343696843156,0.997027686454521,0.5459155140347092
robot_1,hospital,robot_anomaly_hospital,2026-05-05 15:25:18.662000+00:00,,,,,,,,,,,,,55.1361,0.06679999999999997,0.2943608108108108,39.72338368547231,53.2173,,0.0,1.0,0.9638204826003349,,,,0.8836291379494841,0.5,0.5,0.7322154823384374,0.9879401608667783,0.5550389108013039
robot_5,warehouse,robot_anomaly_warehouse,2026-04-14 09:41:26+00:00,,,,,,,,,,,,,41.0281,0.06520000000000004,0.35990270270270275,31.857120950670687,48.3672,,0.0,1.0,0.9099001302648719,,,,0.8985414171877002,0.5,0.5,0.7487220617127699,0.9699667100882907,0.5546721929502652
robot_1,warehouse,robot_anomaly_warehouse,2026-04-21 22:58:32.234000+00:00,,,,,,,,,,,,,52.9702,0.0686,0.38626621621621626,45.61617786488777,46.4163,,0.0,1.0,0.974691396315365,,,,0.9616759461140045,0.5,0.5,0.6691060372556091,0.9915637987717884,0.5401674590068494
robot_2,outdoor,robot_anomaly_outdoor,2026-05-09 18:38:15.746000+00:00,,,,,,,,,,,,,421.128,0.10309999999999997,0.8632702702702703,50.074809997698374,11.118,,1.0,0.0,0.9497704857018795,,,,0.5644375987533501,0.5,0.5,0.2828189694557007,0.3165901619006265,0.27485228283908175
robot_3,lab,robot_anomaly_lab,2026-04-24 15:26:37.674000+00:00,,,,,,,,,,,,,18.4662,0.03049999999999997,0.28548108108108106,25.56989703262559,53.8744,,0.0,1.0,0.9355499038521183,,,,0.9189642542439789,0.5,0.5,0.8252049975500315,0.9785166346173728,0.575930408041851
robot_5,warehouse,robot_anomaly_warehouse,2026-05-10 03:36:48.987000+00:00,,,,,,,,,,,,,37.4086,0.05789999999999995,0.1972662162162162,31.857120950670687,60.4023,,0.0,1.0,0.9668755040009925,,,,0.8398589972551939,0.5,0.5,0.8170466076959247,0.9889585013336641,0.5765012772573972
robot_4,warehouse,robot_anomaly_warehouse,2026-05-01 13:31:06.417000+00:00,,,,,,,,,,,,,39.7163,0.05059999999999998,0.14844459459459458,44.033102772410636,64.0151,,0.0,1.0,0.967883505985981,,,,0.9101012832862333,0.5,0.5,0.7815015522357482,0.9892945019953271,0.5676990135577689
robot_4,outdoor,robot_anomaly_outdoor,2026-05-05 17:01:43.763000+00:00,,,,,,,,,,,,,35.7082,0.02090000000000003,0.5777581081081081,47.74265761291576,32.2459,,0.0,1.0,0.9759165064201972,,,,0.887719319326709,0.5,0.5,0.6012517663946157,0.9919721688067323,0.523305983800337
robot_4,outdoor,robot_anomaly_outdoor,2026-04-22 21:07:15.439000+00:00,,,,,,,,,,,,,22.5563,0.07040000000000002,0.3334148648648648,47.74265761291576,50.3273,,0.0,1.0,0.9718379753117052,,,,0.8886567399627687,0.5,0.5,0.69395937953866,0.990612658437235,0.5461430094939738
robot_1,hospital,robot_anomaly_hospital,2026-04-30 07:59:56.255000+00:00,,,,,,,,,,,,,286.5343,0.007399999999999962,0.8947648648648648,39.72338368547231,8.7874,,1.0,0.0,0.9860585571614664,,,,0.6043236184174965,0.5,0.5,0.40002993948581517,0.3286861857204888,0.307179031301576
robot_4,hospital,robot_anomaly_hospital,2026-04-17 16:41:08.171000+00:00,,,,,,,,,,,,,26.083,0.04179999999999995,0.3328081081081081,41.58712541309663,50.3722,,0.0,1.0,0.9790800818807767,,,,0.9585796602866685,0.5,0.5,0.7270928013933216,0.9930266939602589,0.5550298738383952
robot_3,lab,robot_anomaly_lab,2026-05-07 19:06:01.571000+00:00,,,,,,,,,,,,,317.1122,0.010299999999999976,0.8032513513513513,25.56989703262559,15.5594,,1.0,0.0,0.993827926307301,,,,0.6265862289581776,0.5,0.5,0.48676964193624556,0.331275975435767,0.32951140434300313
robot_5,lab,robot_anomaly_lab,2026-04-24 05:33:44.325000+00:00,,,,,,,,,,,,,31.0834,0.04059999999999997,0.36263918918918914,44.31142771759781,48.1647,,0.0,1.0,0.9509180571924819,,,,0.9285217332206834,0.5,0.5,0.7007022689235323,0.983639352397494,0.5460854053302566
robot_2,hospital,robot_anomaly_hospital,2026-04-24 02:36:51.147000+00:00,,,,,,,,,,,,,22.3152,0.02959999999999996,0.233068918918919,38.92765711090124,57.7529,,0.0,1.0,0.9420166242788909,,,,0.878204519153282,0.5,0.5,0.7835704522826955,0.9806722080929636,0.5660606650939147
robot_5,lab,robot_anomaly_lab,2026-04-24 11:39:30.809000+00:00,,,,,,,,,,,,,29.7725,0.022299999999999986,0.4438486486486486,44.31142771759781,42.1552,,0.0,1.0,0.9909124744122573,,,,0.9016867983097114,0.5,0.5,0.6728854041888923,0.9969708248040857,0.5424640572482444
robot_3,lab,robot_anomaly_lab,2026-04-17 08:12:31.551000+00:00,,,,,,,,,,,,,41.0859,0.02180000000000004,0.27241216216216213,25.56989703262559,54.8415,,0.0,1.0,0.9081942807518144,,,,0.9229379605362251,0.5,0.5,0.8220806646318414,0.9693980935839382,0.5728696895539449
robot_1,hospital,robot_anomaly_hospital,2026-04-15 10:52:54.122000+00:00,,,,,,,,,,,,,41.0736,0.05789999999999995,0.3469202702702703,39.72338368547231,49.3279,,0.0,1.0,0.980894485453756,,,,0.9678589953695376,0.5,0.5,0.7195669129393361,0.993631495151252,0.553299602022647
robot_4,outdoor,robot_anomaly_outdoor,2026-04-26 17:27:15.147000+00:00,,,,,,,,,,,,,287.9767,0.03080000000000005,0.9213270270270271,47.74265761291576,6.8218,,1.0,0.0,0.978785435146703,,,,0.5858418077418661,0.5,0.5,0.3468932992947019,0.3262618117155677,0.29328877775256745
robot_5,hospital,robot_anomaly_hospital,2026-04-12 20:02:42.628000+00:00,,,,,,,,,,,,,25.6462,0.03090000000000004,0.364381081081081,33.69562591427044,48.0358,,0.0,1.0,0.9974722411761057,,,,0.9319279435627517,0.5,0.5,0.753153525334419,0.9991574137253686,0.5630777347649469
robot_5,lab,robot_anomaly_lab,2026-05-03 04:56:04.957000+00:00,,,,,,,,,,,,,42.0172,0.06820000000000004,0.46101486486486487,44.31142771759781,40.8849,,0.0,1.0,0.9845543080454067,,,,0.9253932218908497,0.5,0.5,0.6502399643467041,0.9948514360151356,0.5362728500904599
robot_4,warehouse,robot_anomaly_warehouse,2026-04-16 13:21:36.615000+00:00,,,,,,,,,,,,,30.6153,0.04469999999999996,0.3601243243243243,44.033102772410636,48.3508,,0.0,1.0,0.9125364431486881,,,,0.9041386966946758,0.5,0.5,0.7022811098544033,0.9708454810495627,0.5432816477259914
robot_5,hospital,robot_anomaly_hospital,2026-05-09 15:50:04.894000+00:00,,,,,,,,,,,,,33.0587,0.037699999999999956,0.43608918918918926,33.69562591427044,42.7294,,1.0,0.0,0.3878326406550463,,,,0.6108347070926053,0.5,0.5,0.7195865419903955,0.12927754688501544,0.3372160222188528
robot_3,lab,robot_anomaly_lab,2026-04-25 02:37:00.039000+00:00,,,,,,,,,,,,,36.8297,0.06999999999999995,0.5018,25.56989703262559,37.8668,,1.0,0.0,0.9728614850195397,,,,0.5886630702567771,0.5,0.5,0.721539365419658,0.3242871616731799,0.38645663177320944
robot_3,hospital,robot_anomaly_hospital,2026-04-16 17:49:57.920000+00:00,,,,,,,,,,,,,48.5447,0.043300000000000005,0.43245135135135127,37.431302275652754,42.9986,,1.0,0.0,0.9943862043297562,,,,0.5943501721995057,0.5,0.5,0.6956799328666646,0.33146206810991874,0.3817855002441458
robot_2,warehouse,robot_anomaly_warehouse,2026-04-26 18:24:05.090000+00:00,,,,,,,,,,,,,44.7108,0.08250000000000002,0.2551108108108108,58.39748493129811,56.1218,,0.0,1.0,0.9138545995905961,,,,0.8763416631282815,0.5,0.5,0.6638179338674863,0.9712848665301986,0.5337757000994212
robot_1,outdoor,robot_anomaly_outdoor,2026-05-06 20:19:42.297000+00:00,,,,,,,,,,,,,48.2625,0.06159999999999999,0.2242527027027027,32.28341037492993,58.4053,,0.0,1.0,0.9952856522548229,,,,0.8695988029701469,0.5,0.5,0.7985444682275807,0.9984285507516076,0.5742432547447971
robot_1,lab,robot_anomaly_lab,2026-04-19 21:24:52.601000+00:00,,,,,,,,,,,,,33.0641,0.042100000000000026,0.3040581081081082,49.14167586402035,52.4997,,0.0,1.0,0.9633707586378016,,,,0.9276818748337263,0.5,0.5,0.7008244946211787,0.9877902528792672,0.5471536868751115
robot_2,hospital,robot_anomaly_hospital,2026-04-11 15:43:53.849000+00:00,,,,,,,,,,,,,47.3113,0.09560000000000002,0.4006675675675676,38.92765711090124,45.3506,,0.0,1.0,0.9364183363314931,,,,0.8786653341716228,0.5,0.5,0.6904817174163753,0.9788061121104977,0.5423219573817183
robot_1,lab,robot_anomaly_lab,2026-05-02 21:19:26.598000+00:00,,,,,,,,,,,,,28.3151,0.0,0.41709864864864865,49.14167586402035,44.1347,,0.0,1.0,0.9955802989888964,,,,0.9081207713183563,0.5,0.5,0.667132987295405,0.9985267663296321,0.5414149384062593
robot_1,hospital,robot_anomaly_hospital,2026-04-18 23:09:37.164000+00:00,,,,,,,,,,,,,28.0536,0.05020000000000002,0.34465,39.72338368547231,49.4959,,0.0,1.0,0.9553687736492773,,,,0.9043323933235781,0.5,0.5,0.7281091852974264,0.985122924549759,0.5533080274617963
robot_2,hospital,robot_anomaly_hospital,2026-04-14 01:05:06.098000+00:00,,,,,,,,,,,,,26.1964,0.014800000000000035,0.5538445945945946,38.92765711090124,34.0155,,0.0,1.0,0.9557099435518889,,,,0.9048514596568576,0.5,0.5,0.6567872397313602,0.9852366478506296,0.5355059718954974
robot_1,hospital,robot_anomaly_hospital,2026-05-10 15:05:07.107000+00:00,,,,,,,,,,,,,36.0207,0.07389999999999997,0.18016891891891895,39.72338368547231,61.6675,,0.0,1.0,0.9976118106817194,,,,0.9729084589156942,0.5,0.5,0.7850063373102146,0.9992039368939065,0.5710525685510303
robot_4,lab,robot_anomaly_lab,2026-05-08 05:11:51.037000+00:00,,,,,,,,,,,,,18.298,0.0655,0.2749662162162162,53.89857422167088,54.6525,,0.0,1.0,0.996557285528193,,,,0.9260302259279627,0.5,0.5,0.6922309822501558,0.9988524285093977,0.5477708526898883
robot_5,lab,robot_anomaly_lab,2026-04-18 06:24:12.515000+00:00,,,,,,,,,,,,,41.2843,0.016900000000000026,0.28938648648648646,44.31142771759781,53.5854,,0.0,1.0,0.9664412877613051,,,,0.931868331990467,0.5,0.5,0.7306360412659043,0.9888137625871017,0.5548624509632516
robot_2,outdoor,robot_anomaly_outdoor,2026-05-07 02:13:25.616000+00:00,,,,,,,,,,,,,27.2948,0.031100000000000017,0.15032162162162166,50.074809997698374,63.8762,,0.0,1.0,0.9325414056199988,,,,0.9020466128844639,0.5,0.5,0.7631250750786662,0.9775138018733328,0.5601597192379997
robot_4,hospital,robot_anomaly_hospital,2026-04-23 05:40:16.355000+00:00,,,,,,,,,,,,,17.807,0.07769999999999999,0.4464891891891891,41.58712541309663,41.9598,,0.0,1.0,0.9902301346070344,,,,0.9256634966726583,0.5,0.5,0.6773984312603082,0.9967433782023448,0.5435354523656633
robot_1,warehouse,robot_anomaly_warehouse,2026-04-12 07:13:28.057000+00:00,,,,,,,,,,,,,33.0357,0.014399999999999968,0.22096216216216213,45.61617786488777,58.6488,,0.0,1.0,0.9425128714099622,,,,0.8977602133685689,0.5,0.5,0.7563501320582654,0.9808376238033207,0.5592969389653966
robot_4,lab,robot_anomaly_lab,2026-05-01 07:38:51.811000+00:00,,,,,,,,,,,,,32.1567,0.062100000000000044,0.26762027027027024,53.89857422167088,55.1961,,1.0,0.0,0.4011227591340488,,,,0.6193263496028508,0.5,0.5,0.689622901449674,0.13370758637801627,0.33083262195692253
robot_1,warehouse,robot_anomaly_warehouse,2026-04-29 21:25:04.644000+00:00,,,,,,,,,,,,,41.706,0.07830000000000004,0.4844972972972973,45.61617786488777,39.1472,,0.0,1.0,0.9732646858135351,,,,0.8541132274833394,0.5,0.5,0.632778715024053,0.9910882286045117,0.5309667359071412
robot_2,outdoor,robot_anomaly_outdoor,2026-05-06 01:15:44.838000+00:00,,,,,,,,,,,,,29.3084,0.040100000000000025,0.4487148648648649,50.074809997698374,41.7951,,0.0,1.0,0.8941752992990509,,,,0.8644048304176509,0.5,0.5,0.6408500145767435,0.9647250997663503,0.5263937785857735
robot_2,outdoor,robot_anomaly_outdoor,2026-04-16 09:55:52.425000+00:00,,,,,,,,,,,,,42.4922,0.6526000000000001,0.1825445945945946,50.074809997698374,61.4917,,1.0,0.0,0.976025060480119,,,,0.5460567480575469,0.5,0.5,0.6050749296189534,0.32534168682670633,0.3576041541114149
robot_3,warehouse,robot_anomaly_warehouse,2026-04-18 18:52:30.135000+00:00,,,,,,,,,,,,,34.0164,0.0635,0.1804851351351351,41.50002108112327,61.6441,,0.0,1.0,0.9845232925997146,,,,0.9130188869731202,0.5,0.5,0.779985019827204,0.9948410975332381,0.5687065293401106
robot_1,outdoor,robot_anomaly_outdoor,2026-04-22 03:18:26.532000+00:00,,,,,,,,,,,,,42.6905,0.03610000000000002,0.25056486486486484,32.28341037492993,56.4582,,0.0,1.0,0.9942156193784505,,,,0.9125242753683613,0.5,0.5,0.796226021341877,0.9980718731261501,0.5735744736170068
robot_2,lab,robot_anomaly_lab,2026-05-03 16:50:52.849000+00:00,,,,,,,,,,,,,20.4984,0.04269999999999996,0.3690743243243244,14.63679636698148,47.6885,,0.0,1.0,0.9923391849140872,,,,0.9432788901961564,0.5,0.5,0.8380973362074442,0.9974463949713623,0.5838859327947017
robot_5,hospital,robot_anomaly_hospital,2026-04-15 23:09:22.614000+00:00,,,,,,,,,,,,,39.2453,0.02529999999999999,0.35930675675675683,33.69562591427044,48.4113,,0.0,1.0,0.9402022207059115,,,,0.9552768313982941,0.5,0.5,0.7502442371283091,0.9800674069019705,0.5575779110075698
robot_2,hospital,robot_anomaly_hospital,2026-05-04 00:50:28.564000+00:00,,,,,,,,,,,,,52.1041,0.07230000000000003,0.31233243243243247,38.92765711090124,51.8874,,0.0,1.0,0.9732026549221512,,,,0.9363154897590766,0.5,0.5,0.7288190240782677,0.9910675516407171,0.5549716439297463
robot_5,outdoor,robot_anomaly_outdoor,2026-04-12 09:31:27.036000+00:00,,,,,,,,,,,,,33.6496,0.029299999999999993,0.44663783783783784,26.119861519645806,41.9488,,1.0,0.0,0.966518826375535,,,,0.5795146099823179,0.5,0.5,0.751590490387576,0.32217294212517833,0.39344085812818863
robot_5,hospital,robot_anomaly_hospital,2026-04-15 12:05:56.740000+00:00,,,,,,,,,,,,,37.5567,0.028200000000000003,0.33440945945945943,33.69562591427044,50.2537,,0.0,1.0,0.915932634451957,,,,0.8858344692362745,0.5,0.5,0.760326021602021,0.971977544817319,0.5580758916048351
robot_5,warehouse,robot_anomaly_warehouse,2026-04-24 02:51:09.234000+00:00,,,,,,,,,,,,,45.7055,0.01849999999999996,0.3070675675675676,31.857120950670687,52.277,,0.0,1.0,0.9334408535450655,,,,0.8727773362531795,0.5,0.5,0.7781170561199862,0.9778136178483551,0.5639826684920852
robot_4,outdoor,robot_anomaly_outdoor,2026-04-21 19:14:29.712000+00:00,,,,,,,,,,,,,42.043,0.03380000000000005,0.4154878378378378,47.74265761291576,44.2539,,0.0,1.0,0.9969759940450345,,,,0.9210400255592758,0.5,0.5,0.6604093470074536,0.9989919980150116,0.5398503362556163
robot_2,lab,robot_anomaly_lab,2026-05-07 07:52:14.471000+00:00,,,,,,,,,,,,,28.5444,0.011800000000000033,0.06464864864864872,14.63679636698148,70.216,,0.0,1.0,0.9506079027355623,,,,0.9062892091695163,0.5,0.5,0.9630819220936528,0.9835359675785208,0.6116544724180434
robot_4,hospital,robot_anomaly_hospital,2026-04-18 23:20:01.918000+00:00,,,,,,,,,,,,,57.3292,0.08340000000000003,0.4667851351351351,41.58712541309663,40.4579,,0.0,1.0,0.998666335835246,,,,0.8966097129401922,0.5,0.5,0.6500378943025537,0.9995554452784153,0.5373983348952422
robot_1,outdoor,robot_anomaly_outdoor,2026-04-30 20:50:44.505000+00:00,,,,,,,,,,,,,27.8623,0.02849999999999997,0.07574729729729734,32.28341037492993,69.3947,,0.0,1.0,0.956997084548105,,,,0.9149226564558972,0.5,0.5,0.8745873158908661,0.9856656948493683,0.5900632526850587
robot_1,warehouse,robot_anomaly_warehouse,2026-05-02 19:56:36.319000+00:00,,,,,,,,,,,,,62.9144,0.07630000000000003,0.30947837837837844,45.61617786488777,52.0986,,0.0,1.0,0.9584858259413188,,,,0.8445001287857554,0.5,0.5,0.6935858452022582,0.9861619419804396,0.5449369467956744
robot_4,lab,robot_anomaly_lab,2026-05-01 05:41:49.598000+00:00,,,,,,,,,,,,,27.2834,0.05489999999999995,0.5138202702702703,53.89857422167088,36.9773,,0.0,1.0,0.9794367595062341,,,,0.9031478682453968,0.5,0.5,0.5949608216193846,0.9931455865020781,0.5220266020303657
robot_5,lab,robot_anomaly_lab,2026-05-05 08:11:19.276000+00:00,,,,,,,,,,,,,35.1539,0.09930000000000005,0.33794189189189194,44.31142771759781,49.9923,,0.0,1.0,0.9196699956578376,,,,0.8943477061862624,0.5,0.5,0.6956724711685682,0.9732233318859459,0.5422239507636285
robot_4,warehouse,robot_anomaly_warehouse,2026-04-21 16:38:27.523000+00:00,,,,,,,,,,,,,23.7019,0.05879999999999996,0.19426351351351356,44.033102772410636,60.6245,,0.0,1.0,0.948049128465976,,,,0.8853417654119953,0.5,0.5,0.7686330960294528,0.9826830428219919,0.5628290347128612
robot_2,outdoor,robot_anomaly_outdoor,2026-04-11 20:37:41.250000+00:00,,,,,,,,,,,,,15.8705,0.011900000000000022,0.5012081081081081,50.074809997698374,37.9106,,0.0,1.0,0.9412877613051299,,,,0.9214819190568146,0.5,0.5,0.6322370531236671,0.9804292537683766,0.5281665767230109
robot_5,hospital,robot_anomaly_hospital,2026-04-17 15:36:40.788000+00:00,,,,,,,,,,,,,23.6359,0.0,0.3571635135135136,33.69562591427044,48.5699,,0.0,1.0,0.97270640779108,,,,0.9512194372878291,0.5,0.5,0.7638283529704022,0.99090213593036,0.5636826222251905
robot_1,outdoor,robot_anomaly_outdoor,2026-04-29 14:02:57.501000+00:00,,,,,,,,,,,,,42.5431,0.0524,0.4747202702702703,32.28341037492993,39.8707,,0.0,1.0,0.9737454252217604,,,,0.9314210722945058,0.5,0.5,0.7030050468669048,0.9912484750739202,0.5485633804852063
robot_2,warehouse,robot_anomaly_warehouse,2026-04-29 12:50:19.889000+00:00,,,,,,,,,,,,,48.0727,0.06930000000000003,0.20821351351351358,58.39748493129811,59.5922,,0.0,1.0,0.9515383661063209,,,,0.9093304645109364,0.5,0.5,0.6839841704688511,0.9838461220354403,0.5419575731260728
robot_3,hospital,robot_anomaly_hospital,2026-04-25 20:28:07.824000+00:00,,,,,,,,,,,,,23.0414,0.0706,0.5177702702702702,37.431302275652754,36.685,,0.0,1.0,0.9612306928850568,,,,0.9605760657979632,0.5,0.5,0.6670782217804215,0.9870768976283523,0.5385387798521934
robot_5,hospital,robot_anomaly_hospital,2026-04-29 07:43:22.938000+00:00,,,,,,,,,,,,,52.1609,0.08740000000000003,0.3856175675675676,33.69562591427044,46.4643,,0.0,1.0,0.9801190993114571,,,,0.8716435466761169,0.5,0.5,0.7200322385468847,0.993373033103819,0.5533513179126759
robot_2,warehouse,robot_anomaly_warehouse,2026-05-05 00:05:46.608000+00:00,,,,,,,,,,,,,27.4183,0.0,0.3727513513513513,58.39748493129811,47.4164,,1.0,0.0,0.9546399106755165,,,,0.7601893475723035,0.5,0.5,0.6429778248966598,0.31821330355850547,0.3652977821137913
robot_1,warehouse,robot_anomaly_warehouse,2026-04-18 01:56:05.545000+00:00,,,,,,,,,,,,,34.7135,0.08240000000000003,0.31602027027027024,45.61617786488777,51.6145,,0.0,1.0,0.909140251845419,,,,0.8644654460777493,0.5,0.5,0.7024376080886515,0.9697134172818064,0.5430377563426145
robot_1,outdoor,robot_anomaly_outdoor,2026-05-09 21:28:13.690000+00:00,,,,,,,,,,,,,39.6674,0.09530000000000005,0.5385932432432432,32.28341037492993,35.1441,,0.0,1.0,0.9626263879411947,,,,0.8984828988125603,0.5,0.5,0.6692208154423402,0.9875421293137316,0.539190736189018
robot_3,lab,robot_anomaly_lab,2026-04-21 09:01:37.337000+00:00,,,,,,,,,,,,,63.3856,0.0494,0.38820675675675675,25.56989703262559,46.2727,,0.0,1.0,0.976025060480119,,,,0.8549962795678322,0.5,0.5,0.7594817170738101,0.992008353493373,0.5628725176417958
robot_3,warehouse,robot_anomaly_warehouse,2026-04-28 21:30:05.153000+00:00,,,,,,,,,,,,,17.6565,0.09789999999999999,0.3156851351351352,41.50002108112327,51.6393,,1.0,0.0,0.9251442218224676,,,,0.6654765597161595,0.5,0.5,0.7256932101847073,0.30838140727415586,0.38351865436471577
robot_5,hospital,robot_anomaly_hospital,2026-05-06 05:50:25.093000+00:00,,,,,,,,,,,,,34.3184,0.0847,0.2522743243243244,33.69562591427044,56.3317,,0.0,1.0,0.9985112586067861,,,,0.8683799341856627,0.5,0.5,0.7820846920952624,0.9995037528689288,0.5703971112410477
robot_1,hospital,robot_anomaly_hospital,2026-05-01 12:55:42.189000+00:00,,,,,,,,,,,,,53.5225,0.06330000000000002,0.2683797297297298,39.72338368547231,55.1399,,0.0,1.0,0.98222814961851,,,,0.9639921173386936,0.5,0.5,0.7441203170905561,0.9940760498728367,0.5595490917408482
robot_4,outdoor,robot_anomaly_outdoor,2026-04-13 01:09:39.459000+00:00,,,,,,,,,,,,,31.9079,0.07489999999999997,0.24899594594594598,47.74265761291576,56.5743,,1.0,0.0,0.9328515600769183,,,,0.582419661056429,0.5,0.5,0.7224729502458443,0.31095052002563944,0.383355867567871
robot_3,warehouse,robot_anomaly_warehouse,2026-04-20 01:44:04.592000+00:00,,,,,,,,,,,,,195.8359,0.0,0.8215189189189189,41.50002108112327,14.2076,,1.0,0.0,0.9670305812294523,,,,0.6945681710360251,0.5,0.5,0.4641031689981065,0.3223435270764841,0.32161167401864765
robot_1,hospital,robot_anomaly_hospital,2026-04-29 21:25:01.040000+00:00,,,,,,,,,,,,,37.1934,0.05520000000000003,0.18303648648648652,39.72338368547231,61.4553,,0.0,1.0,0.9580205942559394,,,,0.9299790856929555,0.5,0.5,0.7874856956164313,0.9860068647519799,0.5683731400921028
robot_5,hospital,robot_anomaly_hospital,2026-05-05 13:10:53.967000+00:00,,,,,,,,,,,,,50.0768,0.040100000000000025,0.28134729729729724,33.69562591427044,54.1803,,0.0,1.0,0.9828639662551951,,,,0.9096619438244927,0.5,0.5,0.7732098031584759,0.9942879887517316,0.5668744479775518
robot_3,outdoor,robot_anomaly_outdoor,2026-04-11 23:16:38.016000+00:00,,,,,,,,,,,,,31.9721,0.06279999999999997,0.3372783783783784,34.9320233150912,50.0414,,0.0,1.0,0.9587959803982383,,,,0.9265827477283567,0.5,0.5,0.74837095598726,0.9862653267994128,0.5586590706966682
robot_3,warehouse,robot_anomaly_warehouse,2026-05-07 02:08:40.435000+00:00,,,,,,,,,,,,,31.3702,0.04390000000000005,0.3545675675675676,41.50002108112327,48.762,,0.0,1.0,0.9986198126667081,,,,0.9449336511049047,0.5,0.5,0.7159154224436435,0.9995399375555692,0.5538638399998032
robot_1,hospital,robot_anomaly_hospital,2026-04-12 01:52:17.677000+00:00,,,,,,,,,,,,,46.1971,0.09430000000000005,0.2823648648648649,39.72338368547231,54.105,,0.0,1.0,0.9627349420011165,,,,0.9174113801426367,0.5,0.5,0.7349619826903616,0.9875783140003721,0.5556350741726834
robot_1,lab,robot_anomaly_lab,2026-05-08 07:30:25.842000+00:00,,,,,,,,,,,,,39.3048,0.07620000000000005,0.20200945945945947,49.14167586402035,60.0513,,0.0,1.0,0.9599745673345326,,,,0.9589932408354823,0.5,0.5,0.7312203952021294,0.9866581891115108,0.55446964607841
robot_3,hospital,robot_anomaly_hospital,2026-05-06 20:52:01.686000+00:00,,,,,,,,,,,,,50.1877,0.11350000000000005,0.5038918918918919,37.431302275652754,37.712,,0.0,1.0,0.9476459276719806,,,,0.894455300113923,0.5,0.5,0.6507408842808051,0.9825486425573269,0.5333223817095329
robot_3,hospital,robot_anomaly_hospital,2026-04-12 14:49:27.007000+00:00,,,,,,,,,,,,,24.958,0.04510000000000003,0.004605405405405438,37.431302275652754,74.6592,,0.0,1.0,0.9471031573723714,,,,0.886904311932937,0.5,0.5,0.8771448599695507,0.9823677191241238,0.5898781447734186
robot_2,hospital,robot_anomaly_hospital,2026-04-26 22:34:00.829000+00:00,,,,,,,,,,,,,31.1594,0.07989999999999997,0.37426621621621625,38.92765711090124,47.3043,,0.0,1.0,0.9560666211773463,,,,0.8888954821264171,0.5,0.5,0.7118803302126983,0.9853555403924488,0.5493089676512868
robot_5,hospital,robot_anomaly_hospital,2026-05-03 23:57:05.268000+00:00,,,,,,,,,,,,,36.6486,0.042300000000000004,0.2327945945945945,33.69562591427044,57.7732,,0.0,1.0,0.9761956454314249,,,,0.9386596644536731,0.5,0.5,0.7982484907663353,0.9920652151438083,0.5725784264775359
robot_2,lab,robot_anomaly_lab,2026-05-04 17:22:10.661000+00:00,,,,,,,,,,,,,34.1192,0.09340000000000004,0.26165405405405406,14.63679636698148,55.6376,,0.0,1.0,0.9870665591464549,,,,0.8924459880716867,0.5,0.5,0.863592922733331,0.9956888530488183,0.5898204439455372
robot_1,outdoor,robot_anomaly_outdoor,2026-04-28 14:14:07.453000+00:00,,,,,,,,,,,,,32.442,0.050799999999999956,0.27495945945945943,32.28341037492993,54.653,,0.0,1.0,0.9806928850567582,,,,0.9301222237588327,0.5,0.5,0.7878591421555791,0.9935642950189193,0.5703558592936245
robot_4,warehouse,robot_anomaly_warehouse,2026-05-09 17:16:39.560000+00:00,,,,,,,,,,,,,23.7334,0.04500000000000004,0.3756959459459459,44.033102772410636,47.1985,,0.0,1.0,0.9763352149370387,,,,0.9427368568828651,0.5,0.5,0.6991155336362069,0.9921117383123462,0.5478068179871383
robot_2,hospital,robot_anomaly_hospital,2026-04-20 17:05:22.580000+00:00,,,,,,,,,,,,,62.1125,0.04810000000000003,0.5983459459459459,38.92765711090124,30.7224,,0.0,1.0,0.9049686743998511,,,,0.8556077930088403,0.5,0.5,0.6152450789658026,0.968322891466617,0.5208919926081049
robot_4,lab,robot_anomaly_lab,2026-05-07 22:25:43.078000+00:00,,,,,,,,,,,,,33.2473,0.02310000000000001,0.2986445945945946,53.89857422167088,52.9003,,0.0,1.0,0.9496619316419577,,,,0.9499699922651492,0.5,0.5,0.6853925218893362,0.9832206438806526,0.5421532914424971
robot_3,lab,robot_anomaly_lab,2026-04-24 23:26:11.212000+00:00,,,,,,,,,,,,,43.6137,0.07320000000000004,0.3604027027027027,25.56989703262559,48.3302,,0.0,1.0,0.9825693195211215,,,,0.9400823550759471,0.5,0.5,0.7743011793233853,0.9941897731737072,0.5671227381242732
robot_4,outdoor,robot_anomaly_outdoor,2026-05-05 17:21:02.299000+00:00,,,,,,,,,,,,,22.7837,0.058699999999999974,0.43474594594594596,47.74265761291576,42.8288,,0.0,1.0,0.9580981328701693,,,,0.8807195526735694,0.5,0.5,0.655926130907938,0.9860327109567231,0.5354897104661653
robot_5,outdoor,robot_anomaly_outdoor,2026-04-11 04:59:45.661000+00:00,,,,,,,,,,,,,36.4145,0.060899999999999954,0.26681891891891885,26.119861519645806,55.2554,,0.0,1.0,0.9360461509831897,,,,0.9118292314448038,0.5,0.5,0.8152313630224025,0.9786820503277299,0.5734783533375332
robot_5,lab,robot_anomaly_lab,2026-04-21 21:58:45.668000+00:00,,,,,,,,,,,,,19.4534,0.07579999999999998,0.5564932432432432,44.31142771759781,33.8195,,0.0,1.0,0.9928044165994665,,,,0.9116929900377722,0.5,0.5,0.6206197799631057,0.9976014721998222,0.529555313040732
robot_5,outdoor,robot_anomaly_outdoor,2026-04-19 03:36:00.205000+00:00,,,,,,,,,,,,,43.2431,0.03759999999999997,0.41393513513513513,26.119861519645806,44.3688,,0.0,1.0,0.9823522114012778,,,,0.9109320779005741,0.5,0.5,0.758462271646585,0.994117403800426,0.5631449188617528
robot_2,outdoor,robot_anomaly_outdoor,2026-04-29 00:25:02.245000+00:00,,,,,,,,,,,,,19.7035,0.027200000000000002,0.2623797297297298,50.074809997698374,55.5839,,0.0,1.0,0.9958904534458161,,,,0.9077294549175823,0.5,0.5,0.7226217985042456,0.9986301511486054,0.5553129874132128
robot_3,hospital,robot_anomaly_hospital,2026-05-09 06:59:45.621000+00:00,,,,,,,,,,,,,37.7378,0.08689999999999998,0.3812081081081081,37.431302275652754,46.7906,,0.0,1.0,0.9889429936108182,,,,0.9516019789535279,0.5,0.5,0.7113934915854064,0.9963143312036061,0.5519269556972531
robot_2,outdoor,robot_anomaly_outdoor,2026-04-22 00:08:41.148000+00:00,,,,,,,,,,,,,38.0568,0.05259999999999998,0.32722027027027034,50.074809997698374,50.7857,,0.0,1.0,0.9339215929532907,,,,0.913969421436426,0.5,0.5,0.6826886263663947,0.9779738643177636,0.5401656226710396
robot_3,lab,robot_anomaly_lab,2026-04-19 02:46:52.821000+00:00,,,,,,,,,,,,,38.5197,0.020000000000000018,0.4294891891891892,25.56989703262559,43.2178,,1.0,0.0,0.9408380373425966,,,,0.5901483889293576,0.5,0.5,0.7608173312964069,0.3136126791141989,0.3936075026026514
robot_1,hospital,robot_anomaly_hospital,2026-04-25 22:39:49.594000+00:00,,,,,,,,,,,,,42.0547,0.06110000000000004,0.16687432432432436,39.72338368547231,62.6513,,1.0,0.0,0.9855157868618573,,,,0.7398778631025416,0.5,0.5,0.790427275835053,0.32850526228728577,0.4047331345305847
robot_1,hospital,robot_anomaly_hospital,2026-05-10 13:23:36.681000+00:00,,,,,,,,,,,,,27.1427,0.07469999999999999,0.38853513513513516,39.72338368547231,46.2484,,0.0,1.0,0.9438930587432541,,,,0.9382433167703976,0.5,0.5,0.7055195033326134,0.9812976862477513,0.5467042973950911
robot_1,outdoor,robot_anomaly_outdoor,2026-05-06 14:37:20.003000+00:00,,,,,,,,,,,,,35.7808,0.04369999999999996,0.5187851351351351,32.28341037492993,36.6099,,0.0,1.0,0.9193598412009181,,,,0.9234109686709588,0.5,0.5,0.6903897827035157,0.9731199470669726,0.540877432442622
robot_5,lab,robot_anomaly_lab,2026-04-14 09:42:12.657000+00:00,,,,,,,,,,,,,28.8153,0.07769999999999999,0.34102162162162164,44.31142771759781,49.7644,,0.0,1.0,0.9710470814465604,,,,0.8902452428309695,0.5,0.5,0.7021281035684439,0.9903490271488534,0.5481192826793244
robot_1,outdoor,robot_anomaly_outdoor,2026-05-05 03:13:44.428000+00:00,,,,,,,,,,,,,38.7644,0.05010000000000003,0.2855081081081081,32.28341037492993,53.8724,,0.0,1.0,0.9723187147199305,,,,0.8946884377707949,0.5,0.5,0.7809200420422696,0.9907729049066435,0.5679232367372283
robot_2,outdoor,robot_anomaly_outdoor,2026-04-23 18:28:47.247000+00:00,,,,,,,,,,,,,299.6427,0.12439999999999996,0.8854662162162162,50.074809997698374,9.4755,,1.0,0.0,0.9694808014391166,,,,0.6052475236951226,0.5,0.5,0.3244525814669096,0.3231602671463722,0.2869032121533205
robot_5,lab,robot_anomaly_lab,2026-05-01 04:05:41.340000+00:00,,,,,,,,,,,,,40.179,0.017199999999999993,0.37547567567567575,44.31142771759781,47.2148,,0.0,1.0,0.9469170646982197,,,,0.8840683646013598,0.5,0.5,0.6966363094136718,0.9823056882327399,0.5447354994116029
robot_1,hospital,robot_anomaly_hospital,2026-04-12 06:28:21.917000+00:00,,,,,,,,,,,,,39.6557,0.01859999999999995,0.2290391891891892,39.72338368547231,58.0511,,0.0,1.0,0.9883071769741332,,,,0.9118915776392467,0.5,0.5,0.776106264746144,0.996102392324711,0.5680521642677138
robot_2,warehouse,robot_anomaly_warehouse,2026-04-20 09:37:15.120000+00:00,,,,,,,,,,,,,32.873,0.4758,0.3250527027027027,58.39748493129811,50.9461,,1.0,0.0,0.9834687674461882,,,,0.6268925865903485,0.5,0.5,0.5537373795141908,0.32782292248206274,0.3453900754990634
robot_3,lab,robot_anomaly_lab,2026-05-04 15:56:33.334000+00:00,,,,,,,,,,,,,31.6725,0.03180000000000005,0.4724067567567568,25.56989703262559,40.0419,,0.0,1.0,0.9424818559642703,,,,0.9640463773391327,0.5,0.5,0.7441394818855287,0.9808272853214234,0.5562416918017381
robot_3,outdoor,robot_anomaly_outdoor,2026-04-21 11:04:16.516000+00:00,,,,,,,,,,,,,33.6045,0.0,0.42347162162162166,34.9320233150912,43.6631,,0.0,1.0,0.9565163451398797,,,,0.9088692246759091,0.5,0.5,0.7271207877698229,0.98550544837996,0.5531565590374458
robot_3,outdoor,robot_anomaly_outdoor,2026-04-12 01:53:49.382000+00:00,,,,,,,,,,,,,30.2459,0.07550000000000001,0.3842135135135135,34.9320233150912,46.5682,,0.0,1.0,0.9694187705477327,,,,0.9695761608774294,0.5,0.5,0.727556909782888,0.9898062568492443,0.5543407916580331
robot_1,hospital,robot_anomaly_hospital,2026-05-10 17:18:41.817000+00:00,,,,,,,,,,,,,28.074,0.04720000000000002,0.028333783783783817,39.72338368547231,72.9033,,0.0,1.0,0.8977885987221637,,,,0.8830488806620858,0.5,0.5,0.8552937281085107,0.9659295329073879,0.5803058152539746
robot_2,lab,robot_anomaly_lab,2026-04-17 00:03:55.243000+00:00,,,,,,,,,,,,,37.713,0.05730000000000002,0.34273783783783784,14.63679636698148,49.6374,,0.0,1.0,0.940605421499907,,,,0.8989577432748028,0.5,0.5,0.8375552444269401,0.9802018071666357,0.579439262898394
robot_3,hospital,robot_anomaly_hospital,2026-04-10 18:49:53.933000+00:00,,,,,,,,,,,,,127.9016,0.041200000000000014,0.904972972972973,37.431302275652754,8.032,,1.0,0.0,0.9307425097698654,,,,0.6828818640679917,0.5,0.5,0.4710478487989471,0.3102475032566218,0.32032383801389225
robot_4,hospital,robot_anomaly_hospital,2026-04-27 08:08:17.442000+00:00,,,,,,,,,,,,,323.8223,0.011800000000000033,0.9154324324324324,41.58712541309663,7.258,,1.0,0.0,0.9770330624651076,,,,0.5963257829449422,0.5,0.5,0.36530813821167263,0.32567768748836917,0.2977464564250104
robot_1,warehouse,robot_anomaly_warehouse,2026-04-12 13:11:33.882000+00:00,,,,,,,,,,,,,43.3886,0.036699999999999955,0.40309729729729726,45.61617786488777,45.1708,,1.0,0.0,0.976087091371503,,,,0.6853272822344175,0.5,0.5,0.6738271868061246,0.325362363790501,0.3747973876491564
robot_5,lab,robot_anomaly_lab,2026-04-19 09:59:32.813000+00:00,,,,,,,,,,,,,19.7566,0.05810000000000004,0.49424189189189194,44.31142771759781,38.4261,,0.0,1.0,0.9962161156255815,,,,0.8853372381084723,0.5,0.5,0.6493196993730607,0.9987387052085271,0.5370146011453969
robot_4,warehouse,robot_anomaly_warehouse,2026-04-11 16:20:17.361000+00:00,,,,,,,,,,,,,37.2833,0.5212,0.24621621621621625,44.033102772410636,56.78,,1.0,0.0,0.9375348923764034,,,,0.6241346598720167,0.5,0.5,0.6388169426567828,0.31251163079213445,0.36283214336222935
robot_1,hospital,robot_anomaly_hospital,2026-05-06 10:19:46.681000+00:00,,,,,,,,,,,,,32.2389,0.06499999999999995,0.2779959459459459,39.72338368547231,54.4283,,0.0,1.0,0.9585323491098567,,,,0.9064828840209088,0.5,0.5,0.7495752014543042,0.9861774497032855,0.5589381627893975
robot_4,lab,robot_anomaly_lab,2026-04-27 21:30:16.470000+00:00,,,,,,,,,,,,,57.3862,0.0,0.3980959459459459,53.89857422167088,45.5409,,0.0,1.0,0.9970225172135724,,,,0.9312114262974281,0.5,0.5,0.63977237007189,0.9990075057378575,0.534694968952437
robot_2,warehouse,robot_anomaly_warehouse,2026-05-03 06:33:53.694000+00:00,,,,,,,,,,,,,39.3015,0.036900000000000044,0.3892527027027026,58.39748493129811,46.1953,,0.0,1.0,0.9543607716642888,,,,0.9598797825019745,0.5,0.5,0.6227647388798273,0.9847869238880963,0.5268879156919809
robot_2,hospital,robot_anomaly_hospital,2026-05-06 19:08:54.295000+00:00,,,,,,,,,,,,,36.618,0.060899999999999954,0.23673108108108099,38.92765711090124,57.4819,,0.0,1.0,0.943334780720799,,,,0.9643814080256521,0.5,0.5,0.7686383269281899,0.9811115935735998,0.5624374801254475
robot_2,outdoor,robot_anomaly_outdoor,2026-04-26 05:37:21.799000+00:00,,,,,,,,,,,,,41.4777,0.06669999999999998,0.25547432432432426,50.074809997698374,56.0949,,1.0,0.0,0.9990230134607034,,,,0.7573565211229036,0.5,0.5,0.7066947505266317,0.33300767115356783,0.38492560542004983
robot_3,outdoor,robot_anomaly_outdoor,2026-04-27 15:28:21.504000+00:00,,,,,,,,,,,,,39.3308,0.046699999999999964,0.3232418918918919,34.9320233150912,51.0801,,0.0,1.0,0.9771106010793376,,,,0.8942672230953352,0.5,0.5,0.7542202609495281,0.9923702003597792,0.5616476153273269
robot_1,outdoor,robot_anomaly_outdoor,2026-04-13 07:14:29.706000+00:00,,,,,,,,,,,,,28.8779,0.4115,0.5640391891891892,32.28341037492993,33.2611,,1.0,0.0,0.9837944296259538,,,,0.6428948427353802,0.5,0.5,0.5936123689794931,0.32793147654198457,0.3553859613803694
robot_3,outdoor,robot_anomaly_outdoor,2026-04-25 18:04:29.704000+00:00,,,,,,,,,,,,,32.0957,0.03159999999999996,0.21507702702702702,34.9320233150912,59.0843,,0.0,1.0,0.9667359344953788,,,,0.9567545267457167,0.5,0.5,0.8041355583326728,0.9889119781651262,0.5732618841244497
robot_3,warehouse,robot_anomaly_warehouse,2026-05-09 17:34:06.191000+00:00,,,,,,,,,,,,,51.7872,0.0343,0.39312297297297294,41.50002108112327,45.9089,,1.0,0.0,0.9721946529371627,,,,0.6719706116927857,0.5,0.5,0.693343321617407,0.32406488431238756,0.37935205148244866
robot_5,outdoor,robot_anomaly_outdoor,2026-05-05 17:25:53.741000+00:00,,,,,,,,,,,,,51.4589,0.03649999999999998,0.2082675675675676,26.119861519645806,59.5882,,0.0,1.0,0.9745828422554432,,,,0.8540953564708346,0.5,0.5,0.8372375402066176,0.9915276140851477,0.5821912885729413
robot_3,outdoor,robot_anomaly_outdoor,2026-04-30 09:05:46.648000+00:00,,,,,,,,,,,,,27.3517,0.06169999999999998,0.3873527027027027,34.9320233150912,46.3359,,0.0,1.0,0.9304323553129459,,,,0.930339525383428,0.5,0.5,0.7306872180632381,0.9768107851043153,0.5518745007918884
robot_5,warehouse,robot_anomaly_warehouse,2026-05-06 20:05:35.399000+00:00,,,,,,,,,,,,,47.8485,0.6313,0.24616756756756752,31.857120950670687,56.7836,,1.0,0.0,0.9290211525339619,,,,0.5446105852756202,0.5,0.5,0.6651883534750002,0.3096737175113206,0.3687155177465802
robot_3,lab,robot_anomaly_lab,2026-04-13 01:17:29.575000+00:00,,,,,,,,,,,,,30.4128,0.07420000000000004,0.3950256756756757,25.56989703262559,45.7681,,0.0,1.0,0.9763972458284226,,,,0.9491737518092538,0.5,0.5,0.7662331569391534,0.9921324152761408,0.5645913930538236
robot_4,outdoor,robot_anomaly_outdoor,2026-04-23 06:55:41.961000+00:00,,,,,,,,,,,,,39.969,0.09409999999999996,0.5546121621621621,47.74265761291576,33.9587,,0.0,1.0,0.9158550958377272,,,,0.8538318763182119,0.5,0.5,0.5922894342647081,0.9719516986125757,0.516060283219321
robot_1,warehouse,robot_anomaly_warehouse,2026-04-12 13:21:11.621000+00:00,,,,,,,,,,,,,41.4783,0.04049999999999998,0.32954864864864863,45.61617786488777,50.6134,,0.0,1.0,0.9372402456423299,,,,0.9439558946864034,0.5,0.5,0.7032701381292259,0.9790800818807766,0.5455875550025007
robot_2,warehouse,robot_anomaly_warehouse,2026-04-30 20:52:09.735000+00:00,,,,,,,,,,,,,25.5175,0.026100000000000012,0.3513216216216216,58.39748493129811,49.0022,,0.0,1.0,0.9574933316791763,,,,0.9189424928844512,0.5,0.5,0.6466083720941613,0.9858311105597254,0.5331098706634717
robot_2,lab,robot_anomaly_lab,2026-04-18 14:11:40.162000+00:00,,,,,,,,,,,,,26.2853,0.05579999999999996,0.3657148648648648,14.63679636698148,47.9371,,0.0,1.0,0.9384343403014701,,,,0.9322573083497847,0.5,0.5,0.8338952819311324,0.9794781134338234,0.578343348841239
robot_4,warehouse,robot_anomaly_warehouse,2026-04-13 08:35:34.717000+00:00,,,,,,,,,,,,,47.993,0.06669999999999998,0.4589486486486487,44.033102772410636,41.0378,,0.0,1.0,0.9843837230941008,,,,0.885744982515489,0.5,0.5,0.6499544272848438,0.9947945743647003,0.536187250412386
robot_3,outdoor,robot_anomaly_outdoor,2026-04-23 17:52:59.665000+00:00,,,,,,,,,,,,,31.0622,0.014399999999999968,0.2153013513513513,34.9320233150912,59.0677,,0.0,1.0,0.9565008374170336,,,,0.9076463307720972,0.5,0.5,0.8083419003154855,0.9855002791390112,0.5734605448636241
robot_2,lab,robot_anomaly_lab,2026-04-26 15:47:00.357000+00:00,,,,,,,,,,,,,45.4942,0.06879999999999997,0.33578108108108107,14.63679636698148,50.1522,,0.0,1.0,0.9909589975807952,,,,0.8988284617737314,0.5,0.5,0.8342410367431692,0.9969863325269318,0.5828068423175252
robot_2,warehouse,robot_anomaly_warehouse,2026-04-18 21:57:11.971000+00:00,,,,,,,,,,,,,43.4432,0.10340000000000005,0.3653432432432433,58.39748493129811,47.9646,,0.0,1.0,0.9590441039637739,,,,0.8651548533257445,0.5,0.5,0.6156523566793582,0.9863480346545913,0.5255000978334874
robot_4,lab,robot_anomaly_lab,2026-05-08 10:21:55.901000+00:00,,,,,,,,,,,,,33.2015,0.05720000000000003,0.38348108108108114,53.89857422167088,46.6224,,0.0,1.0,0.9560045902859624,,,,0.9290869532863022,0.5,0.5,0.6438933934461749,0.9853348634286542,0.5323070642187073
robot_1,outdoor,robot_anomaly_outdoor,2026-04-13 21:13:34.067000+00:00,,,,,,,,,,,,,46.1846,0.06540000000000001,0.28166486486486486,32.28341037492993,54.1568,,0.0,1.0,0.9766918925624961,,,,0.8752858551054455,0.5,0.5,0.7756793177023011,0.9922306308541654,0.5669774871391167
robot_5,lab,robot_anomaly_lab,2026-05-06 03:23:13.967000+00:00,,,,,,,,,,,,,21.2036,0.04610000000000003,0.30790540540540534,44.31142771759781,52.215,,0.0,1.0,0.9401556975373736,,,,0.8938144761931568,0.5,0.5,0.7258655516726508,0.9800518991791245,0.5514793627129438
robot_5,hospital,robot_anomaly_hospital,2026-04-23 15:03:52.115000+00:00,,,,,,,,,,,,,11.3506,0.5358,0.25332027027027026,33.69562591427044,56.2543,,1.0,0.0,0.9843682153712549,,,,0.6876172063438859,0.5,0.5,0.6917670052885356,0.32812273845708495,0.3799724359364052
robot_2,warehouse,robot_anomaly_warehouse,2026-04-12 13:42:40.740000+00:00,,,,,,,,,,,,,225.5162,0.04190000000000005,0.9584608108108108,58.39748493129811,4.0739,,1.0,0.0,0.9557874821661188,,,,0.6259409056819298,0.5,0.5,0.30928105338172796,0.31859582738870623,0.2819692201926085
robot_3,lab,robot_anomaly_lab,2026-04-12 06:59:41.847000+00:00,,,,,,,,,,,,,38.8134,0.06610000000000005,0.23835000000000006,25.56989703262559,57.3621,,0.0,1.0,0.9764437689969605,,,,0.9475733640121125,0.5,0.5,0.8268847365803765,0.9921479229989868,0.5797581648948408
robot_3,lab,robot_anomaly_lab,2026-04-23 15:25:18.167000+00:00,,,,,,,,,,,,,32.3024,0.06000000000000005,0.2805675675675676,25.56989703262559,54.238,,0.0,1.0,0.8747906457415793,,,,0.8713394643065469,0.5,0.5,0.8143157469668839,0.9582635485805264,0.5681448238868526
robot_5,lab,robot_anomaly_lab,2026-04-27 03:46:16.074000+00:00,,,,,,,,,,,,,53.363,0.0262,0.45206891891891887,44.31142771759781,41.5469,,0.0,1.0,0.9682711990571304,,,,0.8835736659192157,0.5,0.5,0.6580010845604464,0.9894237330190435,0.5368562043948725
robot_1,warehouse,robot_anomaly_warehouse,2026-05-10 12:07:48.147000+00:00,,,,,,,,,,,,,27.7645,0.04820000000000002,0.08229864864864878,45.61617786488777,68.9099,,0.0,1.0,0.9013243595310465,,,,0.8949511897230538,0.5,0.5,0.8066941864530868,0.9671081198436822,0.5684505765741923
robot_4,outdoor,robot_anomaly_outdoor,2026-04-16 02:08:52.395000+00:00,,,,,,,,,,,,,43.4906,0.10540000000000005,0.2051472972972973,47.74265761291576,59.8191,,0.0,1.0,0.9770795856336456,,,,0.8544561927064986,0.5,0.5,0.7279601739039101,0.9923598618778818,0.555080008945448
robot_3,outdoor,robot_anomaly_outdoor,2026-04-15 07:30:52.004000+00:00,,,,,,,,,,,,,26.486,0.019499999999999962,0.39439054054054057,34.9320233150912,45.8151,,0.0,1.0,0.9759320141430432,,,,0.8938307671579453,0.5,0.5,0.7376529578793212,0.9919773380476812,0.5574075739817506
robot_4,lab,robot_anomaly_lab,2026-04-13 13:49:34.081000+00:00,,,,,,,,,,,,,21.5608,0.09640000000000004,0.399781081081081,53.89857422167088,45.4162,,0.0,1.0,0.9805688232739904,,,,0.9314178510516558,0.5,0.5,0.6339476136718698,0.9935229410913301,0.5318676386908
robot_4,warehouse,robot_anomaly_warehouse,2026-04-27 19:22:21.510000+00:00,,,,,,,,,,,,,25.5431,0.06789999999999996,0.3638445945945946,44.033102772410636,48.0755,,0.0,1.0,0.9454438310278519,,,,0.9293075501802951,0.5,0.5,0.6979390613842542,0.9818146103426173,0.5449384179317178
robot_3,warehouse,robot_anomaly_warehouse,2026-05-04 23:22:10.383000+00:00,,,,,,,,,,,,,16.2811,0.05510000000000004,0.3622581081081081,41.50002108112327,48.1929,,0.0,1.0,0.9363718131629551,,,,0.913950993458079,0.5,0.5,0.7172101682121943,0.9787906043876516,0.5490001931499615
robot_1,hospital,robot_anomaly_hospital,2026-05-10 02:15:33.767000+00:00,,,,,,,,,,,,,51.6126,0.0,0.3544270270270271,39.72338368547231,48.7724,,0.0,1.0,0.996541777805347,,,,0.9677286426586644,0.5,0.5,0.7246507452683214,0.998847259268449,0.5558745011341926
robot_3,warehouse,robot_anomaly_warehouse,2026-04-13 13:16:10.218000+00:00,,,,,,,,,,,,,41.6675,0.029100000000000015,0.31335270270270266,41.50002108112327,51.8119,,0.0,1.0,0.9926028162024688,,,,0.936452962900767,0.5,0.5,0.7310104605482585,0.9975342720674897,0.5571361831539371
robot_3,hospital,robot_anomaly_hospital,2026-04-11 18:37:07.389000+00:00,,,,,,,,,,,,,29.6458,0.06540000000000001,0.42104864864864866,37.431302275652754,43.8424,,0.0,1.0,0.9775293095961789,,,,0.898544186991496,0.5,0.5,0.7039199805482019,0.992509769865393,0.5491074376033986
robot_3,hospital,robot_anomaly_hospital,2026-04-11 04:56:01.369000+00:00,,,,,,,,,,,,,46.3168,0.06889999999999996,0.2850608108108108,37.431302275652754,53.9055,,0.0,1.0,0.9467774951926059,,,,0.9226300526522329,0.5,0.5,0.7499547878906767,0.982259165064202,0.5580534882387196
robot_3,outdoor,robot_anomaly_outdoor,2026-04-14 19:40:02.624000+00:00,,,,,,,,,,,,,36.8573,0.03090000000000004,0.38067027027027034,34.9320233150912,46.8304,,0.0,1.0,0.9693877551020408,,,,0.8525131721233009,0.5,0.5,0.7358884535584498,0.9897959183673469,0.5564210929814493
robot_1,warehouse,robot_anomaly_warehouse,2026-04-11 20:00:02.600000+00:00,,,,,,,,,,,,,25.5991,0.056400000000000006,0.26183918918918925,45.61617786488777,55.6239,,0.0,1.0,0.9810030395136778,,,,0.8835073237470736,0.5,0.5,0.7340387219958733,0.9936676798378926,0.5569266004584414
robot_1,outdoor,robot_anomaly_outdoor,2026-04-16 13:36:06.953000+00:00,,,,,,,,,,,,,30.8409,0.006800000000000028,0.35838378378378377,32.28341037492993,48.4796,,0.0,1.0,0.9244773897400905,,,,0.9335126858305409,0.5,0.5,0.7650051389040119,0.9748257965800301,0.5599577338710104
robot_4,warehouse,robot_anomaly_warehouse,2026-04-23 17:42:09.538000+00:00,,,,,,,,,,,,,18.6567,0.043300000000000005,0.398358108108108,44.033102772410636,45.5215,,1.0,0.0,0.9209726443768997,,,,0.6850287652268156,0.5,0.5,0.6927376471610319,0.3069908814589666,0.37493213215499965
robot_3,warehouse,robot_anomaly_warehouse,2026-04-22 01:49:27.761000+00:00,,,,,,,,,,,,,35.2216,0.0534,0.30280540540540546,41.50002108112327,52.5924,,0.0,1.0,0.9975187643446436,,,,0.9664450707731381,0.5,0.5,0.732755492305708,0.9991729214482145,0.5579821034384806
robot_3,lab,robot_anomaly_lab,2026-05-10 04:35:38.106000+00:00,,,,,,,,,,,,,44.2118,0.04510000000000003,0.4484743243243243,25.56989703262559,41.8129,,0.0,1.0,0.9977513801873333,,,,0.8249711584808972,0.5,0.5,0.7450512170860286,0.9992504600624444,0.5610754192871183
robot_4,warehouse,robot_anomaly_warehouse,2026-04-15 20:55:00.936000+00:00,,,,,,,,,,,,,34.9048,0.8527,0.3015,44.033102772410636,52.689,,1.0,0.0,0.941241238136592,,,,0.5454768423834304,0.5,0.5,0.5440447354289047,0.313747079378864,0.33944795370194214
robot_3,outdoor,robot_anomaly_outdoor,2026-05-01 14:25:01.126000+00:00,,,,,,,,,,,,,37.3676,0.055300000000000016,0.35737432432432437,34.9320233150912,48.5543,,0.0,1.0,0.989036039947894,,,,0.8913073507543217,0.5,0.5,0.7395471037265838,0.996345346649298,0.5589731125939704
robot_1,hospital,robot_anomaly_hospital,2026-04-11 11:40:00.445000+00:00,,,,,,,,,,,,,40.6304,0.3275,0.3706067567567568,39.72338368547231,47.5751,,1.0,0.0,0.9680540909372868,,,,0.6067698785267337,0.5,0.5,0.6503227982119271,0.3226846969790956,0.36825187379775565
robot_1,warehouse,robot_anomaly_warehouse,2026-04-29 04:23:13.473000+00:00,,,,,,,,,,,,,21.0227,0.02100000000000002,0.2060283783783784,45.61617786488777,59.7539,,1.0,0.0,0.0,,,,0.4771066078425924,0.5,0.5,0.7663188795263267,0.0,0.3165797198815817
robot_3,outdoor,robot_anomaly_outdoor,2026-04-24 22:10:57.151000+00:00,,,,,,,,,,,,,187.463,0.011900000000000022,0.901008108108108,34.9320233150912,8.3254,,1.0,0.0,0.9954097140375907,,,,0.6204274923997211,0.5,0.5,0.4634860955835178,0.33180323801253025,0.323822333399012
robot_4,outdoor,robot_anomaly_outdoor,2026-04-14 02:26:42.981000+00:00,,,,,,,,,,,,,51.585,0.05689999999999995,0.4099810810810811,47.74265761291576,44.6614,,0.0,1.0,0.8856305440109175,,,,0.8241625480497549,0.5,0.5,0.6531339904023203,0.9618768480036392,0.5287527096014899
robot_2,hospital,robot_anomaly_hospital,2026-04-28 09:35:46.386000+00:00,,,,,,,,,,,,,18.3801,0.020000000000000018,0.30191486486486485,38.92765711090124,52.6583,,0.0,1.0,0.9973791948390298,,,,0.9271626696918307,0.5,0.5,0.7599571791329737,0.9991263982796766,0.5647708943531626
robot_3,hospital,robot_anomaly_hospital,2026-05-03 02:12:58.176000+00:00,,,,,,,,,,,,,39.1421,0.45999999999999996,0.1595743243243244,37.431302275652754,63.1915,,1.0,0.0,0.9784287575212456,,,,0.5833148728873596,0.5,0.5,0.7164142410343387,0.32614291917374855,0.3856392900520218
robot_4,hospital,robot_anomaly_hospital,2026-04-24 02:17:51.781000+00:00,,,,,,,,,,,,,28.3695,0.0978,0.37862837837837837,41.58712541309663,46.9815,,1.0,0.0,0.9817939333788227,,,,0.7004027577268229,0.5,0.5,0.6952679190799683,0.32726464445960757,0.380633140884894
robot_2,hospital,robot_anomaly_hospital,2026-04-20 22:03:47.559000+00:00,,,,,,,,,,,,,36.0503,0.01419999999999999,0.2733594594594595,38.92765711090124,54.7714,,0.0,1.0,0.993207617393462,,,,0.9244885585319811,0.5,0.5,0.7646333246923566,0.9977358724644874,0.565592299289211
robot_4,hospital,robot_anomaly_hospital,2026-04-24 18:35:15.810000+00:00,,,,,,,,,,,,,46.6584,0.07430000000000003,0.2532189189189189,41.58712541309663,56.2618,,0.0,1.0,0.9963711928540413,,,,0.9677424365891604,0.5,0.5,0.7423415795029399,0.9987903976180137,0.5602829942802384
robot_5,warehouse,robot_anomaly_warehouse,2026-04-18 10:11:25.835000+00:00,,,,,,,,,,,,,34.8699,0.019199999999999995,0.5825945945945945,31.857120950670687,31.888,,0.0,1.0,0.9949444823522114,,,,0.9325903633292416,0.5,0.5,0.672678435356986,0.9983148274507371,0.5427483157019307
robot_2,lab,robot_anomaly_lab,2026-05-06 11:33:55.747000+00:00,,,,,,,,,,,,,29.2768,0.05740000000000001,0.34412162162162163,14.63679636698148,49.535,,0.0,1.0,0.9237485267663297,,,,0.9095076472132535,0.5,0.5,0.840816169331904,0.9745828422554433,0.5788497528968368
robot_4,hospital,robot_anomaly_hospital,2026-05-02 21:05:47.884000+00:00,,,,,,,,,,,,,35.2576,0.07040000000000002,0.4274837837837838,41.58712541309663,43.3662,,0.0,1.0,0.9715743440233237,,,,0.9182184143393398,0.5,0.5,0.6786881152741844,0.9905247813411079,0.542303224153823
robot_5,outdoor,robot_anomaly_outdoor,2026-04-12 05:16:54.438000+00:00,,,,,,,,,,,,,31.6629,0.07950000000000002,0.21677027027027018,26.119861519645806,58.959,,0.0,1.0,0.9620836176415855,,,,0.8809984956398047,0.5,0.5,0.8332743225410464,0.9873612058805286,0.5801588821053938
robot_2,outdoor,robot_anomaly_outdoor,2026-04-12 01:42:49.527000+00:00,,,,,,,,,,,,,42.8974,0.05779999999999996,0.3769310810810811,50.074809997698374,47.1071,,0.0,1.0,0.9474908504435209,,,,0.880444425935357,0.5,0.5,0.6594461427751318,0.9824969501478403,0.535485773230743
robot_2,hospital,robot_anomaly_hospital,2026-05-09 13:29:29.436000+00:00,,,,,,,,,,,,,68.9321,0.02629999999999999,0.4317283783783783,38.92765711090124,43.0521,,0.0,1.0,0.9713262204577879,,,,0.9231594296849639,0.5,0.5,0.6836399271955484,0.9904420734859293,0.5435205001703693
robot_4,hospital,robot_anomaly_hospital,2026-05-01 22:44:44.395000+00:00,,,,,,,,,,,,,11.9428,0.005199999999999982,0.6081081081081081,41.58712541309663,30.0,,0.0,1.0,0.9816698715960548,,,,0.9243906121100052,0.5,0.5,0.6315450700817442,0.993889957198685,0.5313587568201072
robot_1,lab,robot_anomaly_lab,2026-05-08 05:59:59.340000+00:00,,,,,,,,,,,,,41.6238,0.03639999999999999,0.30890945945945947,49.14167586402035,52.1407,,0.0,1.0,0.9011537745797407,,,,0.915435028813684,0.5,0.5,0.6962590394734761,0.9670512581932469,0.5408275744166807
robot_4,lab,robot_anomaly_lab,2026-04-26 07:12:34.111000+00:00,,,,,,,,,,,,,31.1268,0.0,0.14195810810810816,53.89857422167088,64.4951,,0.0,1.0,0.9304943862043298,,,,0.875001061222003,0.5,0.5,0.7541699663334489,0.9768314620681099,0.5577503571003897
robot_4,outdoor,robot_anomaly_outdoor,2026-04-27 02:30:22.313000+00:00,,,,,,,,,,,,,16.8904,0.0847,0.10471756756756756,47.74265761291576,67.2509,,0.0,1.0,0.9458470318218473,,,,0.854745134835488,0.5,0.5,0.7848341232917557,0.9819490106072823,0.5666957834747595
robot_4,outdoor,robot_anomaly_outdoor,2026-04-30 04:38:29.006000+00:00,,,,,,,,,,,,,33.1871,0.0,0.15954189189189194,47.74265761291576,63.1939,,0.0,1.0,0.9916103219403263,,,,0.9600532485649887,0.5,0.5,0.7743339125533385,0.9972034406467755,0.5678843383000285
robot_3,hospital,robot_anomaly_hospital,2026-05-05 06:03:03.508000+00:00,,,,,,,,,,,,,42.2282,0.0484,0.3493932432432433,37.431302275652754,49.1449,,0.0,1.0,0.9766608771168042,,,,0.8625603754281361,0.5,0.5,0.7306413769799941,0.9922202923722679,0.5557154173380655
robot_4,outdoor,robot_anomaly_outdoor,2026-04-28 14:51:10.907000+00:00,,,,,,,,,,,,,20.7561,0.034599999999999964,0.3412364864864865,47.74265761291576,49.7485,,0.0,1.0,0.9734817939333789,,,,0.8495212131214311,0.5,0.5,0.6996129593989694,0.991160597977793,0.5476933893441905
robot_5,lab,robot_anomaly_lab,2026-04-12 19:20:05.531000+00:00,,,,,,,,,,,,,42.7876,0.06169999999999998,0.11157972972972974,44.31142771759781,66.7431,,0.0,1.0,0.9775913404875628,,,,0.9146110596712452,0.5,0.5,0.7911095400275014,0.9925304468291877,0.5709099967141723
robot_2,lab,robot_anomaly_lab,2026-04-20 10:04:27.477000+00:00,,,,,,,,,,,,,34.7964,0.06479999999999997,0.39741216216216213,14.63679636698148,45.5915,,0.0,1.0,0.9558340053346567,,,,0.8587510948468635,0.5,0.5,0.8153436145006528,0.9852780017782189,0.575155404069718
robot_5,warehouse,robot_anomaly_warehouse,2026-04-19 21:37:54.928000+00:00,,,,,,,,,,,,,40.6293,0.07410000000000005,0.2833108108108109,31.857120950670687,54.035,,0.0,1.0,0.9332392531480678,,,,0.8361872112357369,0.5,0.5,0.777560430405611,0.9777464177160226,0.5638267120304084
robot_3,hospital,robot_anomaly_hospital,2026-04-21 12:05:59.360000+00:00,,,,,,,,,,,,,41.0054,0.07350000000000001,0.512331081081081,37.431302275652754,37.0875,,0.0,1.0,0.989749395198809,,,,0.9079953938630551,0.5,0.5,0.6604389955244603,0.9965831317329363,0.5392555318143492
robot_5,warehouse,robot_anomaly_warehouse,2026-04-12 10:06:48.349000+00:00,,,,,,,,,,,,,51.194,0.08150000000000002,0.36612162162162165,31.857120950670687,47.907,,0.0,1.0,0.9373332919794057,,,,0.8507951197681176,0.5,0.5,0.7379853163124205,0.9791110973264686,0.5542741034097223
robot_3,warehouse,robot_anomaly_warehouse,2026-04-27 01:30:53.769000+00:00,,,,,,,,,,,,,29.1902,0.061899999999999955,0.4562067567567568,41.50002108112327,41.2407,,0.0,1.0,0.9512902425407853,,,,0.9236769750126357,0.5,0.5,0.6722471806968794,0.9837634141802618,0.5390026487192853
robot_5,lab,robot_anomaly_lab,2026-04-19 23:42:04.801000+00:00,,,,,,,,,,,,,20.8538,0.06589999999999996,0.36275,44.31142771759781,48.1565,,1.0,0.0,0.9921841076856275,,,,0.7536474430801168,0.5,0.5,0.6996823942877176,0.33072803589520916,0.3826026075457317
robot_2,outdoor,robot_anomaly_outdoor,2026-04-15 07:22:17.015000+00:00,,,,,,,,,,,,,21.7923,0.04820000000000002,0.3891013513513514,50.074809997698374,46.2065,,0.0,1.0,0.928974629365424,,,,0.8752579288380755,0.5,0.5,0.6663118505874971,0.9763248764551413,0.5356591817606596
robot_5,warehouse,robot_anomaly_warehouse,2026-04-24 21:52:48.507000+00:00,,,,,,,,,,,,,39.6686,0.05169999999999997,0.40889459459459465,31.857120950670687,44.7418,,0.0,1.0,0.9622076794243534,,,,0.9449268113635408,0.5,0.5,0.7327465923029605,0.9874025598081179,0.5550372880277696
robot_4,warehouse,robot_anomaly_warehouse,2026-04-22 17:43:54.313000+00:00,,,,,,,,,,,,,33.309,0.03159999999999996,0.3636770270270271,44.033102772410636,48.0879,,0.0,1.0,0.9789405123751629,,,,0.8424240479895604,0.5,0.5,0.7025489913591592,0.992980170791721,0.54888229053772
robot_2,warehouse,robot_anomaly_warehouse,2026-05-07 03:31:07.617000+00:00,,,,,,,,,,,,,33.6908,0.05259999999999998,0.20745405405405404,58.39748493129811,59.6484,,0.0,1.0,0.9588580112896222,,,,0.9566781096977793,0.5,0.5,0.694543496339866,0.9862860037632074,0.5452073750257683
robot_4,warehouse,robot_anomaly_warehouse,2026-04-27 07:06:41.758000+00:00,,,,,,,,,,,,,237.082,0.06320000000000003,0.8359986486486486,44.033102772410636,13.1361,,1.0,0.0,0.9363252899944172,,,,0.5989450797042339,0.5,0.5,0.41391756742763725,0.3121084299981391,0.3065064993564441
robot_1,warehouse,robot_anomaly_warehouse,2026-04-29 23:18:20.813000+00:00,,,,,,,,,,,,,36.4199,0.0645,0.3449743243243244,45.61617786488777,49.4719,,0.0,1.0,0.9848799702251722,,,,0.9326583394377701,0.5,0.5,0.6940616956884151,0.9949599900750573,0.547255421440868
robot_1,hospital,robot_anomaly_hospital,2026-05-08 06:29:43.737000+00:00,,,,,,,,,,,,,19.1841,0.09630000000000005,0.4130972972972973,39.72338368547231,44.4308,,0.0,1.0,0.9916723528317102,,,,0.8976840517040989,0.5,0.5,0.6945093097789539,0.99722411761057,0.547933356847381
robot_1,warehouse,robot_anomaly_warehouse,2026-04-12 23:06:33.400000+00:00,,,,,,,,,,,,,27.0161,0.017100000000000004,0.42110810810810806,45.61617786488777,43.838,,0.0,1.0,0.9977513801873333,,,,0.8383915572254093,0.5,0.5,0.6784287951806527,0.9992504600624444,0.5444198138107743
robot_1,hospital,robot_anomaly_hospital,2026-04-22 10:19:53.909000+00:00,,,,,,,,,,,,,50.5483,0.06479999999999997,0.2426067567567568,39.72338368547231,57.0471,,1.0,0.0,0.9998449227715402,,,,0.6747673025656655,0.5,0.5,0.7554484698757775,0.33328164092384677,0.39718252769990614
robot_3,warehouse,robot_anomaly_warehouse,2026-05-06 01:56:10.184000+00:00,,,,,,,,,,,,,22.6853,0.06140000000000001,0.4709729729729729,41.50002108112327,40.148,,0.0,1.0,0.9859810185472365,,,,0.9117378809523767,0.5,0.5,0.6694102672822881,0.9953270061824121,0.5411843183661751
robot_1,hospital,robot_anomaly_hospital,2026-04-20 05:31:47.508000+00:00,,,,,,,,,,,,,29.674,0.05179999999999996,0.37514054054054047,39.72338368547231,47.2396,,1.0,0.0,0.9457384777619254,,,,0.6388425956018433,0.5,0.5,0.7148201190699234,0.31524615925397514,0.3825165695809746
robot_2,hospital,robot_anomaly_hospital,2026-04-11 08:44:46.005000+00:00,,,,,,,,,,,,,43.4082,0.10880000000000001,0.3676310810810811,38.92765711090124,47.7953,,0.0,1.0,0.9854537559704732,,,,0.8850177013085763,0.5,0.5,0.7025351256171908,0.9951512519901579,0.5494215944018372
robot_1,outdoor,robot_anomaly_outdoor,2026-04-21 01:42:29.652000+00:00,,,,,,,,,,,,,31.5989,0.042100000000000026,0.3461594594594595,32.28341037492993,49.3842,,0.0,1.0,0.9801346070343031,,,,0.859937199953076,0.5,0.5,0.7616978425562487,0.9933782023447678,0.5637690112252541
robot_1,hospital,robot_anomaly_hospital,2026-05-09 18:02:20.461000+00:00,,,,,,,,,,,,,45.9822,0.06020000000000003,0.3784121621621621,39.72338368547231,46.9975,,0.0,1.0,0.9753892438434341,,,,0.9086589744614597,0.5,0.5,0.7042261608627207,0.9917964146144781,0.5490056438692997
robot_3,lab,robot_anomaly_lab,2026-04-12 04:36:23.976000+00:00,,,,,,,,,,,,,31.8578,0.036699999999999955,0.25437027027027026,25.56989703262559,56.1766,,0.0,1.0,0.9737144097760685,,,,0.9349548158771943,0.5,0.5,0.8301798253880689,0.9912381365920228,0.5803544904950229
robot_2,lab,robot_anomaly_lab,2026-04-10 19:23:15.573000+00:00,,,,,,,,,,,,,36.7234,0.06420000000000003,0.6039905405405406,14.63679636698148,30.3047,,0.0,1.0,0.998681843558092,,,,0.9339552859334181,0.5,0.5,0.7319693533913028,0.9995606145193641,0.5578824919776667
robot_3,lab,robot_anomaly_lab,2026-04-10 23:06:00.064000+00:00,,,,,,,,,,,,,34.5025,0.061899999999999955,0.40104459459459463,25.56989703262559,45.3227,,0.0,1.0,0.9997053532659265,,,,0.9213286266388441,0.5,0.5,0.7647017121164115,0.9999017844219754,0.5661508741345966
robot_5,lab,robot_anomaly_lab,2026-04-21 21:33:09.370000+00:00,,,,,,,,,,,,,41.7759,0.05779999999999996,0.37885945945945954,44.31142771759781,46.9644,,0.0,1.0,0.9585633645555487,,,,0.9420365735475628,0.5,0.5,0.6855252913991976,0.9861877881851829,0.5429282698960951
robot_1,warehouse,robot_anomaly_warehouse,2026-04-10 20:50:09.109000+00:00,,,,,,,,,,,,,30.7669,0.13160000000000005,0.1516135135135135,45.61617786488777,63.7806,,0.0,1.0,0.921468891507971,,,,0.9485292404992709,0.5,0.5,0.7590508996694213,0.9738229638359903,0.5582184658763529
robot_5,warehouse,robot_anomaly_warehouse,2026-05-07 09:03:32.340000+00:00,,,,,,,,,,,,,45.8463,0.09740000000000004,0.2288702702702703,31.857120950670687,58.0636,,1.0,0.0,0.9506389181812542,,,,0.7342373150240161,0.5,0.5,0.7917810566649529,0.3168796393937514,0.4021651740146761
robot_2,outdoor,robot_anomaly_outdoor,2026-04-16 21:48:33.206000+00:00,,,,,,,,,,,,,41.3801,0.04630000000000001,0.26501216216216217,50.074809997698374,55.3891,,0.0,1.0,0.9860740648843124,,,,0.9736835187205853,0.5,0.5,0.7074618739089942,0.9953580216281042,0.5507049738842746
robot_5,lab,robot_anomaly_lab,2026-04-22 14:18:45.616000+00:00,,,,,,,,,,,,,19.4637,0.06289999999999996,0.6081081081081081,44.31142771759781,30.0,,0.0,1.0,0.9940605421499907,,,,0.907812530831038,0.5,0.5,0.6028386859031905,0.9980201807166637,0.5252147166549636
robot_4,warehouse,robot_anomaly_warehouse,2026-04-12 15:21:40.246000+00:00,,,,,,,,,,,,,44.2273,0.0,0.13985540540540542,44.033102772410636,64.6507,,0.0,1.0,0.9745828422554432,,,,0.8549660016798585,0.5,0.5,0.7941413791957458,0.9915276140851477,0.5714172483202233
robot_2,lab,robot_anomaly_lab,2026-04-22 07:01:11.678000+00:00,,,,,,,,,,,,,30.2051,0.04169999999999996,0.17783918918918917,14.63679636698148,61.8399,,0.0,1.0,0.9919204763972458,,,,0.919127457399471,0.5,0.5,0.9103993438350703,0.9973068254657486,0.6019265423252047
robot_1,outdoor,robot_anomaly_outdoor,2026-05-08 10:01:46.310000+00:00,,,,,,,,,,,,,33.8235,0.0043999999999999595,0.3387743243243243,32.28341037492993,49.9307,,0.0,1.0,0.9821351032814342,,,,0.8955135777228858,0.5,0.5,0.7720263390724058,0.9940450344271446,0.5665178433748876
robot_1,outdoor,robot_anomaly_outdoor,2026-04-16 11:39:37.127000+00:00,,,,,,,,,,,,,57.1259,0.033399999999999985,0.39892297297297297,32.28341037492993,45.4797,,0.0,1.0,0.9489330686681967,,,,0.8700669179158474,0.5,0.5,0.7309183313887713,0.9829776895560656,0.5534740052362093
robot_4,outdoor,robot_anomaly_outdoor,2026-04-16 08:32:40.405000+00:00,,,,,,,,,,,,,43.9058,0.04610000000000003,0.4083256756756757,47.74265761291576,44.7839,,1.0,0.0,0.9871596054835308,,,,0.7391219686811791,0.5,0.5,0.6596909633037864,0.3290532018278436,0.3721860412829075
robot_3,warehouse,robot_anomaly_warehouse,2026-04-14 21:06:44.898000+00:00,,,,,,,,,,,,,35.0151,0.06920000000000004,0.24382972972972972,41.50002108112327,56.9566,,1.0,0.0,0.9858569567644687,,,,0.5905380229879046,0.5,0.5,0.7529250505699318,0.3286189855881562,0.39538600903952204
robot_4,hospital,robot_anomaly_hospital,2026-04-15 15:42:50.326000+00:00,,,,,,,,,,,,,41.9143,0.024399999999999977,0.32439324324324326,41.58712541309663,50.9949,,0.0,1.0,0.9906178276781837,,,,0.905078923506991,0.5,0.5,0.7271293986039791,0.9968726092260612,0.55600050195751
robot_3,warehouse,robot_anomaly_warehouse,2026-04-28 16:30:00.358000+00:00,,,,,,,,,,,,,42.0526,0.0029000000000000137,0.17964189189189195,41.50002108112327,61.7065,,0.0,1.0,0.9852676632963215,,,,0.8654137934443241,0.5,0.5,0.7901476962698639,0.9950892210987737,0.5713092293421593
robot_4,lab,robot_anomaly_lab,2026-04-14 13:35:24.164000+00:00,,,,,,,,,,,,,177.0325,0.08360000000000001,0.9095162162162163,53.89857422167088,7.6958,,1.0,0.0,0.9723962533341605,,,,0.596150266937602,0.5,0.5,0.36219418122790853,0.32413208444472014,0.2965815664181572
robot_2,lab,robot_anomaly_lab,2026-04-25 03:42:51.376000+00:00,,,,,,,,,,,,,31.7904,0.03649999999999998,0.48922027027027026,14.63679636698148,38.7977,,0.0,1.0,0.9983096582097885,,,,0.9321815182780112,0.5,0.5,0.7862826481864927,0.9994365527365962,0.5714298002307723
robot_1,hospital,robot_anomaly_hospital,2026-04-15 04:20:19.736000+00:00,,,,,,,,,,,,,29.7493,0.7066,0.19983108108108105,39.72338368547231,60.2125,,1.0,0.0,0.9503752868928727,,,,0.5550005118884233,0.5,0.5,0.6392528894351075,0.31679176229762424,0.3640111629331829
robot_4,hospital,robot_anomaly_hospital,2026-05-08 22:36:37.633000+00:00,,,,,,,,,,,,,37.8611,0.0837,0.3430445945945946,41.58712541309663,49.6147,,0.0,1.0,0.966487810929843,,,,0.8999766670516778,0.5,0.5,0.708321236211269,0.9888292703099477,0.5492876266303042
robot_5,outdoor,robot_anomaly_outdoor,2026-04-27 01:05:15.397000+00:00,,,,,,,,,,,,,25.9208,0.07830000000000004,0.22032297297297299,26.119861519645806,58.6961,,0.0,1.0,0.9752186588921283,,,,0.972143142309452,0.5,0.5,0.834731613479771,0.9917395529640428,0.5816177916109535
robot_3,hospital,robot_anomaly_hospital,2026-05-08 18:46:05.261000+00:00,,,,,,,,,,,,,16.4018,0.06130000000000002,0.28582972972972975,37.431302275652754,53.8486,,0.0,1.0,0.9784442652440916,,,,0.9305529909575618,0.5,0.5,0.7649427840864983,0.9928147550813639,0.5644393847919655
robot_5,hospital,robot_anomaly_hospital,2026-05-08 13:05:57.198000+00:00,,,,,,,,,,,,,20.5034,0.0026000000000000467,0.2802986486486486,33.69562591427044,54.2579,,1.0,0.0,0.9743502264127536,,,,0.7895732245556767,0.5,0.5,0.7954205663259493,0.3247834088042512,0.40505099378255016
robot_4,outdoor,robot_anomaly_outdoor,2026-04-18 12:15:09.261000+00:00,,,,,,,,,,,,,226.0756,0.07830000000000004,0.810977027027027,47.74265761291576,14.9877,,1.0,0.0,0.8742168599962782,,,,0.5774967728169191,0.5,0.5,0.408619057722607,0.2914056199987594,0.3000061694303416
robot_5,outdoor,robot_anomaly_outdoor,2026-04-14 02:01:32.969000+00:00,,,,,,,,,,,,,40.0002,0.054300000000000015,0.0,26.119861519645806,75.0,,1.0,0.0,0.3258327647168291,,,,0.6156936207071025,0.5,0.5,0.921796331907009,0.10861092157227636,0.38260181336982135
robot_5,warehouse,robot_anomaly_warehouse,2026-04-25 07:00:04.552000+00:00,,,,,,,,,,,,,21.0658,0.07599999999999996,0.304177027027027,31.857120950670687,52.4909,,0.0,1.0,0.8737361205880528,,,,0.939405830595566,0.5,0.5,0.7776885449238674,0.9579120401960176,0.5589001462799712
robot_3,warehouse,robot_anomaly_warehouse,2026-05-04 03:35:12.897000+00:00,,,,,,,,,,,,,23.8682,0.0020999999999999908,0.4020608108108108,41.50002108112327,45.2475,,0.0,1.0,0.9955802989888964,,,,0.8890517682650912,0.5,0.5,0.70962813211806,0.9985267663296321,0.552038724611923
robot_2,outdoor,robot_anomaly_outdoor,2026-05-10 12:17:33.205000+00:00,,,,,,,,,,,,,33.1774,0.046599999999999975,0.29435270270270275,50.074809997698374,53.2179,,0.0,1.0,0.9367905216797965,,,,0.8801504999568962,0.5,0.5,0.6993894141699254,0.9789301738932655,0.5445798970157978
robot_5,warehouse,robot_anomaly_warehouse,2026-05-05 01:21:48.107000+00:00,,,,,,,,,,,,,28.2136,0.0242,0.34234324324324317,31.857120950670687,49.6666,,0.0,1.0,0.9701011103529558,,,,0.9016440945774942,0.5,0.5,0.7706939582111845,0.9900337034509853,0.5651819154155424
robot_1,lab,robot_anomaly_lab,2026-04-26 20:09:42.410000+00:00,,,,,,,,,,,,,48.7003,0.12660000000000005,0.4050864864864865,49.14167586402035,45.0236,,0.0,1.0,0.9791266050493146,,,,0.8323622873239855,0.5,0.5,0.634505412125654,0.9930422016831049,0.5318869034521897
robot_2,warehouse,robot_anomaly_warehouse,2026-05-05 04:05:12.389000+00:00,,,,,,,,,,,,,42.0538,0.06520000000000004,0.3370175675675676,58.39748493129811,50.0607,,0.0,1.0,0.9953942063147447,,,,0.9160999563023575,0.5,0.5,0.6361118957312114,0.9984647354382483,0.533644157792365
robot_5,hospital,robot_anomaly_hospital,2026-04-13 03:39:05.530000+00:00,,,,,,,,,,,,,30.0161,0.0026000000000000467,0.27973918918918916,33.69562591427044,54.2993,,0.0,1.0,0.925500899447925,,,,0.9123214969496622,0.5,0.5,0.7913180878966845,0.9751669664826417,0.5666212635948316
robot_1,hospital,robot_anomaly_hospital,2026-05-03 19:43:08.570000+00:00,,,,,,,,,,,,,43.8157,0.07020000000000004,0.26570945945945945,39.72338368547231,55.3375,,1.0,0.0,0.9950685441349792,,,,0.731517132814109,0.5,0.5,0.748068093569251,0.33168951471165975,0.3949394020702277
robot_4,lab,robot_anomaly_lab,2026-05-05 16:14:32.391000+00:00,,,,,,,,,,,,,29.6511,0.07850000000000001,0.2529851351351351,53.89857422167088,56.2791,,0.0,1.0,0.9611066311022889,,,,0.8724892409160919,0.5,0.5,0.69296837988634,0.9870355437007629,0.5450009808967757
robot_4,warehouse,robot_anomaly_warehouse,2026-04-15 20:47:51.867000+00:00,,,,,,,,,,,,,33.3249,0.08040000000000003,0.6081081081081081,44.033102772410636,30.0,,0.0,1.0,0.9584703182184728,,,,0.8613649780283448,0.5,0.5,0.5939140280526605,0.986156772739491,0.5200177001980378
robot_5,outdoor,robot_anomaly_outdoor,2026-04-12 18:40:01.349000+00:00,,,,,,,,,,,,,33.6495,0.059599999999999986,0.6081081081081081,26.119861519645806,30.0,,1.0,0.0,0.9611996774393649,,,,0.6814304256738881,0.5,0.5,0.680262354351532,0.3203998924797883,0.3751655617078301
robot_1,warehouse,robot_anomaly_warehouse,2026-04-12 03:47:15.044000+00:00,,,,,,,,,,,,,20.637,0.05230000000000001,0.4109013513513513,45.61617786488777,44.5933,,0.0,1.0,0.9675578438062155,,,,0.8953269883518746,0.5,0.5,0.6775825840115475,0.9891859479354052,0.5416921329867381
robot_1,hospital,robot_anomaly_hospital,2026-04-18 23:32:58.235000+00:00,,,,,,,,,,,,,21.0611,0.05459999999999998,0.2538270270270271,39.72338368547231,56.2168,,0.0,1.0,0.9801656224799951,,,,0.9014132684777548,0.5,0.5,0.7666397233403367,0.9933885408266651,0.5650070660417504
robot_1,warehouse,robot_anomaly_warehouse,2026-04-11 11:51:09.308000+00:00,,,,,,,,,,,,,37.3023,0.708,0.40070405405405407,45.61617786488777,45.3479,,1.0,0.0,0.9953166677005149,,,,0.5724511739640291,0.5,0.5,0.5282253556845706,0.3317722225668383,0.3399993945628522
robot_2,warehouse,robot_anomaly_warehouse,2026-05-01 12:51:01.128000+00:00,,,,,,,,,,,,,30.7695,0.04610000000000003,0.41994054054054053,58.39748493129811,43.9244,,0.0,1.0,0.9627349420011165,,,,0.9420078681489892,0.5,0.5,0.6123233643889618,0.9875783140003721,0.5249754195973335
robot_5,hospital,robot_anomaly_hospital,2026-05-01 11:28:02.620000+00:00,,,,,,,,,,,,,29.5932,0.04369999999999996,0.3163202702702702,33.69562591427044,51.5923,,0.0,1.0,0.9486229142112772,,,,0.9103102297655574,0.5,0.5,0.7677355095183344,0.9828743047370924,0.5626524535638566
robot_5,outdoor,robot_anomaly_outdoor,2026-04-12 13:22:54.188000+00:00,,,,,,,,,,,,,35.2455,0.028800000000000048,0.2493135135135135,26.119861519645806,56.5508,,0.0,1.0,0.9258885925190745,,,,0.8710693669738057,0.5,0.5,0.8299056462135301,0.9752961975063581,0.576300460929972
robot_4,hospital,robot_anomaly_hospital,2026-04-30 01:24:46.669000+00:00,,,,,,,,,,,,,27.1272,0.09609999999999996,0.2687418918918919,41.58712541309663,55.1131,,0.0,1.0,0.961013584765213,,,,0.9623138711894501,0.5,0.5,0.7401656527936236,0.987004528255071,0.5567925452621736
robot_4,warehouse,robot_anomaly_warehouse,2026-04-19 00:08:13.646000+00:00,,,,,,,,,,,,,43.1225,0.08989999999999998,0.48925540540540546,44.033102772410636,38.7951,,0.0,1.0,0.9817163947645927,,,,0.8800341620111771,0.5,0.5,0.6348860534719034,0.9939054649215309,0.5321978795983586
robot_2,lab,robot_anomaly_lab,2026-04-18 11:57:34.213000+00:00,,,,,,,,,,,,,42.5186,0.07199999999999995,0.12213513513513508,14.63679636698148,65.962,,0.0,1.0,0.9851436015135537,,,,0.8967262498599086,0.5,0.5,0.9203408594871278,0.9950478671711845,0.6038471816645781
robot_3,lab,robot_anomaly_lab,2026-05-08 17:20:42.472000+00:00,,,,,,,,,,,,,31.6315,0.05730000000000002,0.3614513513513513,25.56989703262559,48.2526,,0.0,1.0,0.9552136964208175,,,,0.9328903917401895,0.5,0.5,0.782867951351766,0.9850712321402725,0.5669847958730097
robot_3,lab,robot_anomaly_lab,2026-04-15 06:15:23.568000+00:00,,,,,,,,,,,,,39.7335,0.023700000000000054,0.2053364864864864,25.56989703262559,59.8051,,0.0,1.0,0.9789870355437008,,,,0.9408677668434441,0.5,0.5,0.8491033453838641,0.9929956785145669,0.5855247559746077
robot_2,lab,robot_anomaly_lab,2026-05-10 01:19:49.088000+00:00,,,,,,,,,,,,,39.8333,0.7259,0.2290283783783783,14.63679636698148,58.0519,,1.0,0.0,0.9643012220085603,,,,0.5550254162897623,0.5,0.5,0.733348236841893,0.3214337406695201,0.3886954943778532
robot_5,warehouse,robot_anomaly_warehouse,2026-05-10 03:17:19.734000+00:00,,,,,,,,,,,,,52.58,0.08360000000000001,0.3048486486486486,31.857120950670687,52.4412,,0.0,1.0,0.9909434898579492,,,,0.9235984231167524,0.5,0.5,0.7613970354740687,0.9969811632859832,0.564594549690013
robot_4,warehouse,robot_anomaly_warehouse,2026-04-13 10:06:48.293000+00:00,,,,,,,,,,,,,33.2416,0.1159,0.36517567567567577,44.033102772410636,47.977,,0.0,1.0,0.9779014949444823,,,,0.8451334972174971,0.5,0.5,0.6832280991950204,0.9926338316481608,0.5439654827107953
robot_5,warehouse,robot_anomaly_warehouse,2026-04-28 14:53:50.153000+00:00,,,,,,,,,,,,,38.4559,0.0232,0.35645405405405406,31.857120950670687,48.6224,,0.0,1.0,0.9866943737981515,,,,0.9506442716975879,0.5,0.5,0.7606140029848039,0.9955647912660505,0.5640446985627136
robot_5,outdoor,robot_anomaly_outdoor,2026-04-29 03:15:01.849000+00:00,,,,,,,,,,,,,47.8936,0.031200000000000006,0.2400986486486486,26.119861519645806,57.2327,,0.0,1.0,0.97952980584331,,,,0.8457132049967676,0.5,0.5,0.8273055203170572,0.9931766019477699,0.5801205305662067
robot_3,outdoor,robot_anomaly_outdoor,2026-04-13 15:54:13.289000+00:00,,,,,,,,,,,,,40.5934,0.02210000000000001,0.23023108108108115,34.9320233150912,57.9629,,0.0,1.0,0.9470101110352955,,,,0.9024017097039124,0.5,0.5,0.7963225086967102,0.9823367036784317,0.5696648030937854
robot_2,hospital,robot_anomaly_hospital,2026-05-04 20:55:16.551000+00:00,,,,,,,,,,,,,21.8036,0.015700000000000047,0.37322162162162165,38.92765711090124,47.3816,,0.0,1.0,0.9547174492897463,,,,0.9198561537180584,0.5,0.5,0.7308340216339783,0.9849058164299155,0.5539349595159735
robot_4,hospital,robot_anomaly_hospital,2026-04-17 11:41:42.754000+00:00,,,,,,,,,,,,,43.6581,0.00019999999999997797,0.39483513513513513,41.58712541309663,45.7822,,0.0,1.0,0.9169251287140996,,,,0.8928661243254503,0.5,0.5,0.7035427433972148,0.9723083762380332,0.543962779908812
robot_2,outdoor,robot_anomaly_outdoor,2026-04-13 12:31:05.681000+00:00,,,,,,,,,,,,,33.3341,0.08350000000000002,0.39745540540540547,50.074809997698374,45.5883,,0.0,1.0,0.9641306370572545,,,,0.8573940577461089,0.5,0.5,0.6498688595943573,0.9880435456857515,0.5344781013200272
robot_5,hospital,robot_anomaly_hospital,2026-05-08 23:33:57.390000+00:00,,,,,,,,,,,,,15.8463,0.0686,0.2653797297297298,33.69562591427044,55.3619,,1.0,0.0,0.41359096830221453,,,,0.621063366326863,0.5,0.5,0.7888247792721297,0.13786365610073817,0.35667210884321693
robot_4,lab,robot_anomaly_lab,2026-04-24 11:07:25.984000+00:00,,,,,,,,,,,,,40.1641,0.09689999999999999,0.30006891891891896,53.89857422167088,52.7949,,0.0,1.0,0.9779014949444823,,,,0.8766884269924473,0.5,0.5,0.6652606978099834,0.9926338316481608,0.539473632364536
robot_5,outdoor,robot_anomaly_outdoor,2026-05-04 17:54:33.873000+00:00,,,,,,,,,,,,,47.0934,0.037900000000000045,0.31597027027027025,26.119861519645806,51.6182,,0.0,1.0,0.9066900316357546,,,,0.8584871715469624,0.5,0.5,0.7958304137919574,0.9688966772119182,0.5661817727509688
robot_5,outdoor,robot_anomaly_outdoor,2026-05-10 13:58:19.815000+00:00,,,,,,,,,,,,,33.0885,0.05069999999999997,0.3261418918918919,26.119861519645806,50.8655,,1.0,0.0,0.4057130450964581,,,,0.6557656352972175,0.5,0.5,0.7952837344652425,0.13523768169881936,0.3576303540410154
robot_3,hospital,robot_anomaly_hospital,2026-04-21 12:31:44.570000+00:00,,,,,,,,,,,,,49.5001,0.09530000000000005,0.3953094594594594,37.431302275652754,45.7471,,0.0,1.0,0.9853141864648595,,,,0.9011610641306055,0.5,0.5,0.6985350624492666,0.9951047288216198,0.5484099478177216
robot_5,outdoor,robot_anomaly_outdoor,2026-04-23 08:33:26.432000+00:00,,,,,,,,,,,,,25.7942,0.037799999999999945,0.3358945945945946,26.119861519645806,50.1438,,0.0,1.0,0.9855468023075492,,,,0.9673285471587322,0.5,0.5,0.7975695500063273,0.9951822674358497,0.5731879543605443
robot_5,outdoor,robot_anomaly_outdoor,2026-04-26 19:41:46.650000+00:00,,,,,,,,,,,,,17.1293,0.09179999999999999,0.2972905405405405,26.119861519645806,53.0005,,0.0,1.0,0.9978289188015632,,,,0.9643988633680488,0.5,0.5,0.8049398525264507,0.9992763062671877,0.5760540396984096
robot_2,outdoor,robot_anomaly_outdoor,2026-04-18 21:58:22.993000+00:00,,,,,,,,,,,,,38.4288,0.07599999999999996,0.39064459459459455,50.074809997698374,46.0923,,0.0,1.0,0.9446064139941691,,,,0.8411400044927465,0.5,0.5,0.6519445102796045,0.9815354713313896,0.5333699954027485
robot_5,lab,robot_anomaly_lab,2026-05-09 12:59:36.014000+00:00,,,,,,,,,,,,,29.4417,0.05289999999999995,0.02627567567567568,44.31142771759781,73.0556,,0.0,1.0,0.9372712610880218,,,,0.9122825995293636,0.5,0.5,0.833258230455774,0.9790904203626739,0.5780871627046119
robot_1,hospital,robot_anomaly_hospital,2026-04-20 10:35:26.352000+00:00,,,,,,,,,,,,,49.2282,0.09109999999999996,0.17816756756756758,39.72338368547231,61.8156,,0.0,1.0,0.9452267229080082,,,,0.9529848282880241,0.5,0.5,0.7759742165073347,0.981742240969336,0.5644291143691678
robot_3,lab,robot_anomaly_lab,2026-04-15 22:05:48.300000+00:00,,,,,,,,,,,,,40.0759,0.04279999999999995,0.42306891891891885,25.56989703262559,43.6929,,0.0,1.0,0.923453880032256,,,,0.9598918163153615,0.5,0.5,0.7576059598475153,0.9744846266774188,0.5580226466312335
robot_2,outdoor,robot_anomaly_outdoor,2026-04-29 09:26:31.165000+00:00,,,,,,,,,,,,,46.1362,0.0827,0.2947027027027027,50.074809997698374,53.192,,0.0,1.0,0.9304633707586378,,,,0.8940515624859368,0.5,0.5,0.6853256544085007,0.9768211235862125,0.5405366944986782
robot_1,outdoor,robot_anomaly_outdoor,2026-04-30 05:23:24.481000+00:00,,,,,,,,,,,,,37.9297,0.014000000000000012,0.42203513513513513,32.28341037492993,43.7694,,0.0,1.0,0.971977544817319,,,,0.970094215369449,0.5,0.5,0.7347190952853322,0.990659181605773,0.5563445692227763
robot_5,lab,robot_anomaly_lab,2026-04-22 07:50:52.893000+00:00,,,,,,,,,,,,,35.9969,0.01859999999999995,0.4357878378378378,44.31142771759781,42.7517,,0.0,1.0,0.998666335835246,,,,0.9499655879018138,0.5,0.5,0.674101991088211,0.9995554452784153,0.5434143590916566
robot_5,lab,robot_anomaly_lab,2026-04-16 02:19:02.352000+00:00,,,,,,,,,,,,,17.3897,0.05489999999999995,0.3225662162162163,44.31142771759781,51.1301,,0.0,1.0,0.8965479808944854,,,,0.9395292489803346,0.5,0.5,0.7197782303954577,0.9655159936314952,0.5463235560067382
robot_5,lab,robot_anomaly_lab,2026-04-19 14:49:24.422000+00:00,,,,,,,,,,,,,32.8766,0.1018,0.5419554054054054,44.31142771759781,34.8953,,0.0,1.0,0.9803827305998387,,,,0.9208635419841255,0.5,0.5,0.6145466429054027,0.9934609101999463,0.5270018882763372
robot_2,warehouse,robot_anomaly_warehouse,2026-04-25 07:39:19.969000+00:00,,,,,,,,,,,,,18.6293,0.07740000000000002,0.16913918918918924,58.39748493129811,62.4837,,0.0,1.0,0.9892996712362757,,,,0.9465450317910588,0.5,0.5,0.7112026046509106,0.9964332237454253,0.551908957099084
robot_1,outdoor,robot_anomaly_outdoor,2026-04-30 19:08:23.842000+00:00,,,,,,,,,,,,,27.6246,0.025699999999999945,0.2759418918918919,32.28341037492993,54.5803,,0.0,1.0,0.9344953786985919,,,,0.9645966184037258,0.5,0.5,0.7952404262380491,0.9781651262328639,0.5683513881177282
robot_4,outdoor,robot_anomaly_outdoor,2026-05-07 09:02:51.754000+00:00,,,,,,,,,,,,,57.2185,0.01759999999999995,0.34108513513513505,47.74265761291576,49.7597,,0.0,1.0,0.9650145772594753,,,,0.9208117062613563,0.5,0.5,0.6868723957513307,0.9883381924198251,0.543802647042789
robot_3,hospital,robot_anomaly_hospital,2026-05-02 21:39:47.620000+00:00,,,,,,,,,,,,,33.5186,0.0232,0.16034729729729724,37.431302275652754,63.1343,,0.0,1.0,0.9553842813721233,,,,0.9210586782152189,0.5,0.5,0.8158263828999971,0.9851280937907078,0.5752386191726762
robot_2,lab,robot_anomaly_lab,2026-04-25 15:21:06.222000+00:00,,,,,,,,,,,,,48.2854,0.04700000000000004,0.4005500000000001,14.63679636698148,45.3593,,0.0,1.0,0.9780100490044041,,,,0.908851067673887,0.5,0.5,0.8119133585292181,0.9926700163348015,0.5761458437160049
robot_4,hospital,robot_anomaly_hospital,2026-05-04 14:41:22.498000+00:00,,,,,,,,,,,,,54.0645,0.047799999999999954,0.40742567567567567,41.58712541309663,44.8505,,1.0,0.0,0.2797438124185845,,,,0.5140015547796075,0.5,0.5,0.6831854547503371,0.09324793747286149,0.31910834805579963
robot_5,hospital,robot_anomaly_hospital,2026-04-18 00:24:37.266000+00:00,,,,,,,,,,,,,30.0008,0.012499999999999956,0.5368648648648648,33.69562591427044,35.272,,1.0,0.0,0.9307114943241734,,,,0.577536174181964,0.5,0.5,0.6862725736812642,0.31023716477472446,0.3741274346139971
robot_4,lab,robot_anomaly_lab,2026-04-19 00:18:50.985000+00:00,,,,,,,,,,,,,211.0928,0.10019999999999996,0.9544675675675676,53.89857422167088,4.3694,,1.0,0.0,0.9931300787792321,,,,0.6660602148585042,0.5,0.5,0.32503084204889665,0.33104335959307735,0.2890185504104935
robot_5,hospital,robot_anomaly_hospital,2026-04-20 15:20:14.789000+00:00,,,,,,,,,,,,,46.309,0.09660000000000002,0.14581756756756747,33.69562591427044,64.2095,,0.0,1.0,0.9496929470876496,,,,0.820292690377974,0.5,0.5,0.8165671217581236,0.9832309823625499,0.5749495260301684
robot_1,warehouse,robot_anomaly_warehouse,2026-05-05 09:20:32.797000+00:00,,,,,,,,,,,,,23.7338,0.02100000000000002,0.370172972972973,45.61617786488777,47.6072,,0.0,1.0,0.9517864896718566,,,,0.8519579299146118,0.5,0.5,0.6994280658261368,0.9839288298906189,0.5458392239291889
robot_3,hospital,robot_anomaly_hospital,2026-05-07 09:21:57.417000+00:00,,,,,,,,,,,,,33.8683,0.00770000000000004,0.10603783783783782,37.431302275652754,67.1532,,1.0,0.0,0.979483282674772,,,,0.7454918390972438,0.5,0.5,0.8408390196420573,0.32649442755825736,0.4168333618000787
robot_1,outdoor,robot_anomaly_outdoor,2026-04-30 22:13:00.972000+00:00,,,,,,,,,,,,,32.8182,0.11929999999999996,0.42440810810810814,32.28341037492993,43.5938,,1.0,0.0,0.37779914397369896,,,,0.5794901842805864,0.5,0.5,0.712671131752581,0.12593304799123298,0.33465104493595355
robot_3,lab,robot_anomaly_lab,2026-04-30 14:41:38.010000+00:00,,,,,,,,,,,,,31.4066,0.042200000000000015,0.3556067567567568,25.56989703262559,48.6851,,0.0,1.0,0.9752806897835122,,,,0.9548476722435142,0.5,0.5,0.788666985490415,0.9917602299278374,0.5701068038545631
robot_4,outdoor,robot_anomaly_outdoor,2026-04-13 13:38:15.132000+00:00,,,,,,,,,,,,,51.5069,0.08109999999999995,0.5073837837837838,47.74265761291576,37.4536,,0.0,1.0,0.9705973574840271,,,,0.8816120296905057,0.5,0.5,0.6088252673286516,0.9901991191613423,0.5247560966224984
robot_4,outdoor,robot_anomaly_outdoor,2026-04-30 01:34:58.135000+00:00,,,,,,,,,,,,,53.8404,0.015000000000000013,0.15022567567567569,47.74265761291576,63.8833,,0.0,1.0,0.8857235903479933,,,,0.9030114283658406,0.5,0.5,0.7653308551558069,0.9619078634493311,0.5568096796512845
robot_5,outdoor,robot_anomaly_outdoor,2026-04-28 10:23:39.065000+00:00,,,,,,,,,,,,,32.1896,0.03169999999999995,0.18701081081081083,26.119861519645806,61.1612,,0.0,1.0,0.9806308541653743,,,,0.9055138060825136,0.5,0.5,0.8555714245400807,0.9935436180551248,0.5872787606488014
robot_1,outdoor,robot_anomaly_outdoor,2026-04-15 16:59:20.572000+00:00,,,,,,,,,,,,,25.2439,0.07130000000000003,0.36050405405405406,32.28341037492993,48.3227,,0.0,1.0,0.9688915079709696,,,,0.932525758151271,0.5,0.5,0.7523547984561105,0.9896305026569898,0.5604963252782751
robot_2,lab,robot_anomaly_lab,2026-04-26 04:33:52.219000+00:00,,,,,,,,,,,,,29.5665,0.03469999999999995,0.5294432432432432,14.63679636698148,35.8212,,0.0,1.0,0.9987903976180138,,,,0.8968672692876428,0.5,0.5,0.7716052625256906,0.9995967992060045,0.5678005154329238
robot_3,hospital,robot_anomaly_hospital,2026-05-06 19:45:52.475000+00:00,,,,,,,,,,,,,25.9377,0.04959999999999998,0.35677837837837845,37.431302275652754,48.5984,,0.0,1.0,0.9673407356863718,,,,0.9508866717503807,0.5,0.5,0.734829113934004,0.989113578562124,0.555985673124032
robot_2,outdoor,robot_anomaly_outdoor,2026-05-03 08:34:19.857000+00:00,,,,,,,,,,,,,39.8069,0.031100000000000017,0.1714702702702703,50.074809997698374,62.3112,,0.0,1.0,0.9789094969294708,,,,0.9440956776782696,0.5,0.5,0.7489752621511181,0.9929698323098236,0.5604862736152354
robot_3,lab,robot_anomaly_lab,2026-04-28 00:24:25.742000+00:00,,,,,,,,,,,,,42.4603,0.03210000000000002,0.33750270270270266,25.56989703262559,50.0248,,0.0,1.0,0.973993548787296,,,,0.8823793534575419,0.5,0.5,0.7931282076608879,0.9913311829290987,0.5711148476474966
robot_3,lab,robot_anomaly_lab,2026-04-12 14:11:27.102000+00:00,,,,,,,,,,,,,49.708,0.08720000000000006,0.38319594594594586,25.56989703262559,46.6435,,0.0,1.0,0.999286644749085,,,,0.8701110053533896,0.5,0.5,0.7592980419214903,0.9997622149163616,0.564765064209463
robot_4,warehouse,robot_anomaly_warehouse,2026-04-28 16:23:25.184000+00:00,,,,,,,,,,,,,40.5647,0.013700000000000045,0.47780405405405413,44.033102772410636,39.6425,,0.0,1.0,0.9908969666894113,,,,0.919638733251559,0.5,0.5,0.6575801344848122,0.9969656555631371,0.5386364475119874
robot_2,hospital,robot_anomaly_hospital,2026-04-22 14:33:23.644000+00:00,,,,,,,,,,,,,41.9128,0.058499999999999996,0.3756824324324324,38.92765711090124,47.1995,,0.0,1.0,0.9479870975745921,,,,0.8693784596683365,0.5,0.5,0.7111836418601094,0.9826623658581974,0.5484615019295767
robot_2,warehouse,robot_anomaly_warehouse,2026-04-24 18:18:55.499000+00:00,,,,,,,,,,,,,30.2347,0.0,0.27681891891891897,58.39748493129811,54.5154,,1.0,0.0,0.9292072452081136,,,,0.7753345494355829,0.5,0.5,0.6800699328263926,0.3097357484027045,0.3724514203072743
robot_2,lab,robot_anomaly_lab,2026-05-02 03:04:12.521000+00:00,,,,,,,,,,,,,47.1115,0.010499999999999954,0.11977972972972961,14.63679636698148,66.1363,,1.0,0.0,0.9594628124806154,,,,0.6675170960523633,0.5,0.5,0.9328745726620127,0.31982093749353846,0.4381738775388877
robot_1,warehouse,robot_anomaly_warehouse,2026-05-01 07:20:14.760000+00:00,,,,,,,,,,,,,38.6036,0.11680000000000001,0.11980810810810805,45.61617786488777,66.1342,,0.0,1.0,0.904363873208858,,,,0.845356799385834,0.5,0.5,0.7715012054479278,0.9681212910696194,0.5599056241293868
robot_3,lab,robot_anomaly_lab,2026-04-26 21:59:40.426000+00:00,,,,,,,,,,,,,23.6225,0.06430000000000002,0.31037837837837845,25.56989703262559,52.032,,0.0,1.0,0.9628124806153464,,,,0.8799345460124535,0.5,0.5,0.8053824253060895,0.9876041602051154,0.5732466463778012
robot_5,lab,robot_anomaly_lab,2026-05-01 19:53:06.872000+00:00,,,,,,,,,,,,,31.5395,0.022199999999999998,0.1730418918918919,44.31142771759781,62.1949,,1.0,0.0,0.9884777619254389,,,,0.6014362453410349,0.5,0.5,0.780426740886971,0.32949258730847963,0.40247983204886273
robot_2,outdoor,robot_anomaly_outdoor,2026-04-22 09:27:00.251000+00:00,,,,,,,,,,,,,40.8035,0.03639999999999999,0.28866486486486487,50.074809997698374,53.6388,,0.0,1.0,0.8529092488059054,,,,0.8679665862902798,0.5,0.5,0.7004652258154912,0.9509697496019683,0.5378587438543648
robot_4,hospital,robot_anomaly_hospital,2026-04-28 19:23:11.122000+00:00,,,,,,,,,,,,,35.5858,0.07220000000000004,0.6081081081081081,41.58712541309663,30.0,,1.0,0.0,0.9675578438062155,,,,0.7044524528603295,0.5,0.5,0.6058887237084658,0.32251928126873847,0.3571020012443011
robot_3,outdoor,robot_anomaly_outdoor,2026-04-11 07:36:23.236000+00:00,,,,,,,,,,,,,18.5272,0.0,0.3721054054054054,34.9320233150912,47.4642,,0.0,1.0,0.9844767694311767,,,,0.9468478852891906,0.5,0.5,0.7545242500113316,0.9948255898103922,0.5623374599554309
robot_3,outdoor,robot_anomaly_outdoor,2026-04-20 02:46:39.974000+00:00,,,,,,,,,,,,,48.8773,0.024800000000000044,0.34323513513513515,34.9320233150912,49.6006,,0.0,1.0,0.9414893617021276,,,,0.965656941171004,0.5,0.5,0.746752867808213,0.9804964539007092,0.5568123304272306
robot_3,warehouse,robot_anomaly_warehouse,2026-04-21 11:08:30.071000+00:00,,,,,,,,,,,,,20.603,0.059599999999999986,0.5176067567567568,41.50002108112327,36.6971,,0.0,1.0,0.947428819552137,,,,0.9132044462945081,0.5,0.5,0.6521041593103265,0.9824762731840456,0.5336451081235931
robot_1,lab,robot_anomaly_lab,2026-04-17 06:49:04.655000+00:00,,,,,,,,,,,,,41.1234,0.06279999999999997,0.22992567567567568,49.14167586402035,57.9855,,0.0,1.0,0.9779635258358662,,,,0.960087555001437,0.5,0.5,0.7222075897176451,0.9926545086119555,0.5537155245824001
robot_1,outdoor,robot_anomaly_outdoor,2026-04-27 14:24:19.442000+00:00,,,,,,,,,,,,,41.982,0.030200000000000005,0.4836567567567567,32.28341037492993,39.2094,,0.0,1.0,0.9856398486446251,,,,0.9244671385497938,0.5,0.5,0.7046239054479636,0.9952132828815418,0.5499592970823763
robot_4,hospital,robot_anomaly_hospital,2026-04-11 19:02:28.757000+00:00,,,,,,,,,,,,,34.7783,0.038000000000000034,0.43527297297297296,41.58712541309663,42.7898,,1.0,0.0,0.5606507040506172,,,,0.6616806662536271,0.5,0.5,0.6829976267145446,0.18688356801687242,0.3424702986828543
robot_5,hospital,robot_anomaly_hospital,2026-04-15 14:45:34.377000+00:00,,,,,,,,,,,,,19.6511,0.08330000000000004,0.276627027027027,33.69562591427044,54.5296,,0.0,1.0,0.9334563612679114,,,,0.955748867375435,0.5,0.5,0.7793255462053732,0.9778187870893037,0.5642860833236691
robot_3,outdoor,robot_anomaly_outdoor,2026-04-27 05:28:42.714000+00:00,,,,,,,,,,,,,41.8865,0.012199999999999989,0.3183810810810811,34.9320233150912,51.4398,,0.0,1.0,0.9430556417095713,,,,0.9314039294208534,0.5,0.5,0.7626766244809982,0.9810185472365238,0.5609237929293804
robot_5,hospital,robot_anomaly_hospital,2026-05-09 22:02:15.232000+00:00,,,,,,,,,,,,,33.198,0.0,0.579345945945946,33.69562591427044,32.1284,,0.0,1.0,0.9620991253644315,,,,0.8965750520601452,0.5,0.5,0.670606651255075,0.9873663751214772,0.539493256594138
robot_4,warehouse,robot_anomaly_warehouse,2026-04-27 09:23:41.502000+00:00,,,,,,,,,,,,,34.0205,0.0,0.43644324324324324,44.033102772410636,42.7032,,0.0,1.0,0.9922771540227033,,,,0.8565215946267433,0.5,0.5,0.6801481746540432,0.9974257180075679,0.5443934731654028
robot_3,warehouse,robot_anomaly_warehouse,2026-04-26 16:25:00.775000+00:00,,,,,,,,,,,,,34.16,0.0007000000000000339,0.12862567567567562,41.50002108112327,65.4817,,0.0,1.0,0.9874387444947584,,,,0.9505444697892083,0.5,0.5,0.8146330211287035,0.9958129148315861,0.5776114839900723
robot_2,outdoor,robot_anomaly_outdoor,2026-05-01 08:35:22.581000+00:00,,,,,,,,,,,,,35.0082,0.042300000000000004,0.36951891891891897,50.074809997698374,47.6556,,0.0,1.0,0.9649990695366293,,,,0.9360551835798308,0.5,0.5,0.66944681380263,0.9883330231788765,0.5394449592453766
robot_5,lab,robot_anomaly_lab,2026-04-12 11:41:06.346000+00:00,,,,,,,,,,,,,40.4304,0.02290000000000003,0.3895040540540541,44.31142771759781,46.1767,,0.0,1.0,0.9859034799330066,,,,0.838148713934402,0.5,0.5,0.6896426897471374,0.9953011599776689,0.5462359624312015
robot_1,outdoor,robot_anomaly_outdoor,2026-04-13 22:17:36.761000+00:00,,,,,,,,,,,,,32.1185,0.08489999999999998,0.23761351351351345,32.28341037492993,57.4166,,0.0,1.0,0.9664567954841511,,,,0.8754029297760993,0.5,0.5,0.7953592813248268,0.9888189318280504,0.5710445532882193
robot_4,lab,robot_anomaly_lab,2026-04-30 12:31:53.599000+00:00,,,,,,,,,,,,,42.1317,0.05800000000000005,0.43359594594594597,53.89857422167088,42.9139,,0.0,1.0,0.9738074561131443,,,,0.9236805782735171,0.5,0.5,0.6196081435884964,0.9912691520377148,0.5277193239065527
robot_4,lab,robot_anomaly_lab,2026-05-03 00:46:56.146000+00:00,,,,,,,,,,,,,32.984,0.03590000000000004,0.22724999999999995,53.89857422167088,58.1835,,0.0,1.0,0.9082097884746604,,,,0.849347909323312,0.5,0.5,0.7112228136826158,0.9694032628248869,0.5451565191268757
robot_2,hospital,robot_anomaly_hospital,2026-05-02 13:30:14.976000+00:00,,,,,,,,,,,,,44.7706,0.07789999999999997,0.13532702702702704,38.92765711090124,64.9858,,0.0,1.0,0.9371627070281,,,,0.8806900882908334,0.5,0.5,0.801710684216418,0.9790542356760333,0.5701912299731129
robot_2,warehouse,robot_anomaly_warehouse,2026-04-25 09:05:54.233000+00:00,,,,,,,,,,,,,31.8619,0.07589999999999997,0.43593648648648653,58.39748493129811,42.7407,,0.0,1.0,0.9063643694559891,,,,0.9256933431822038,0.5,0.5,0.5987993244795278,0.9687881231519965,0.5168968619078811
robot_2,hospital,robot_anomaly_hospital,2026-04-13 14:10:36.273000+00:00,,,,,,,,,,,,,208.5033,0.0695,0.8281621621621622,38.92765711090124,13.716,,1.0,0.0,0.9933316791762298,,,,0.6390604085742729,0.5,0.5,0.45198149121804587,0.3311105597254099,0.3207730127358639
robot_1,warehouse,robot_anomaly_warehouse,2026-04-27 09:54:24.471000+00:00,,,,,,,,,,,,,22.9104,0.06520000000000004,0.22170135135135138,45.61617786488777,58.5941,,1.0,0.0,0.9853296941877054,,,,0.7223658432920763,0.5,0.5,0.7493591326725816,0.3284432313959018,0.3944505910171209
robot_1,warehouse,robot_anomaly_warehouse,2026-04-23 00:25:18.545000+00:00,,,,,,,,,,,,,29.0327,0.0514,0.17994054054054054,45.61617786488777,61.6844,,0.0,1.0,0.9568109918739532,,,,0.9244555539959822,0.5,0.5,0.7663488445666321,0.9856036639579844,0.5629881271311541
robot_4,outdoor,robot_anomaly_outdoor,2026-04-20 07:27:28.371000+00:00,,,,,,,,,,,,,21.3458,0.08130000000000004,0.24727432432432428,47.74265761291576,56.7017,,0.0,1.0,0.967914521431673,,,,0.9577387701123559,0.5,0.5,0.7265414698113787,0.9893048404772243,0.5539615775721508
robot_5,warehouse,robot_anomaly_warehouse,2026-04-11 17:53:06.107000+00:00,,,,,,,,,,,,,48.6774,0.0,0.31605945945945946,31.857120950670687,51.6116,,0.0,1.0,0.9743967495812915,,,,0.9287355308765569,0.5,0.5,0.7772839411168101,0.9914655831937639,0.5671873810776434
robot_2,warehouse,robot_anomaly_warehouse,2026-04-27 13:54:56.505000+00:00,,,,,,,,,,,,,49.9279,0.03949999999999998,0.4102162162162163,58.39748493129811,44.644,,0.0,1.0,0.8987655852614602,,,,0.8891413855652921,0.5,0.5,0.6089682176843937,0.9662551950871534,0.5188058531928867
robot_1,warehouse,robot_anomaly_warehouse,2026-05-01 02:03:13.146000+00:00,,,,,,,,,,,,,41.9246,0.015499999999999958,0.11987297297297295,45.61617786488777,66.1294,,0.0,1.0,0.9721016066000868,,,,0.8845307949745328,0.5,0.5,0.7924985531683018,0.9907005355333623,0.5707997721754161
robot_3,warehouse,robot_anomaly_warehouse,2026-04-16 16:16:27.947000+00:00,,,,,,,,,,,,,35.0573,0.08509999999999995,0.270418918918919,41.50002108112327,54.989,,0.0,1.0,0.9869735128093791,,,,0.9689789421414879,0.5,0.5,0.7387333126353206,0.9956578376031263,0.5585977875596118
robot_4,warehouse,robot_anomaly_warehouse,2026-05-05 08:50:05.504000+00:00,,,,,,,,,,,,,22.3863,0.040100000000000025,0.36194729729729735,44.033102772410636,48.2159,,0.0,1.0,0.9995037528689287,,,,0.986247609441459,0.5,0.5,0.706317616935639,0.9998345842896429,0.5515380503063204
robot_2,hospital,robot_anomaly_hospital,2026-04-13 20:16:09.210000+00:00,,,,,,,,,,,,,34.9464,0.043300000000000005,0.24314594594594596,38.92765711090124,57.0072,,0.0,1.0,0.9164133738601824,,,,0.8565115503455754,0.5,0.5,0.7707476308115391,0.9721377912867274,0.5607213555245666
robot_5,lab,robot_anomaly_lab,2026-04-25 17:35:49.192000+00:00,,,,,,,,,,,,,25.1777,0.012499999999999956,0.38370945945945945,44.31142771759781,46.6055,,0.0,1.0,0.9792971900006203,,,,0.9547548015256228,0.5,0.5,0.7012106976983199,0.9930990633335401,0.5485774402579651
robot_2,hospital,robot_anomaly_hospital,2026-04-26 06:59:12.169000+00:00,,,,,,,,,,,,,21.7558,0.08360000000000001,0.47401756756756763,38.92765711090124,39.9227,,0.0,1.0,0.9901060728242664,,,,0.9759548172933996,0.5,0.5,0.6754333892422667,0.9967020242747555,0.5430338533792556
robot_4,outdoor,robot_anomaly_outdoor,2026-04-22 08:00:16.523000+00:00,,,,,,,,,,,,,37.6335,0.14259999999999995,0.4466445945945946,47.74265761291576,41.9483,,1.0,0.0,0.9943706966069102,,,,0.6567093539455918,0.5,0.5,0.6257500524211566,0.33145689886897006,0.36430173782253167
robot_1,lab,robot_anomaly_lab,2026-05-06 08:02:08.382000+00:00,,,,,,,,,,,,,38.0322,0.07589999999999997,0.2890027027027028,49.14167586402035,53.6138,,0.0,1.0,0.9936883568016872,,,,0.9290325619919539,0.5,0.5,0.6970685945679393,0.9978961189338958,0.5487411783754588
robot_4,hospital,robot_anomaly_hospital,2026-04-18 14:45:19.539000+00:00,,,,,,,,,,,,,27.6097,0.053300000000000014,0.22680405405405402,41.58712541309663,58.2165,,1.0,0.0,0.9438155201290243,,,,0.5954810230316473,0.5,0.5,0.7662419844410475,0.3146051733763414,0.3952117894543472
robot_1,outdoor,robot_anomaly_outdoor,2026-04-28 00:10:56.889000+00:00,,,,,,,,,,,,,36.7312,0.0047000000000000375,0.4728594594594594,32.28341037492993,40.0084,,0.0,1.0,0.9531356615594566,,,,0.9080267021869588,0.5,0.5,0.7170031644267535,0.9843785538531522,0.5503454295699765
robot_2,hospital,robot_anomaly_hospital,2026-05-03 03:45:54.962000+00:00,,,,,,,,,,,,,37.8549,0.04379999999999995,0.29342702702702705,38.92765711090124,53.2864,,0.0,1.0,0.9745363190869053,,,,0.8862993883689544,0.5,0.5,0.7492012250236965,0.9915121063623018,0.5601783328464995
robot_5,warehouse,robot_anomaly_warehouse,2026-04-29 10:49:54.045000+00:00,,,,,,,,,,,,,33.8809,0.08020000000000005,0.29698378378378376,31.857120950670687,53.0232,,0.0,1.0,0.9517089510576267,,,,0.9057482424444778,0.5,0.5,0.7738034203752275,0.9839029836858755,0.5644266010152758
robot_5,lab,robot_anomaly_lab,2026-05-10 13:27:48.773000+00:00,,,,,,,,,,,,,40.8833,0.07089999999999996,0.3198581081081081,44.31142771759781,51.3305,,0.0,1.0,0.9629830655666523,,,,0.8757988575566278,0.5,0.5,0.706617750610335,0.9876610218555507,0.5485696931164714
robot_3,hospital,robot_anomaly_hospital,2026-05-09 14:31:24.544000+00:00,,,,,,,,,,,,,30.6762,0.10640000000000005,0.3624162162162162,37.431302275652754,48.1812,,0.0,1.0,0.9736368711618386,,,,0.9205948857055104,0.5,0.5,0.7177841085796038,0.9912122903872795,0.5522490997417209
robot_3,outdoor,robot_anomaly_outdoor,2026-04-20 16:52:53.605000+00:00,,,,,,,,,,,,,49.1485,0.03739999999999999,0.37206621621621616,34.9320233150912,47.4671,,0.0,1.0,0.9489020532225048,,,,0.9076117409579204,0.5,0.5,0.7322942940558188,0.9829673510741683,0.5538154112824968
robot_1,warehouse,robot_anomaly_warehouse,2026-04-18 08:31:12.061000+00:00,,,,,,,,,,,,,33.5653,0.053300000000000014,0.4060148648648648,45.61617786488777,44.9549,,0.0,1.0,0.9585633645555487,,,,0.9115796562503136,0.5,0.5,0.6734350976878252,0.9861877881851829,0.5399057214682521
robot_1,hospital,robot_anomaly_hospital,2026-05-08 11:35:37.905000+00:00,,,,,,,,,,,,,50.0151,0.05410000000000004,0.3087,39.72338368547231,52.1562,,0.0,1.0,0.9872836672662986,,,,0.933740144448943,0.5,0.5,0.7316338234985198,0.9957612224220996,0.5568487614801549
robot_4,outdoor,robot_anomaly_outdoor,2026-04-12 13:05:07.481000+00:00,,,,,,,,,,,,,50.0847,0.029900000000000038,0.23257432432432434,47.74265761291576,57.7895,,0.0,1.0,0.9995657837603127,,,,0.9087621144999793,0.5,0.5,0.7307850176113746,0.9998552612534376,0.5576600697162031
robot_5,lab,robot_anomaly_lab,2026-04-21 03:02:31.436000+00:00,,,,,,,,,,,,,33.7627,0.03610000000000002,0.30690540540540534,44.31142771759781,52.289,,0.0,1.0,0.954252217604367,,,,0.9374134517004638,0.5,0.5,0.7227782698354501,0.9847507392014556,0.5518822522592264
robot_4,lab,robot_anomaly_lab,2026-04-18 12:46:08.496000+00:00,,,,,,,,,,,,,30.621,0.051000000000000045,0.32040405405405403,53.89857422167088,51.2901,,1.0,0.0,0.9944792506668321,,,,0.7793176659064618,0.5,0.5,0.6716769417356839,0.3314930835556107,0.3757925063228237
robot_1,lab,robot_anomaly_lab,2026-04-22 08:56:30.312000+00:00,,,,,,,,,,,,,32.3828,0.13629999999999998,0.4586810810810811,49.14167586402035,41.0576,,1.0,0.0,0.9656038707276223,,,,0.5584439443451287,0.5,0.5,0.6183308649044734,0.32186795690920744,0.36004970545342024
robot_1,hospital,robot_anomaly_hospital,2026-05-08 04:41:29.420000+00:00,,,,,,,,,,,,,171.3252,0.07950000000000002,0.9233770270270271,39.72338368547231,6.6701,,1.0,0.0,0.9492897462936543,,,,0.7005891773251564,0.5,0.5,0.42494253521946745,0.31642991543121807,0.31034311266267134
robot_5,outdoor,robot_anomaly_outdoor,2026-04-27 22:18:36.615000+00:00,,,,,,,,,,,,,318.1373,0.021700000000000053,0.8419689189189189,26.119861519645806,12.6943,,1.0,0.0,0.9990075057378575,,,,0.5936523416217973,0.5,0.5,0.4657670331905156,0.33300250191261915,0.3246923837757837
robot_2,hospital,robot_anomaly_hospital,2026-04-23 01:31:49.742000+00:00,,,,,,,,,,,,,30.7404,0.02200000000000002,0.45325945945945956,38.92765711090124,41.4588,,1.0,0.0,0.9983871968240183,,,,0.58659135344561,0.5,0.5,0.6933531353181391,0.3327957322746728,0.38153721689820297
robot_1,outdoor,robot_anomaly_outdoor,2026-04-24 00:36:52.972000+00:00,,,,,,,,,,,,,136.9734,0.06479999999999997,0.816177027027027,32.28341037492993,14.6029,,1.0,0.0,0.9779945412815583,,,,0.6207827242052735,0.5,0.5,0.5207182589935854,0.3259981804271861,0.3366791098551929
robot_2,outdoor,robot_anomaly_outdoor,2026-04-14 06:25:41.815000+00:00,,,,,,,,,,,,,25.7761,0.06059999999999999,0.28890945945945945,50.074809997698374,53.6207,,0.0,1.0,0.9987903976180138,,,,0.9241104978843966,0.5,0.5,0.7018185088706321,0.9995967992060045,0.5503538270191591
robot_3,lab,robot_anomaly_lab,2026-04-19 11:33:59.185000+00:00,,,,,,,,,,,,,54.2146,0.05400000000000005,0.27283378378378376,25.56989703262559,54.8103,,0.0,1.0,0.8998356181378326,,,,0.7990588522382596,0.5,0.5,0.8087785219341941,0.966611872712611,0.5688475986617012
robot_2,lab,robot_anomaly_lab,2026-04-13 05:44:48.489000+00:00,,,,,,,,,,,,,50.5993,0.09330000000000005,0.3013108108108108,14.63679636698148,52.703,,0.0,1.0,0.9951615904720551,,,,0.8821960419155948,0.5,0.5,0.8402575120761053,0.9983871968240184,0.584661177225031
robot_4,lab,robot_anomaly_lab,2026-04-14 07:02:20.954000+00:00,,,,,,,,,,,,,44.3132,0.0,0.2938283783783784,53.89857422167088,53.2567,,0.0,1.0,0.9865548042925377,,,,0.8948049277944163,0.5,0.5,0.6874248411801124,0.9955182680975126,0.5457357773194063
robot_2,hospital,robot_anomaly_hospital,2026-05-06 22:03:15.359000+00:00,,,,,,,,,,,,,36.9277,0.05600000000000005,0.37913648648648646,38.92765711090124,46.9439,,0.0,1.0,0.9936418336331493,,,,0.9648809707513222,0.5,0.5,0.7126252957769845,0.9978806112110498,0.5526264767470086
robot_4,hospital,robot_anomaly_hospital,2026-05-03 05:49:33.668000+00:00,,,,,,,,,,,,,51.0148,0.061000000000000054,0.24862027027027023,41.58712541309663,56.6021,,0.0,1.0,0.9475683890577508,,,,0.9211046372010244,0.5,0.5,0.7451583144031468,0.9825227963525837,0.5569202776889326
robot_4,warehouse,robot_anomaly_warehouse,2026-04-28 20:47:48.289000+00:00,,,,,,,,,,,,,40.4404,0.022299999999999986,0.3968027027027027,44.033102772410636,45.6366,,0.0,1.0,0.915948142174803,,,,0.9078590985023351,0.5,0.5,0.6881241810438044,0.9719827140582676,0.5400267237755181
robot_1,outdoor,robot_anomaly_outdoor,2026-05-02 00:39:15.646000+00:00,,,,,,,,,,,,,35.9014,0.30000000000000004,0.22297702702702704,32.28341037492993,58.4997,,1.0,0.0,0.9807083927796042,,,,0.6747516315487558,0.5,0.5,0.7516456103851394,0.3269027975932014,0.3946371019945851
robot_4,lab,robot_anomaly_lab,2026-04-25 01:03:35.709000+00:00,,,,,,,,,,,,,325.6602,0.02749999999999997,0.9529972972972973,53.89857422167088,4.4782,,1.0,0.0,0.9551981886979716,,,,0.5307053532479803,0.5,0.5,0.28968679384557133,0.3183993962326572,0.27702154751955715
robot_1,lab,robot_anomaly_lab,2026-05-09 16:50:39.483000+00:00,,,,,,,,,,,,,31.0077,0.06420000000000003,0.23751891891891896,49.14167586402035,57.4236,,1.0,0.0,0.9599745673345326,,,,0.71140386270392,0.5,0.5,0.7234593692894525,0.3199915224448442,0.38586272293357415
robot_4,hospital,robot_anomaly_hospital,2026-04-12 14:58:19.523000+00:00,,,,,,,,,,,,,49.6733,0.06620000000000004,0.3917567567567568,41.58712541309663,46.01,,1.0,0.0,0.9940760498728367,,,,0.7042940675232188,0.5,0.5,0.6873571056999059,0.3313586832909456,0.3796789472477129
robot_3,hospital,robot_anomaly_hospital,2026-04-20 13:30:44.024000+00:00,,,,,,,,,,,,,53.2835,0.08850000000000002,0.32255810810810814,37.431302275652754,51.1307,,0.0,1.0,0.9934712486818436,,,,0.925346031493547,0.5,0.5,0.7274275816441977,0.9978237495606145,0.556312832801203
robot_2,outdoor,robot_anomaly_outdoor,2026-05-09 08:27:03.892000+00:00,,,,,,,,,,,,,52.7233,0.07850000000000001,0.33966756756756755,50.074809997698374,49.8646,,0.0,1.0,0.9946963587866757,,,,0.8412894257759902,0.5,0.5,0.6652782417479348,0.9982321195955586,0.5408775903358733
robot_1,outdoor,robot_anomaly_outdoor,2026-04-17 02:57:59.289000+00:00,,,,,,,,,,,,,34.446,0.02729999999999999,0.30216891891891895,32.28341037492993,52.6395,,1.0,0.0,0.9607654611996774,,,,0.5829303437500023,0.5,0.5,0.7812914128062751,0.32025515373322583,0.40038664163487525
robot_3,warehouse,robot_anomaly_warehouse,2026-04-23 14:58:10.634000+00:00,,,,,,,,,,,,,178.4563,0.09899999999999998,0.9699054054054054,41.50002108112327,3.227,,1.0,0.0,0.9498635320389555,,,,0.652326195463476,0.5,0.5,0.3906305866470402,0.3166211773463185,0.30181294099833966
robot_5,lab,robot_anomaly_lab,2026-05-02 09:44:36.444000+00:00,,,,,,,,,,,,,30.2243,0.0026000000000000467,0.44054729729729725,44.31142771759781,42.3995,,1.0,0.0,0.9958904534458161,,,,0.7347317208787667,0.5,0.5,0.6783826314294916,0.3319634844819387,0.3775865289778575
robot_5,lab,robot_anomaly_lab,2026-05-05 22:24:30.763000+00:00,,,,,,,,,,,,,18.4858,0.036800000000000055,0.35155810810810817,44.31142771759781,48.9847,,0.0,1.0,0.9786458656410892,,,,0.9500183327561377,0.5,0.5,0.7117092289358761,0.9928819552136964,0.5511477960373931
robot_3,outdoor,robot_anomaly_outdoor,2026-05-04 19:07:56.203000+00:00,,,,,,,,,,,,,38.3252,0.07599999999999996,0.16358243243243242,34.9320233150912,62.8949,,0.0,1.0,0.9959524843372,,,,0.9109567346025681,0.5,0.5,0.8120237508491215,0.9986508281124,0.5776686447403804
robot_2,warehouse,robot_anomaly_warehouse,2026-05-09 10:21:39.267000+00:00,,,,,,,,,,,,,19.8501,0.04390000000000005,0.3070905405405405,58.39748493129811,52.2753,,0.0,1.0,0.9236399727064077,,,,0.8287348868426523,0.5,0.5,0.6629187552087226,0.9745466575688025,0.5343663531943813
robot_2,outdoor,robot_anomaly_outdoor,2026-05-02 21:43:32.331000+00:00,,,,,,,,,,,,,47.0624,0.09250000000000003,0.44571216216216214,50.074809997698374,42.0173,,0.0,1.0,0.9794212517833881,,,,0.8827691140058104,0.5,0.5,0.6223206882041273,0.9931404172611294,0.5288652763663142
robot_2,lab,robot_anomaly_lab,2026-04-30 13:55:56.929000+00:00,,,,,,,,,,,,,26.4051,0.02080000000000004,0.345595945945946,14.63679636698148,49.4259,,0.0,1.0,1.0,,,,0.9524899566819848,0.5,0.5,0.8496739292323128,1.0,0.5874184823080781
robot_4,lab,robot_anomaly_lab,2026-04-14 13:58:53.664000+00:00,,,,,,,,,,,,,37.9601,0.031100000000000017,0.36651891891891886,53.89857422167088,47.8776,,0.0,1.0,0.986415234786924,,,,0.9491169278068743,0.5,0.5,0.6543199097372254,0.9954717449289747,0.53744791366655
robot_5,lab,robot_anomaly_lab,2026-05-02 20:53:37.541000+00:00,,,,,,,,,,,,,47.7289,0.0796,0.3416662162162162,44.31142771759781,49.7167,,0.0,1.0,0.9966658395881148,,,,0.8306137153363483,0.5,0.5,0.6928459417405846,0.9988886131960383,0.5479336387341558
robot_4,outdoor,robot_anomaly_outdoor,2026-04-11 03:12:45.613000+00:00,,,,,,,,,,,,,25.2208,0.10270000000000001,0.29364054054054056,47.74265761291576,53.2706,,0.0,1.0,0.9761801377085789,,,,0.9066897897025775,0.5,0.5,0.7014723637883056,0.9920600459028597,0.5483831024227913
robot_1,lab,robot_anomaly_lab,2026-04-27 16:07:27.255000+00:00,,,,,,,,,,,,,41.9298,0.0937,0.31830945945945954,49.14167586402035,51.4451,,0.0,1.0,0.8525525711804479,,,,0.8864622229927832,0.5,0.5,0.6796137949196877,0.9508508570601494,0.5326161629949593
robot_3,warehouse,robot_anomaly_warehouse,2026-04-21 22:02:27.564000+00:00,,,,,,,,,,,,,38.6353,0.07589999999999997,0.3921,41.50002108112327,45.9846,,0.0,1.0,0.9609825693195211,,,,0.9315291218270154,0.5,0.5,0.6904801395217671,0.9869941897731737,0.5443685823237352
robot_2,hospital,robot_anomaly_hospital,2026-04-20 02:37:43.721000+00:00,,,,,,,,,,,,,26.9173,0.013599999999999945,0.5150175675675676,38.92765711090124,36.8887,,0.0,1.0,0.9436449351777185,,,,0.9527338012820976,0.5,0.5,0.672257127442512,0.9812149783925728,0.5383680264587711
robot_4,outdoor,robot_anomaly_outdoor,2026-05-03 11:04:17.288000+00:00,,,,,,,,,,,,,55.1968,0.005499999999999949,0.16431756756756755,47.74265761291576,62.8405,,0.0,1.0,0.9857794181502388,,,,0.9455379194252777,0.5,0.5,0.7611904482334846,0.9952598060500796,0.564112563570891
robot_5,lab,robot_anomaly_lab,2026-05-06 19:14:34.403000+00:00,,,,,,,,,,,,,46.8391,0.07050000000000001,0.37300810810810814,44.31142771759781,47.3974,,0.0,1.0,0.9687519384653558,,,,0.9469312055121215,0.5,0.5,0.6827381018528436,0.9895839794884519,0.5430805203353238
robot_5,hospital,robot_anomaly_hospital,2026-04-14 11:04:16.376000+00:00,,,,,,,,,,,,,32.1806,0.06330000000000002,0.4430135135135135,33.69562591427044,42.217,,0.0,1.0,0.9447149680540909,,,,0.9141677219526405,0.5,0.5,0.7115215781685307,0.9815716560180303,0.5482733085466402
robot_3,hospital,robot_anomaly_hospital,2026-05-04 06:50:33.688000+00:00,,,,,,,,,,,,,13.9924,0.09419999999999995,0.2694378378378378,37.431302275652754,55.0616,,0.0,1.0,0.9641306370572545,,,,0.8762236316300875,0.5,0.5,0.7652768776124963,0.9880435456857515,0.5633301058245619
robot_1,outdoor,robot_anomaly_outdoor,2026-05-06 08:46:47.982000+00:00,,,,,,,,,,,,,29.1008,0.02629999999999999,0.26222702702702705,32.28341037492993,55.5952,,0.0,1.0,0.9464673407356864,,,,0.9554172527026263,0.5,0.5,0.7999215472753433,0.9821557802452289,0.570519331880143
robot_3,lab,robot_anomaly_lab,2026-04-25 03:06:46.749000+00:00,,,,,,,,,,,,,34.3104,0.05410000000000004,0.5488432432432433,25.56989703262559,34.3856,,0.0,1.0,0.9606103839712177,,,,0.9702459975628898,0.5,0.5,0.7074046858416747,0.9868701279904059,0.5485687034580202
robot_1,warehouse,robot_anomaly_warehouse,2026-04-16 18:26:43.041000+00:00,,,,,,,,,,,,,25.0417,0.33120000000000005,0.15297972972972973,45.61617786488777,63.6795,,1.0,0.0,0.9907573971837975,,,,0.6967038941360547,0.5,0.5,0.7167082101734867,0.3302524657279325,0.3867401689753548
robot_4,hospital,robot_anomaly_hospital,2026-05-09 17:12:40.042000+00:00,,,,,,,,,,,,,13.9395,0.07599999999999996,0.3343959459459459,41.58712541309663,50.2547,,1.0,0.0,0.997983996030023,,,,0.6946039617120959,0.5,0.5,0.7243727772461569,0.33266133201000764,0.3892585273140411
robot_4,lab,robot_anomaly_lab,2026-04-25 18:05:42.180000+00:00,,,,,,,,,,,,,21.868,0.07989999999999997,0.27719324324324324,53.89857422167088,54.4877,,0.0,1.0,0.9529340611624589,,,,0.8790043877426561,0.5,0.5,0.6865133749239818,0.9843113537208197,0.5427061821612004
robot_2,outdoor,robot_anomaly_outdoor,2026-05-10 08:51:38.076000+00:00,,,,,,,,,,,,,28.1171,0.038900000000000046,0.39169054054054053,50.074809997698374,46.0149,,0.0,1.0,0.9907573971837975,,,,0.8607030389897755,0.5,0.5,0.6644684669019156,0.9969191323945991,0.5403468998241286
robot_4,outdoor,robot_anomaly_outdoor,2026-04-16 15:48:47.035000+00:00,,,,,,,,,,,,,27.5374,0.02949999999999997,0.44676216216216214,47.74265761291576,41.9396,,0.0,1.0,0.962440295267043,,,,0.9227648592347325,0.5,0.5,0.6554531027764022,0.9874800984223476,0.5357333002996875
robot_5,warehouse,robot_anomaly_warehouse,2026-04-11 23:11:24.388000+00:00,,,,,,,,,,,,,40.0521,0.04620000000000002,0.20390135135135135,31.857120950670687,59.9113,,1.0,0.0,0.985670864090317,,,,0.774226837082388,0.5,0.5,0.8157929240538024,0.3285569546967723,0.41108746968764365
robot_1,outdoor,robot_anomaly_outdoor,2026-05-08 01:49:22.571000+00:00,,,,,,,,,,,,,43.3594,0.0,0.2910851351351351,32.28341037492993,53.4597,,0.0,1.0,0.9758544755288133,,,,0.8718190388767241,0.5,0.5,0.7877439579867561,0.9919514918429377,0.5699238624574234
robot_5,lab,robot_anomaly_lab,2026-04-25 09:46:00.459000+00:00,,,,,,,,,,,,,25.2153,0.07230000000000003,0.4156378378378378,44.31142771759781,44.2428,,0.0,1.0,0.983623844674648,,,,0.9406552324300257,0.5,0.5,0.6751200552365972,0.9945412815582161,0.5424153341987034
robot_3,hospital,robot_anomaly_hospital,2026-04-15 18:08:23.671000+00:00,,,,,,,,,,,,,37.2864,0.0,0.3451094594594595,37.431302275652754,49.4619,,0.0,1.0,0.9644097760684821,,,,0.9431034267675003,0.5,0.5,0.745368683919969,0.9881365920228274,0.5583763189856992
robot_5,outdoor,robot_anomaly_outdoor,2026-04-25 09:29:00.207000+00:00,,,,,,,,,,,,,38.1081,0.36950000000000005,0.40564459459459457,26.119861519645806,44.9823,,1.0,0.0,0.9522827368029279,,,,0.6327801195797671,0.5,0.5,0.6902844395211681,0.3174275789343093,0.3769280046138693
robot_2,lab,robot_anomaly_lab,2026-04-26 00:56:38.985000+00:00,,,,,,,,,,,,,29.3308,0.051000000000000045,0.2516378378378379,14.63679636698148,56.3788,,0.0,1.0,0.9799174989144595,,,,0.8683798830885779,0.5,0.5,0.8792087701592062,0.9933058329714864,0.5931286507826732
robot_2,warehouse,robot_anomaly_warehouse,2026-04-13 02:20:03.732000+00:00,,,,,,,,,,,,,43.2167,0.05559999999999998,0.4469824324324325,58.39748493129811,41.9233,,0.0,1.0,0.9858414490416227,,,,0.9312191318329681,0.5,0.5,0.5937325455726361,0.9952804830138743,0.5222532571466276
robot_3,hospital,robot_anomaly_hospital,2026-05-01 07:10:42.349000+00:00,,,,,,,,,,,,,30.3426,0.07079999999999997,0.44810945945945946,37.431302275652754,41.8399,,0.0,1.0,0.945381800136468,,,,0.8820413887914549,0.5,0.5,0.6915775587145776,0.9817939333788227,0.54334287302335
robot_2,outdoor,robot_anomaly_outdoor,2026-04-29 22:10:33.837000+00:00,,,,,,,,,,,,,34.4988,0.04420000000000002,0.4467878378378378,50.074809997698374,41.9377,,0.0,1.0,0.9669840580609144,,,,0.8601612503135992,0.5,0.5,0.6383482703968847,0.9889946860203048,0.5318357391042974
robot_3,warehouse,robot_anomaly_warehouse,2026-04-25 08:18:06.943000+00:00,,,,,,,,,,,,,26.296,0.03600000000000003,0.3490094594594595,41.50002108112327,49.1733,,0.0,1.0,0.9737144097760685,,,,0.9505896560126483,0.5,0.5,0.7222036640411823,0.9912381365920228,0.5533604501583013
robot_5,outdoor,robot_anomaly_outdoor,2026-04-23 00:55:59.811000+00:00,,,,,,,,,,,,,33.8624,0.09130000000000005,0.20474729729729724,26.119861519645806,59.8487,,0.0,1.0,0.9179641461447801,,,,0.9309916950406969,0.5,0.5,0.8344583583611975,0.9726547153815934,0.5767782684356977
robot_2,outdoor,robot_anomaly_outdoor,2026-04-25 16:29:54.709000+00:00,,,,,,,,,,,,,38.6963,0.07940000000000003,0.28452702702702704,50.074809997698374,53.945,,0.0,1.0,0.9929594938279263,,,,0.8560639646580966,0.5,0.5,0.6935135696378072,0.9976531646093086,0.5477916835617789
robot_2,warehouse,robot_anomaly_warehouse,2026-04-11 13:27:32.222000+00:00,,,,,,,,,,,,,14.9298,0.03700000000000003,0.25792432432432433,58.39748493129811,55.9136,,0.0,1.0,0.9474598349978289,,,,0.9209531529070487,0.5,0.5,0.6863578035028561,0.982486611665943,0.5422111037921997
robot_2,hospital,robot_anomaly_hospital,2026-05-04 23:08:59.167000+00:00,,,,,,,,,,,,,43.5002,0.06979999999999997,0.3055554054054054,38.92765711090124,52.3889,,0.0,1.0,0.9505768872898703,,,,0.8597764870725344,0.5,0.5,0.7359988973962153,0.9835256290966234,0.5548811316232096
robot_3,lab,robot_anomaly_lab,2026-04-21 08:43:03.609000+00:00,,,,,,,,,,,,,15.738,0.06330000000000002,0.40810810810810816,25.56989703262559,44.8,,0.0,1.0,0.914661001178587,,,,0.9138394264471532,0.5,0.5,0.7700987544031385,0.971553667059529,0.5604131053656669
robot_3,lab,robot_anomaly_lab,2026-04-26 18:18:26.279000+00:00,,,,,,,,,,,,,34.3432,0.048699999999999966,0.3575756756756757,25.56989703262559,48.5394,,0.0,1.0,0.9997363687116184,,,,0.956074277463172,0.5,0.5,0.785097997022105,0.9999121229038729,0.5712525299814946
robot_3,hospital,robot_anomaly_hospital,2026-05-02 08:13:58.889000+00:00,,,,,,,,,,,,,38.7368,0.04279999999999995,0.4178716216216216,37.431302275652754,44.0775,,0.0,1.0,0.9031232553811799,,,,0.9532416980530212,0.5,0.5,0.7060835627352317,0.9677077517937267,0.5434478286322396
robot_5,outdoor,robot_anomaly_outdoor,2026-05-09 08:47:33.608000+00:00,,,,,,,,,,,,,32.8415,0.048900000000000055,0.4141554054054054,26.119861519645806,44.3525,,0.0,1.0,0.9839029836858756,,,,0.9260793556616287,0.5,0.5,0.7605910621067651,0.9946343278952918,0.5638063475005142
robot_3,warehouse,robot_anomaly_warehouse,2026-04-26 16:31:27.719000+00:00,,,,,,,,,,,,,37.3216,0.04520000000000002,0.3222027027027028,41.50002108112327,51.157,,0.0,1.0,0.9374108305936356,,,,0.9459048291334307,0.5,0.5,0.725865564765774,0.9791369435312118,0.5512506270742464
robot_1,outdoor,robot_anomaly_outdoor,2026-04-27 21:52:34.644000+00:00,,,,,,,,,,,,,30.106,0.025599999999999956,0.2512932432432432,32.28341037492993,56.4043,,0.0,1.0,0.9627349420011165,,,,0.961463420015269,0.5,0.5,0.8039936191152357,0.9875783140003721,0.5728929832789019
robot_3,outdoor,robot_anomaly_outdoor,2026-04-14 22:41:23.093000+00:00,,,,,,,,,,,,,37.4951,0.02859999999999996,0.38116621621621616,34.9320233150912,46.7937,,0.0,1.0,0.9595713665405372,,,,0.858888830597416,0.5,0.5,0.7359116341003322,0.9865237888468457,0.5556088557367944
robot_3,warehouse,robot_anomaly_warehouse,2026-05-05 21:01:43.893000+00:00,,,,,,,,,,,,,47.6536,0.06920000000000004,0.3101756756756757,41.50002108112327,52.047,,0.0,1.0,0.9795453135661559,,,,0.874913655671566,0.5,0.5,0.7206388335148775,0.9931817711887186,0.5534551511758989
robot_2,outdoor,robot_anomaly_outdoor,2026-04-16 15:14:18.309000+00:00,,,,,,,,,,,,,35.7662,0.03849999999999998,0.2160189189189189,50.074809997698374,59.0146,,1.0,0.0,0.46788350598598105,,,,0.6067269415333938,0.5,0.5,0.7313473742005014,0.1559611686619937,0.3468271357156238
robot_1,lab,robot_anomaly_lab,2026-05-07 01:00:21.635000+00:00,,,,,,,,,,,,,37.6832,0.0,0.2214459459459459,49.14167586402035,58.613,,0.0,1.0,0.9496619316419577,,,,0.9331959979868831,0.5,0.5,0.7411335685144007,0.9832206438806526,0.5560885530987634
robot_4,warehouse,robot_anomaly_warehouse,2026-04-21 06:14:58.165000+00:00,,,,,,,,,,,,,27.1765,0.046499999999999986,0.3542837837837838,44.033102772410636,48.783,,1.0,0.0,0.9810805781279077,,,,0.6777402488114878,0.5,0.5,0.7057808507911871,0.32702685937596926,0.38320192754178906
robot_1,outdoor,robot_anomaly_outdoor,2026-05-05 14:03:26.072000+00:00,,,,,,,,,,,,,29.954,0.04820000000000002,0.4792175675675676,32.28341037492993,39.5379,,0.0,1.0,0.9759475218658892,,,,0.9502790637707019,0.5,0.5,0.7078657676962905,0.9919825072886298,0.5499620687462301
robot_2,warehouse,robot_anomaly_warehouse,2026-05-09 02:39:10.509000+00:00,,,,,,,,,,,,,36.1427,0.09199999999999997,0.30967702702702704,58.39748493129811,52.0839,,0.0,1.0,0.9396284349606104,,,,0.9308552996302725,0.5,0.5,0.6437748924735414,0.9798761449868701,0.5309127593651028
robot_2,hospital,robot_anomaly_hospital,2026-04-15 06:36:24.861000+00:00,,,,,,,,,,,,,33.5968,0.022199999999999998,0.3706770270270271,38.92765711090124,47.5699,,0.0,1.0,0.9450251225110105,,,,0.9524564820180634,0.5,0.5,0.7250425627927893,0.9816750408370035,0.5516794009074483
robot_2,lab,robot_anomaly_lab,2026-05-08 13:20:37.649000+00:00,,,,,,,,,,,,,45.3131,0.07930000000000004,0.3576621621621622,14.63679636698148,48.533,,0.0,1.0,0.9891135785621239,,,,0.893818540084516,0.5,0.5,0.8232352974229198,0.9963711928540414,0.5799016225692404
robot_4,outdoor,robot_anomaly_outdoor,2026-04-28 08:07:38.312000+00:00,,,,,,,,,,,,,46.2767,0.0033999999999999586,0.222222972972973,47.74265761291576,58.5555,,0.0,1.0,0.9887413932138205,,,,0.8532474692569849,0.5,0.5,0.7425521746907805,0.9962471310712736,0.5596998264405135
robot_2,outdoor,robot_anomaly_outdoor,2026-04-17 16:22:40.805000+00:00,,,,,,,,,,,,,30.2704,0.05249999999999999,0.23227702702702702,50.074809997698374,57.8115,,0.0,1.0,0.9097140375907202,,,,0.8809120719789826,0.5,0.5,0.7242293297454515,0.9699046791969067,0.5485335022355896
robot_3,hospital,robot_anomaly_hospital,2026-05-10 14:15:14.939000+00:00,,,,,,,,,,,,,242.9733,0.09240000000000004,0.965222972972973,37.431302275652754,3.5735,,1.0,0.0,0.881117796662738,,,,0.5642670882424002,0.5,0.5,0.3832254486500587,0.2937059322209127,0.29423284521774284
robot_4,outdoor,robot_anomaly_outdoor,2026-04-26 13:40:12.982000+00:00,,,,,,,,,,,,,32.1417,0.10840000000000005,0.32462162162162156,47.74265761291576,50.978,,0.0,1.0,0.9693877551020408,,,,0.9495707706170885,0.5,0.5,0.6846644541904239,0.9897959183673469,0.5436150931394428
robot_4,warehouse,robot_anomaly_warehouse,2026-05-06 17:31:17.915000+00:00,,,,,,,,,,,,,30.665,0.08399999999999996,0.38534729729729733,44.033102772410636,46.4843,,0.0,1.0,0.9369145834625644,,,,0.8736345217917328,0.5,0.5,0.6834272422907537,0.9789715278208547,0.5405996925279021
robot_4,warehouse,robot_anomaly_warehouse,2026-05-07 01:52:10.284000+00:00,,,,,,,,,,,,,21.315,0.0032999999999999696,0.27249189189189194,44.033102772410636,54.8356,,0.0,1.0,0.9894547484647355,,,,0.8798006229906811,0.5,0.5,0.7507729572693813,0.9964849161549117,0.5618144683560733
robot_3,warehouse,robot_anomaly_warehouse,2026-04-13 18:05:14.900000+00:00,,,,,,,,,,,,,21.0144,0.025699999999999945,0.13003108108108097,41.50002108112327,65.3777,,0.0,1.0,0.9749395198809007,,,,0.9426608865595263,0.5,0.5,0.8144882039874031,0.9916465066269669,0.5765336776535925
robot_3,lab,robot_anomaly_lab,2026-04-14 17:42:42.708000+00:00,,,,,,,,,,,,,37.4648,0.04920000000000002,0.42387972972972976,25.56989703262559,43.6329,,0.0,1.0,0.9782581725699399,,,,0.8882303718809881,0.5,0.5,0.7570454867131905,0.99275272418998,0.5624495527257926
robot_2,lab,robot_anomaly_lab,2026-04-24 15:53:39.807000+00:00,,,,,,,,,,,,,179.4114,0.07920000000000005,0.8853364864864866,14.63679636698148,9.4851,,1.0,0.0,0.9904007195583401,,,,0.5979636649078449,0.5,0.5,0.5512015087839647,0.33013357318611336,0.34533377049251945
robot_2,lab,robot_anomaly_lab,2026-04-27 09:51:48.659000+00:00,,,,,,,,,,,,,41.0042,0.04830000000000001,0.2831702702702703,14.63679636698148,54.0454,,0.0,1.0,0.9359531046461138,,,,0.8801496814981672,0.5,0.5,0.8618874750500922,0.9786510348820379,0.5851346274830325
robot_2,lab,robot_anomaly_lab,2026-04-26 14:04:52.732000+00:00,,,,,,,,,,,,,29.5159,0.08499999999999996,0.3818662162162162,14.63679636698148,46.7419,,0.0,1.0,0.9962626387941195,,,,0.9088937297978207,0.5,0.5,0.8194701188669358,0.9987542129313732,0.5795560829495773
robot_5,warehouse,robot_anomaly_warehouse,2026-04-12 22:19:09.498000+00:00,,,,,,,,,,,,,39.5636,0.020100000000000007,0.3521783783783784,31.857120950670687,48.9388,,0.0,1.0,0.9292227529309596,,,,0.8653861788093373,0.5,0.5,0.7625100830076181,0.9764075843103198,0.5597294168294844
robot_4,warehouse,robot_anomaly_warehouse,2026-04-28 20:26:47.116000+00:00,,,,,,,,,,,,,25.0614,0.05389999999999995,0.0,44.033102772410636,75.0,,0.0,1.0,0.9526394144283853,,,,0.9668149382605327,0.5,0.5,0.8468101959586706,0.9842131381427951,0.5827558335253664
robot_4,warehouse,robot_anomaly_warehouse,2026-04-16 08:09:48.998000+00:00,,,,,,,,,,,,,22.3257,0.0,0.4673405405405405,44.033102772410636,40.4168,,0.0,1.0,0.988431238756901,,,,0.9074556667744365,0.5,0.5,0.6731079109359779,0.9961437462523003,0.5423129142970695
robot_3,outdoor,robot_anomaly_outdoor,2026-04-24 02:11:04.020000+00:00,,,,,,,,,,,,,40.6034,0.022800000000000042,0.20797432432432428,34.9320233150912,59.6099,,1.0,0.0,0.4566404069226475,,,,0.6164624210009568,0.5,0.5,0.8050649522521643,0.15221346897421584,0.364319605306595
robot_1,hospital,robot_anomaly_hospital,2026-05-02 10:21:17.290000+00:00,,,,,,,,,,,,,35.6635,0.10560000000000003,0.3936364864864865,39.72338368547231,45.8709,,0.0,1.0,0.987035543700763,,,,0.8951854558083273,0.5,0.5,0.6927302646316272,0.995678514566921,0.5471021947996371
robot_2,lab,robot_anomaly_lab,2026-04-15 07:46:10.792000+00:00,,,,,,,,,,,,,42.0607,0.059599999999999986,0.3005351351351352,14.63679636698148,52.7604,,0.0,1.0,0.9775913404875628,,,,0.947538245099427,0.5,0.5,0.8519474208012694,0.9925304468291877,0.5861194669076143
robot_3,outdoor,robot_anomaly_outdoor,2026-04-22 15:19:03.735000+00:00,,,,,,,,,,,,,25.1091,0.06810000000000005,0.17766621621621626,34.9320233150912,61.8527,,0.0,1.0,0.9166304819800261,,,,0.8821338583812277,0.5,0.5,0.8141580744541261,0.9722101606600088,0.5715920587785337
robot_3,lab,robot_anomaly_lab,2026-04-25 18:51:49.387000+00:00,,,,,,,,,,,,,59.0444,0.04349999999999998,0.3794324324324325,25.56989703262559,46.922,,0.0,1.0,0.9629830655666523,,,,0.8686444064357686,0.5,0.5,0.7662781961888154,0.9876610218555507,0.5634848045110916
robot_1,outdoor,robot_anomaly_outdoor,2026-05-07 04:06:18.910000+00:00,,,,,,,,,,,,,25.4193,0.014000000000000012,0.29853108108108106,32.28341037492993,52.9087,,0.0,1.0,0.9458625395446932,,,,0.9710903946433399,0.5,0.5,0.78981029723537,0.9819541798482311,0.5679411192709003
robot_2,hospital,robot_anomaly_hospital,2026-04-13 08:37:50.313000+00:00,,,,,,,,,,,,,42.6502,0.08479999999999999,0.2806067567567567,38.92765711090124,54.2351,,0.0,1.0,0.9661466410272316,,,,0.8745806076562351,0.5,0.5,0.7430282566885665,0.9887155470090772,0.557935950924411
robot_2,lab,robot_anomaly_lab,2026-05-01 11:38:24.392000+00:00,,,,,,,,,,,,,41.7751,0.06789999999999996,0.4036824324324325,14.63679636698148,45.1275,,0.0,1.0,0.9286179517399665,,,,0.8600036548148806,0.5,0.5,0.8089720986121435,0.9762059839133221,0.5712945206313664
robot_1,warehouse,robot_anomaly_warehouse,2026-04-23 08:38:12.626000+00:00,,,,,,,,,,,,,38.7139,0.6856,0.2644675675675675,45.61617786488777,55.4294,,1.0,0.0,0.9790645741579307,,,,0.5406909764545473,0.5,0.5,0.5870607320165164,0.3263548580526436,0.35335389751729
robot_3,outdoor,robot_anomaly_outdoor,2026-05-07 18:20:45.202000+00:00,,,,,,,,,,,,,47.5108,0.06569999999999998,0.42892027027027024,34.9320233150912,43.2599,,0.0,1.0,0.9984027045468643,,,,0.9694810776001941,0.5,0.5,0.704002294738637,0.9994675681822881,0.5508674657302313
robot_2,lab,robot_anomaly_lab,2026-04-29 12:17:32.895000+00:00,,,,,,,,,,,,,42.1499,0.03859999999999997,0.3727324324324325,14.63679636698148,47.4178,,0.0,1.0,0.9579275479188636,,,,0.9571465194922852,0.5,0.5,0.8276992727936199,0.9859758493062879,0.578418780524977
robot_2,outdoor,robot_anomaly_outdoor,2026-04-11 23:11:52.614000+00:00,,,,,,,,,,,,,39.6045,0.0,0.2950175675675676,50.074809997698374,53.1687,,0.0,1.0,0.9773587246448732,,,,0.8590569723211768,0.5,0.5,0.7065664214722773,0.9924529082149577,0.5497548324218087
robot_3,lab,robot_anomaly_lab,2026-04-26 04:22:43.804000+00:00,,,,,,,,,,,,,45.5505,0.017800000000000038,0.409472972972973,25.56989703262559,44.699,,0.0,1.0,0.9468395260839898,,,,0.9172285629075707,0.5,0.5,0.766115672279984,0.9822798420279967,0.5620988785769951
robot_1,outdoor,robot_anomaly_outdoor,2026-05-02 00:44:19.938000+00:00,,,,,,,,,,,,,23.3449,0.032299999999999995,0.2246662162162163,32.28341037492993,58.3747,,0.0,1.0,0.9314093418522424,,,,0.9060937674204645,0.5,0.5,0.8162289180928598,0.9771364472840808,0.5733413413442351
robot_3,lab,robot_anomaly_lab,2026-04-28 20:36:28.073000+00:00,,,,,,,,,,,,,37.3494,0.0121,0.2843486486486487,25.56989703262559,53.9582,,0.0,1.0,0.9846008312139446,,,,0.9421969861499075,0.5,0.5,0.8211630988273274,0.9948669437379816,0.5790075106413273
robot_1,lab,robot_anomaly_lab,2026-05-08 20:42:15.879000+00:00,,,,,,,,,,,,,48.9831,0.0988,0.29877432432432427,49.14167586402035,52.8907,,0.0,1.0,0.9280751814403573,,,,0.8946439885437407,0.5,0.5,0.6830856246715828,0.976025060480119,0.5397776712879254
robot_3,hospital,robot_anomaly_hospital,2026-05-09 20:59:20.786000+00:00,,,,,,,,,,,,,54.0018,0.014700000000000046,0.4072945945945946,37.431302275652754,44.8602,,0.0,1.0,0.9557564667204268,,,,0.8770446008502484,0.5,0.5,0.7096227292150042,0.9852521555734756,0.54871872119712
robot_4,outdoor,robot_anomaly_outdoor,2026-04-30 15:58:51.153000+00:00,,,,,,,,,,,,,18.5146,0.03320000000000001,0.3902635135135135,47.74265761291576,46.1205,,0.0,1.0,0.9795453135661559,,,,0.9128393244455234,0.5,0.5,0.6813329785193402,0.9931817711887186,0.5436286874270146
robot_3,outdoor,robot_anomaly_outdoor,2026-04-14 09:57:35.313000+00:00,,,,,,,,,,,,,28.3996,0.07140000000000002,0.38975540540540543,34.9320233150912,46.1581,,0.0,1.0,0.9967278704794988,,,,0.9159802560268752,0.5,0.5,0.7270918513234694,0.998909290159833,0.5565002853708256
robot_3,warehouse,robot_anomaly_warehouse,2026-04-23 02:07:10.276000+00:00,,,,,,,,,,,,,42.5183,0.023800000000000043,0.2618621621621622,41.50002108112327,55.6222,,1.0,0.0,0.2750914955647913,,,,0.5863127651065689,0.5,0.5,0.7523986998323243,0.09169716518826376,0.3360239662551471
robot_2,warehouse,robot_anomaly_warehouse,2026-04-10 21:54:47.869000+00:00,,,,,,,,,,,,,37.949,0.09440000000000004,0.31253243243243245,58.39748493129811,51.8726,,0.0,1.0,0.9694808014391166,,,,0.8971348892845858,0.5,0.5,0.6412773794694575,0.9898269338130389,0.5327760783206241
robot_3,lab,robot_anomaly_lab,2026-04-25 19:28:00.244000+00:00,,,,,,,,,,,,,35.6553,0.0877,0.14104324324324335,25.56989703262559,64.5628,,0.0,1.0,0.9826623658581974,,,,0.9673247495017637,0.5,0.5,0.8624389005956784,0.9942207886193991,0.5891649223037694
robot_4,lab,robot_anomaly_lab,2026-04-23 20:51:37.205000+00:00,,,,,,,,,,,,,40.1805,0.057499999999999996,0.442654054054054,53.89857422167088,42.2436,,0.0,1.0,0.9507319645183301,,,,0.964920662383318,0.5,0.5,0.6169835051074614,0.9835773215061101,0.5251402066533929
robot_1,outdoor,robot_anomaly_outdoor,2026-05-10 04:24:54.443000+00:00,,,,,,,,,,,,,32.9945,0.040000000000000036,0.26906756756756756,32.28341037492993,55.089,,1.0,0.0,0.9775758327647168,,,,0.5980191429068757,0.5,0.5,0.7923670309211897,0.32585861092157226,0.40455641046069046
robot_1,lab,robot_anomaly_lab,2026-04-14 20:17:14.408000+00:00,,,,,,,,,,,,,26.7601,0.010499999999999954,0.27926216216216215,49.14167586402035,54.3346,,1.0,0.0,0.9751566280007443,,,,0.7629874325270029,0.5,0.5,0.720639108293941,0.3250522093335814,0.38642282940688055
robot_5,warehouse,robot_anomaly_warehouse,2026-05-08 21:27:53.904000+00:00,,,,,,,,,,,,,34.28,0.08420000000000005,0.18381081081081074,31.857120950670687,61.398,,1.0,0.0,0.32859313938341295,,,,0.5426795742018247,0.5,0.5,0.8180013249890499,0.10953104646113765,0.3568830928625469
robot_3,lab,robot_anomaly_lab,2026-04-29 13:45:38.344000+00:00,,,,,,,,,,,,,34.5286,0.04959999999999998,0.3537013513513514,25.56989703262559,48.8261,,0.0,1.0,0.9350226412753552,,,,0.9370620142728173,0.5,0.5,0.7863632088485325,0.9783408804251184,0.5661760223184127
robot_5,warehouse,robot_anomaly_warehouse,2026-04-25 17:03:55.128000+00:00,,,,,,,,,,,,,33.5909,0.0524,0.3668256756756757,31.857120950670687,47.8549,,0.0,1.0,0.9533527696793003,,,,0.8739712947011729,0.5,0.5,0.7521825138903483,0.9844509232264335,0.5591583592791954
robot_3,warehouse,robot_anomaly_warehouse,2026-05-07 16:48:24.067000+00:00,,,,,,,,,,,,,16.7931,0.04039999999999999,0.36504054054054047,41.50002108112327,47.987,,0.0,1.0,0.9603622604056821,,,,0.920777431428802,0.5,0.5,0.7191342803646689,0.9867874201352272,0.551480425124974
robot_2,hospital,robot_anomaly_hospital,2026-04-11 22:22:09.581000+00:00,,,,,,,,,,,,,58.4798,0.05020000000000002,0.3807621621621622,38.92765711090124,46.8236,,0.0,1.0,0.9390236337696173,,,,0.9264320934052259,0.5,0.5,0.7034635672012812,0.9796745445898725,0.5457845279477884
robot_5,warehouse,robot_anomaly_warehouse,2026-04-24 20:21:36.374000+00:00,,,,,,,,,,,,,26.2703,0.10199999999999998,0.33062297297297294,31.857120950670687,50.5339,,1.0,0.0,0.9742261646299857,,,,0.6307694950361272,0.5,0.5,0.7589596608385468,0.3247420548766619,0.3959254289288022
robot_4,warehouse,robot_anomaly_warehouse,2026-04-21 05:47:10.533000+00:00,,,,,,,,,,,,,30.0802,0.09919999999999995,0.2889716216216216,44.033102772410636,53.6161,,0.0,1.0,0.9011692823025867,,,,0.9090978216070624,0.5,0.5,0.7188623136716348,0.9670564274341956,0.5464796852764575
robot_2,lab,robot_anomaly_lab,2026-04-29 17:26:31.184000+00:00,,,,,,,,,,,,,19.1732,0.03169999999999995,0.3899513513513514,14.63679636698148,46.1436,,0.0,1.0,0.954236709881521,,,,0.9290316803037257,0.5,0.5,0.8327961018464961,0.984745569960507,0.5793854179517508
robot_3,hospital,robot_anomaly_hospital,2026-04-15 20:43:13.532000+00:00,,,,,,,,,,,,,34.8269,0.0,0.2838756756756756,37.431302275652754,53.9932,,1.0,0.0,0.5140810123441475,,,,0.6056048252134617,0.5,0.5,0.7709807486243111,0.17136033744804915,0.36058527151809006
robot_3,hospital,robot_anomaly_hospital,2026-04-21 02:29:50.834000+00:00,,,,,,,,,,,,,34.6665,0.03490000000000004,0.2621202702702703,37.431302275652754,55.6031,,0.0,1.0,0.903650517957943,,,,0.8849848743382573,0.5,0.5,0.7719925399140797,0.967883505985981,0.5599690114750152
robot_5,warehouse,robot_anomaly_warehouse,2026-04-28 17:28:11.436000+00:00,,,,,,,,,,,,,42.9065,0.07350000000000001,0.32126486486486494,31.857120950670687,51.2264,,0.0,1.0,0.986291173004156,,,,0.9675927518762961,0.5,0.5,0.7614766322534645,0.9954303910013853,0.5642267558137124
robot_4,outdoor,robot_anomaly_outdoor,2026-04-27 21:50:49.309000+00:00,,,,,,,,,,,,,24.5441,0.07199999999999995,0.5571391891891891,47.74265761291576,33.7717,,0.0,1.0,0.9679765523230569,,,,0.9626862276939153,0.5,0.5,0.6032097106707841,0.9893255174410189,0.5231338070279508
robot_1,lab,robot_anomaly_lab,2026-04-10 21:51:05.072000+00:00,,,,,,,,,,,,,43.0653,0.0043999999999999595,0.13299459459459462,49.14167586402035,65.1584,,0.0,1.0,0.9913466906519447,,,,0.9516370350646854,0.5,0.5,0.7730876377964343,0.9971155635506482,0.5675508003367706
robot_1,lab,robot_anomaly_lab,2026-05-06 01:06:19.182000+00:00,,,,,,,,,,,,,26.1993,0.05230000000000001,0.32076621621621615,49.14167586402035,51.2633,,0.0,1.0,0.9353793189008126,,,,0.8748578158413188,0.5,0.5,0.694994344730657,0.9784597729669375,0.5433635294243986
robot_1,warehouse,robot_anomaly_warehouse,2026-04-25 19:46:34.304000+00:00,,,,,,,,,,,,,49.26,0.01629999999999998,0.28942162162162166,45.61617786488777,53.5828,,0.0,1.0,0.9522827368029279,,,,0.8751579688072526,0.5,0.5,0.721165085767483,0.9840942456009759,0.5513148328421147
robot_5,lab,robot_anomaly_lab,2026-05-07 05:43:05.837000+00:00,,,,,,,,,,,,,39.5612,0.07189999999999996,0.26301891891891893,44.31142771759781,55.5366,,0.0,1.0,0.9326189442342286,,,,0.9105353085612935,0.5,0.5,0.7297322568902719,0.9775396480780763,0.5518179762420871
robot_3,outdoor,robot_anomaly_outdoor,2026-05-09 10:37:24.582000+00:00,,,,,,,,,,,,,56.6801,0.0948,0.4634864864864865,34.9320233150912,40.702,,0.0,1.0,0.9584703182184728,,,,0.8904515123353034,0.5,0.5,0.6795325804464651,0.986156772739491,0.541422338296489
robot_4,hospital,robot_anomaly_hospital,2026-05-10 05:34:13.304000+00:00,,,,,,,,,,,,,31.4392,0.07079999999999997,0.33934999999999993,41.58712541309663,49.8881,,0.0,1.0,0.9677749519260592,,,,0.912595898581834,0.5,0.5,0.7155892135828895,0.9892583173086864,0.551211882722894
robot_2,warehouse,robot_anomaly_warehouse,2026-04-19 23:05:05.578000+00:00,,,,,,,,,,,,,36.5995,0.04569999999999996,0.377268918918919,58.39748493129811,47.0821,,0.0,1.0,0.9625488493269648,,,,0.8767572353256737,0.5,0.5,0.6268295766158808,0.9875162831089882,0.5285864649312172
robot_4,hospital,robot_anomaly_hospital,2026-05-10 03:48:43.934000+00:00,,,,,,,,,,,,,38.2024,0.0947,0.14410810810810815,41.58712541309663,64.336,,1.0,0.0,0.9046740276657775,,,,0.5541320912399177,0.5,0.5,0.7852937203111365,0.3015580092219258,0.39671293238326566
robot_2,lab,robot_anomaly_lab,2026-04-19 15:45:42.459000+00:00,,,,,,,,,,,,,22.2493,0.03069999999999995,0.3024608108108108,14.63679636698148,52.6179,,1.0,0.0,0.6170522920414367,,,,0.6649800232377998,0.5,0.5,0.8666157892316925,0.20568409734714557,0.3930749716447095
robot_5,outdoor,robot_anomaly_outdoor,2026-04-30 01:55:46.700000+00:00,,,,,,,,,,,,,41.5414,0.009199999999999986,0.5871486486486487,26.119861519645806,31.551,,0.0,1.0,0.9497084548104956,,,,0.9072272393945472,0.5,0.5,0.6962682075929598,0.9832361516034985,0.5448760897991145
robot_3,lab,robot_anomaly_lab,2026-04-22 21:34:57.206000+00:00,,,,,,,,,,,,,42.8931,0.032299999999999995,0.20048918918918912,25.56989703262559,60.1638,,0.0,1.0,0.9967278704794988,,,,0.9180393855311358,0.5,0.5,0.8476922918680687,0.998909290159833,0.5866503955069754
robot_3,lab,robot_anomaly_lab,2026-04-22 01:02:48.065000+00:00,,,,,,,,,,,,,34.1016,0.12450000000000006,0.6081081081081081,25.56989703262559,30.0,,0.0,1.0,0.9949910055207494,,,,0.8668942816160957,0.5,0.5,0.6681335950900348,0.9983303351735832,0.5416159825659045
robot_1,warehouse,robot_anomaly_warehouse,2026-04-11 22:22:23.520000+00:00,,,,,,,,,,,,,31.4977,0.0766,0.4369891891891893,45.61617786488777,42.6628,,0.0,1.0,0.9450096147881645,,,,0.8878984260537617,0.5,0.5,0.6568027269765041,0.9816698715960549,0.5346181496431398
robot_2,warehouse,robot_anomaly_warehouse,2026-04-25 05:27:33.721000+00:00,,,,,,,,,,,,,47.8421,0.06359999999999999,0.2711810810810811,58.39748493129811,54.9326,,0.0,1.0,0.9762886917685007,,,,0.8673856037660007,0.5,0.5,0.6601699521657208,0.9920962305895001,0.5380665456888052
robot_3,hospital,robot_anomaly_hospital,2026-04-30 14:20:49.700000+00:00,,,,,,,,,,,,,34.2606,0.0,0.18238243243243235,37.431302275652754,61.5037,,0.0,1.0,0.9751721357235903,,,,0.892318396357887,0.5,0.5,0.811835592390145,0.9917240452411967,0.5758899094078354
robot_4,lab,robot_anomaly_lab,2026-04-17 09:05:29.319000+00:00,,,,,,,,,,,,,50.8907,0.08640000000000003,0.3264662162162162,53.89857422167088,50.8415,,0.0,1.0,0.9886948700452826,,,,0.8650869725946201,0.5,0.5,0.652159118475413,0.9962316233484275,0.5370976854559601
robot_1,lab,robot_anomaly_lab,2026-04-14 13:52:40.114000+00:00,,,,,,,,,,,,,36.9646,0.03990000000000005,0.35343513513513514,49.14167586402035,48.8458,,0.0,1.0,0.9297810309534148,,,,0.9577502285366025,0.5,0.5,0.6797891613172775,0.9765936769844715,0.5390957095754372
robot_3,warehouse,robot_anomaly_warehouse,2026-04-20 18:33:27.614000+00:00,,,,,,,,,,,,,46.7372,0.0,0.37934054054054056,41.50002108112327,46.9288,,0.0,1.0,0.978800942869549,,,,0.9013273492945032,0.5,0.5,0.7087828262799167,0.992933647623183,0.5504291184757749
robot_2,lab,robot_anomaly_lab,2026-05-01 18:39:30.141000+00:00,,,,,,,,,,,,,44.343,0.04059999999999997,0.33869189189189197,14.63679636698148,49.9368,,1.0,0.0,0.9932696482848459,,,,0.7146519439092078,0.5,0.5,0.839873204019784,0.3310898827616153,0.41774077169534984
robot_4,hospital,robot_anomaly_hospital,2026-04-11 10:06:35.153000+00:00,,,,,,,,,,,,,20.0905,0.09640000000000004,0.3747621621621622,41.58712541309663,47.2676,,0.0,1.0,0.9140406922647478,,,,0.943141099708874,0.5,0.5,0.7008910183049656,0.9713468974215825,0.543059478931637
robot_4,hospital,robot_anomaly_hospital,2026-04-28 05:48:22.098000+00:00,,,,,,,,,,,,,34.5637,0.0353,0.41676081081081084,41.58712541309663,44.1597,,0.0,1.0,0.956935053656721,,,,0.9106809336887945,0.5,0.5,0.6911006896939568,0.9856450178855737,0.5441864268948826
robot_4,hospital,robot_anomaly_hospital,2026-05-03 11:37:23.910000+00:00,,,,,,,,,,,,,21.7716,0.06989999999999996,0.6081081081081081,41.58712541309663,30.0,,0.0,1.0,0.9422957632901184,,,,0.8901579697354964,0.5,0.5,0.6126828794206972,0.9807652544300395,0.5233620334626842
robot_1,warehouse,robot_anomaly_warehouse,2026-04-14 10:50:04.523000+00:00,,,,,,,,,,,,,31.5314,0.05520000000000003,0.34177837837837843,45.61617786488777,49.7084,,0.0,1.0,0.991067551640717,,,,0.9411512870672359,0.5,0.5,0.6996320408152191,0.9970225172135724,0.5491636395071978
robot_3,hospital,robot_anomaly_hospital,2026-04-21 04:40:37.877000+00:00,,,,,,,,,,,,,42.4352,0.056499999999999995,0.34064864864864863,37.431302275652754,49.792,,0.0,1.0,0.9392717573351529,,,,0.8939650103469831,0.5,0.5,0.7322432718912074,0.979757252445051,0.5530001310840645
robot_3,outdoor,robot_anomaly_outdoor,2026-04-22 10:12:28.817000+00:00,,,,,,,,,,,,,36.9295,0.03090000000000004,0.36162837837837836,34.9320233150912,48.2395,,0.0,1.0,0.8714409776068482,,,,0.9525857809275852,0.5,0.5,0.7434723746185292,0.9571469925356161,0.5501548417885364
robot_5,warehouse,robot_anomaly_warehouse,2026-04-14 14:58:48.408000+00:00,,,,,,,,,,,,,46.6027,0.02429999999999999,0.4681486486486487,31.857120950670687,40.357,,1.0,0.0,0.9484988524285094,,,,0.7503401001980279,0.5,0.5,0.7119864087877564,0.3161662841428365,0.3820381732326482
robot_1,outdoor,robot_anomaly_outdoor,2026-05-02 09:07:03.347000+00:00,,,,,,,,,,,,,32.4097,0.03480000000000005,0.22047837837837836,32.28341037492993,58.6846,,0.0,1.0,0.9813287016934433,,,,0.9175238767399463,0.5,0.5,0.8132253789120139,0.9937762338978144,0.5767504032024571
robot_5,lab,robot_anomaly_lab,2026-04-15 21:30:58.578000+00:00,,,,,,,,,,,,,27.5087,0.05030000000000001,0.25983918918918913,44.31142771759781,55.7719,,0.0,1.0,0.976149122262887,,,,0.8277462770507246,0.5,0.5,0.7412902864706682,0.9920497074209623,0.5583349984729077
robot_5,lab,robot_anomaly_lab,2026-04-18 00:23:57.956000+00:00,,,,,,,,,,,,,34.7919,0.05269999999999997,0.3631527027027027,44.31142771759781,48.1267,,0.0,1.0,0.9661776564729235,,,,0.9264344716207086,0.5,0.5,0.6961187015927057,0.9887258854909745,0.5462111467709201
robot_4,lab,robot_anomaly_lab,2026-04-24 21:36:17.364000+00:00,,,,,,,,,,,,,35.0686,0.06640000000000001,0.41752162162162165,53.89857422167088,44.1034,,0.0,1.0,0.9513832888778612,,,,0.9079263582503028,0.5,0.5,0.6273815515401997,0.9837944296259536,0.5277939952915383
robot_3,lab,robot_anomaly_lab,2026-04-28 08:23:50.504000+00:00,,,,,,,,,,,,,31.9935,0.06789999999999996,0.17914864864864866,25.56989703262559,61.743,,0.0,1.0,0.9630295887351902,,,,0.900108336931635,0.5,0.5,0.8532664856923933,0.9876765295783967,0.5852357538176975
robot_4,outdoor,robot_anomaly_outdoor,2026-05-06 23:14:51.960000+00:00,,,,,,,,,,,,,45.8237,0.07479999999999998,0.2831418918918919,47.74265761291576,54.0475,,0.0,1.0,0.9825072886297376,,,,0.932553667323476,0.5,0.5,0.702508076890638,0.9941690962099125,0.5491692932751375
robot_2,outdoor,robot_anomaly_outdoor,2026-05-05 09:07:55.869000+00:00,,,,,,,,,,,,,37.387,9.999999999998899e-05,0.4764918918918919,50.074809997698374,39.7396,,0.0,1.0,0.9833602133862663,,,,0.9280035625539694,0.5,0.5,0.6349629397603724,0.9944534044620887,0.5323540860556153
robot_3,warehouse,robot_anomaly_warehouse,2026-04-18 20:58:11.503000+00:00,,,,,,,,,,,,,26.9385,0.05289999999999995,0.4585,41.50002108112327,41.071,,0.0,1.0,0.903061224489796,,,,0.9089508176380093,0.5,0.5,0.6743559316371557,0.9676870748299319,0.5355107516167719
robot_3,warehouse,robot_anomaly_warehouse,2026-04-25 15:45:45.458000+00:00,,,,,,,,,,,,,24.7546,0.0,0.3679202702702703,41.50002108112327,47.7739,,1.0,0.0,0.9816233484275169,,,,0.7347576540318355,0.5,0.5,0.7233483580137633,0.3272077828091723,0.38763903520573384
robot_4,lab,robot_anomaly_lab,2026-04-20 18:44:24.454000+00:00,,,,,,,,,,,,,41.908,0.018000000000000016,0.26754054054054055,53.89857422167088,55.202,,0.0,1.0,0.9716363749147076,,,,0.8742898981189644,0.5,0.5,0.6950298285113574,0.9905454583049025,0.5463938217040649
robot_3,warehouse,robot_anomaly_warehouse,2026-04-25 03:13:08.323000+00:00,,,,,,,,,,,,,27.5265,0.1099,0.35188648648648646,41.50002108112327,48.9604,,0.0,1.0,0.9716673903603995,,,,0.9600498354430685,0.5,0.5,0.7040545756608201,0.9905557967867998,0.548652593111905
robot_1,lab,robot_anomaly_lab,2026-04-12 12:23:41.285000+00:00,,,,,,,,,,,,,40.2092,0.0776,0.5920324324324324,49.14167586402035,31.1896,,0.0,1.0,0.911202778983934,,,,0.8492359728596156,0.5,0.5,0.5744884731735482,0.970400926327978,0.5112223498753816
robot_1,hospital,robot_anomaly_hospital,2026-04-25 01:22:56.068000+00:00,,,,,,,,,,,,,39.0066,0.0,0.15764189189189193,39.72338368547231,63.3345,,0.0,1.0,0.9651076235965511,,,,0.885799669882196,0.5,0.5,0.8090978573876662,0.988369207865517,0.5743667663132958
robot_1,warehouse,robot_anomaly_warehouse,2026-04-12 20:20:50.802000+00:00,,,,,,,,,,,,,45.7206,0.03990000000000005,0.13623648648648656,45.61617786488777,64.9185,,0.0,1.0,0.9748309658209788,,,,0.8655596914089185,0.5,0.5,0.7787991224810097,0.9916103219403262,0.5676023611053339
robot_1,warehouse,robot_anomaly_warehouse,2026-05-08 01:37:29.077000+00:00,,,,,,,,,,,,,40.0848,0.018100000000000005,0.41290000000000004,45.61617786488777,44.4454,,0.0,1.0,0.9877954221202159,,,,0.954317077119374,0.5,0.5,0.675546105264395,0.9959318073734053,0.5428694781594501
robot_4,lab,robot_anomaly_lab,2026-04-28 11:13:00.902000+00:00,,,,,,,,,,,,,16.3241,0.06130000000000002,0.47026081081081084,53.89857422167088,40.2007,,0.0,1.0,0.978831958315241,,,,0.9515224666027035,0.5,0.5,0.6159451181305833,0.9929439861050803,0.5272222760589158
robot_2,hospital,robot_anomaly_hospital,2026-05-01 22:31:23.810000+00:00,,,,,,,,,,,,,39.7847,0.044399999999999995,0.26599864864864864,38.92765711090124,55.3161,,0.0,1.0,0.9693257242106569,,,,0.9463464194290531,0.5,0.5,0.7591614596102627,0.9897752414035522,0.5622341752534536
robot_5,lab,robot_anomaly_lab,2026-04-18 00:14:40.274000+00:00,,,,,,,,,,,,,230.9895,0.043200000000000016,0.9525202702702703,44.31142771759781,4.5135,,1.0,0.0,0.9641306370572545,,,,0.6186113452664749,0.5,0.5,0.3732565764300252,0.32137687901908485,0.2986583638622775
robot_3,lab,robot_anomaly_lab,2026-05-06 15:27:09.107000+00:00,,,,,,,,,,,,,58.5919,0.018299999999999983,0.20827972972972975,25.56989703262559,59.5873,,0.0,1.0,0.9035574716208672,,,,0.898404479235898,0.5,0.5,0.8405506744647884,0.967852490540289,0.5771007912512693
robot_3,outdoor,robot_anomaly_outdoor,2026-04-29 18:55:18.837000+00:00,,,,,,,,,,,,,34.4385,0.044399999999999995,0.3249418918918918,34.9320233150912,50.9543,,0.0,1.0,0.9466379256869921,,,,0.850988647557785,0.5,0.5,0.7562768432242919,0.9822126418956639,0.5596223712799889
robot_4,hospital,robot_anomaly_hospital,2026-04-19 23:51:30.956000+00:00,,,,,,,,,,,,,39.0995,0.06000000000000005,0.22967027027027032,41.58712541309663,58.0044,,1.0,0.0,0.9426989640841139,,,,0.671111288170549,0.5,0.5,0.7583796950342878,0.31423298802803795,0.39315317076558143
robot_5,warehouse,robot_anomaly_warehouse,2026-04-27 17:02:24.164000+00:00,,,,,,,,,,,,,43.257,0.06340000000000001,0.4450878378378379,31.857120950670687,42.0635,,1.0,0.0,0.9851746169592457,,,,0.591069637458375,0.5,0.5,0.7140347309909164,0.3283915389864152,0.38560656749433286
robot_4,warehouse,robot_anomaly_warehouse,2026-04-16 03:58:44.655000+00:00,,,,,,,,,,,,,48.2466,0.0041999999999999815,0.32278513513513507,44.033102772410636,51.1139,,0.0,1.0,0.9661776564729235,,,,0.9619886349436448,0.5,0.5,0.7182072901232097,0.9887258854909745,0.551733293903546
robot_1,lab,robot_anomaly_lab,2026-04-11 20:43:54.288000+00:00,,,,,,,,,,,,,33.9147,0.04930000000000001,0.2831405405405405,49.14167586402035,54.0476,,0.0,1.0,0.9845543080454067,,,,0.9596859420061932,0.5,0.5,0.7072030773375501,0.9948514360151356,0.5505136283381714
robot_4,lab,robot_anomaly_lab,2026-04-29 05:34:25.213000+00:00,,,,,,,,,,,,,38.1861,0.0,0.3528756756756757,53.89857422167088,48.8872,,1.0,0.0,0.9682711990571304,,,,0.584629938563283,0.5,0.5,0.6665924540771415,0.32275706635237683,0.3723373801073796
robot_3,warehouse,robot_anomaly_warehouse,2026-05-06 11:00:38.400000+00:00,,,,,,,,,,,,,29.0569,0.02310000000000001,0.2477513513513513,41.50002108112327,56.6664,,0.0,1.0,0.9766608771168042,,,,0.949711925173921,0.5,0.5,0.7643208191804206,0.9922202923722679,0.5641352778881721
robot_1,lab,robot_anomaly_lab,2026-04-13 11:21:57.109000+00:00,,,,,,,,,,,,,46.5274,0.05359999999999998,0.3520635135135135,49.14167586402035,48.9473,,1.0,0.0,0.9791266050493146,,,,0.7249592962617984,0.5,0.5,0.6729412709355614,0.3263755350164382,0.3748292014879999
robot_2,hospital,robot_anomaly_hospital,2026-05-08 18:10:32.529000+00:00,,,,,,,,,,,,,30.3025,0.04820000000000002,0.4586851351351352,38.92765711090124,41.0573,,0.0,1.0,0.9757459214688915,,,,0.8727938500584488,0.5,0.5,0.6855539664592383,0.991915307156297,0.5443673184038837
robot_3,outdoor,robot_anomaly_outdoor,2026-05-06 19:57:13.304000+00:00,,,,,,,,,,,,,40.5548,0.0,0.27192297297297296,34.9320233150912,54.8777,,0.0,1.0,0.9701786489671856,,,,0.9104197721087356,0.5,0.5,0.7845793338966481,0.9900595496557285,0.5686597208880941
robot_5,outdoor,robot_anomaly_outdoor,2026-04-17 06:33:50.230000+00:00,,,,,,,,,,,,,35.7212,0.09060000000000001,0.2093418918918919,26.119861519645806,59.5087,,0.0,1.0,0.9811736244649836,,,,0.9414612306911122,0.5,0.5,0.8319308717765563,0.9937245414883279,0.581413853316221
robot_4,hospital,robot_anomaly_hospital,2026-05-06 10:45:41.069000+00:00,,,,,,,,,,,,,44.619,0.06020000000000003,0.18486081081081074,41.58712541309663,61.3203,,0.0,1.0,0.9997208609887724,,,,0.9043840649502295,0.5,0.5,0.7737487872834425,0.9999069536629243,0.5684139352365918
robot_4,outdoor,robot_anomaly_outdoor,2026-04-22 07:45:22.780000+00:00,,,,,,,,,,,,,24.9795,0.07369999999999999,0.30263648648648644,47.74265761291576,52.6049,,0.0,1.0,0.9928354320451585,,,,0.9654181889245781,0.5,0.5,0.7044346211043961,0.9976118106817194,0.5505116079465289
robot_4,lab,robot_anomaly_lab,2026-05-05 02:36:35.792000+00:00,,,,,,,,,,,,,38.6211,0.01539999999999997,0.45332972972972974,53.89857422167088,41.4536,,1.0,0.0,0.9830345512065009,,,,0.5940671761946167,0.5,0.5,0.6227873517868872,0.3276781837355003,0.36261638388059686
robot_4,warehouse,robot_anomaly_warehouse,2026-04-13 08:08:54.189000+00:00,,,,,,,,,,,,,36.95,0.07769999999999999,0.5505608108108109,44.033102772410636,34.2585,,0.0,1.0,0.9915793064946343,,,,0.9526365235502686,0.5,0.5,0.6158848954388716,0.9971931021648781,0.5282694994009374
robot_4,lab,robot_anomaly_lab,2026-05-01 17:50:50.893000+00:00,,,,,,,,,,,,,38.3869,0.08660000000000001,0.4081351351351351,53.89857422167088,44.798,,1.0,0.0,0.5544631226350722,,,,0.6138886018399129,0.5,0.5,0.6251336407018023,0.1848210408783574,0.3274886703950399
robot_1,warehouse,robot_anomaly_warehouse,2026-05-04 08:28:59.730000+00:00,,,,,,,,,,,,,17.7824,0.05300000000000005,0.31561756756756754,45.61617786488777,51.6443,,0.0,1.0,0.9750015507722846,,,,0.8955431676915568,0.5,0.5,0.7168386242047069,0.9916671835907614,0.5521264519488671
robot_1,hospital,robot_anomaly_hospital,2026-04-15 15:48:54.994000+00:00,,,,,,,,,,,,,38.585,0.03620000000000001,0.19622567567567561,39.72338368547231,60.4793,,0.0,1.0,0.9212052602195894,,,,0.935996535845573,0.5,0.5,0.7858035855715364,0.9737350867398632,0.5648846680778499
robot_4,warehouse,robot_anomaly_warehouse,2026-04-11 02:52:28.847000+00:00,,,,,,,,,,,,,33.0302,0.04569999999999996,0.4720932432432432,44.033102772410636,40.0651,,0.0,1.0,0.947428819552137,,,,0.9005247043312382,0.5,0.5,0.6561728299758192,0.9824762731840456,0.5346622757899662
robot_1,outdoor,robot_anomaly_outdoor,2026-05-02 20:22:03.026000+00:00,,,,,,,,,,,,,23.1639,0.017800000000000038,0.375622972972973,32.28341037492993,47.2039,,1.0,0.0,0.17643136281868377,,,,0.5623382882494673,0.5,0.5,0.7591539796957638,0.05881045427289459,0.3294911084921646
robot_2,lab,robot_anomaly_lab,2026-05-04 08:46:11.121000+00:00,,,,,,,,,,,,,28.4199,0.05820000000000003,0.46512567567567564,14.63679636698148,40.5807,,1.0,0.0,0.2502481235655357,,,,0.5446374744468174,0.5,0.5,0.7926262998504937,0.08341604118851191,0.34401058525975137
robot_4,outdoor,robot_anomaly_outdoor,2026-04-19 04:56:37.586000+00:00,,,,,,,,,,,,,49.2615,0.08509999999999995,0.3432675675675676,47.74265761291576,49.5982,,0.0,1.0,0.9805998387196824,,,,0.8958733070085396,0.5,0.5,0.6746031562184847,0.9935332795732275,0.542034108947928
robot_1,hospital,robot_anomaly_hospital,2026-04-23 00:53:37.139000+00:00,,,,,,,,,,,,,29.9922,0.05349999999999999,0.46054729729729726,39.72338368547231,40.9195,,0.0,1.0,0.9599280441659946,,,,0.9308643953274949,0.5,0.5,0.6801345468783468,0.9866426813886648,0.5416943070667529
robot_5,outdoor,robot_anomaly_outdoor,2026-04-13 19:07:03.374000+00:00,,,,,,,,,,,,,26.1353,0.07999999999999996,0.4135675675675675,26.119861519645806,44.396,,0.0,1.0,0.9732801935363811,,,,0.8894236972031603,0.5,0.5,0.7569580676730794,0.9910933978454604,0.5620128663796349
robot_5,outdoor,robot_anomaly_outdoor,2026-04-21 19:10:40.842000+00:00,,,,,,,,,,,,,39.172,0.023900000000000032,0.30642162162162156,26.119861519645806,52.3248,,0.0,1.0,0.9871285900378388,,,,0.9149402412282038,0.5,0.5,0.8063666565886889,0.995709530012613,0.5755190466503255
robot_5,warehouse,robot_anomaly_warehouse,2026-05-09 20:19:55.843000+00:00,,,,,,,,,,,,,29.6199,0.024900000000000033,0.43263243243243243,31.857120950670687,42.9852,,1.0,0.0,0.9355964270206563,,,,0.6804347894866953,0.5,0.5,0.7337830028443475,0.3118654756735521,0.38641211962947497
robot_4,lab,robot_anomaly_lab,2026-04-23 02:48:24.523000+00:00,,,,,,,,,,,,,31.0128,0.08250000000000002,0.48684729729729725,53.89857422167088,38.9733,,1.0,0.0,0.17281806339557104,,,,0.5410276424971103,0.5,0.5,0.5979144514762804,0.05760602113185701,0.28888011815203435
robot_4,lab,robot_anomaly_lab,2026-04-21 14:12:31.853000+00:00,,,,,,,,,,,,,25.7684,0.057699999999999974,0.3707216216216216,53.89857422167088,47.5666,,0.0,1.0,0.9681006141058247,,,,0.8416596430498868,0.5,0.5,0.6522664398961266,0.9893668713686082,0.5354083278161837
robot_3,hospital,robot_anomaly_hospital,2026-05-08 21:24:04.208000+00:00,,,,,,,,,,,,,33.3506,0.027699999999999947,0.22186756756756754,37.431302275652754,58.5818,,0.0,1.0,0.9525773835370014,,,,0.9175463030393551,0.5,0.5,0.7902936781820485,0.9841924611790005,0.5686215348402622
robot_4,outdoor,robot_anomaly_outdoor,2026-05-02 15:33:14.564000+00:00,,,,,,,,,,,,,28.3637,0.7341,0.3124554054054054,47.74265761291576,51.8783,,1.0,0.0,0.9968209168165747,,,,0.5738115921850204,0.5,0.5,0.5520655018294187,0.33227363893885825,0.34608478519206926
robot_1,warehouse,robot_anomaly_warehouse,2026-05-01 00:27:24.339000+00:00,,,,,,,,,,,,,26.4227,0.0776,0.3327554054054054,45.61617786488777,50.3761,,0.0,1.0,0.9681626449972086,,,,0.9204630814118762,0.5,0.5,0.7005818451394343,0.9893875483324028,0.5474923483679592
robot_5,lab,robot_anomaly_lab,2026-04-17 12:37:16.983000+00:00,,,,,,,,,,,,,20.8618,0.034399999999999986,0.41063513513513517,44.31142771759781,44.613,,0.0,1.0,0.9645338378512499,,,,0.8753711508089002,0.5,0.5,0.6875317089363296,0.9881779459504166,0.5439274137216865
robot_5,hospital,robot_anomaly_hospital,2026-04-23 12:55:00.412000+00:00,,,,,,,,,,,,,47.4344,0.03090000000000004,0.33975135135135126,33.69562591427044,49.8584,,0.0,1.0,0.9825383040754295,,,,0.9278201433123634,0.5,0.5,0.753096404396058,0.9941794346918099,0.5618189597719669
robot_4,warehouse,robot_anomaly_warehouse,2026-04-15 10:04:08.962000+00:00,,,,,,,,,,,,,47.2493,0.09419999999999995,0.3473608108108108,44.033102772410636,49.2953,,0.0,1.0,0.945366292413622,,,,0.9280203222466913,0.5,0.5,0.6888105599478264,0.9817887641378741,0.5426498310214252
robot_1,warehouse,robot_anomaly_warehouse,2026-04-11 14:11:43.541000+00:00,,,,,,,,,,,,,35.2824,0.04749999999999999,0.3386905405405405,45.61617786488777,49.9369,,1.0,0.0,0.9987593821723219,,,,0.5885777432256823,0.5,0.5,0.7008740899375259,0.3329197940574406,0.3834484709987416
robot_4,outdoor,robot_anomaly_outdoor,2026-04-24 09:09:17.101000+00:00,,,,,,,,,,,,,33.3352,0.06710000000000005,0.2991499999999999,47.74265761291576,52.8629,,0.0,1.0,0.9464673407356864,,,,0.9530080982149485,0.5,0.5,0.7034972780527237,0.9821557802452289,0.5464132645744881
robot_5,hospital,robot_anomaly_hospital,2026-04-18 15:18:09.457000+00:00,,,,,,,,,,,,,32.3618,0.01990000000000003,0.5776216216216217,33.69562591427044,32.256,,0.0,1.0,0.9555393586005831,,,,0.9176929924686158,0.5,0.5,0.6672500258749519,0.9851797862001943,0.5381074530187866
robot_3,lab,robot_anomaly_lab,2026-04-17 18:06:31.849000+00:00,,,,,,,,,,,,,32.3168,0.056400000000000006,0.43568783783783793,25.56989703262559,42.7591,,0.0,1.0,0.9729235159109236,,,,0.8884684893926019,0.5,0.5,0.7530618907117628,0.9909745053036412,0.561009099003851
robot_5,hospital,robot_anomaly_hospital,2026-04-13 18:25:57.342000+00:00,,,,,,,,,,,,,29.8989,0.024800000000000044,0.26998378378378374,33.69562591427044,55.0212,,0.0,1.0,0.9984027045468643,,,,0.9556647591280454,0.5,0.5,0.7903352796125036,0.9994675681822881,0.5724507119486979
robot_5,warehouse,robot_anomaly_warehouse,2026-05-08 21:18:21.982000+00:00,,,,,,,,,,,,,210.3089,0.044300000000000006,0.9208905405405405,31.857120950670687,6.8541,,1.0,0.0,0.978149618510018,,,,0.6108554311512726,0.5,0.5,0.45198913643016037,0.3260498728366727,0.3195097523167083
robot_4,lab,robot_anomaly_lab,2026-04-29 20:19:47.113000+00:00,,,,,,,,,,,,,27.6939,0.8991,0.2783594594594594,53.89857422167088,54.4014,,1.0,0.0,0.9797158985174617,,,,0.5309122055561459,0.5,0.5,0.5011706676644249,0.32657196617248724,0.331935658459228
robot_5,outdoor,robot_anomaly_outdoor,2026-04-11 20:25:25.959000+00:00,,,,,,,,,,,,,31.3187,0.06510000000000005,0.2615932432432433,26.119861519645806,55.6421,,0.0,1.0,0.9460641399416909,,,,0.9218817381440962,0.5,0.5,0.8187048745993308,0.9820213799805636,0.5751815636449735
robot_3,outdoor,robot_anomaly_outdoor,2026-04-26 21:42:24.953000+00:00,,,,,,,,,,,,,41.1118,0.01639999999999997,0.41747702702702705,34.9320233150912,44.1067,,0.0,1.0,0.9331306990881459,,,,0.9289318651931875,0.5,0.5,0.7224563027983046,0.977710233029382,0.5500416339569216
robot_1,hospital,robot_anomaly_hospital,2026-05-10 00:15:16.619000+00:00,,,,,,,,,,,,,10.0,0.0121,0.2035108108108108,39.72338368547231,59.9402,,1.0,0.0,0.9999069536629241,,,,0.7504479907325848,0.5,0.5,0.8012505641878548,0.33330231788764136,0.408638220518874
robot_1,outdoor,robot_anomaly_outdoor,2026-04-18 17:12:41.793000+00:00,,,,,,,,,,,,,27.7962,0.046499999999999986,0.40690810810810807,32.28341037492993,44.8888,,0.0,1.0,0.8962068109918739,,,,0.8634254632342682,0.5,0.5,0.7381490490521552,0.9654022703306246,0.550887829845695
robot_4,warehouse,robot_anomaly_warehouse,2026-04-24 20:38:41.372000+00:00,,,,,,,,,,,,,29.8155,0.08850000000000002,0.46099594594594595,44.033102772410636,40.8863,,0.0,1.0,0.9570746231623348,,,,0.8821304721738942,0.5,0.5,0.6525531242725006,0.9856915410541115,0.534561166331653
robot_5,lab,robot_anomaly_lab,2026-04-20 06:30:43.868000+00:00,,,,,,,,,,,,,21.7062,0.06159999999999999,0.45378243243243244,44.31142771759781,41.4201,,0.0,1.0,0.9704112648098753,,,,0.9506138131774355,0.5,0.5,0.663838272054837,0.9901370882699584,0.5384938400811988
robot_1,outdoor,robot_anomaly_outdoor,2026-05-04 01:56:40.046000+00:00,,,,,,,,,,,,,53.1966,0.09119999999999995,0.38064459459459465,32.28341037492993,46.8323,,0.0,1.0,0.9319986353203895,,,,0.8550990299021599,0.5,0.5,0.7271593796498059,0.9773328784401297,0.5511230645224838
robot_5,warehouse,robot_anomaly_warehouse,2026-05-02 13:19:30.606000+00:00,,,,,,,,,,,,,289.6379,0.05379999999999996,0.9782837837837838,31.857120950670687,2.607,,1.0,0.0,0.9791576204950065,,,,0.6147165509151234,0.5,0.5,0.3908407341642697,0.32638587349833553,0.3043066519156513
robot_2,hospital,robot_anomaly_hospital,2026-04-11 05:34:30.155000+00:00,,,,,,,,,,,,,27.5093,0.0016000000000000458,0.4256094594594595,38.92765711090124,43.5049,,0.0,1.0,0.9578345015817877,,,,0.9128796800416792,0.5,0.5,0.7104204721671923,0.985944833860596,0.549091326506947
robot_3,lab,robot_anomaly_lab,2026-05-07 14:19:30.848000+00:00,,,,,,,,,,,,,44.3796,0.11070000000000002,0.20642027027027032,25.56989703262559,59.7249,,0.0,1.0,0.9811581167421376,,,,0.9050913923583062,0.5,0.5,0.8272041551261726,0.9937193722473792,0.5802308818433879
robot_1,lab,robot_anomaly_lab,2026-04-17 02:48:28.939000+00:00,,,,,,,,,,,,,48.7983,0.011399999999999966,0.3244797297297297,49.14167586402035,50.9885,,0.0,1.0,0.9142422926617455,,,,0.8769632556182947,0.5,0.5,0.6923291712258054,0.9714140975539151,0.5409358171949301
robot_5,warehouse,robot_anomaly_warehouse,2026-05-07 15:24:33.643000+00:00,,,,,,,,,,,,,37.5608,0.031100000000000017,0.5153162162162163,31.857120950670687,36.8666,,0.0,1.0,0.9650145772594753,,,,0.9141963931668036,0.5,0.5,0.6957189060284658,0.9883381924198251,0.5460142746120727
robot_5,warehouse,robot_anomaly_warehouse,2026-04-14 10:06:38.339000+00:00,,,,,,,,,,,,,25.6253,0.031100000000000017,0.4356945945945946,31.857120950670687,42.7586,,0.0,1.0,0.9490571304509646,,,,0.8976084264878141,0.5,0.5,0.7329956773598272,0.9830190434836549,0.5540036802108705
robot_3,outdoor,robot_anomaly_outdoor,2026-04-26 11:33:41.388000+00:00,,,,,,,,,,,,,47.7898,0.03959999999999997,0.3807756756756756,34.9320233150912,46.8226,,1.0,0.0,0.5138173810557658,,,,0.6425709270380829,0.5,0.5,0.7289390525183893,0.17127246035192192,0.3500528782175778
robot_4,hospital,robot_anomaly_hospital,2026-04-22 04:03:12.976000+00:00,,,,,,,,,,,,,16.7387,0.07240000000000002,0.382254054054054,41.58712541309663,46.7132,,0.0,1.0,0.9941846039327585,,,,0.918915040603736,0.5,0.5,0.7047572921148074,0.9980615346442528,0.550704706689765
robot_4,hospital,robot_anomaly_hospital,2026-04-29 09:55:14.925000+00:00,,,,,,,,,,,,,32.3113,0.04490000000000005,0.28212837837837834,41.58712541309663,54.1225,,1.0,0.0,0.48283295080950317,,,,0.6158518777065523,0.5,0.5,0.7438425584519957,0.16094431693650105,0.35119671884712417
robot_3,lab,robot_anomaly_lab,2026-04-27 17:17:52.303000+00:00,,,,,,,,,,,,,42.5172,0.06840000000000002,0.29678513513513516,25.56989703262559,53.0379,,1.0,0.0,0.9867874201352274,,,,0.6338656502875031,0.5,0.5,0.8013146158402149,0.3289291400450758,0.4075609389713226
robot_2,hospital,robot_anomaly_hospital,2026-04-16 04:13:39.521000+00:00,,,,,,,,,,,,,17.0223,0.4575,0.2660108108108108,38.92765711090124,55.3152,,1.0,0.0,0.9935332795732275,,,,0.6457535978429422,0.5,0.5,0.677616770194881,0.3311777598577425,0.3771986325131559
robot_1,warehouse,robot_anomaly_warehouse,2026-04-15 10:10:01.084000+00:00,,,,,,,,,,,,,27.7805,0.07540000000000002,0.4470283783783784,45.61617786488777,41.9199,,0.0,1.0,0.9772501705849513,,,,0.8984540753251528,0.5,0.5,0.6547445230131292,0.9924167235283171,0.5367903116353616
robot_3,hospital,robot_anomaly_hospital,2026-04-20 11:33:44.515000+00:00,,,,,,,,,,,,,39.5701,0.08150000000000002,0.4220918918918919,37.431302275652754,43.7652,,1.0,0.0,0.9770330624651076,,,,0.6438492845938899,0.5,0.5,0.6954078711425982,0.32567768748836917,0.3802713896577419
robot_3,lab,robot_anomaly_lab,2026-04-26 00:05:35.952000+00:00,,,,,,,,,,,,,33.6666,0.07310000000000005,0.20880675675675675,25.56989703262559,59.5483,,0.0,1.0,0.9650455927051672,,,,0.8669122318515197,0.5,0.5,0.8394856243072162,0.9883485309017224,0.5819585388022346
robot_1,lab,robot_anomaly_lab,2026-04-20 09:17:16.214000+00:00,,,,,,,,,,,,,34.2845,0.0038000000000000256,0.27215,49.14167586402035,54.8609,,0.0,1.0,0.9865237888468458,,,,0.9425460575483194,0.5,0.5,0.7215523452790593,0.9955079296156152,0.5542650687236685
robot_1,hospital,robot_anomaly_hospital,2026-05-04 07:01:53.405000+00:00,,,,,,,,,,,,,33.5215,0.0033999999999999586,0.26012162162162167,39.72338368547231,55.751,,0.0,1.0,0.9512592270950934,,,,0.9251573484744894,0.5,0.5,0.7698442115209364,0.9837530756983645,0.5633993218048252
robot_3,outdoor,robot_anomaly_outdoor,2026-05-05 21:55:19.109000+00:00,,,,,,,,,,,,,28.2723,0.08550000000000002,0.5913121621621622,34.9320233150912,31.2429,,0.0,1.0,0.9416754543762794,,,,0.826463467324057,0.5,0.5,0.6433905733354559,0.9805584847920931,0.5309872645318872
robot_1,hospital,robot_anomaly_hospital,2026-05-08 16:52:09.558000+00:00,,,,,,,,,,,,,21.9129,0.04679999999999995,0.4031864864864865,39.72338368547231,45.1642,,0.0,1.0,0.9534613237392221,,,,0.8721638202748949,0.5,0.5,0.7082436195035827,0.984487107913074,0.5481826818541642
robot_5,hospital,robot_anomaly_hospital,2026-05-09 18:41:58.015000+00:00,,,,,,,,,,,,,36.1083,0.09160000000000001,0.34344324324324327,33.69562591427044,49.5852,,0.0,1.0,0.9914552447118665,,,,0.9351775062891899,0.5,0.5,0.7432682312086711,0.9971517482372888,0.56010499486149
robot_3,hospital,robot_anomaly_hospital,2026-04-20 06:23:06.491000+00:00,,,,,,,,,,,,,22.6537,0.02210000000000001,0.4412756756756757,37.431302275652754,42.3456,,1.0,0.0,0.3137212331741208,,,,0.5749136951799004,0.5,0.5,0.7086409472865057,0.10457374439137361,0.3283036729194698
robot_5,lab,robot_anomaly_lab,2026-05-05 00:28:53.793000+00:00,,,,,,,,,,,,,43.8245,0.040000000000000036,0.42331756756756755,44.31142771759781,43.6745,,0.0,1.0,0.9930215247193103,,,,0.9073149267962002,0.5,0.5,0.6707698844424654,0.9976738415731035,0.5421109315038922
robot_4,lab,robot_anomaly_lab,2026-04-13 10:06:30.358000+00:00,,,,,,,,,,,,,21.92,0.04930000000000001,0.346495945945946,53.89857422167088,49.3593,,0.0,1.0,0.9790335587122387,,,,0.8989708382743956,0.5,0.5,0.6655754516714911,0.9930111862374128,0.539646659477226
robot_3,warehouse,robot_anomaly_warehouse,2026-04-24 23:31:38.292000+00:00,,,,,,,,,,,,,41.7485,0.08399999999999996,0.18869864864864871,41.50002108112327,61.0363,,0.0,1.0,0.9367750139569506,,,,0.9289573646202112,0.5,0.5,0.7686230321262155,0.9789250046523169,0.5618870091946331
robot_5,warehouse,robot_anomaly_warehouse,2026-05-04 19:55:13.189000+00:00,,,,,,,,,,,,,30.1839,0.04269999999999996,0.35295135135135136,31.857120950670687,48.8816,,0.0,1.0,0.9164288815830284,,,,0.873218579943131,0.5,0.5,0.7614394197501151,0.9721429605276762,0.5583955950694479
robot_2,outdoor,robot_anomaly_outdoor,2026-04-14 09:27:01.171000+00:00,,,,,,,,,,,,,18.0862,0.08809999999999996,0.5709364864864865,50.074809997698374,32.7507,,0.0,1.0,0.9642391911171764,,,,0.8953225311531867,0.5,0.5,0.5863877442893284,0.9880797303723922,0.5186168686654302
robot_1,warehouse,robot_anomaly_warehouse,2026-05-09 02:59:55.632000+00:00,,,,,,,,,,,,,33.7058,0.02529999999999999,0.07311486486486485,45.61617786488777,69.5895,,1.0,0.0,0.3525680789032939,,,,0.6151697013998743,0.5,0.5,0.812759650640732,0.11752269296776463,0.35757058590212415
robot_5,hospital,robot_anomaly_hospital,2026-04-30 09:39:24.051000+00:00,,,,,,,,,,,,,32.6907,0.04500000000000004,0.3162905405405406,33.69562591427044,51.5945,,0.0,1.0,0.993827926307301,,,,0.8876841262227412,0.5,0.5,0.7660495173812492,0.9979426421024337,0.5659980398709207
robot_5,hospital,robot_anomaly_hospital,2026-04-30 02:07:52.916000+00:00,,,,,,,,,,,,,34.791,0.04269999999999996,0.3483324324324325,33.69562591427044,49.2234,,0.0,1.0,0.9202592891259848,,,,0.8981858074605592,0.5,0.5,0.7527891920324188,0.9734197630419948,0.5565522387686034
robot_3,lab,robot_anomaly_lab,2026-05-04 19:30:07.086000+00:00,,,,,,,,,,,,,31.351,0.06120000000000003,0.45206081081081084,25.56989703262559,41.5475,,1.0,0.0,0.9874077290490665,,,,0.7514275663117946,0.5,0.5,0.74588420141307,0.32913590968302214,0.39375502777402305
robot_5,hospital,robot_anomaly_hospital,2026-05-03 22:09:09.919000+00:00,,,,,,,,,,,,,34.2399,0.034599999999999964,0.29408378378378375,33.69562591427044,53.2378,,0.0,1.0,0.9790335587122387,,,,0.933829495068099,0.5,0.5,0.7765410869839691,0.9930111862374128,0.5673880683053454
robot_3,hospital,robot_anomaly_hospital,2026-04-19 09:55:10.805000+00:00,,,,,,,,,,,,,28.6565,0.04500000000000004,0.1594094594594595,37.431302275652754,63.2037,,0.0,1.0,0.9641771602257925,,,,0.9439102789279843,0.5,0.5,0.8135634492389812,0.9880590534085975,0.5754056256618947
robot_3,hospital,robot_anomaly_hospital,2026-04-25 10:17:31.832000+00:00,,,,,,,,,,,,,26.3878,0.08299999999999996,0.35434459459459455,37.431302275652754,48.7785,,0.0,1.0,0.9610756156565969,,,,0.8688751476464415,0.5,0.5,0.728168275475437,0.9870252052188656,0.5537983701735756
robot_5,warehouse,robot_anomaly_warehouse,2026-05-01 00:26:15.615000+00:00,,,,,,,,,,,,,45.9646,0.04239999999999999,0.26295675675675667,31.857120950670687,55.5412,,0.0,1.0,0.9088456051113455,,,,0.9281992509845922,0.5,0.5,0.7903271173238173,0.9696152017037818,0.5649855797568998
robot_5,lab,robot_anomaly_lab,2026-04-20 05:20:19.401000+00:00,,,,,,,,,,,,,14.4984,0.07620000000000005,0.46007972972972977,44.31142771759781,40.9541,,0.0,1.0,0.9668289808324546,,,,0.8526533776355609,0.5,0.5,0.6613496822529467,0.9889429936108183,0.5375731689659412
robot_3,lab,robot_anomaly_lab,2026-04-24 18:46:20.395000+00:00,,,,,,,,,,,,,38.3357,0.028000000000000025,0.4439067567567567,25.56989703262559,42.1509,,0.0,1.0,0.9591216425780038,,,,0.9016083909762816,0.5,0.5,0.7533544279341096,0.9863738808593346,0.5599320771983611
robot_4,outdoor,robot_anomaly_outdoor,2026-05-02 13:16:09.393000+00:00,,,,,,,,,,,,,37.1687,0.006199999999999983,0.4106175675675676,47.74265761291576,44.6143,,1.0,0.0,0.9899509955958067,,,,0.7040501992255818,0.5,0.5,0.6707137012778526,0.3299836651986022,0.3751743416191138
robot_1,warehouse,robot_anomaly_warehouse,2026-04-14 11:23:01.413000+00:00,,,,,,,,,,,,,36.3654,0.07440000000000002,0.3868216216216216,45.61617786488777,46.3752,,0.0,1.0,0.9948514360151355,,,,0.9015348185440857,0.5,0.5,0.6751453605156169,0.9982838120050452,0.5433572931301656
robot_2,outdoor,robot_anomaly_outdoor,2026-04-24 00:20:30.580000+00:00,,,,,,,,,,,,,49.2868,0.03979999999999995,0.34417567567567564,50.074809997698374,49.531,,0.0,1.0,0.9783357111841697,,,,0.9424079753639587,0.5,0.5,0.67364648622177,0.9927785703947233,0.5416062641541234
robot_1,hospital,robot_anomaly_hospital,2026-04-27 13:48:12.839000+00:00,,,,,,,,,,,,,44.6835,0.04610000000000003,0.4665310810810811,39.72338368547231,40.4767,,1.0,0.0,0.2946312263507227,,,,0.6149140041938704,0.5,0.5,0.6727056963292426,0.09821040878357423,0.3177290262782042
robot_1,hospital,robot_anomaly_hospital,2026-04-16 14:54:03.339000+00:00,,,,,,,,,,,,,41.2503,0.026900000000000035,0.2364472972972973,39.72338368547231,57.5029,,0.0,1.0,0.9724117610570064,,,,0.9109042894430563,0.5,0.5,0.7705715257549564,0.9908039203523354,0.5653438615268229
robot_4,warehouse,robot_anomaly_warehouse,2026-05-03 17:09:30.490000+00:00,,,,,,,,,,,,,24.7808,0.03849999999999998,0.40103378378378374,44.033102772410636,45.3235,,0.0,1.0,0.9428385335897277,,,,0.8624329756175608,0.5,0.5,0.689949943840009,0.9809461778632426,0.542724030425813
robot_5,warehouse,robot_anomaly_warehouse,2026-04-19 22:16:06.320000+00:00,,,,,,,,,,,,,31.0689,0.006700000000000039,0.2906337837837838,31.857120950670687,53.4931,,0.0,1.0,0.9944482352211401,,,,0.909178963253033,0.5,0.5,0.7939719673674297,0.9981494117403801,0.5730303447769525
robot_1,hospital,robot_anomaly_hospital,2026-04-18 11:25:25.160000+00:00,,,,,,,,,,,,,27.1903,0.02180000000000004,0.27725,39.72338368547231,54.4835,,0.0,1.0,0.9762886917685007,,,,0.8356487954646182,0.5,0.5,0.7617792323542727,0.9920962305895001,0.5634688657359432
robot_1,hospital,robot_anomaly_hospital,2026-05-02 15:02:38.120000+00:00,,,,,,,,,,,,,22.0398,0.025499999999999967,0.45570135135135137,39.72338368547231,41.2781,,0.0,1.0,0.9779014949444823,,,,0.9099333419133384,0.5,0.5,0.6919180323597661,0.9926338316481608,0.5461379660019817
robot_2,lab,robot_anomaly_lab,2026-05-01 14:32:43.163000+00:00,,,,,,,,,,,,,22.2571,0.09250000000000003,0.14481486486486495,14.63679636698148,64.2837,,1.0,0.0,0.9966968550338068,,,,0.7652311884895414,0.5,0.5,0.9159235398495913,0.33223228501126895,0.43703895621521505
robot_5,outdoor,robot_anomaly_outdoor,2026-04-18 18:01:26.080000+00:00,,,,,,,,,,,,,34.3247,0.06899999999999995,0.2491,26.119861519645806,56.5666,,0.0,1.0,0.978831958315241,,,,0.9420772089626851,0.5,0.5,0.8214675448396394,0.9929439861050803,0.5786028827361799
robot_2,warehouse,robot_anomaly_warehouse,2026-04-24 10:48:31.780000+00:00,,,,,,,,,,,,,47.3293,0.025900000000000034,0.40154999999999996,58.39748493129811,45.2853,,0.0,1.0,0.9876558526146021,,,,0.9552774512434775,0.5,0.5,0.6166417638481291,0.9958852842048674,0.5281317620132492
robot_4,hospital,robot_anomaly_hospital,2026-04-30 12:45:17.873000+00:00,,,,,,,,,,,,,44.8875,0.03749999999999998,0.3211472972972973,41.58712541309663,51.2351,,0.0,1.0,0.9660070715216178,,,,0.9445201964673547,0.5,0.5,0.724161576037787,0.9886690238405392,0.5532076499695815
robot_5,outdoor,robot_anomaly_outdoor,2026-05-06 09:45:11.132000+00:00,,,,,,,,,,,,,35.2632,0.06469999999999998,0.41552162162162165,26.119861519645806,44.2514,,0.0,1.0,0.9728769927423857,,,,0.8727793972701134,0.5,0.5,0.7554285896806132,0.9909589975807952,0.5615968968153522
robot_5,lab,robot_anomaly_lab,2026-05-04 10:42:23.676000+00:00,,,,,,,,,,,,,23.1968,0.0363,0.32914594594594593,44.31142771759781,50.6432,,0.0,1.0,0.9810805781279077,,,,0.9330367687847099,0.5,0.5,0.7186428096653941,0.9936935260426359,0.5530840839270075
robot_4,hospital,robot_anomaly_hospital,2026-04-22 20:38:57.700000+00:00,,,,,,,,,,,,,35.9923,0.0242,0.5046391891891892,41.58712541309663,37.6567,,0.0,1.0,0.8936015135537497,,,,0.8899425154705106,0.5,0.5,0.657768763947385,0.9645338378512499,0.5305756504496588
robot_2,hospital,robot_anomaly_hospital,2026-05-10 16:38:12.309000+00:00,,,,,,,,,,,,,57.8207,0.03380000000000005,0.5581351351351351,38.92765711090124,33.698,,0.0,1.0,0.9565628683084176,,,,0.862309491111878,0.5,0.5,0.6364622213479654,0.9855209561028059,0.5304957943626929
robot_3,lab,robot_anomaly_lab,2026-05-09 17:52:46.587000+00:00,,,,,,,,,,,,,24.5581,0.1069,0.3240972972972973,25.56989703262559,51.0168,,0.0,1.0,0.9811581167421376,,,,0.8726841735451346,0.5,0.5,0.7899932152363688,0.9937193722473792,0.570928146870937
robot_3,lab,robot_anomaly_lab,2026-05-03 18:54:51.317000+00:00,,,,,,,,,,,,,39.142,0.06000000000000005,0.22629594594594593,25.56989703262559,58.2541,,0.0,1.0,0.9796228521803858,,,,0.8937859372979918,0.5,0.5,0.8329138273192163,0.993207617393462,0.5815303611781696
robot_4,hospital,robot_anomaly_hospital,2026-04-29 10:02:30.467000+00:00,,,,,,,,,,,,,37.0496,0.09570000000000001,0.28501891891891895,41.58712541309663,53.9086,,0.0,1.0,0.9489330686681967,,,,0.880515179095936,0.5,0.5,0.7292312309754575,0.9829776895560656,0.5530522301328807
robot_2,hospital,robot_anomaly_hospital,2026-04-25 10:50:29.470000+00:00,,,,,,,,,,,,,58.7258,0.01880000000000004,0.448077027027027,38.92765711090124,41.8423,,0.0,1.0,0.9697134172818064,,,,0.8646537722491787,0.5,0.5,0.6834105059371685,0.9899044724272689,0.5433287445911094
robot_1,outdoor,robot_anomaly_outdoor,2026-04-23 02:14:24.434000+00:00,,,,,,,,,,,,,41.7214,0.035800000000000054,0.3252864864864865,32.28341037492993,50.9288,,0.0,1.0,0.9336579616649091,,,,0.9287014789177578,0.5,0.5,0.7668448411853999,0.9778859872216364,0.5611827071017591
robot_1,warehouse,robot_anomaly_warehouse,2026-05-05 10:15:11.118000+00:00,,,,,,,,,,,,,10.0,0.06489999999999996,0.24605675675675676,45.61617786488777,56.7918,,0.0,1.0,0.9993641833633149,,,,0.868952436672663,0.5,0.5,0.745555199455951,0.9997880611211049,0.5613358151442639
robot_2,hospital,robot_anomaly_hospital,2026-04-16 18:46:45.596000+00:00,,,,,,,,,,,,,23.7079,0.08850000000000002,0.4584770270270271,38.92765711090124,41.0727,,0.0,1.0,0.9765988462254203,,,,0.9713855802356284,0.5,0.5,0.6796718348527241,0.9921996154084735,0.5429678625652994
robot_2,lab,robot_anomaly_lab,2026-05-07 19:31:30.888000+00:00,,,,,,,,,,,,,30.3813,0.05359999999999998,0.4509040540540541,14.63679636698148,41.6331,,0.0,1.0,0.9635258358662614,,,,0.8992587956401641,0.5,0.5,0.7984461727000338,0.9878419452887538,0.5715720294971969
robot_4,lab,robot_anomaly_lab,2026-04-16 17:26:36.883000+00:00,,,,,,,,,,,,,30.9086,0.03320000000000001,0.14893648648648639,53.89857422167088,63.9787,,0.0,1.0,0.9521121518516221,,,,0.8655204491023618,0.5,0.5,0.744092686792279,0.9840373839505406,0.5570325176857049
robot_3,lab,robot_anomaly_lab,2026-04-15 16:23:15.180000+00:00,,,,,,,,,,,,,22.6341,0.047699999999999965,0.30811351351351357,25.56989703262559,52.1996,,0.0,1.0,0.9140717077104398,,,,0.8614333039327995,0.5,0.5,0.8104304652237222,0.97135723590348,0.5704469252818005
robot_2,warehouse,robot_anomaly_warehouse,2026-04-12 01:53:34.310000+00:00,,,,,,,,,,,,,27.3724,0.06430000000000002,0.473695945945946,58.39748493129811,39.9465,,1.0,0.0,0.9916413373860182,,,,0.7183871076855602,0.5,0.5,0.5883176697490085,0.3305471124620061,0.35471619555275363
robot_2,warehouse,robot_anomaly_warehouse,2026-04-22 21:33:44.387000+00:00,,,,,,,,,,,,,39.0345,0.0675,0.4323216216216216,58.39748493129811,43.0082,,0.0,1.0,0.9947583896780596,,,,0.8885345345121086,0.5,0.5,0.598851792912833,0.9982527965593532,0.5242761473680465
robot_1,lab,robot_anomaly_lab,2026-05-05 19:42:30.641000+00:00,,,,,,,,,,,,,285.8062,0.0,0.9518,49.14167586402035,4.5668,,1.0,0.0,0.9927113702623906,,,,0.5962121122115144,0.5,0.5,0.33614857339332377,0.33090379008746357,0.29176309087019686
robot_5,outdoor,robot_anomaly_outdoor,2026-04-30 09:53:50.774000+00:00,,,,,,,,,,,,,24.9612,0.048699999999999966,0.4832837837837838,26.119861519645806,39.237,,0.0,1.0,0.9988524285093977,,,,0.9579365108386059,0.5,0.5,0.7365680659010643,0.9996174761697992,0.5590463855177159
robot_5,outdoor,robot_anomaly_outdoor,2026-04-24 02:29:46.217000+00:00,,,,,,,,,,,,,36.5201,0.03939999999999999,0.39332567567567567,26.119861519645806,45.8939,,0.0,1.0,0.9961075615656597,,,,0.9696008879439969,0.5,0.5,0.7693631950405149,0.9987025205218866,0.5670164288906003
robot_2,outdoor,robot_anomaly_outdoor,2026-04-21 19:38:11.107000+00:00,,,,,,,,,,,,,35.7357,0.0,0.2454121621621621,50.074809997698374,56.8395,,0.0,1.0,0.9593232429750016,,,,0.9477275599664978,0.5,0.5,0.7281680676137349,0.9864410809916672,0.5536522871513505
robot_4,lab,robot_anomaly_lab,2026-04-25 22:49:26.780000+00:00,,,,,,,,,,,,,29.2864,0.062000000000000055,0.23306756756756752,53.89857422167088,57.753,,0.0,1.0,0.9993951988090068,,,,0.9135122156565798,0.5,0.5,0.7047716051161814,0.9997983996030023,0.5511425011797959
robot_4,hospital,robot_anomaly_hospital,2026-05-05 08:51:19.554000+00:00,,,,,,,,,,,,,23.4795,0.0031999999999999806,0.31115000000000004,41.58712541309663,51.9749,,0.0,1.0,0.9816543638732088,,,,0.8844771573541209,0.5,0.5,0.7455264494474503,0.9938847879577363,0.5598528093512967
robot_3,hospital,robot_anomaly_hospital,2026-04-30 11:04:44.454000+00:00,,,,,,,,,,,,,21.5432,0.05489999999999995,0.21820945945945946,37.431302275652754,58.8525,,0.0,1.0,0.9880590534085975,,,,0.8926745013481272,0.5,0.5,0.7910762908203608,0.9960196844695325,0.5717739938224733
robot_5,warehouse,robot_anomaly_warehouse,2026-05-03 22:43:21.186000+00:00,,,,,,,,,,,,,50.0583,0.08199999999999996,0.2491594594594595,31.857120950670687,56.5622,,0.0,1.0,0.9673562434092178,,,,0.9231608128340858,0.5,0.5,0.7851754616238464,0.9891187478030726,0.5685735523567298
robot_4,lab,robot_anomaly_lab,2026-04-28 15:10:34.221000+00:00,,,,,,,,,,,,,58.6818,0.05689999999999995,0.6081081081081081,53.89857422167088,30.0,,0.0,1.0,0.928245766391663,,,,0.9520832527450253,0.5,0.5,0.5425211802730141,0.9760819221305543,0.5046507756008921
robot_2,outdoor,robot_anomaly_outdoor,2026-04-14 17:58:05.876000+00:00,,,,,,,,,,,,,19.1472,0.0756,0.48700810810810813,50.074809997698374,38.9614,,0.0,1.0,0.9846318466596365,,,,0.9210085321484568,0.5,0.5,0.6222571238635717,0.9948772822198788,0.5292836015208626
robot_3,lab,robot_anomaly_lab,2026-04-14 17:25:18.839000+00:00,,,,,,,,,,,,,52.1374,0.09360000000000002,0.4357527027027027,25.56989703262559,42.7543,,1.0,0.0,0.9507164567954841,,,,0.5747825056919239,0.5,0.5,0.7357468312799518,0.3169054855984947,0.3881630792196116
robot_3,outdoor,robot_anomaly_outdoor,2026-04-12 16:00:36.230000+00:00,,,,,,,,,,,,,43.7868,0.027000000000000024,0.4456837837837838,34.9320233150912,42.0194,,0.0,1.0,0.9613392469449786,,,,0.8853776167505407,0.5,0.5,0.707599128612564,0.987113082314993,0.5486780527318893
robot_4,hospital,robot_anomaly_hospital,2026-05-01 22:09:20.842000+00:00,,,,,,,,,,,,,48.5225,0.036800000000000055,0.32903108108108114,41.58712541309663,50.6517,,0.0,1.0,0.986989020532225,,,,0.9298062317345458,0.5,0.5,0.7195106192561654,0.995663006844075,0.5537934065250602
robot_2,hospital,robot_anomaly_hospital,2026-04-19 09:03:15.311000+00:00,,,,,,,,,,,,,20.4751,0.007299999999999973,0.5424662162162162,38.92765711090124,34.8575,,0.0,1.0,0.987748898951678,,,,0.8806528295650677,0.5,0.5,0.6656089049126321,0.9959162996505593,0.5403813011407979
robot_1,outdoor,robot_anomaly_outdoor,2026-04-20 23:06:16.451000+00:00,,,,,,,,,,,,,22.4379,0.0817,0.4941148648648649,32.28341037492993,38.4355,,0.0,1.0,0.9744122573041375,,,,0.9338312432655016,0.5,0.5,0.6978731848437363,0.9914707524347125,0.5473359843196122
robot_3,lab,robot_anomaly_lab,2026-04-21 07:01:49.874000+00:00,,,,,,,,,,,,,44.5653,0.07720000000000005,0.21815135135135133,25.56989703262559,58.8568,,0.0,1.0,0.9757924446374294,,,,0.8953896037978497,0.5,0.5,0.8298791648950103,0.9919308148791431,0.5804524949435383
robot_5,hospital,robot_anomaly_hospital,2026-04-28 13:18:16.194000+00:00,,,,,,,,,,,,,41.0359,0.015100000000000002,0.1799527027027027,33.69562591427044,61.6835,,1.0,0.0,0.976056075925811,,,,0.7202136589731555,0.5,0.5,0.8234404508830812,0.3253520253086037,0.41219811904792125
robot_1,warehouse,robot_anomaly_warehouse,2026-05-02 00:13:09.005000+00:00,,,,,,,,,,,,,28.8444,0.022399999999999975,0.24371756756756757,45.61617786488777,56.9649,,0.0,1.0,0.9853762173562434,,,,0.914526835680866,0.5,0.5,0.7473745656840313,0.9951254057854144,0.5606249928673614
robot_3,warehouse,robot_anomaly_warehouse,2026-04-11 03:01:56.503000+00:00,,,,,,,,,,,,,30.4907,0.07989999999999997,0.4282364864864865,41.50002108112327,43.3105,,0.0,1.0,0.9814682711990571,,,,0.8601673288948604,0.5,0.5,0.6788398329515537,0.9938227570663524,0.5431656475044766
robot_5,outdoor,robot_anomaly_outdoor,2026-05-07 23:36:47.495000+00:00,,,,,,,,,,,,,31.3947,0.0,0.5028432432432433,26.119861519645806,37.7896,,0.0,1.0,0.9499100552074933,,,,0.9025299573060176,0.5,0.5,0.7366514585225727,0.983303351735831,0.554988702564601
robot_5,warehouse,robot_anomaly_warehouse,2026-04-13 19:38:23.485000+00:00,,,,,,,,,,,,,39.1783,0.016100000000000003,0.5756202702702703,31.857120950670687,32.4041,,0.0,1.0,0.9477079585633645,,,,0.8933610497686404,0.5,0.5,0.67419833475124,0.9825693195211215,0.5391919135680904
robot_4,lab,robot_anomaly_lab,2026-05-03 01:42:45.803000+00:00,,,,,,,,,,,,,16.0061,0.08650000000000002,0.2990527027027027,53.89857422167088,52.8701,,0.0,1.0,0.9582532100986291,,,,0.8700015395569348,0.5,0.5,0.6789673783657747,0.9860844033662097,0.5412629454329961
robot_2,outdoor,robot_anomaly_outdoor,2026-04-20 04:05:27.955000+00:00,,,,,,,,,,,,,37.5519,0.0706,0.2816986486486487,50.074809997698374,54.1543,,0.0,1.0,0.9827554121952733,,,,0.9190872077675424,0.5,0.5,0.6971228934937591,0.9942518040650912,0.5478436743897126
robot_1,warehouse,robot_anomaly_warehouse,2026-04-26 11:10:00.221000+00:00,,,,,,,,,,,,,42.5991,0.0,0.26077297297297297,45.61617786488777,55.7028,,0.0,1.0,0.9885397928168228,,,,0.9347570776831313,0.5,0.5,0.7392796909703345,0.9961799309389409,0.5588649054773188
robot_1,outdoor,robot_anomaly_outdoor,2026-04-26 18:16:14.434000+00:00,,,,,,,,,,,,,42.8385,0.02190000000000003,0.2810810810810811,32.28341037492993,54.2,,0.0,1.0,0.9301842317474103,,,,0.8544906892118453,0.5,0.5,0.7871109404949077,0.9767280772491368,0.5659597544360111
robot_5,hospital,robot_anomaly_hospital,2026-04-28 16:47:53.980000+00:00,,,,,,,,,,,,,47.5844,0.02300000000000002,0.39787432432432435,33.69562591427044,45.5573,,0.0,1.0,0.9966813473109608,,,,0.9209859337530764,0.5,0.5,0.7315363098688994,0.998893782436987,0.5576075230764717
robot_1,lab,robot_anomaly_lab,2026-05-01 20:19:09.858000+00:00,,,,,,,,,,,,,35.1121,0.018900000000000028,0.3737256756756757,49.14167586402035,47.3443,,0.0,1.0,0.9245239129086285,,,,0.8924162997766022,0.5,0.5,0.6771867779546896,0.9748413043028762,0.5380070205643914
robot_1,hospital,robot_anomaly_hospital,2026-05-04 22:10:55.011000+00:00,,,,,,,,,,,,,54.3099,0.021100000000000008,0.2749648648648648,39.72338368547231,54.6526,,1.0,0.0,0.9611531542708269,,,,0.7021130181643965,0.5,0.5,0.7505153278744623,0.3203843847569423,0.3927249281578511
robot_2,lab,robot_anomaly_lab,2026-04-11 23:11:40.110000+00:00,,,,,,,,,,,,,35.8503,0.06399999999999995,0.40271081081081084,14.63679636698148,45.1994,,0.0,1.0,0.980227653371379,,,,0.9310807233360888,0.5,0.5,0.8129228096565857,0.9934092177904597,0.5765830068617613
robot_1,warehouse,robot_anomaly_warehouse,2026-04-13 08:09:37.276000+00:00,,,,,,,,,,,,,23.2164,0.015000000000000013,0.18263783783783782,45.61617786488777,61.4848,,0.0,1.0,0.9828329508095032,,,,0.9322603294753936,0.5,0.5,0.776012095214778,0.9942776502698344,0.5675724363711531
robot_1,warehouse,robot_anomaly_warehouse,2026-04-23 02:03:21.471000+00:00,,,,,,,,,,,,,31.6916,0.0013999999999999568,0.30356621621621627,45.61617786488777,52.5361,,0.0,1.0,0.9814682711990571,,,,0.9511379739344757,0.5,0.5,0.7268115717142901,0.9938227570663524,0.5551585821951607
robot_4,lab,robot_anomaly_lab,2026-05-07 05:50:17.113000+00:00,,,,,,,,,,,,,33.9095,0.05459999999999998,0.4177621621621622,53.89857422167088,44.0856,,0.0,1.0,0.9678679982631351,,,,0.8925558449475604,0.5,0.5,0.630437327213478,0.9892893327543785,0.5299316649919641
robot_5,lab,robot_anomaly_lab,2026-04-17 18:58:46.926000+00:00,,,,,,,,,,,,,39.4592,0.07799999999999996,0.3047986486486487,44.31142771759781,52.4449,,0.0,1.0,0.93168848086347,,,,0.9337350042674892,0.5,0.5,0.7117098409107039,0.9772294936211567,0.5472348336329651
robot_2,warehouse,robot_anomaly_warehouse,2026-05-09 16:10:53.805000+00:00,,,,,,,,,,,,,36.4006,0.04949999999999999,0.3382459459459459,58.39748493129811,49.9698,,0.0,1.0,0.9977668879101793,,,,0.910668300383994,0.5,0.5,0.6416839334125688,0.9992556293033932,0.5352348906789905
robot_5,warehouse,robot_anomaly_warehouse,2026-05-08 14:07:46.451000+00:00,,,,,,,,,,,,,34.7962,0.038000000000000034,0.2813202702702703,31.857120950670687,54.1823,,0.0,1.0,0.9823056882327399,,,,0.9616031223840886,0.5,0.5,0.7890397232279416,0.9941018960775799,0.5707854048263803
robot_2,lab,robot_anomaly_lab,2026-05-08 07:59:45.484000+00:00,,,,,,,,,,,,,28.3447,0.02100000000000002,0.393045945945946,14.63679636698148,45.9146,,1.0,0.0,0.9734352707648409,,,,0.5963051039474835,0.5,0.5,0.8297673334114656,0.32447842358828033,0.4135614392499365
robot_1,warehouse,robot_anomaly_warehouse,2026-04-20 04:35:49.075000+00:00,,,,,,,,,,,,,36.1012,0.08040000000000003,0.3379445945945946,45.61617786488777,49.9921,,0.0,1.0,0.9866013274610757,,,,0.9156695518341342,0.5,0.5,0.6934816583259538,0.9955337758203585,0.547253858536578
robot_1,warehouse,robot_anomaly_warehouse,2026-04-13 21:31:17.139000+00:00,,,,,,,,,,,,,34.5475,0.013000000000000012,0.414572972972973,45.61617786488777,44.3216,,0.0,1.0,0.97270640779108,,,,0.9000721720819568,0.5,0.5,0.67852968170475,0.99090213593036,0.5423579544087775
robot_5,outdoor,robot_anomaly_outdoor,2026-04-24 20:09:00.403000+00:00,,,,,,,,,,,,,42.0332,0.07069999999999999,0.35327432432432426,26.119861519645806,48.8577,,0.0,1.0,0.9816543638732088,,,,0.9202755564477283,0.5,0.5,0.7759139255496479,0.9938847879577363,0.5674496783768461
robot_2,lab,robot_anomaly_lab,2026-04-18 03:44:24.632000+00:00,,,,,,,,,,,,,27.8975,0.011199999999999988,0.37891351351351354,14.63679636698148,46.9604,,1.0,0.0,0.9729390236337696,,,,0.5862398357339298,0.5,0.5,0.8378036453326125,0.3243130078779232,0.4155291633026339
robot_3,hospital,robot_anomaly_hospital,2026-04-20 10:30:18.909000+00:00,,,,,,,,,,,,,23.4549,0.09019999999999995,0.4523770270270271,37.431302275652754,41.5241,,0.0,1.0,0.9951150673035172,,,,0.9353966858260311,0.5,0.5,0.6886875487510681,0.9983716891011724,0.54676480946306
robot_2,hospital,robot_anomaly_hospital,2026-05-07 06:26:37.318000+00:00,,,,,,,,,,,,,48.8564,0.06359999999999999,0.36428648648648654,38.92765711090124,48.0428,,0.0,1.0,0.9000527262576763,,,,0.8287947191522045,0.5,0.5,0.7114496861846042,0.9666842420858921,0.5445334820676241
robot_3,hospital,robot_anomaly_hospital,2026-04-24 00:44:52.428000+00:00,,,,,,,,,,,,,35.3013,0.06920000000000004,0.34599054054054046,37.431302275652754,49.3967,,0.0,1.0,0.968565845791204,,,,0.9677192404554532,0.5,0.5,0.7305258802822189,0.989521948597068,0.5550119572198217
robot_4,hospital,robot_anomaly_hospital,2026-05-08 08:35:46.776000+00:00,,,,,,,,,,,,,34.0949,0.060899999999999954,0.19731756756756758,41.58712541309663,60.3985,,0.0,1.0,0.9907729049066435,,,,0.9482117085731601,0.5,0.5,0.7733966081532739,0.9969243016355479,0.5675802274472055
robot_3,outdoor,robot_anomaly_outdoor,2026-04-10 20:40:06.775000+00:00,,,,,,,,,,,,,42.588,0.0,0.3008081081081081,34.9320233150912,52.7402,,0.0,1.0,0.8731468271199058,,,,0.9372599326910211,0.5,0.5,0.7721006047943352,0.9577156090399686,0.5574540534585759
robot_2,outdoor,robot_anomaly_outdoor,2026-04-16 11:19:45.361000+00:00,,,,,,,,,,,,,20.7465,0.03700000000000003,0.16376216216216222,50.074809997698374,62.8816,,0.0,1.0,0.9621146330872775,,,,0.8924793469174201,0.5,0.5,0.7594145238673047,0.9873715443624258,0.5616965170574326
robot_5,lab,robot_anomaly_lab,2026-04-28 22:09:56.729000+00:00,,,,,,,,,,,,,54.4729,0.029000000000000026,0.05115810810810817,44.31142771759781,71.2143,,0.0,1.0,0.9607499534768315,,,,0.8867712475546501,0.5,0.5,0.8172377945689752,0.9869166511589439,0.5760386114319798
robot_1,hospital,robot_anomaly_hospital,2026-04-27 06:30:45.496000+00:00,,,,,,,,,,,,,40.1503,0.010299999999999976,0.1833256756756757,39.72338368547231,61.4339,,0.0,1.0,0.9338130388933689,,,,0.9662918118572129,0.5,0.5,0.7960130227208483,0.9779376796311229,0.5684876755879927
robot_2,hospital,robot_anomaly_hospital,2026-04-30 05:11:02.486000+00:00,,,,,,,,,,,,,26.3045,0.056499999999999995,0.3356391891891892,38.92765711090124,50.1627,,0.0,1.0,0.9921220767942436,,,,0.9187461237179212,0.5,0.5,0.734744296696839,0.9973740255980812,0.5580295805737301
robot_3,hospital,robot_anomaly_hospital,2026-04-11 16:45:59.671000+00:00,,,,,,,,,,,,,39.4261,0.07979999999999998,0.48575405405405403,37.431302275652754,39.0542,,0.0,1.0,0.9792971900006203,,,,0.94975519957913,0.5,0.5,0.6703866516895822,0.9930990633335401,0.5408714287557805
robot_5,hospital,robot_anomaly_hospital,2026-05-06 12:08:20.712000+00:00,,,,,,,,,,,,,37.8353,0.05049999999999999,0.29503783783783777,33.69562591427044,53.1672,,0.0,1.0,0.9182432851560077,,,,0.8856686954284102,0.5,0.5,0.7709874502303681,0.9727477617186692,0.5609338029872593
robot_4,hospital,robot_anomaly_hospital,2026-04-14 19:47:11.880000+00:00,,,,,,,,,,,,,39.672,0.31889999999999996,0.42180135135135133,41.58712541309663,43.7867,,1.0,0.0,0.9695118168848086,,,,0.6012294925762869,0.5,0.5,0.6236759721898635,0.32317060562826955,0.36171164445453324
robot_3,outdoor,robot_anomaly_outdoor,2026-04-29 05:31:07.877000+00:00,,,,,,,,,,,,,20.9831,0.0023999999999999577,0.2359689189189189,34.9320233150912,57.5383,,0.0,1.0,0.9676198746975994,,,,0.8788039923886,0.5,0.5,0.8073280634515175,0.9892066248991997,0.5741336720876793
robot_5,lab,robot_anomaly_lab,2026-04-17 16:39:41.201000+00:00,,,,,,,,,,,,,401.6383,0.016599999999999948,0.9521243243243244,44.31142771759781,4.5428,,1.0,0.0,0.9764592767198065,,,,0.528157439471222,0.5,0.5,0.3017229492198905,0.32548642557326884,0.2818023436982898
robot_5,hospital,robot_anomaly_hospital,2026-04-16 15:43:25.634000+00:00,,,,,,,,,,,,,33.7797,0.05940000000000001,0.22065675675675678,33.69562591427044,58.6714,,0.0,1.0,0.9947738974009056,,,,0.8957872562630469,0.5,0.5,0.8006045635131442,0.9982579658003018,0.5747156323283615
robot_4,hospital,robot_anomaly_hospital,2026-04-15 03:40:16.384000+00:00,,,,,,,,,,,,,39.7069,0.06599999999999995,0.36327027027027026,41.58712541309663,48.118,,0.0,1.0,0.9978599342472552,,,,0.9319996439460887,0.5,0.5,0.7033287887758647,0.999286644749085,0.5506538583812374
robot_4,warehouse,robot_anomaly_warehouse,2026-04-20 14:36:54.073000+00:00,,,,,,,,,,,,,50.2202,0.08320000000000005,0.45674729729729735,44.033102772410636,41.2007,,0.0,1.0,0.9241052043917871,,,,0.883515774846499,0.5,0.5,0.6461517268931867,0.9747017347972623,0.5302133654226122
robot_5,hospital,robot_anomaly_hospital,2026-05-09 16:53:43.440000+00:00,,,,,,,,,,,,,23.5153,0.10709999999999997,0.5236527027027027,33.69562591427044,36.2497,,0.0,1.0,0.9829880280379629,,,,0.9042944087751458,0.5,0.5,0.6734637009088428,0.9943293426793209,0.541948260897041
robot_3,hospital,robot_anomaly_hospital,2026-05-08 13:15:56.335000+00:00,,,,,,,,,,,,,38.7601,0.05489999999999995,0.29093918918918915,37.431302275652754,53.4705,,0.0,1.0,0.9143818621673594,,,,0.9171036228488638,0.5,0.5,0.7541543586774533,0.9714606207224531,0.5564037448499766
robot_2,warehouse,robot_anomaly_warehouse,2026-05-08 07:16:18.010000+00:00,,,,,,,,,,,,,44.3931,0.026100000000000012,0.46426081081081083,58.39748493129811,40.6447,,0.0,1.0,0.9555703740462751,,,,0.8896231041805583,0.5,0.5,0.5928482992411731,0.9851901246820917,0.5195096059808162
robot_2,outdoor,robot_anomaly_outdoor,2026-04-13 21:00:31.285000+00:00,,,,,,,,,,,,,48.0107,0.014499999999999957,0.34079594594594587,50.074809997698374,49.7811,,0.0,1.0,0.9509025494696359,,,,0.8749574980422418,0.5,0.5,0.6812065832071462,0.9836341831565454,0.5412101915909229
robot_4,outdoor,robot_anomaly_outdoor,2026-04-25 14:24:12.115000+00:00,,,,,,,,,,,,,33.888,0.015800000000000036,0.26177027027027033,47.74265761291576,55.629,,0.0,1.0,0.9376899696048633,,,,0.9445326171588224,0.5,0.5,0.7296091745260656,0.9792299898682878,0.5522097910985884
robot_4,hospital,robot_anomaly_hospital,2026-04-11 03:00:48.342000+00:00,,,,,,,,,,,,,41.6441,0.07589999999999997,0.44826351351351357,41.58712541309663,41.8285,,0.0,1.0,0.9546244029526705,,,,0.9207415222910049,0.5,0.5,0.6662482738801982,0.9848748009842234,0.5377807687161054
robot_1,warehouse,robot_anomaly_warehouse,2026-04-11 17:26:14.918000+00:00,,,,,,,,,,,,,24.239,0.05389999999999995,0.32345810810810804,45.61617786488777,51.0641,,0.0,1.0,0.9988214130637058,,,,0.931510155673849,0.5,0.5,0.7105658233122986,0.999607137687902,0.5525432402500502
robot_3,lab,robot_anomaly_lab,2026-04-30 10:55:47.153000+00:00,,,,,,,,,,,,,23.0138,0.07399999999999995,0.37520540540540537,25.56989703262559,47.2348,,0.0,1.0,0.9661311333043856,,,,0.8822483060318053,0.5,0.5,0.7775707307079982,0.9887103777681285,0.5665702771190317
robot_2,warehouse,robot_anomaly_warehouse,2026-04-30 23:16:25.251000+00:00,,,,,,,,,,,,,18.2528,0.09099999999999997,0.3142067567567568,58.39748493129811,51.7487,,0.0,1.0,0.9422182246758886,,,,0.8788229701770284,0.5,0.5,0.6503215578522388,0.9807394082252961,0.5327652415193838
robot_5,warehouse,robot_anomaly_warehouse,2026-05-04 09:13:55.668000+00:00,,,,,,,,,,,,,32.6616,0.053300000000000014,0.36673378378378385,31.857120950670687,47.8617,,0.0,1.0,0.9225544321071893,,,,0.9008540617147591,0.5,0.5,0.7524417049749133,0.9741848107023965,0.5566566289193274
robot_5,outdoor,robot_anomaly_outdoor,2026-04-30 07:07:40.603000+00:00,,,,,,,,,,,,,33.1739,0.04949999999999999,0.33581756756756753,26.119861519645806,50.1495,,0.0,1.0,0.9353017802865827,,,,0.8979029434364026,0.5,0.5,0.7916415588963992,0.9784339267621943,0.5675188714146484
robot_3,lab,robot_anomaly_lab,2026-04-18 21:16:14.692000+00:00,,,,,,,,,,,,,24.8271,0.01319999999999999,0.28838783783783783,25.56989703262559,53.6593,,1.0,0.0,0.9367439985112587,,,,0.5896660119154936,0.5,0.5,0.8249977263241972,0.31224799950375287,0.40931143145698745
robot_2,lab,robot_anomaly_lab,2026-04-23 15:40:22.914000+00:00,,,,,,,,,,,,,39.5429,0.04259999999999997,0.4457,14.63679636698148,42.0182,,0.0,1.0,0.9780255567272502,,,,0.9020795536810777,0.5,0.5,0.7988080995261515,0.9926751855757501,0.5728708212754754
robot_4,lab,robot_anomaly_lab,2026-04-18 21:50:01.821000+00:00,,,,,,,,,,,,,28.2351,0.017299999999999982,0.1932513513513514,53.89857422167088,60.6994,,0.0,1.0,0.9701786489671856,,,,0.9373010243574239,0.5,0.5,0.7311194868818195,0.9900595496557285,0.555294759134387
robot_4,outdoor,robot_anomaly_outdoor,2026-05-04 23:09:45.667000+00:00,,,,,,,,,,,,,34.1323,0.0,0.377418918918919,47.74265761291576,47.071,,0.0,1.0,0.9643477451770982,,,,0.9667070675544569,0.5,0.5,0.6867532360846417,0.9881159150590327,0.5437172877859185
robot_2,warehouse,robot_anomaly_warehouse,2026-04-26 17:44:27.865000+00:00,,,,,,,,,,,,,22.497,0.06299999999999994,0.3697905405405405,58.39748493129811,47.6355,,0.0,1.0,0.9483282674772037,,,,0.9436721673267957,0.5,0.5,0.6323862836011249,0.9827760891590679,0.5287905931900483
robot_1,warehouse,robot_anomaly_warehouse,2026-04-14 20:49:30.432000+00:00,,,,,,,,,,,,,50.9086,0.04849999999999999,0.3043459459459459,45.61617786488777,52.4784,,0.0,1.0,0.9336579616649091,,,,0.9289042502125826,0.5,0.5,0.7072828741968575,0.9778859872216364,0.5462922153546235
robot_2,hospital,robot_anomaly_hospital,2026-05-02 23:22:12.090000+00:00,,,,,,,,,,,,,21.9415,0.04569999999999996,0.6081081081081081,38.92765711090124,30.0,,0.0,1.0,0.987717883505986,,,,0.9081071252902287,0.5,0.5,0.630143371761633,0.995905961168662,0.5315123332325737
robot_1,hospital,robot_anomaly_hospital,2026-04-22 10:39:07.030000+00:00,,,,,,,,,,,,,47.3702,0.05510000000000004,0.26018783783783783,39.72338368547231,55.7461,,0.0,1.0,0.9907418894609515,,,,0.920432657781804,0.5,0.5,0.7520191125904259,0.9969139631536504,0.562233268936019
robot_4,outdoor,robot_anomaly_outdoor,2026-05-08 07:45:10.771000+00:00,,,,,,,,,,,,,28.3559,0.029200000000000004,0.22304594594594596,47.74265761291576,58.4946,,0.0,1.0,0.9994262142546988,,,,0.9269849990193778,0.5,0.5,0.7446340786500694,0.9998087380848997,0.5611107041837422
robot_5,lab,robot_anomaly_lab,2026-04-22 02:18:48.087000+00:00,,,,,,,,,,,,,20.8652,0.03969999999999996,0.3291581081081081,44.31142771759781,50.6423,,0.0,1.0,0.9482817443086657,,,,0.8797669858210385,0.5,0.5,0.7189420167332834,0.982760581436222,0.5504256495423764
robot_4,warehouse,robot_anomaly_warehouse,2026-04-11 18:19:42.622000+00:00,,,,,,,,,,,,,40.5545,0.07940000000000003,0.22196621621621626,44.033102772410636,58.5745,,0.0,1.0,0.9628590037838843,,,,0.9199835795084883,0.5,0.5,0.7453052938433676,0.9876196679279614,0.5582312404428322
robot_5,lab,robot_anomaly_lab,2026-05-09 01:56:58.458000+00:00,,,,,,,,,,,,,25.5398,0.09570000000000001,0.3567810810810811,44.31142771759781,48.5982,,0.0,1.0,0.9800570684200732,,,,0.90272149845928,0.5,0.5,0.6933099740142639,0.9933523561400244,0.546665582538572
robot_4,hospital,robot_anomaly_hospital,2026-05-05 01:44:00.542000+00:00,,,,,,,,,,,,,43.7073,0.06769999999999998,0.22240135135135142,41.58712541309663,58.5423,,0.0,1.0,0.9488090068854289,,,,0.8299151243880191,0.5,0.5,0.7574788663240163,0.9829363356284763,0.5601038004881231
robot_3,lab,robot_anomaly_lab,2026-04-15 14:44:11.424000+00:00,,,,,,,,,,,,,18.7297,0.07199999999999995,0.40007297297297306,25.56989703262559,45.3946,,0.0,1.0,0.9673407356863718,,,,0.9369605839615985,0.5,0.5,0.7700169504681456,0.989113578562124,0.5647826322575674
robot_4,outdoor,robot_anomaly_outdoor,2026-04-29 17:28:54.697000+00:00,,,,,,,,,,,,,46.5824,0.6584,0.4693324324324325,47.74265761291576,40.2694,,1.0,0.0,0.9961851001798896,,,,0.6242963819455692,0.5,0.5,0.4978681053899992,0.3320617000599632,0.3324824513624906
robot_4,lab,robot_anomaly_lab,2026-04-14 23:51:08.967000+00:00,,,,,,,,,,,,,31.9083,0.009000000000000008,0.2846337837837838,53.89857422167088,53.9371,,0.0,1.0,0.9874852676632964,,,,0.9358520206584876,0.5,0.5,0.6947422772058676,0.9958284225544322,0.5476426749400749
robot_2,lab,robot_anomaly_lab,2026-05-04 21:59:08.401000+00:00,,,,,,,,,,,,,10.0,0.012900000000000023,0.3911310810810811,14.63679636698148,46.0563,,1.0,0.0,0.9896873643074251,,,,0.603922472861485,0.5,0.5,0.840678031364698,0.32989578810247505,0.41764345486679333
robot_4,outdoor,robot_anomaly_outdoor,2026-04-24 23:45:25.282000+00:00,,,,,,,,,,,,,41.4021,0.0,0.3977513513513513,47.74265761291576,45.5664,,0.0,1.0,0.9438775510204082,,,,0.9188920106108668,0.5,0.5,0.6753140449994165,0.9812925170068026,0.5391516405015547
robot_1,lab,robot_anomaly_lab,2026-05-04 05:54:13.980000+00:00,,,,,,,,,,,,,35.5594,0.04039999999999999,0.3299891891891892,49.14167586402035,50.5808,,0.0,1.0,0.9626418956640407,,,,0.9643540696362198,0.5,0.5,0.6896953855197036,0.9875472985546803,0.544310671018596
robot_4,lab,robot_anomaly_lab,2026-05-09 11:08:03.558000+00:00,,,,,,,,,,,,,38.687,0.03169999999999995,0.38692702702702697,53.89857422167088,46.3674,,0.0,1.0,0.9881210842999814,,,,0.9062015122813041,0.5,0.5,0.6456926142656669,0.9960403614333271,0.5354332439247484
robot_5,outdoor,robot_anomaly_outdoor,2026-04-24 22:04:48.435000+00:00,,,,,,,,,,,,,32.7803,0.05720000000000003,0.31336351351351344,26.119861519645806,51.8111,,0.0,1.0,0.948049128465976,,,,0.9042438176458572,0.5,0.5,0.7990893611565507,0.9826830428219919,0.5704431009946357
robot_4,outdoor,robot_anomaly_outdoor,2026-04-28 13:50:11.955000+00:00,,,,,,,,,,,,,36.6906,0.05930000000000002,0.33406081081081085,47.74265761291576,50.2795,,0.0,1.0,0.9250821909310837,,,,0.9137760724558145,0.5,0.5,0.689742026331921,0.9750273969770279,0.5411923558272372
robot_4,warehouse,robot_anomaly_warehouse,2026-04-29 17:16:51.640000+00:00,,,,,,,,,,,,,30.531,0.017100000000000004,0.3024148648648649,44.033102772410636,52.6213,,1.0,0.0,0.9612306928850568,,,,0.5900260852739427,0.5,0.5,0.7315427050763196,0.3204102309616856,0.38798823400950133
robot_4,outdoor,robot_anomaly_outdoor,2026-04-15 02:20:31.443000+00:00,,,,,,,,,,,,,45.737,0.07250000000000001,0.2817027027027027,47.74265761291576,54.154,,0.0,1.0,0.9553997890949693,,,,0.8995141975398177,0.5,0.5,0.703634805423454,0.9851332630316564,0.5471920171137776
robot_2,outdoor,robot_anomaly_outdoor,2026-04-27 01:26:37.941000+00:00,,,,,,,,,,,,,50.8752,0.05920000000000003,0.3579,50.074809997698374,48.5154,,0.0,1.0,0.9053098443024626,,,,0.9238772166607168,0.5,0.5,0.6631189446274911,0.9684366147674875,0.5328888898487447
robot_5,warehouse,robot_anomaly_warehouse,2026-05-03 14:07:17.732000+00:00,,,,,,,,,,,,,36.602,0.03520000000000001,0.5279918918918918,31.857120950670687,35.9286,,0.0,1.0,0.9358755660318839,,,,0.9349062416965509,0.5,0.5,0.6901726633992159,0.9786251886772946,0.5421994630191277
robot_1,warehouse,robot_anomaly_warehouse,2026-04-11 18:29:21.331000+00:00,,,,,,,,,,,,,60.0461,0.11960000000000004,0.4507,45.61617786488777,41.6482,,0.0,1.0,0.971993052540165,,,,0.9121900426481769,0.5,0.5,0.6287698110199631,0.9906643508467217,0.5298585404666711
robot_5,lab,robot_anomaly_lab,2026-05-06 06:51:33.987000+00:00,,,,,,,,,,,,,22.5755,0.060799999999999965,0.4326229729729729,44.31142771759781,42.9859,,1.0,0.0,0.9318280503690838,,,,0.714728823043826,0.5,0.5,0.672084664326681,0.3106093501230279,0.37067350361242724
robot_5,lab,robot_anomaly_lab,2026-04-15 21:26:51.413000+00:00,,,,,,,,,,,,,41.4004,0.0897,0.34090675675675675,44.31142771759781,49.7729,,0.0,1.0,0.8946560387072762,,,,0.8666080812879129,0.5,0.5,0.6937811605165205,0.9648853462357586,0.5396666266880698
robot_2,hospital,robot_anomaly_hospital,2026-04-21 03:06:58.032000+00:00,,,,,,,,,,,,,39.0474,0.0043999999999999595,0.3033810810810811,38.92765711090124,52.5498,,0.0,1.0,0.9768159543452639,,,,0.9754821806797995,0.5,0.5,0.7534415885366792,0.9922719847817546,0.5614283933296085
robot_4,hospital,robot_anomaly_hospital,2026-04-30 05:08:15.159000+00:00,,,,,,,,,,,,,42.6736,0.06440000000000001,0.47187702702702705,41.58712541309663,40.0811,,0.0,1.0,0.8904534458160164,,,,0.8438077265737949,0.5,0.5,0.6588927778541385,0.9634844819386722,0.5305943149482026
robot_2,hospital,robot_anomaly_hospital,2026-04-21 00:58:30.764000+00:00,,,,,,,,,,,,,40.9157,0.5746,0.4450959459459459,38.92765711090124,42.0629,,1.0,0.0,0.8879101792692761,,,,0.5472587451645716,0.5,0.5,0.5690680130305317,0.2959700597564254,0.3412595181967393
robot_5,warehouse,robot_anomaly_warehouse,2026-05-05 14:16:54.460000+00:00,,,,,,,,,,,,,28.3139,0.09209999999999996,0.18168783783783782,31.857120950670687,61.5551,,1.0,0.0,0.9548415110725141,,,,0.721640759480731,0.5,0.5,0.8198065122509013,0.31828050369083805,0.4095217539854348
robot_1,outdoor,robot_anomaly_outdoor,2026-04-20 15:22:43.232000+00:00,,,,,,,,,,,,,47.5499,0.09750000000000003,0.3646324324324324,32.28341037492993,48.0172,,0.0,1.0,0.9980925500899448,,,,0.9446336644963436,0.5,0.5,0.734730894753542,0.999364183363315,0.5585237695292142
robot_1,hospital,robot_anomaly_hospital,2026-05-01 02:43:15.661000+00:00,,,,,,,,,,,,,41.4982,0.06940000000000002,0.3654878378378379,39.72338368547231,47.9539,,0.0,1.0,0.9761181068171949,,,,0.9043642166393282,0.5,0.5,0.7093886692401871,0.9920393689390649,0.5503570095448129
robot_5,lab,robot_anomaly_lab,2026-04-17 19:51:08.777000+00:00,,,,,,,,,,,,,38.8414,0.025499999999999967,0.5045864864864864,44.31142771759781,37.6606,,0.0,1.0,0.9788474660380869,,,,0.9358803693551442,0.5,0.5,0.6437540188399788,0.9929491553460289,0.5341757935465019
robot_4,outdoor,robot_anomaly_outdoor,2026-05-07 10:27:41.850000+00:00,,,,,,,,,,,,,20.2716,0.05259999999999998,0.37050405405405407,47.74265761291576,47.5827,,1.0,0.0,0.453600893244836,,,,0.5820783777903729,0.5,0.5,0.6841222731745886,0.15120029774827867,0.33383064273071683
robot_5,hospital,robot_anomaly_hospital,2026-04-24 22:10:39.211000+00:00,,,,,,,,,,,,,46.6711,0.08450000000000002,0.41273108108108103,33.69562591427044,44.4579,,0.0,1.0,0.899634017740835,,,,0.8628442257583778,0.5,0.5,0.712328618071843,0.9665446725802783,0.5447183226630303
robot_2,outdoor,robot_anomaly_outdoor,2026-05-07 00:41:27.473000+00:00,,,,,,,,,,,,,40.4686,0.07909999999999995,0.16865540540540536,50.074809997698374,62.5195,,0.0,1.0,0.9984957508839402,,,,0.8200223952213607,0.5,0.5,0.7391229308385839,0.99949858362798,0.559655378616641
robot_4,outdoor,robot_anomaly_outdoor,2026-04-21 00:00:07.553000+00:00,,,,,,,,,,,,,14.0969,0.06510000000000005,0.3603432432432432,47.74265761291576,48.3346,,0.0,1.0,0.9618354940760498,,,,0.9198062776833925,0.5,0.5,0.688214218889576,0.9872784980253501,0.5438731792287316
robot_2,hospital,robot_anomaly_hospital,2026-04-23 09:18:20.910000+00:00,,,,,,,,,,,,,223.4693,0.04849999999999999,0.9030162162162162,38.92765711090124,8.1768,,1.0,0.0,0.8945785000930464,,,,0.6370534149117579,0.5,0.5,0.4199048497552174,0.2981928333643488,0.30452442077989156
robot_5,lab,robot_anomaly_lab,2026-04-15 02:46:15.181000+00:00,,,,,,,,,,,,,34.789,0.04079999999999995,0.37099729729729736,44.31142771759781,47.5462,,1.0,0.0,0.9663172259785373,,,,0.5917311044071549,0.5,0.5,0.6956292741761717,0.32210574199284575,0.3794337540422543
robot_1,outdoor,robot_anomaly_outdoor,2026-05-05 15:06:27.389000+00:00,,,,,,,,,,,,,42.3144,0.08740000000000003,0.32858243243243246,32.28341037492993,50.6849,,0.0,1.0,0.9639600521059488,,,,0.8667434076966909,0.5,0.5,0.7537786286862687,0.9879866840353163,0.5604413281803962
robot_3,outdoor,robot_anomaly_outdoor,2026-04-21 18:36:28.056000+00:00,,,,,,,,,,,,,290.8789,0.035599999999999965,0.9701337837837838,34.9320233150912,3.2101,,1.0,0.0,0.9240276657775572,,,,0.64130356801074,0.5,0.5,0.3835315719710012,0.3080092219258524,0.29788519847421335
robot_1,warehouse,robot_anomaly_warehouse,2026-04-22 07:59:57.971000+00:00,,,,,,,,,,,,,27.8534,0.10440000000000005,0.6081081081081081,45.61617786488777,30.0,,0.0,1.0,0.912582966317226,,,,0.8670236804233007,0.5,0.5,0.583828581733146,0.9708609887724086,0.5136723926263886
robot_1,hospital,robot_anomaly_hospital,2026-04-13 12:15:21.086000+00:00,,,,,,,,,,,,,31.3667,0.06510000000000005,0.29889054054054054,39.72338368547231,52.8821,,0.0,1.0,0.9710160660008684,,,,0.889283693529886,0.5,0.5,0.7415917852805521,0.9903386886669562,0.5579826184868771
robot_5,hospital,robot_anomaly_hospital,2026-04-20 18:44:37.095000+00:00,,,,,,,,,,,,,22.8935,0.0363,0.13749189189189193,33.69562591427044,64.8256,,0.0,1.0,0.9559425593945785,,,,0.8596585022513711,0.5,0.5,0.8439598948538185,0.9853141864648595,0.5823185203296695
robot_4,hospital,robot_anomaly_hospital,2026-05-02 22:55:51.319000+00:00,,,,,,,,,,,,,28.9472,0.05469999999999997,0.20585540540540537,41.58712541309663,59.7667,,0.0,1.0,0.9566404069226475,,,,0.8741969213833652,0.5,0.5,0.7737017423598556,0.9855468023075492,0.5648121361668512
robot_5,hospital,robot_anomaly_hospital,2026-04-29 20:28:48.738000+00:00,,,,,,,,,,,,,49.9188,0.056499999999999995,0.2587770270270271,33.69562591427044,55.8505,,0.0,1.0,0.9564698219713417,,,,0.8886473714784563,0.5,0.5,0.7786616752403368,0.9854899406571139,0.5660379039743626
robot_4,lab,robot_anomaly_lab,2026-04-21 05:30:59.641000+00:00,,,,,,,,,,,,,24.7388,0.013299999999999979,0.4153256756756757,53.89857422167088,44.2659,,0.0,1.0,0.9654798089448545,,,,0.8781131317863762,0.5,0.5,0.644769611253065,0.9884932696482848,0.5333157202253374
robot_4,warehouse,robot_anomaly_warehouse,2026-04-21 08:23:47.792000+00:00,,,,,,,,,,,,,36.8226,0.0,0.40438243243243244,44.033102772410636,45.0757,,1.0,0.0,0.9611066311022889,,,,0.7432239284684296,0.5,0.5,0.6916981374041368,0.3203688770340963,0.3780167536095582
robot_5,hospital,robot_anomaly_hospital,2026-04-15 18:13:56.649000+00:00,,,,,,,,,,,,,25.3945,0.043399999999999994,0.4570918918918919,33.69562591427044,41.1752,,1.0,0.0,0.9473357732150611,,,,0.7377399201208705,0.5,0.5,0.7134031128243087,0.31577859107168704,0.3822954259739989
robot_2,hospital,robot_anomaly_hospital,2026-04-21 10:22:39.180000+00:00,,,,,,,,,,,,,38.4328,0.023800000000000043,0.37253378378378377,38.92765711090124,47.4325,,0.0,1.0,0.9099001302648719,,,,0.8936893285947164,0.5,0.5,0.7217445936489448,0.9699667100882907,0.5479278259343089
robot_5,hospital,robot_anomaly_hospital,2026-04-20 15:45:20.229000+00:00,,,,,,,,,,,,,36.0768,0.018000000000000016,0.3460783783783784,33.69562591427044,49.3902,,0.0,1.0,0.9525153526456175,,,,0.9023312536992826,0.5,0.5,0.7586004304609985,0.9841717842152059,0.5606930536690511
robot_2,hospital,robot_anomaly_hospital,2026-05-01 09:13:48.573000+00:00,,,,,,,,,,,,,22.8823,0.044399999999999995,0.27750540540540547,38.92765711090124,54.4646,,0.0,1.0,0.9500496247131072,,,,0.9338286089411543,0.5,0.5,0.7622457663191713,0.983349874904369,0.5613989103058851
robot_4,lab,robot_anomaly_lab,2026-04-28 11:26:30.505000+00:00,,,,,,,,,,,,,21.9881,0.0937,0.4688837837837838,53.89857422167088,40.3026,,0.0,1.0,0.9155294336579617,,,,0.8984094421978377,0.5,0.5,0.6067128022607771,0.971843144552654,0.5196389867033577
robot_3,hospital,robot_anomaly_hospital,2026-04-29 05:00:16.107000+00:00,,,,,,,,,,,,,24.4448,0.06989999999999996,0.5063,37.431302275652754,37.5338,,0.0,1.0,0.8959276719806464,,,,0.9189782120780654,0.5,0.5,0.6711837916163366,0.9653092239935489,0.5341232539024714
robot_5,hospital,robot_anomaly_hospital,2026-04-20 20:51:26.957000+00:00,,,,,,,,,,,,,41.9791,0.05620000000000003,0.32222837837837837,33.69562591427044,51.1551,,0.0,1.0,0.9721636374914707,,,,0.8781858152044866,0.5,0.5,0.7569587487218675,0.9907212124971569,0.5619199903047561
robot_2,lab,robot_anomaly_lab,2026-04-16 00:43:04.257000+00:00,,,,,,,,,,,,,44.9781,0.09199999999999997,0.10008108108108116,14.63679636698148,67.594,,0.0,1.0,0.9641926679486384,,,,0.8596703119560972,0.5,0.5,0.9235950365801389,0.9880642226495461,0.6029148148074213
robot_1,hospital,robot_anomaly_hospital,2026-04-14 10:16:54.917000+00:00,,,,,,,,,,,,,22.3398,0.07620000000000005,0.6081081081081081,39.72338368547231,30.0,,0.0,1.0,0.9548880342410521,,,,0.8898688133598656,0.5,0.5,0.6195409486329989,0.9849626780803508,0.5261259066783375
robot_4,hospital,robot_anomaly_hospital,2026-05-09 07:41:54.013000+00:00,,,,,,,,,,,,,47.93,0.10650000000000004,0.44465675675675675,41.58712541309663,42.0954,,0.0,1.0,0.9179176229762421,,,,0.8819986141386027,0.5,0.5,0.6580254176189774,0.9726392076587475,0.5326661563194313
robot_5,hospital,robot_anomaly_hospital,2026-04-22 00:13:29.215000+00:00,,,,,,,,,,,,,26.0025,0.07199999999999995,0.3747054054054054,33.69562591427044,47.2718,,0.0,1.0,0.974753427206749,,,,0.9440333397892939,0.5,0.5,0.7397192788159607,0.991584475735583,0.5578259386378859
robot_4,outdoor,robot_anomaly_outdoor,2026-04-28 07:17:53.587000+00:00,,,,,,,,,,,,,404.8366,0.06930000000000003,0.8267094594594595,47.74265761291576,13.8235,,1.0,0.0,0.997270640779108,,,,0.5527091636863648,0.5,0.5,0.32302972146451586,0.33242354692636933,0.28886331709772134
robot_2,lab,robot_anomaly_lab,2026-04-28 23:11:07.904000+00:00,,,,,,,,,,,,,19.0039,0.06369999999999998,0.48850540540540544,14.63679636698148,38.8506,,0.0,1.0,0.9789870355437008,,,,0.9355811410517776,0.5,0.5,0.7863332465000388,0.9929956785145669,0.5698322312536515
robot_4,outdoor,robot_anomaly_outdoor,2026-05-05 10:53:35.464000+00:00,,,,,,,,,,,,,35.307,0.05259999999999998,0.4741472972972973,47.74265761291576,39.9131,,0.0,1.0,0.9415669003163576,,,,0.933403659068641,0.5,0.5,0.6358270557412551,0.9805223001054525,0.5290873389616769
robot_3,warehouse,robot_anomaly_warehouse,2026-04-23 07:47:44.304000+00:00,,,,,,,,,,,,,34.8373,0.07440000000000002,0.37963918918918915,41.50002108112327,46.9067,,0.0,1.0,0.9401867129830656,,,,0.856111035545602,0.5,0.5,0.6975254158323028,0.9800622376610219,0.5443969133733311
robot_5,warehouse,robot_anomaly_warehouse,2026-05-01 02:51:31.459000+00:00,,,,,,,,,,,,,55.0823,0.02290000000000003,0.18867702702702704,31.857120950670687,61.0379,,0.0,1.0,0.9517089510576267,,,,0.9100648992376353,0.5,0.5,0.8202300592838337,0.9839029836858755,0.5760332607424273
robot_4,hospital,robot_anomaly_hospital,2026-05-01 04:39:39.031000+00:00,,,,,,,,,,,,,25.11,0.06669999999999998,0.35297567567567567,41.58712541309663,48.8798,,0.0,1.0,0.9088611128341915,,,,0.9248851752428227,0.5,0.5,0.7139294109262267,0.9696203709447305,0.5458874454677393
robot_4,hospital,robot_anomaly_hospital,2026-04-24 09:06:52.272000+00:00,,,,,,,,,,,,,39.1068,0.0,0.35457837837837836,41.58712541309663,48.7612,,1.0,0.0,0.9831586129892687,,,,0.7584372979988687,0.5,0.5,0.72175981185168,0.32771953766308953,0.38736983737869235
robot_3,hospital,robot_anomaly_hospital,2026-04-27 00:56:57.565000+00:00,,,,,,,,,,,,,40.7023,0.07689999999999997,0.45966216216216216,37.431302275652754,40.985,,0.0,1.0,0.9853762173562434,,,,0.9048438045502607,0.5,0.5,0.6808880974803235,0.9951254057854144,0.5440033758164344
robot_3,warehouse,robot_anomaly_warehouse,2026-04-21 11:32:48.745000+00:00,,,,,,,,,,,,,53.7214,0.09240000000000004,0.21444324324324326,41.50002108112327,59.1312,,0.0,1.0,0.95088704174679,,,,0.9083900384226722,0.5,0.5,0.7510115273310023,0.9836290139155967,0.5586601353116498
robot_5,lab,robot_anomaly_lab,2026-05-07 23:31:43.758000+00:00,,,,,,,,,,,,,41.0844,0.053200000000000025,0.25656081081081084,44.31142771759781,56.0145,,0.0,1.0,0.9886173314310527,,,,0.8817948528541366,0.5,0.5,0.73578248225782,0.9962057771436843,0.557997064850376
robot_5,warehouse,robot_anomaly_warehouse,2026-04-14 00:37:19.198000+00:00,,,,,,,,,,,,,32.0182,0.056599999999999984,0.4497094594594595,31.857120950670687,41.7215,,0.0,1.0,0.9366199367284908,,,,0.8896307732656423,0.5,0.5,0.7188099779305318,0.9788733122428303,0.5494208225433406
robot_4,hospital,robot_anomaly_hospital,2026-04-11 18:55:40.809000+00:00,,,,,,,,,,,,,53.6035,0.038799999999999946,0.379777027027027,41.58712541309663,46.8965,,1.0,0.0,0.9465448793499163,,,,0.5710316254535225,0.5,0.5,0.6964565734994473,0.3155149597833054,0.37799288332068814
robot_3,warehouse,robot_anomaly_warehouse,2026-04-21 00:27:52.876000+00:00,,,,,,,,,,,,,31.0973,0.02529999999999999,0.22578378378378372,41.50002108112327,58.292,,0.0,1.0,0.9797934371316915,,,,0.9192520876547329,0.5,0.5,0.771690518418126,0.9932644790438973,0.5662387493655059
robot_3,hospital,robot_anomaly_hospital,2026-05-05 11:35:15.120000+00:00,,,,,,,,,,,,,50.1882,0.04469999999999996,0.2676027027027027,37.431302275652754,55.1974,,0.0,1.0,0.9911140748092551,,,,0.9208049021473566,0.5,0.5,0.7605605256444303,0.9970380249364185,0.5643996376452123
robot_4,hospital,robot_anomaly_hospital,2026-05-07 11:38:21.751000+00:00,,,,,,,,,,,,,30.7522,0.041000000000000036,0.23118648648648643,41.58712541309663,57.8922,,1.0,0.0,0.9762266608771168,,,,0.6828820797573266,0.5,0.5,0.7657959094468716,0.32540888695903897,0.3978011991014776
robot_5,hospital,robot_anomaly_hospital,2026-05-01 08:18:06.775000+00:00,,,,,,,,,,,,,32.0351,0.0817,0.3756972972972973,33.69562591427044,47.1984,,0.0,1.0,0.9458005086533093,,,,0.9140770017326856,0.5,0.5,0.734421254444459,0.9819335028844365,0.5540886893322239
robot_3,outdoor,robot_anomaly_outdoor,2026-04-17 22:12:47.633000+00:00,,,,,,,,,,,,,20.5085,0.026699999999999946,0.5118445945945946,34.9320233150912,37.1235,,1.0,0.0,0.9643477451770982,,,,0.6881448088895283,0.5,0.5,0.69178823018087,0.32144924839236605,0.3783093696433091
robot_2,outdoor,robot_anomaly_outdoor,2026-04-23 05:36:27.001000+00:00,,,,,,,,,,,,,27.1935,0.08550000000000002,0.3958756756756757,50.074809997698374,45.7052,,0.0,1.0,0.9741176105700639,,,,0.9097613239031943,0.5,0.5,0.6528485336069945,0.991372536856688,0.5360552676159207
robot_5,hospital,robot_anomaly_hospital,2026-04-30 06:37:32.195000+00:00,,,,,,,,,,,,,231.4986,0.039000000000000035,0.96645,33.69562591427044,3.4827,,1.0,0.0,0.9867408969666894,,,,0.6888132646558631,0.5,0.5,0.4169049459000444,0.3289136323222298,0.31145464455556854
robot_2,warehouse,robot_anomaly_warehouse,2026-04-30 11:54:40.478000+00:00,,,,,,,,,,,,,37.857,0.03280000000000005,0.4706770270270271,58.39748493129811,40.1699,,0.0,1.0,0.9288040444141182,,,,0.9236695783795075,0.5,0.5,0.5917639736119101,0.976268014804706,0.517007997104154
robot_4,outdoor,robot_anomaly_outdoor,2026-04-12 20:36:10.905000+00:00,,,,,,,,,,,,,37.0834,0.056499999999999995,0.31052297297297304,47.74265761291576,52.0213,,0.0,1.0,0.9918274300601699,,,,0.9019346795384899,0.5,0.5,0.6996013657912039,0.9972758100200566,0.5492192939528151
robot_3,lab,robot_anomaly_lab,2026-05-02 19:12:41.390000+00:00,,,,,,,,,,,,,18.7415,0.07779999999999998,0.45237972972972973,25.56989703262559,41.5239,,0.0,1.0,0.9871751132063767,,,,0.9540614929666967,0.5,0.5,0.7477987021985831,0.995725037735459,0.5608809349835105
robot_2,outdoor,robot_anomaly_outdoor,2026-04-26 16:07:58.096000+00:00,,,,,,,,,,,,,31.6636,0.07420000000000004,0.31143378378378384,50.074809997698374,51.9539,,0.0,1.0,0.9593077352521555,,,,0.895348000810289,0.5,0.5,0.6871059670702744,0.9864359117507185,0.5433854697052483
robot_5,outdoor,robot_anomaly_outdoor,2026-04-18 07:33:00.359000+00:00,,,,,,,,,,,,,37.2677,0.04349999999999998,0.322608108108108,26.119861519645806,51.127,,0.0,1.0,0.9921530922399355,,,,0.878836394538188,0.5,0.5,0.7963981993926325,0.9973843640799785,0.5734456408681528
robot_2,hospital,robot_anomaly_hospital,2026-05-05 04:17:22.475000+00:00,,,,,,,,,,,,,43.4884,0.056599999999999984,0.2992,38.92765711090124,52.8592,,0.0,1.0,0.9775293095961789,,,,0.9278473380326991,0.5,0.5,0.7414826956602166,0.992509769865393,0.5584981163814023
robot_3,outdoor,robot_anomaly_outdoor,2026-04-15 08:23:22.827000+00:00,,,,,,,,,,,,,43.1299,0.05600000000000005,0.3772432432432432,34.9320233150912,47.084,,0.0,1.0,0.966503318652689,,,,0.8894699813572811,0.5,0.5,0.7288231997541942,0.9888344395508963,0.5544144098262727
robot_5,warehouse,robot_anomaly_warehouse,2026-05-06 11:50:24.310000+00:00,,,,,,,,,,,,,31.1953,0.11699999999999999,0.3009608108108107,31.857120950670687,52.7289,,0.0,1.0,0.9627504497239625,,,,0.9447755209450103,0.5,0.5,0.7652480245901626,0.987583483241321,0.5632078769578709
robot_2,outdoor,robot_anomaly_outdoor,2026-05-06 02:32:30.403000+00:00,,,,,,,,,,,,,24.7889,0.07869999999999999,0.39709864864864863,50.074809997698374,45.6147,,0.0,1.0,0.9745983499782892,,,,0.933427855112128,0.5,0.5,0.6549655514799396,0.9915327833260964,0.536624583701509
robot_1,lab,robot_anomaly_lab,2026-04-30 05:43:43.168000+00:00,,,,,,,,,,,,,36.8642,0.15649999999999997,0.3812540540540541,49.14167586402035,46.7872,,0.0,1.0,0.9768934929594938,,,,0.9073275816572975,0.5,0.5,0.6427702063099188,0.9922978309864979,0.5337670093241043
robot_1,outdoor,robot_anomaly_outdoor,2026-04-28 13:15:55.506000+00:00,,,,,,,,,,,,,24.2967,0.0826,0.29626756756756756,32.28341037492993,53.0762,,0.0,1.0,0.985655356367471,,,,0.9318425030645427,0.5,0.5,0.7759665435488297,0.9952184521224904,0.5677962489178301
robot_4,hospital,robot_anomaly_hospital,2026-04-18 05:31:38.431000+00:00,,,,,,,,,,,,,41.3588,0.5458000000000001,0.20941891891891895,41.58712541309663,59.503,,1.0,0.0,0.9725978537311581,,,,0.6169139634752623,0.5,0.5,0.6573891137754024,0.3241992845770527,0.3703970995881138
robot_3,warehouse,robot_anomaly_warehouse,2026-04-23 00:40:13.426000+00:00,,,,,,,,,,,,,17.1735,0.0,0.3816283783783784,41.50002108112327,46.7595,,0.0,1.0,0.9463742943986105,,,,0.8948450368559744,0.5,0.5,0.7213129084004404,0.9821247647995368,0.5508594182999943
robot_5,hospital,robot_anomaly_hospital,2026-04-17 15:16:05.648000+00:00,,,,,,,,,,,,,21.8489,0.08879999999999999,0.2455418918918919,33.69562591427044,56.8299,,0.0,1.0,0.9994572297003907,,,,0.9057309079018564,0.5,0.5,0.789536621431463,0.9998190765667969,0.5723389244995649
robot_4,hospital,robot_anomaly_hospital,2026-04-10 20:05:26.095000+00:00,,,,,,,,,,,,,43.0337,0.046699999999999964,0.4694608108108108,41.58712541309663,40.2599,,0.0,1.0,0.9891756094535078,,,,0.900268990127145,0.5,0.5,0.6636327657704141,0.9963918698178359,0.5400061588970625
robot_4,outdoor,robot_anomaly_outdoor,2026-05-07 04:25:10.921000+00:00,,,,,,,,,,,,,24.6121,0.027200000000000002,0.30008783783783777,47.74265761291576,52.7935,,0.0,1.0,0.9722101606600086,,,,0.9547976237744074,0.5,0.5,0.7159648467010585,0.9907367202200028,0.5516753917302654
robot_1,outdoor,robot_anomaly_outdoor,2026-04-29 20:55:08.576000+00:00,,,,,,,,,,,,,27.4745,0.021299999999999986,0.3745027027027027,32.28341037492993,47.2868,,0.0,1.0,0.89892066248992,,,,0.8979885388471889,0.5,0.5,0.7568631221332344,0.9663068874966401,0.5557925024074686
robot_3,lab,robot_anomaly_lab,2026-04-14 12:25:19.062000+00:00,,,,,,,,,,,,,44.2519,0.0,0.24713648648648645,25.56989703262559,56.7119,,0.0,1.0,0.9527789839339992,,,,0.8838076422297213,0.5,0.5,0.8356003696973534,0.984259661311333,0.5799650077521716
robot_5,lab,robot_anomaly_lab,2026-05-04 15:59:25.944000+00:00,,,,,,,,,,,,,22.2082,0.03249999999999997,0.3135783783783783,44.31142771759781,51.7952,,0.0,1.0,0.9783046957384778,,,,0.8711545957657598,0.5,0.5,0.7261647298855356,0.992768231912826,0.5547332404495904
robot_1,outdoor,robot_anomaly_outdoor,2026-04-11 23:45:28.570000+00:00,,,,,,,,,,,,,29.8147,0.0,0.4974959459459459,32.28341037492993,38.1853,,0.0,1.0,0.9722101606600086,,,,0.949461543503863,0.5,0.5,0.7113396012633316,0.9907367202200028,0.5505190803708336
robot_4,hospital,robot_anomaly_hospital,2026-04-21 18:49:35.734000+00:00,,,,,,,,,,,,,39.9746,0.08389999999999997,0.25610135135135137,41.58712541309663,56.0485,,0.0,1.0,0.9536474164133739,,,,0.9583699936203027,0.5,0.5,0.7420928500471073,0.984549138804458,0.5566604972128913
robot_3,hospital,robot_anomaly_hospital,2026-04-16 23:17:52.203000+00:00,,,,,,,,,,,,,36.2923,0.057699999999999974,0.2230729729729729,37.431302275652754,58.4926,,0.0,1.0,0.9623782643756591,,,,0.8522128292221061,0.5,0.5,0.7818003260282324,0.9874594214585531,0.5673149368716964
robot_3,hospital,robot_anomaly_hospital,2026-04-13 12:24:29.035000+00:00,,,,,,,,,,,,,41.5313,0.5777,0.3038986486486487,37.431302275652754,52.5115,,1.0,0.0,0.9852676632963215,,,,0.6177008744509427,0.5,0.5,0.6314161944203284,0.32842255443210716,0.3649596872131089
robot_4,outdoor,robot_anomaly_outdoor,2026-04-14 17:16:32.245000+00:00,,,,,,,,,,,,,27.4731,0.03259999999999996,0.2927418918918919,47.74265761291576,53.3371,,0.0,1.0,0.9753737361205881,,,,0.9126345902765822,0.5,0.5,0.7164008752882947,0.9917912453735293,0.552048030165456
robot_5,hospital,robot_anomaly_hospital,2026-05-02 05:19:24.338000+00:00,,,,,,,,,,,,,29.0496,0.09550000000000003,0.29956216216216214,33.69562591427044,52.8324,,0.0,1.0,0.9837789219031078,,,,0.9499388540838927,0.5,0.5,0.7631633417966908,0.9945929739677025,0.5644390789410982
robot_4,lab,robot_anomaly_lab,2026-04-22 20:58:34.328000+00:00,,,,,,,,,,,,,39.5114,0.03380000000000005,0.1790418918918919,53.89857422167088,61.7509,,0.0,1.0,0.9298275541219527,,,,0.9657132789833609,0.5,0.5,0.7280046072569164,0.9766091847073176,0.5511534479910585
robot_2,warehouse,robot_anomaly_warehouse,2026-04-13 03:10:44.234000+00:00,,,,,,,,,,,,,38.7893,0.02939999999999998,0.4825878378378379,58.39748493129811,39.2885,,1.0,0.0,0.9889895167793561,,,,0.6011770739604186,0.5,0.5,0.5873319622628724,0.32966317225978536,0.3542487836306645
robot_1,hospital,robot_anomaly_hospital,2026-04-14 07:01:07.778000+00:00,,,,,,,,,,,,,31.0972,0.05410000000000004,0.263427027027027,39.72338368547231,55.5064,,0.0,1.0,0.9958439302772781,,,,0.9517412317626543,0.5,0.5,0.7583466473992243,0.9986146434257593,0.5642403227062459
robot_4,warehouse,robot_anomaly_warehouse,2026-04-23 06:47:34.863000+00:00,,,,,,,,,,,,,40.1272,0.05489999999999995,0.24146081081081083,44.033102772410636,57.1319,,0.0,1.0,0.9568885304881831,,,,0.8768462157799604,0.5,0.5,0.7431516812749253,0.9856295101627278,0.5571952978594132
robot_2,warehouse,robot_anomaly_warehouse,2026-04-16 17:58:12.041000+00:00,,,,,,,,,,,,,10.5028,0.0736,0.5345851351351352,58.39748493129811,35.4407,,0.0,1.0,0.9507009490726381,,,,0.9133127223866973,0.5,0.5,0.5695653510350771,0.9835669830242127,0.5132830835148225
robot_3,hospital,robot_anomaly_hospital,2026-04-30 08:32:16.796000+00:00,,,,,,,,,,,,,27.3823,0.0645,0.44151756756756755,37.431302275652754,42.3277,,0.0,1.0,0.9831896284349606,,,,0.9295562634937268,0.5,0.5,0.6969620259153091,0.9943965428116535,0.5478396421817406
robot_1,warehouse,robot_anomaly_warehouse,2026-04-30 06:00:11.192000+00:00,,,,,,,,,,,,,34.5338,0.06020000000000003,0.5840135135135135,45.61617786488777,31.783,,1.0,0.0,0.9319055889833137,,,,0.5703760389165874,0.5,0.5,0.6002603078075517,0.3106351963277712,0.3527238760338307
robot_4,warehouse,robot_anomaly_warehouse,2026-04-29 01:22:54.726000+00:00,,,,,,,,,,,,,38.9952,0.30000000000000004,0.44751216216216216,44.033102772410636,41.8841,,1.0,0.0,0.9600831213944544,,,,0.7066399540254624,0.5,0.5,0.6067247729441114,0.3200277071314848,0.35668812001889905
robot_1,outdoor,robot_anomaly_outdoor,2026-04-14 11:03:44.602000+00:00,,,,,,,,,,,,,49.441,0.05689999999999995,0.39701891891891883,32.28341037492993,45.6206,,0.0,1.0,0.934417840084362,,,,0.907055672827825,0.5,0.5,0.7299475039672433,0.9781392800281207,0.552021695998841
robot_5,lab,robot_anomaly_lab,2026-04-24 03:52:44.441000+00:00,,,,,,,,,,,,,34.4873,0.0023999999999999577,0.43895540540540545,44.31142771759781,42.5173,,0.0,1.0,0.9504063023385646,,,,0.9784647292316195,0.5,0.5,0.6771251156939295,0.9834687674461882,0.5401484707850295
robot_3,outdoor,robot_anomaly_outdoor,2026-04-28 14:26:02.678000+00:00,,,,,,,,,,,,,35.0827,0.04069999999999996,0.4689202702702703,34.9320233150912,40.2999,,0.0,1.0,0.9440791514174058,,,,0.9435221182468106,0.5,0.5,0.6992155626833731,0.9813597171391354,0.5451438199556271
robot_1,warehouse,robot_anomaly_warehouse,2026-04-30 17:16:57.072000+00:00,,,,,,,,,,,,,44.4175,0.07679999999999998,0.18031891891891894,45.61617786488777,61.6564,,0.0,1.0,0.9835307983375721,,,,0.9111860922105777,0.5,0.5,0.753550575598169,0.994510266112524,0.5620152104276732
robot_4,warehouse,robot_anomaly_warehouse,2026-04-21 06:36:29.105000+00:00,,,,,,,,,,,,,31.01,0.025000000000000022,0.2694094594594595,44.033102772410636,55.0637,,1.0,0.0,0.3979591836734694,,,,0.6427951399592093,0.5,0.5,0.7427697108976419,0.1326530612244898,0.3438556930305329
robot_5,lab,robot_anomaly_lab,2026-04-17 20:20:24.301000+00:00,,,,,,,,,,,,,35.0499,0.03700000000000003,0.45186216216216224,44.31142771759781,41.5622,,0.0,1.0,0.9947894051237516,,,,0.9101018860358778,0.5,0.5,0.6640099637640844,0.9982631350412504,0.5405682747013336
robot_4,lab,robot_anomaly_lab,2026-04-14 09:15:34.488000+00:00,,,,,,,,,,,,,10.6766,0.012800000000000034,0.21545000000000003,53.89857422167088,59.0567,,0.0,1.0,0.9392407418894609,,,,0.9224848387882542,0.5,0.5,0.7312264242697363,0.9797469139631536,0.5527433345582224
robot_4,lab,robot_anomaly_lab,2026-04-19 02:31:55.568000+00:00,,,,,,,,,,,,,36.1698,0.0695,0.4852243243243243,53.89857422167088,39.0934,,0.0,1.0,0.9751566280007443,,,,0.9230052134823442,0.5,0.5,0.5991100793992272,0.9917188760002481,0.5227072388498688
robot_1,lab,robot_anomaly_lab,2026-04-17 08:25:14.491000+00:00,,,,,,,,,,,,,35.8735,0.0665,0.3623175675675676,49.14167586402035,48.1885,,0.0,1.0,0.9015879908194281,,,,0.9552506397431099,0.5,0.5,0.6708153794383589,0.9671959969398093,0.5345028440945421
robot_4,lab,robot_anomaly_lab,2026-04-20 08:55:32.486000+00:00,,,,,,,,,,,,,43.275,0.12439999999999996,0.31540405405405403,53.89857422167088,51.6601,,0.0,1.0,0.9982631350412505,,,,0.8618715548900088,0.5,0.5,0.6515946152946865,0.9994210450137503,0.5377539150771092
robot_5,hospital,robot_anomaly_hospital,2026-04-23 05:01:14.226000+00:00,,,,,,,,,,,,,38.329,0.07930000000000004,0.2284216216216216,33.69562591427044,58.0968,,0.0,1.0,0.9689380311395075,,,,0.8947121157684679,0.5,0.5,0.7910030014538056,0.9896460103798358,0.5701622529584103
robot_4,outdoor,robot_anomaly_outdoor,2026-05-05 19:18:03.492000+00:00,,,,,,,,,,,,,38.067,0.034599999999999964,0.2998067567567567,47.74265761291576,52.8143,,0.0,1.0,0.9790335587122387,,,,0.894576175750181,0.5,0.5,0.7083120609638391,0.9930111862374128,0.550330811800313
robot_4,outdoor,robot_anomaly_outdoor,2026-05-09 16:51:51.100000+00:00,,,,,,,,,,,,,29.9887,0.05269999999999997,0.16392027027027023,47.74265761291576,62.8699,,1.0,0.0,0.9742571800756776,,,,0.7225010142675806,0.5,0.5,0.7623143213324528,0.3247523933585592,0.39676667867275306
robot_2,lab,robot_anomaly_lab,2026-04-11 21:39:53.179000+00:00,,,,,,,,,,,,,36.3178,0.07940000000000003,0.2500756756756757,14.63679636698148,56.4944,,0.0,1.0,0.9347745177098195,,,,0.8909738827938511,0.5,0.5,0.8703386024306216,0.9782581725699399,0.5871491937501404
robot_5,warehouse,robot_anomaly_warehouse,2026-04-24 03:07:15.724000+00:00,,,,,,,,,,,,,42.5311,0.07110000000000005,0.35696621621621627,31.857120950670687,48.5845,,1.0,0.0,0.9879660070715216,,,,0.7225184461209695,0.5,0.5,0.747900686344658,0.32932200235717385,0.394305672175458
robot_4,warehouse,robot_anomaly_warehouse,2026-05-08 11:59:17.558000+00:00,,,,,,,,,,,,,29.8291,0.06130000000000002,0.183131081081081,44.033102772410636,61.4483,,1.0,0.0,0.9435363811177967,,,,0.7296770386476069,0.5,0.5,0.7697433800404507,0.31451212703926557,0.39606387676992905
robot_1,outdoor,robot_anomaly_outdoor,2026-04-17 05:50:16.491000+00:00,,,,,,,,,,,,,41.7095,0.023900000000000032,0.5865283783783783,32.28341037492993,31.5969,,0.0,1.0,0.9758389678059673,,,,0.9283200921236766,0.5,0.5,0.6650005879423307,0.9919463226019891,0.53923672763608
robot_3,warehouse,robot_anomaly_warehouse,2026-05-03 13:12:11.149000+00:00,,,,,,,,,,,,,41.5102,0.057599999999999985,0.34349864864864865,41.50002108112327,49.5811,,0.0,1.0,0.9683487376713603,,,,0.8939786853536498,0.5,0.5,0.7126839473226448,0.9894495792237867,0.5505333816366079
robot_2,warehouse,robot_anomaly_warehouse,2026-05-02 08:39:20.733000+00:00,,,,,,,,,,,,,36.1631,0.0484,0.018024324324324326,58.39748493129811,73.6662,,0.0,1.0,0.9953321754233608,,,,0.953570970046753,0.5,0.5,0.7701252833549181,0.9984440584744535,0.5671423354573428
robot_3,lab,robot_anomaly_lab,2026-04-23 03:19:47.761000+00:00,,,,,,,,,,,,,30.3415,0.017800000000000038,0.17360270270270273,25.56989703262559,62.1534,,0.0,1.0,0.9798709757459214,,,,0.9673149241801923,0.5,0.5,0.8673806517283275,0.9932903252486405,0.590167744244242
robot_3,outdoor,robot_anomaly_outdoor,2026-04-29 20:03:52.567000+00:00,,,,,,,,,,,,,49.3809,0.08540000000000003,0.3570337837837837,34.9320233150912,48.5795,,0.0,1.0,0.9066590161900626,,,,0.9051312408103266,0.5,0.5,0.7275242302770091,0.9688863387300208,0.5491026422517575
robot_2,warehouse,robot_anomaly_warehouse,2026-04-23 23:45:38.016000+00:00,,,,,,,,,,,,,46.8347,0.11429999999999996,0.40733108108108107,58.39748493129811,44.8575,,0.0,1.0,0.9622231871471993,,,,0.8885636563158776,0.5,0.5,0.59489016102858,0.9874077290490665,0.5205744725194117
robot_3,warehouse,robot_anomaly_warehouse,2026-05-05 07:51:16.698000+00:00,,,,,,,,,,,,,34.2183,0.04069999999999996,0.4696743243243243,41.50002108112327,40.2441,,0.0,1.0,0.9811271012964456,,,,0.947639427006661,0.5,0.5,0.6692892608507948,0.9937090337654819,0.5407495736540692
robot_4,lab,robot_anomaly_lab,2026-04-30 07:53:46.041000+00:00,,,,,,,,,,,,,49.1555,0.03590000000000004,0.1259905405405406,53.89857422167088,65.6767,,0.0,1.0,0.9664567954841511,,,,0.9589497058939512,0.5,0.5,0.7443719926351406,0.9888189318280504,0.5582977311157977
robot_5,hospital,robot_anomaly_hospital,2026-05-02 23:05:07.088000+00:00,,,,,,,,,,,,,31.2389,0.08850000000000002,0.3071067567567568,33.69562591427044,52.2741,,0.0,1.0,0.9826313504125054,,,,0.9128842723240604,0.5,0.5,0.7607069491653647,0.9942104501375018,0.5637293498257167
robot_5,warehouse,robot_anomaly_warehouse,2026-04-23 07:00:53.037000+00:00,,,,,,,,,,,,,33.1403,0.10429999999999995,0.18253108108108107,31.857120950670687,61.4927,,0.0,1.0,0.9861671112213882,,,,0.9372546905015959,0.5,0.5,0.8145604010086467,0.995389037073796,0.5774873595206107
robot_2,lab,robot_anomaly_lab,2026-04-13 13:41:16.834000+00:00,,,,,,,,,,,,,39.9643,0.0,0.32388513513513517,14.63679636698148,51.0325,,0.0,1.0,0.9828174430866572,,,,0.9511286832717982,0.5,0.5,0.8568185406004127,0.9942724810288857,0.5877727554073247
robot_4,lab,robot_anomaly_lab,2026-05-04 07:31:23.959000+00:00,,,,,,,,,,,,,38.7348,0.09670000000000001,0.1998635135135135,53.89857422167088,60.2101,,0.0,1.0,0.978800942869549,,,,0.8783893451267801,0.5,0.5,0.7060373774548427,0.992933647623183,0.5497427562695064
robot_4,lab,robot_anomaly_lab,2026-04-28 08:26:08.394000+00:00,,,,,,,,,,,,,34.8991,0.0383,0.13106081081081078,53.89857422167088,65.3015,,1.0,0.0,0.9545313566155945,,,,0.5903432583710738,0.5,0.5,0.7482936575773326,0.31817711887186484,0.3916176941122993
robot_5,warehouse,robot_anomaly_warehouse,2026-05-08 17:27:19.214000+00:00,,,,,,,,,,,,,16.1843,0.1018,0.3452337837837838,31.857120950670687,49.4527,,0.0,1.0,0.986291173004156,,,,0.937288288908845,0.5,0.5,0.7577468176454841,0.9954303910013853,0.5632943021617174
robot_3,outdoor,robot_anomaly_outdoor,2026-04-30 06:35:16.128000+00:00,,,,,,,,,,,,,28.9407,0.058699999999999974,0.23711081081081076,34.9320233150912,57.4538,,0.0,1.0,0.9674647974691396,,,,0.9029555556149408,0.5,0.5,0.7907286506209361,0.9891549324897132,0.5699708957776624
robot_5,outdoor,robot_anomaly_outdoor,2026-05-06 23:31:26.078000+00:00,,,,,,,,,,,,,32.9856,0.04710000000000003,0.5184716216216216,26.119861519645806,36.6331,,0.0,1.0,0.9714347745177099,,,,0.9041161788710538,0.5,0.5,0.7191994410637371,0.99047825817257,0.5524194248090768
robot_1,warehouse,robot_anomaly_warehouse,2026-04-17 21:12:28.491000+00:00,,,,,,,,,,,,,40.2997,0.04269999999999996,0.13701756756756767,45.61617786488777,64.8607,,0.0,1.0,0.9443117672600956,,,,0.8604742121969906,0.5,0.5,0.7803292054815363,0.9814372557533652,0.5654416153087254
robot_2,lab,robot_anomaly_lab,2026-04-20 23:26:33.088000+00:00,,,,,,,,,,,,,54.2598,0.04510000000000003,0.18534864864864864,14.63679636698148,61.2842,,1.0,0.0,0.9611686619936729,,,,0.5788945045899011,0.5,0.5,0.8956994582550081,0.320389553997891,0.4290222530632247
robot_5,warehouse,robot_anomaly_warehouse,2026-04-18 02:51:57.911000+00:00,,,,,,,,,,,,,34.3305,0.07099999999999995,0.3145337837837838,31.857120950670687,51.7245,,0.0,1.0,0.8765120029774828,,,,0.9272421801244862,0.5,0.5,0.7686254386066445,0.9588373343258275,0.556865693233118
robot_1,warehouse,robot_anomaly_warehouse,2026-05-09 00:57:50.023000+00:00,,,,,,,,,,,,,30.5321,0.025499999999999967,0.3236743243243243,45.61617786488777,51.0481,,0.0,1.0,0.9870510514236089,,,,0.9263098567148061,0.5,0.5,0.7139347387344394,0.9956836838078696,0.5524046056355773
robot_1,hospital,robot_anomaly_hospital,2026-05-08 05:29:05.108000+00:00,,,,,,,,,,,,,52.257,0.04820000000000002,0.3268932432432432,39.72338368547231,50.8099,,0.0,1.0,0.9484833447056634,,,,0.9286216906240622,0.5,0.5,0.7246493604231145,0.9828277815685545,0.5518692854979173
robot_4,lab,robot_anomaly_lab,2026-04-22 15:32:47.733000+00:00,,,,,,,,,,,,,30.3055,0.026800000000000046,0.6081081081081081,53.89857422167088,30.0,,0.0,1.0,0.9661931641957695,,,,0.9521333342396965,0.5,0.5,0.562121966680226,0.9887310547319231,0.5127132553530372
robot_2,lab,robot_anomaly_lab,2026-04-28 08:03:53.210000+00:00,,,,,,,,,,,,,31.2717,0.0,0.3166729729729729,14.63679636698148,51.5662,,0.0,1.0,0.9629675578438062,,,,0.8660559967625225,0.5,0.5,0.8636566960045722,0.9876558526146021,0.5878281371547935
robot_2,outdoor,robot_anomaly_outdoor,2026-04-28 03:29:33.028000+00:00,,,,,,,,,,,,,41.281,0.040000000000000036,0.2623324324324324,50.074809997698374,55.5874,,0.0,1.0,0.9112648098753179,,,,0.9284311372138102,0.5,0.5,0.7099802366973115,0.9704216032917726,0.545100459997271
robot_4,outdoor,robot_anomaly_outdoor,2026-04-26 10:52:30.257000+00:00,,,,,,,,,,,,,20.7292,0.03359999999999996,0.3270175675675676,47.74265761291576,50.8007,,0.0,1.0,0.9801190993114571,,,,0.9202751079953932,0.5,0.5,0.7055352054317725,0.993373033103819,0.5497270596338979
robot_5,outdoor,robot_anomaly_outdoor,2026-04-16 13:46:28.021000+00:00,,,,,,,,,,,,,22.1234,0.0,0.35592837837837843,26.119861519645806,48.6613,,0.0,1.0,0.9081322498604305,,,,0.8891102726161646,0.5,0.5,0.7996338808480784,0.9693774166201434,0.5672528243670555
robot_5,hospital,robot_anomaly_hospital,2026-04-18 19:48:16.464000+00:00,,,,,,,,,,,,,46.9532,0.07620000000000005,0.3442932432432432,33.69562591427044,49.5223,,0.0,1.0,0.9753427206748961,,,,0.9018162706383663,0.5,0.5,0.7414217482353341,0.991780906891632,0.5583006637817415
robot_4,outdoor,robot_anomaly_outdoor,2026-04-12 00:24:25.421000+00:00,,,,,,,,,,,,,26.8793,0.03180000000000005,0.3096054054054054,47.74265761291576,52.0892,,0.0,1.0,0.9240431735004032,,,,0.915967130892254,0.5,0.5,0.7101034787561094,0.9746810578334677,0.5461961341473942
robot_3,hospital,robot_anomaly_hospital,2026-05-04 03:51:33.135000+00:00,,,,,,,,,,,,,31.8206,0.05269999999999997,0.2743445945945946,37.431302275652754,54.6985,,0.0,1.0,0.9251132063767756,,,,0.9645588933125213,0.5,0.5,0.7644375764042214,0.9750377354589252,0.5598688279657866
robot_4,hospital,robot_anomaly_hospital,2026-05-09 22:30:23.955000+00:00,,,,,,,,,,,,,46.713,0.10389999999999999,0.5030094594594595,41.58712541309663,37.7773,,0.0,1.0,0.9713882513491718,,,,0.9568010168610593,0.5,0.5,0.6358161697196788,0.990462750449724,0.5315697300423508
robot_2,warehouse,robot_anomaly_warehouse,2026-04-24 00:40:41.343000+00:00,,,,,,,,,,,,,33.391,0.06420000000000003,0.27054999999999996,58.39748493129811,54.9793,,0.0,1.0,0.9327895291855344,,,,0.9139805587321398,0.5,0.5,0.6668611052807518,0.9775965097285114,0.5361144037523158
robot_4,hospital,robot_anomaly_hospital,2026-05-03 07:17:57.451000+00:00,,,,,,,,,,,,,35.1606,0.0686,0.43517972972972974,41.58712541309663,42.7967,,0.0,1.0,0.9609515538738291,,,,0.9163243707495751,0.5,0.5,0.6760542517363408,0.9869838512912764,0.5407595257569043
robot_1,outdoor,robot_anomaly_outdoor,2026-05-04 17:44:39.112000+00:00,,,,,,,,,,,,,46.6023,0.08540000000000003,0.22844999999999993,32.28341037492993,58.0947,,0.0,1.0,0.9500961478816451,,,,0.8527257412038722,0.5,0.5,0.7923264053450617,0.983365382627215,0.5689229469930691
robot_1,lab,robot_anomaly_lab,2026-04-11 01:06:08.465000+00:00,,,,,,,,,,,,,34.9436,0.06669999999999998,0.3812540540540541,49.14167586402035,46.7872,,0.0,1.0,0.9977358724644874,,,,0.9022957234729556,0.5,0.5,0.6636192033112204,0.9992452908214958,0.5407161235331791
robot_2,lab,robot_anomaly_lab,2026-04-23 07:22:05.821000+00:00,,,,,,,,,,,,,28.4336,0.0019000000000000128,0.38980945945945944,14.63679636698148,46.1541,,0.0,1.0,0.9444978599342473,,,,0.9070457911243759,0.5,0.5,0.8352701904866532,0.9814992866447492,0.5791923692828506
robot_4,outdoor,robot_anomaly_outdoor,2026-05-01 21:39:52.900000+00:00,,,,,,,,,,,,,44.6763,0.020299999999999985,0.22035405405405406,47.74265761291576,58.6938,,0.0,1.0,0.9852056324049376,,,,0.8360659598786203,0.5,0.5,0.740268270171334,0.9950685441349792,0.5588342035765783
robot_1,warehouse,robot_anomaly_warehouse,2026-05-09 03:18:44.735000+00:00,,,,,,,,,,,,,32.5114,0.04530000000000001,0.45436891891891895,45.61617786488777,41.3767,,0.0,1.0,0.9444823522114013,,,,0.9475883548996032,0.5,0.5,0.6563523345194358,0.9814941174038004,0.5344616129808091
robot_3,lab,robot_anomaly_lab,2026-05-02 08:52:22.483000+00:00,,,,,,,,,,,,,40.5365,0.06489999999999996,0.42371216216216223,25.56989703262559,43.6453,,0.0,1.0,0.9758544755288133,,,,0.8628978600422414,0.5,0.5,0.752223160039537,0.9919514918429377,0.5610436629706187
robot_2,lab,robot_anomaly_lab,2026-04-24 11:45:30.959000+00:00,,,,,,,,,,,,,38.7604,0.02859999999999996,0.23083378378378372,14.63679636698148,57.9183,,0.0,1.0,0.954205694435829,,,,0.8668772528661449,0.5,0.5,0.8882246829924373,0.9847352314786096,0.5932399786177618
robot_3,lab,robot_anomaly_lab,2026-04-13 10:51:34.436000+00:00,,,,,,,,,,,,,43.7708,0.09789999999999999,0.3383513513513513,25.56989703262559,49.962,,0.0,1.0,0.9687829539110477,,,,0.9197770347524363,0.5,0.5,0.7775558893902689,0.9895943179703494,0.5667875518401546
robot_2,warehouse,robot_anomaly_warehouse,2026-04-21 14:43:31.272000+00:00,,,,,,,,,,,,,26.666,0.04490000000000005,0.5104689189189189,58.39748493129811,37.2253,,0.0,1.0,0.9517864896718566,,,,0.8695516004160361,0.5,0.5,0.578245169370776,0.9839288298906189,0.5155434998153487
robot_1,warehouse,robot_anomaly_warehouse,2026-05-08 22:23:46.702000+00:00,,,,,,,,,,,,,39.9134,0.03410000000000002,0.36998783783783784,45.61617786488777,47.6209,,0.0,1.0,0.9196389802121456,,,,0.8483341394082654,0.5,0.5,0.6892298061295394,0.9732129934040485,0.540610699883397
robot_5,warehouse,robot_anomaly_warehouse,2026-05-03 23:31:22.079000+00:00,,,,,,,,,,,,,48.7159,0.04369999999999996,0.33554729729729726,31.857120950670687,50.1695,,0.0,1.0,0.9731561317536133,,,,0.9137132979713805,0.5,0.5,0.7597504646989798,0.991052043917871,0.5627006271542127
robot_3,warehouse,robot_anomaly_warehouse,2026-04-16 09:31:46.520000+00:00,,,,,,,,,,,,,36.5249,0.05120000000000002,0.21271081081081078,41.50002108112327,59.2594,,0.0,1.0,0.9725668382854662,,,,0.8644149603053535,0.5,0.5,0.7686899831547529,0.9908556127618221,0.5648863989791437
robot_1,outdoor,robot_anomaly_outdoor,2026-04-30 12:19:34.688000+00:00,,,,,,,,,,,,,64.8936,0.03859999999999997,0.3349878378378378,32.28341037492993,50.2109,,0.0,1.0,0.9846938775510204,,,,0.8820470226137387,0.5,0.5,0.7518030160963284,0.9948979591836734,0.5616752438200004
robot_5,outdoor,robot_anomaly_outdoor,2026-04-13 13:26:43.784000+00:00,,,,,,,,,,,,,36.5483,0.0403,0.21432027027027023,26.119861519645806,59.1403,,0.0,1.0,0.9672787047949879,,,,0.8556548915670605,0.5,0.5,0.8407523319796748,0.9890929015983293,0.5824613083945009
robot_2,outdoor,robot_anomaly_outdoor,2026-04-15 22:32:11.178000+00:00,,,,,,,,,,,,,53.2616,0.04059999999999997,0.28824729729729737,50.074809997698374,53.6697,,0.0,1.0,0.8870417467899013,,,,0.879157090973292,0.5,0.5,0.6940321903277968,0.9623472489299671,0.5390948598144409
robot_4,outdoor,robot_anomaly_outdoor,2026-04-29 19:40:51.272000+00:00,,,,,,,,,,,,,47.7862,0.0,0.25980945945945955,47.74265761291576,55.7741,,0.0,1.0,0.98627566528131,,,,0.8574344211201452,0.5,0.5,0.7275873894132712,0.9954252217604367,0.555753152793427
robot_4,hospital,robot_anomaly_hospital,2026-04-18 20:39:19.059000+00:00,,,,,,,,,,,,,33.4179,0.01770000000000005,0.2767027027027027,41.58712541309663,54.524,,0.0,1.0,0.9517244587804726,,,,0.9484075108527807,0.5,0.5,0.7515600552136844,0.9839081529268242,0.5588670520351271
robot_5,hospital,robot_anomaly_hospital,2026-04-25 15:32:32.090000+00:00,,,,,,,,,,,,,31.9153,0.017000000000000015,0.29696891891891897,33.69562591427044,53.0243,,1.0,0.0,0.9838874759630296,,,,0.5954692788021358,0.5,0.5,0.780359259351042,0.3279624919876765,0.4020804378346796
robot_4,lab,robot_anomaly_lab,2026-04-30 02:04:57.038000+00:00,,,,,,,,,,,,,29.7761,0.04310000000000003,0.25983783783783787,53.89857422167088,55.772,,0.0,1.0,0.9961851001798896,,,,0.9484202862262844,0.5,0.5,0.6980449915078055,0.9987283667266299,0.5491933395586088
robot_1,hospital,robot_anomaly_hospital,2026-05-02 17:05:56.780000+00:00,,,,,,,,,,,,,22.6582,0.06720000000000004,0.26370405405405406,39.72338368547231,55.4859,,0.0,1.0,0.9542832330500589,,,,0.9387704486088962,0.5,0.5,0.7591597677438517,0.984761077683353,0.5609802113568012
robot_2,outdoor,robot_anomaly_outdoor,2026-04-18 03:02:25.716000+00:00,,,,,,,,,,,,,34.0262,0.0685,0.33845270270270267,50.074809997698374,49.9545,,0.0,1.0,0.9786458656410892,,,,0.8765685446585774,0.5,0.5,0.6764918518744765,0.9928819552136964,0.5423434517720431
robot_5,outdoor,robot_anomaly_outdoor,2026-04-11 14:22:22.336000+00:00,,,,,,,,,,,,,44.4996,0.053300000000000014,0.31291621621621624,26.119861519645806,51.8442,,0.0,1.0,0.9502977482786428,,,,0.9046815441004925,0.5,0.5,0.7948060167684391,0.9834325827595475,0.5695596498819966
robot_4,warehouse,robot_anomaly_warehouse,2026-04-12 23:56:21.935000+00:00,,,,,,,,,,,,,35.3391,0.06020000000000003,0.15293513513513513,44.033102772410636,63.6828,,0.0,1.0,0.9453197692450841,,,,0.9655000341582181,0.5,0.5,0.7795605654375608,0.981773256415028,0.5653334554631472
robot_3,lab,robot_anomaly_lab,2026-04-24 22:58:05.056000+00:00,,,,,,,,,,,,,30.7621,0.06910000000000005,0.34168243243243246,25.56989703262559,49.7155,,1.0,0.0,0.9817008870417467,,,,0.5974120225886307,0.5,0.5,0.7885460645742974,0.32723362901391556,0.40394492339705323
robot_2,hospital,robot_anomaly_hospital,2026-05-03 19:50:35.658000+00:00,,,,,,,,,,,,,46.9344,0.027599999999999958,0.410627027027027,38.92765711090124,44.6136,,0.0,1.0,0.8752093542584207,,,,0.9007199473702727,0.5,0.5,0.7017955805943152,0.9584031180861402,0.5400496746701138
robot_3,hospital,robot_anomaly_hospital,2026-04-28 03:28:48.205000+00:00,,,,,,,,,,,,,24.1399,0.028699999999999948,0.3205702702702703,37.431302275652754,51.2778,,0.0,1.0,0.9909589975807952,,,,0.9676695420722907,0.5,0.5,0.7547790686582552,0.9969863325269318,0.5629413502962968
robot_4,warehouse,robot_anomaly_warehouse,2026-04-18 04:43:37.639000+00:00,,,,,,,,,,,,,48.0092,0.08079999999999998,0.1477918918918919,44.033102772410636,64.0634,,0.0,1.0,0.9365113826685689,,,,0.8834865468640924,0.5,0.5,0.7712732926181196,0.9788371275561897,0.5625276050435772
robot_2,warehouse,robot_anomaly_warehouse,2026-04-11 02:32:21.884000+00:00,,,,,,,,,,,,,39.8833,0.03520000000000001,0.38024189189189195,58.39748493129811,46.8621,,1.0,0.0,0.23461633893679057,,,,0.6153797002732773,0.5,0.5,0.6264826234546657,0.07820544631226352,0.30117201744173233
robot_3,outdoor,robot_anomaly_outdoor,2026-04-24 09:27:13.828000+00:00,,,,,,,,,,,,,50.4069,0.08109999999999995,0.17219729729729738,34.9320233150912,62.2574,,1.0,0.0,0.9337665157248309,,,,0.6933945281855504,0.5,0.5,0.8019487244074968,0.31125550524161033,0.40330105741227684
robot_5,lab,robot_anomaly_lab,2026-04-28 05:39:14.646000+00:00,,,,,,,,,,,,,36.6016,0.05249999999999999,0.20262162162162167,44.31142771759781,60.006,,0.0,1.0,0.9661931641957695,,,,0.922296543244545,0.5,0.5,0.7595525930377832,0.9887310547319231,0.5620709119424265
robot_2,outdoor,robot_anomaly_outdoor,2026-05-03 18:18:26.675000+00:00,,,,,,,,,,,,,21.9879,0.03290000000000004,0.2717081081081081,50.074809997698374,54.8936,,0.0,1.0,0.9489950995595806,,,,0.9311400663357698,0.5,0.5,0.7165835947470609,0.9829983665198602,0.5498954903167302
robot_3,lab,robot_anomaly_lab,2026-04-26 16:48:11.320000+00:00,,,,,,,,,,,,,45.1924,0.08420000000000005,0.3542094594594595,25.56989703262559,48.7885,,0.0,1.0,0.9683952608398982,,,,0.9016317694568153,0.5,0.5,0.7736136114020153,0.9894650869466327,0.565769674587162
robot_4,warehouse,robot_anomaly_warehouse,2026-05-10 02:03:54.317000+00:00,,,,,,,,,,,,,36.4735,0.05400000000000005,0.27481486486486484,44.033102772410636,54.6637,,0.0,1.0,0.95898207307239,,,,0.9689565833681291,0.5,0.5,0.7316719189248311,0.9863273576907967,0.554499819153907
robot_2,warehouse,robot_anomaly_warehouse,2026-04-17 05:49:14.174000+00:00,,,,,,,,,,,,,36.1637,0.04300000000000004,0.4255783783783784,58.39748493129811,43.5072,,1.0,0.0,0.9607809689225234,,,,0.58660545587376,0.5,0.5,0.6083045900616723,0.32026032297417445,0.35714122825896166
robot_5,hospital,robot_anomaly_hospital,2026-04-26 15:03:40.415000+00:00,,,,,,,,,,,,,42.415,0.07479999999999998,0.35339864864864867,33.69562591427044,48.8485,,0.0,1.0,0.915948142174803,,,,0.8606986740333742,0.5,0.5,0.7401549277018431,0.9719827140582676,0.5530344104400278
robot_1,outdoor,robot_anomaly_outdoor,2026-05-09 22:51:37.241000+00:00,,,,,,,,,,,,,17.3819,0.08330000000000004,0.3377891891891892,32.28341037492993,50.0036,,0.0,1.0,0.997968488307177,,,,0.9577652978096053,0.5,0.5,0.76234695199048,0.9993228294357257,0.5654174453565515
robot_4,hospital,robot_anomaly_hospital,2026-04-23 08:06:25.821000+00:00,,,,,,,,,,,,,37.7974,0.04600000000000004,0.32377162162162165,41.58712541309663,51.0409,,0.0,1.0,0.9857484027045469,,,,0.9255423554049335,0.5,0.5,0.7244455593404927,0.9952494675681823,0.5549237567271688
robot_3,warehouse,robot_anomaly_warehouse,2026-04-20 10:52:15.940000+00:00,,,,,,,,,,,,,41.862,0.03400000000000003,0.16674189189189192,41.50002108112327,62.6611,,0.0,1.0,0.941256745859438,,,,0.9162286925578709,0.5,0.5,0.7884763497305363,0.9804189152864793,0.5672238162542539
robot_1,warehouse,robot_anomaly_warehouse,2026-04-17 09:41:22.911000+00:00,,,,,,,,,,,,,45.7485,0.14190000000000003,0.48079864864864863,45.61617786488777,39.4209,,0.0,1.0,0.9881055765771354,,,,0.9529831249737608,0.5,0.5,0.6182722130070664,0.9960351921923785,0.5285768512998612
robot_4,lab,robot_anomaly_lab,2026-04-11 08:46:13.620000+00:00,,,,,,,,,,,,,47.499,0.0004999999999999449,0.24956351351351347,53.89857422167088,56.5323,,0.0,1.0,0.9863687116183859,,,,0.8982270455134014,0.5,0.5,0.7035707010464292,0.9954562372061287,0.5497567345631396
robot_5,hospital,robot_anomaly_hospital,2026-05-07 11:39:19.217000+00:00,,,,,,,,,,,,,36.1487,0.036900000000000044,0.48101216216216225,33.69562591427044,39.4051,,0.0,1.0,0.9098070839277961,,,,0.8934865006954539,0.5,0.5,0.7003900134830161,0.9699356946425987,0.5425814270314037
robot_2,lab,robot_anomaly_lab,2026-05-02 08:34:17.235000+00:00,,,,,,,,,,,,,38.9003,0.0,0.3352216216216216,14.63679636698148,50.1936,,0.0,1.0,0.9852831710191675,,,,0.8803763233356501,0.5,0.5,0.8527678404831678,0.9950943903397226,0.5869655577057227
robot_4,hospital,robot_anomaly_hospital,2026-04-27 22:19:13.169000+00:00,,,,,,,,,,,,,27.7956,0.02749999999999997,0.2045054054054054,41.58712541309663,59.8666,,0.0,1.0,0.9756528751318156,,,,0.9073373489350821,0.5,0.5,0.7808159712091227,0.9918842917106052,0.568175065729932
robot_2,warehouse,robot_anomaly_warehouse,2026-04-16 04:09:53.969000+00:00,,,,,,,,,,,,,47.474,0.07340000000000002,0.2504621621621621,58.39748493129811,56.4658,,0.0,1.0,0.9556944358290429,,,,0.8819621600565982,0.5,0.5,0.6664449694762641,0.985231478609681,0.5379191120214862
robot_2,outdoor,robot_anomaly_outdoor,2026-04-30 12:20:55.087000+00:00,,,,,,,,,,,,,46.0222,0.06110000000000004,0.16945,50.074809997698374,62.4607,,0.0,1.0,0.9632311891321879,,,,0.9640437719975056,0.5,0.5,0.7402833861312456,0.9877437297107292,0.5570067789604937
robot_3,hospital,robot_anomaly_hospital,2026-04-14 08:16:35.330000+00:00,,,,,,,,,,,,,42.6433,0.06569999999999998,0.53545,37.431302275652754,35.3767,,1.0,0.0,0.4640220829973327,,,,0.6478884340877495,0.5,0.5,0.6521815990236175,0.15467402766577756,0.3267139066723488
robot_1,warehouse,robot_anomaly_warehouse,2026-04-30 10:35:35.655000+00:00,,,,,,,,,,,,,52.3949,0.04820000000000002,0.3325594594594594,45.61617786488777,50.3906,,1.0,0.0,0.951507350660629,,,,0.5755935765439777,0.5,0.5,0.6953882507237699,0.3171691168868763,0.3781393419026615
robot_1,warehouse,robot_anomaly_warehouse,2026-05-10 12:01:21.163000+00:00,,,,,,,,,,,,,52.2219,0.0524,0.43413378378378376,45.61617786488777,42.8741,,1.0,0.0,0.691939085664661,,,,0.6541496018761578,0.5,0.5,0.6539029317244797,0.23064636188822032,0.34613732340317505
robot_4,hospital,robot_anomaly_hospital,2026-05-02 13:26:04.293000+00:00,,,,,,,,,,,,,21.4677,0.07030000000000003,0.4103554054054055,41.58712541309663,44.6337,,0.0,1.0,0.9977823956330253,,,,0.9186089062902308,0.5,0.5,0.6918331927211755,0.9992607985443418,0.5477734978163793
robot_1,lab,robot_anomaly_lab,2026-04-24 22:18:17.323000+00:00,,,,,,,,,,,,,47.971,0.008399999999999963,0.41888513513513514,49.14167586402035,44.0025,,0.0,1.0,0.9787389119781651,,,,0.9767990256292396,0.5,0.5,0.6556105892119717,0.9929129706593883,0.53713088996784
robot_3,outdoor,robot_anomaly_outdoor,2026-04-16 22:32:09.939000+00:00,,,,,,,,,,,,,32.356,0.040000000000000036,0.20731891891891896,34.9320233150912,59.6584,,0.0,1.0,0.9463587866757646,,,,0.8469831158542993,0.5,0.5,0.805251885046553,0.9821195955585882,0.5718428701512853
robot_1,outdoor,robot_anomaly_outdoor,2026-04-24 01:59:58.548000+00:00,,,,,,,,,,,,,34.8179,0.08330000000000004,0.39538513513513507,32.28341037492993,45.7415,,0.0,1.0,0.9895477948018113,,,,0.8871168747973781,0.5,0.5,0.7313788893009474,0.9965159316006038,0.5569737052253878
robot_3,hospital,robot_anomaly_hospital,2026-04-19 16:37:32.226000+00:00,,,,,,,,,,,,,40.3947,0.05500000000000005,0.43409999999999993,37.431302275652754,42.8766,,0.0,1.0,0.9709695428323305,,,,0.9503821624473885,0.5,0.5,0.6961243933519704,0.9903231809441101,0.5466118935740201
robot_1,outdoor,robot_anomaly_outdoor,2026-05-01 06:58:25.349000+00:00,,,,,,,,,,,,,40.1575,0.09060000000000001,0.35029054054054054,32.28341037492993,49.0785,,0.0,1.0,0.9474598349978289,,,,0.957656696604198,0.5,0.5,0.7453644948381112,0.982486611665943,0.5569627766260136
robot_2,warehouse,robot_anomaly_warehouse,2026-04-25 08:48:30.177000+00:00,,,,,,,,,,,,,39.7807,0.06589999999999996,0.3574635135135136,58.39748493129811,48.5477,,0.0,1.0,0.9996123069288506,,,,0.9114285551248622,0.5,0.5,0.6288115847856943,0.9998707689762836,0.5321705884404945
robot_3,lab,robot_anomaly_lab,2026-04-30 10:45:27.158000+00:00,,,,,,,,,,,,,44.4245,0.5996,0.475645945945946,25.56989703262559,39.8022,,1.0,0.0,0.9881831151913653,,,,0.573781572065038,0.5,0.5,0.610740267230702,0.3293943717304551,0.3600336597402892
robot_5,hospital,robot_anomaly_hospital,2026-05-02 10:32:35.168000+00:00,,,,,,,,,,,,,34.0609,0.08379999999999999,0.2718013513513514,33.69562591427044,54.8867,,0.0,1.0,0.9751566280007443,,,,0.8363787159854293,0.5,0.5,0.774591189405627,0.9917188760002481,0.5665775163514688
robot_4,outdoor,robot_anomaly_outdoor,2026-04-26 09:09:36.092000+00:00,,,,,,,,,,,,,51.6646,0.0232,0.056408108108108146,47.74265761291576,70.8258,,0.0,1.0,0.884591526580237,,,,0.8858061434354261,0.5,0.5,0.80202336373748,0.9615305088600791,0.5658884681493898
robot_1,lab,robot_anomaly_lab,2026-05-10 08:39:22.953000+00:00,,,,,,,,,,,,,16.5928,0.052200000000000024,0.3130283783783784,49.14167586402035,51.8359,,0.0,1.0,0.9803982383226847,,,,0.9809347210571397,0.5,0.5,0.7024806456639274,0.9934660794408949,0.5489866812762056
robot_1,outdoor,robot_anomaly_outdoor,2026-04-26 05:09:01.599000+00:00,,,,,,,,,,,,,16.6567,0.06530000000000002,0.39912162162162157,32.28341037492993,45.465,,0.0,1.0,0.946715464301222,,,,0.9175389052969237,0.5,0.5,0.7421477953100204,0.9822384881004074,0.5560965708526069
robot_5,lab,robot_anomaly_lab,2026-04-18 07:57:52.914000+00:00,,,,,,,,,,,,,23.1677,0.04600000000000004,0.25668378378378376,44.31142771759781,56.0054,,0.0,1.0,0.9776998945474846,,,,0.8943290664006656,0.5,0.5,0.7454831955934748,0.9925666315158281,0.5595124567773258
robot_5,lab,robot_anomaly_lab,2026-04-27 21:54:03.634000+00:00,,,,,,,,,,,,,39.7118,0.03480000000000005,0.30031216216216217,44.31142771759781,52.7769,,0.0,1.0,0.988415731034055,,,,0.9560961748420398,0.5,0.5,0.7229991656553418,0.9961385770113517,0.5547844356666733
robot_2,outdoor,robot_anomaly_outdoor,2026-05-06 01:29:55.798000+00:00,,,,,,,,,,,,,51.2659,0.057699999999999974,0.20858783783783785,50.074809997698374,59.5645,,0.0,1.0,0.9540971403759072,,,,0.9003021901871534,0.5,0.5,0.7229997908044373,0.9846990467919691,0.5519247093991015
robot_1,lab,robot_anomaly_lab,2026-04-13 23:25:32.300000+00:00,,,,,,,,,,,,,50.7799,0.06579999999999997,0.269627027027027,49.14167586402035,55.0476,,0.0,1.0,0.9711401277836362,,,,0.9140864146574135,0.5,0.5,0.7012680544428594,0.9903800425945454,0.5479120242593511
robot_4,hospital,robot_anomaly_hospital,2026-05-05 00:08:05.438000+00:00,,,,,,,,,,,,,59.0813,0.024800000000000044,0.46370270270270275,41.58712541309663,40.686,,0.0,1.0,0.9417219775448173,,,,0.8644704071526288,0.5,0.5,0.6635092906257507,0.9805739925149392,0.5360208207851724
robot_5,outdoor,robot_anomaly_outdoor,2026-05-08 22:51:36.305000+00:00,,,,,,,,,,,,,28.7873,0.049900000000000055,0.3353324324324324,26.119861519645806,50.1854,,1.0,0.0,0.3215061100428013,,,,0.5655627826154113,0.5,0.5,0.7937416083114626,0.10716870334760042,0.3502275779147657
robot_1,lab,robot_anomaly_lab,2026-04-18 21:10:54.333000+00:00,,,,,,,,,,,,,17.3747,0.039000000000000035,0.42764594594594596,49.14167586402035,43.3542,,0.0,1.0,0.9973481793933379,,,,0.8912427105007443,0.5,0.5,0.6592142894693106,0.9991160597977794,0.5395825873167726
robot_1,outdoor,robot_anomaly_outdoor,2026-04-11 05:33:01.536000+00:00,,,,,,,,,,,,,29.1424,0.06920000000000004,0.471054054054054,32.28341037492993,40.142,,0.0,1.0,0.9358910737547299,,,,0.914179480123862,0.5,0.5,0.7068289410724166,0.9786303579182434,0.546364824747665
robot_5,hospital,robot_anomaly_hospital,2026-04-16 02:14:35.635000+00:00,,,,,,,,,,,,,10.0,0.06520000000000004,0.3274310810810811,33.69562591427044,50.7701,,1.0,0.0,0.9966503318652689,,,,0.7417208663730538,0.5,0.5,0.767419377932592,0.33221677728842297,0.39990903880525375
robot_5,hospital,robot_anomaly_hospital,2026-05-10 01:54:55.394000+00:00,,,,,,,,,,,,,27.5989,0.01539999999999997,0.5664175675675676,33.69562591427044,33.0851,,0.0,1.0,0.9297810309534148,,,,0.9117704369073856,0.5,0.5,0.674898758465778,0.9765936769844715,0.5378731088625623
robot_1,hospital,robot_anomaly_hospital,2026-04-21 08:22:00.047000+00:00,,,,,,,,,,,,,28.1339,0.04459999999999997,0.29543108108108107,39.72338368547231,53.1381,,0.0,1.0,0.9614322932820545,,,,0.9029893777703109,0.5,0.5,0.7490059235197506,0.9871440977606848,0.5590375053201089
robot_4,hospital,robot_anomaly_hospital,2026-05-08 06:55:29.755000+00:00,,,,,,,,,,,,,51.1597,0.042300000000000004,0.45759729729729737,41.58712541309663,41.1378,,0.0,1.0,0.9592457043607716,,,,0.9349932014742528,0.5,0.5,0.6656613200757865,0.9864152347869238,0.5380191387156775
robot_5,warehouse,robot_anomaly_warehouse,2026-05-08 01:00:18.741000+00:00,,,,,,,,,,,,,34.1658,0.015499999999999958,0.29487972972972976,31.857120950670687,53.1789,,0.0,1.0,0.9971000558278023,,,,0.9618646942851699,0.5,0.5,0.7889076428312316,0.9990333519426008,0.571985248693458
robot_5,lab,robot_anomaly_lab,2026-05-05 05:58:20.048000+00:00,,,,,,,,,,,,,25.4287,0.030200000000000005,0.25007162162162155,44.31142771759781,56.4947,,0.0,1.0,0.9577259475218659,,,,0.9229736012311738,0.5,0.5,0.7506144104308198,0.9859086491739553,0.5591307649011937
robot_1,outdoor,robot_anomaly_outdoor,2026-04-20 08:18:37.957000+00:00,,,,,,,,,,,,,204.3196,0.024399999999999977,0.8418054054054054,32.28341037492993,12.7064,,1.0,0.0,0.9872061286520687,,,,0.6823971952033576,0.5,0.5,0.488825425708536,0.32906870955068956,0.32947353381480643
robot_2,lab,robot_anomaly_lab,2026-04-18 05:43:39.096000+00:00,,,,,,,,,,,,,30.8189,0.08579999999999999,0.33470810810810814,14.63679636698148,50.2316,,0.0,1.0,0.9942311271012965,,,,0.8929124386397198,0.5,0.5,0.8375628175571315,0.9980770423670989,0.5839099649810576
robot_3,lab,robot_anomaly_lab,2026-04-26 09:46:12.085000+00:00,,,,,,,,,,,,,45.3915,0.05500000000000005,0.45583243243243243,25.56989703262559,41.2684,,0.0,1.0,0.9470411264809875,,,,0.9455827942857471,0.5,0.5,0.7393692581867021,0.9823470421603292,0.5554290750867579
robot_4,outdoor,robot_anomaly_outdoor,2026-05-08 20:42:41.818000+00:00,,,,,,,,,,,,,25.4535,0.06610000000000005,0.24294729729729725,47.74265761291576,57.0219,,0.0,1.0,0.8824359531046462,,,,0.9206555236042728,0.5,0.5,0.7297853067162263,0.9608119843682154,0.5476493227711104
robot_5,lab,robot_anomaly_lab,2026-04-18 22:08:58.971000+00:00,,,,,,,,,,,,,34.7855,0.049799999999999955,0.5221743243243244,44.31142771759781,36.3591,,0.0,1.0,0.9600676136716084,,,,0.8948567737039184,0.5,0.5,0.6331580531215082,0.9866892045572028,0.5299618144196778
robot_5,outdoor,robot_anomaly_outdoor,2026-05-06 18:57:05.056000+00:00,,,,,,,,,,,,,43.2296,0.06310000000000004,0.32918918918918916,26.119861519645806,50.64,,0.0,1.0,0.9892376403448917,,,,0.9300071033278721,0.5,0.5,0.7866944506578664,0.9964125467816306,0.5707767493598742
robot_5,hospital,robot_anomaly_hospital,2026-04-24 13:39:35.592000+00:00,,,,,,,,,,,,,25.4658,0.06559999999999999,0.09662162162162169,33.69562591427044,67.85,,0.0,1.0,0.9979064574157931,,,,0.979427630573578,0.5,0.5,0.8526205229400394,0.9993021524719311,0.5879806688529927
robot_1,outdoor,robot_anomaly_outdoor,2026-05-04 09:32:20.606000+00:00,,,,,,,,,,,,,23.6826,0.053300000000000014,0.47215000000000007,32.28341037492993,40.0609,,0.0,1.0,0.9455368773649278,,,,0.9336688926010082,0.5,0.5,0.7124104846526815,0.9818456257883094,0.5485640276102477
robot_1,hospital,robot_anomaly_hospital,2026-04-21 05:23:04.515000+00:00,,,,,,,,,,,,,31.2458,0.053300000000000014,0.1337567567567567,39.72338368547231,65.102,,1.0,0.0,0.9447769989454748,,,,0.7686330639931602,0.5,0.5,0.8103251297377101,0.3149256663151583,0.4063126990132171
robot_5,lab,robot_anomaly_lab,2026-04-26 07:27:02.880000+00:00,,,,,,,,,,,,,28.2928,0.02070000000000005,0.1978689189189189,44.31142771759781,60.3577,,0.0,1.0,0.9955337758203585,,,,0.9189080084579991,0.5,0.5,0.7723061574144742,0.9985112586067862,0.5677043540053152
robot_4,lab,robot_anomaly_lab,2026-04-19 02:33:19.069000+00:00,,,,,,,,,,,,,34.6946,0.07909999999999995,0.33317972972972965,53.89857422167088,50.3447,,0.0,1.0,0.9852366478506296,,,,0.9699965207727971,0.5,0.5,0.6584633517554055,0.9950788826168765,0.5383855585930705
robot_1,hospital,robot_anomaly_hospital,2026-05-09 00:58:42.162000+00:00,,,,,,,,,,,,,22.8207,0.06840000000000002,0.41249594594594596,39.72338368547231,44.4753,,0.0,1.0,0.9336734693877551,,,,0.9672239928195093,0.5,0.5,0.699302174329902,0.9778911564625851,0.5442983326981218
robot_1,warehouse,robot_anomaly_warehouse,2026-04-25 01:45:40.087000+00:00,,,,,,,,,,,,,37.4637,0.05020000000000002,0.5044216216216215,45.61617786488777,37.6728,,0.0,1.0,0.9701476335214937,,,,0.9029655643381457,0.5,0.5,0.632989027747122,0.9900492111738313,0.5307595597302384
robot_4,hospital,robot_anomaly_hospital,2026-04-14 05:34:14.167000+00:00,,,,,,,,,,,,,46.5639,0.03859999999999997,0.30871756756756763,41.58712541309663,52.1549,,0.0,1.0,0.9383568016872402,,,,0.8699573358258277,0.5,0.5,0.7281263721214495,0.9794522672290801,0.5518946598376324
robot_4,lab,robot_anomaly_lab,2026-04-11 03:24:41.423000+00:00,,,,,,,,,,,,,36.2478,0.08709999999999996,0.4103310810810811,53.89857422167088,44.6355,,0.0,1.0,0.9879660070715216,,,,0.8977166158291752,0.5,0.5,0.6251168770919516,0.9959886690238405,0.530276386528948
robot_5,warehouse,robot_anomaly_warehouse,2026-04-16 18:12:04.128000+00:00,,,,,,,,,,,,,37.9402,0.06720000000000004,0.3582229729729729,31.857120950670687,48.4915,,0.0,1.0,0.9442652440915575,,,,0.8998693799498492,0.5,0.5,0.7503534042676955,0.9814217480305191,0.5579437880745536
robot_4,warehouse,robot_anomaly_warehouse,2026-04-12 19:28:10.853000+00:00,,,,,,,,,,,,,53.63,0.06459999999999999,0.3544081081081081,44.033102772410636,48.7738,,0.0,1.0,0.98627566528131,,,,0.8973245307566717,0.5,0.5,0.6896741371052679,0.9954252217604367,0.5462748397164261
robot_1,lab,robot_anomaly_lab,2026-04-22 03:30:17.701000+00:00,,,,,,,,,,,,,43.2577,0.02739999999999998,0.39839594594594596,49.14167586402035,45.5187,,0.0,1.0,0.9703337261956454,,,,0.9425209409540252,0.5,0.5,0.6617233686980437,0.9901112420652152,0.5379586526908147
robot_5,hospital,robot_anomaly_hospital,2026-04-27 01:01:22.053000+00:00,,,,,,,,,,,,,31.7848,0.047900000000000054,0.5391837837837838,33.69562591427044,35.1004,,0.0,1.0,0.9321071893803115,,,,0.8655441713251543,0.5,0.5,0.6766591230377846,0.9773690631267705,0.5385070465411388
robot_2,warehouse,robot_anomaly_warehouse,2026-04-24 23:07:57.788000+00:00,,,,,,,,,,,,,43.005,0.07550000000000001,0.44612027027027035,58.39748493129811,41.9871,,0.0,1.0,0.9543452639414428,,,,0.8632951734415553,0.5,0.5,0.5897470401950307,0.9847817546471477,0.5186321987105447
robot_2,outdoor,robot_anomaly_outdoor,2026-04-29 08:05:03.227000+00:00,,,,,,,,,,,,,15.7025,0.0017000000000000348,0.19394594594594594,50.074809997698374,60.648,,1.0,0.0,0.9927734011537745,,,,0.629443251417704,0.5,0.5,0.7574872579819614,0.33092446705125816,0.39710293125830487
robot_3,outdoor,robot_anomaly_outdoor,2026-04-13 13:00:33.319000+00:00,,,,,,,,,,,,,49.8554,0.035599999999999965,0.4094648648648649,34.9320233150912,44.6996,,0.0,1.0,0.9672787047949879,,,,0.8702651816050876,0.5,0.5,0.7174137453294304,0.9890929015983293,0.5516266617319399
robot_2,warehouse,robot_anomaly_warehouse,2026-04-25 14:35:46.678000+00:00,,,,,,,,,,,,,37.3771,0.05259999999999998,0.24681756756756756,58.39748493129811,56.7355,,0.0,1.0,0.9998914459400782,,,,0.9392397114663537,0.5,0.5,0.6771216057729437,0.9999638153133593,0.5442713552715757
robot_5,outdoor,robot_anomaly_outdoor,2026-04-12 07:34:17.961000+00:00,,,,,,,,,,,,,14.266,0.06630000000000003,0.3802148648648649,26.119861519645806,46.8641,,0.0,1.0,0.9638670057688729,,,,0.90631907536395,0.5,0.5,0.7787446564048324,0.9879556685896244,0.5666750812486142
robot_4,lab,robot_anomaly_lab,2026-04-23 07:11:50.835000+00:00,,,,,,,,,,,,,18.9193,0.05779999999999996,0.3469486486486486,53.89857422167088,49.3258,,0.0,1.0,0.9614167855592085,,,,0.9424855661232849,0.5,0.5,0.664868273401348,0.9871389285197362,0.538001800480271
robot_3,lab,robot_anomaly_lab,2026-04-17 16:12:30.532000+00:00,,,,,,,,,,,,,37.1178,0.10409999999999997,0.3524081081081082,25.56989703262559,48.9218,,0.0,1.0,0.9996743378202345,,,,0.9667820163818368,0.5,0.5,0.7735797346004166,0.9998914459400782,0.5683677951351237
robot_3,outdoor,robot_anomaly_outdoor,2026-04-29 01:39:39.870000+00:00,,,,,,,,,,,,,40.171,0.0,0.07794459459459457,34.9320233150912,69.2321,,1.0,0.0,0.4150021710811985,,,,0.5954348241822965,0.5,0.5,0.8623452328987578,0.13833405702706617,0.3751698224814559
robot_2,lab,robot_anomaly_lab,2026-04-16 12:49:22.473000+00:00,,,,,,,,,,,,,30.4246,0.008199999999999985,0.30679054054054056,14.63679636698148,52.2975,,1.0,0.0,0.36196575894795613,,,,0.5481372879342575,0.5,0.5,0.8661708736599593,0.12065525298265205,0.3717065316606528
robot_4,outdoor,robot_anomaly_outdoor,2026-04-19 08:11:30.458000+00:00,,,,,,,,,,,,,31.1724,0.10250000000000004,0.21670270270270275,47.74265761291576,58.964,,0.0,1.0,0.9930835556106942,,,,0.8812551567685325,0.5,0.5,0.7295852713423504,0.9976945185368981,0.5568199474698121
robot_2,warehouse,robot_anomaly_warehouse,2026-04-22 13:32:53.635000+00:00,,,,,,,,,,,,,25.2529,0.02859999999999996,0.27782837837837837,58.39748493129811,54.4407,,0.0,1.0,0.9452267229080082,,,,0.9049867080462951,0.5,0.5,0.6755698946403136,0.981742240969336,0.5393280339024125
robot_5,lab,robot_anomaly_lab,2026-04-23 00:22:56.722000+00:00,,,,,,,,,,,,,24.2952,0.10570000000000002,0.28884459459459455,44.31142771759781,53.6255,,0.0,1.0,0.9674958129148316,,,,0.9564836765560788,0.5,0.5,0.7188261511378145,0.9891652709716104,0.5519978555273561
robot_4,hospital,robot_anomaly_hospital,2026-04-25 08:53:57.755000+00:00,,,,,,,,,,,,,43.7002,0.05579999999999996,0.35319054054054055,41.58712541309663,48.8639,,1.0,0.0,0.2792785807332052,,,,0.5530982681526769,0.5,0.5,0.7078135111794238,0.09309286024440173,0.32522659285595645
robot_3,outdoor,robot_anomaly_outdoor,2026-04-15 01:51:19.513000+00:00,,,,,,,,,,,,,47.8763,0.054300000000000015,0.30789054054054055,34.9320233150912,52.2161,,0.0,1.0,0.9899199801501147,,,,0.8905321076912658,0.5,0.5,0.7547838308034865,0.9966399933833716,0.5628559560467146
robot_3,hospital,robot_anomaly_hospital,2026-04-28 08:15:41.766000+00:00,,,,,,,,,,,,,29.9661,0.08530000000000004,0.44055,37.431302275652754,42.3993,,1.0,0.0,0.9708299733267167,,,,0.6180256511275517,0.5,0.5,0.6915471225265163,0.3236099911089056,0.37878927840885546
robot_2,hospital,robot_anomaly_hospital,2026-04-29 15:56:57.624000+00:00,,,,,,,,,,,,,32.9129,0.5103,0.3438594594594594,38.92765711090124,49.5544,,1.0,0.0,0.9854227405247813,,,,0.6404864351631667,0.5,0.5,0.6275053774535901,0.32847424684159376,0.363994906073796
robot_2,outdoor,robot_anomaly_outdoor,2026-04-15 14:32:20.098000+00:00,,,,,,,,,,,,,43.9125,0.010099999999999998,0.4361851351351351,50.074809997698374,42.7223,,0.0,1.0,0.9531666770051486,,,,0.8867025359056171,0.5,0.5,0.6458934764220554,0.9843888923350494,0.5325705921892763
robot_3,hospital,robot_anomaly_hospital,2026-04-15 09:46:49.223000+00:00,,,,,,,,,,,,,38.2175,0.016700000000000048,0.2644675675675675,37.431302275652754,55.4294,,0.0,1.0,0.9880900688542894,,,,0.8821838321781765,0.5,0.5,0.7734871615931926,0.9960300229514298,0.5673792961361557
robot_1,lab,robot_anomaly_lab,2026-04-28 20:18:08.709000+00:00,,,,,,,,,,,,,329.1811,0.04169999999999996,0.9215,49.14167586402035,6.809,,1.0,0.0,0.9904007195583401,,,,0.5888033962007868,0.5,0.5,0.3192662449141304,0.33013357318611336,0.2873499545250609
robot_2,lab,robot_anomaly_lab,2026-04-14 03:28:32.803000+00:00,,,,,,,,,,,,,38.1989,0.04290000000000005,0.5640054054054054,14.63679636698148,33.2636,,0.0,1.0,0.9757614291917375,,,,0.8557817633032588,0.5,0.5,0.7520304390932063,0.9919204763972459,0.5609877288726131
robot_1,warehouse,robot_anomaly_warehouse,2026-04-13 03:24:18.905000+00:00,,,,,,,,,,,,,16.5545,0.041000000000000036,0.4351027027027027,45.61617786488777,42.8024,,0.0,1.0,0.999968984554308,,,,0.9888128886854968,0.5,0.5,0.6722723403908576,0.9999896615181028,0.5430655004772401
robot_3,hospital,robot_anomaly_hospital,2026-05-08 05:23:58.906000+00:00,,,,,,,,,,,,,30.3281,0.013000000000000012,0.3224770270270271,37.431302275652754,51.1367,,0.0,1.0,0.9675113206376775,,,,0.8700112873183148,0.5,0.5,0.7546944278603591,0.9891704402125591,0.5609662170182295
robot_3,outdoor,robot_anomaly_outdoor,2026-04-28 08:59:25.387000+00:00,,,,,,,,,,,,,41.5685,0.021700000000000053,0.2151486486486487,34.9320233150912,59.079,,0.0,1.0,0.9396439426834564,,,,0.9419528122131842,0.5,0.5,0.8020009957160783,0.9798813142278188,0.5704705774859742
robot_4,lab,robot_anomaly_lab,2026-04-29 10:39:01.328000+00:00,,,,,,,,,,,,,23.3174,0.0039000000000000146,0.3987337837837839,53.89857422167088,45.4937,,0.0,1.0,0.9225389243843434,,,,0.8841841905980568,0.5,0.5,0.6541437836023618,0.9741796414614479,0.5320808562659525
robot_3,outdoor,robot_anomaly_outdoor,2026-04-12 01:18:44.255000+00:00,,,,,,,,,,,,,26.8361,0.09230000000000005,0.32730405405405405,34.9320233150912,50.7795,,0.0,1.0,0.9665963649897649,,,,0.9672024160335676,0.5,0.5,0.7481343594306666,0.9888654549965882,0.5592499536068136
robot_2,outdoor,robot_anomaly_outdoor,2026-05-03 23:15:34.593000+00:00,,,,,,,,,,,,,16.8639,0.05610000000000004,0.3502527027027027,50.074809997698374,49.0813,,0.0,1.0,0.9926803548166987,,,,0.9230508513175879,0.5,0.5,0.68233537456779,0.9975601182722329,0.5449738732100058
robot_2,outdoor,robot_anomaly_outdoor,2026-04-24 16:57:53.856000+00:00,,,,,,,,,,,,,244.2693,0.11970000000000003,0.7890202702702702,50.074809997698374,16.6125,,1.0,0.0,0.9926028162024688,,,,0.6008550868471085,0.5,0.5,0.3892596099789821,0.33086760540082294,0.3050318038449512
robot_2,lab,robot_anomaly_lab,2026-04-14 17:11:08.433000+00:00,,,,,,,,,,,,,34.4099,0.04849999999999999,0.34817162162162163,14.63679636698148,49.2353,,0.0,1.0,0.947444327274983,,,,0.9012851348134021,0.5,0.5,0.838841454365635,0.9824814424249944,0.5803307241976573
robot_1,outdoor,robot_anomaly_outdoor,2026-04-15 05:12:48.081000+00:00,,,,,,,,,,,,,26.8043,0.016100000000000003,0.36756891891891885,32.28341037492993,47.7999,,0.0,1.0,0.9612306928850568,,,,0.9103693438723814,0.5,0.5,0.7610981468607365,0.9870768976283523,0.5620437611222722
robot_2,lab,robot_anomaly_lab,2026-05-04 18:11:53.386000+00:00,,,,,,,,,,,,,24.3076,0.04459999999999997,0.2992716216216216,14.63679636698148,52.8539,,0.0,1.0,0.9577879784132498,,,,0.9758394702840338,0.5,0.5,0.863863393809481,0.9859293261377499,0.5874481799868077
robot_3,outdoor,robot_anomaly_outdoor,2026-04-21 19:24:58.202000+00:00,,,,,,,,,,,,,31.4686,0.0,0.4523905405405405,34.9320233150912,41.5231,,0.0,1.0,0.9150486942497363,,,,0.9732460762781164,0.5,0.5,0.7165246019824915,0.9716828980832455,0.5470518750164343
robot_2,outdoor,robot_anomaly_outdoor,2026-04-18 04:37:35.135000+00:00,,,,,,,,,,,,,32.8361,0.06410000000000005,0.4365054054054054,50.074809997698374,42.6986,,0.0,1.0,0.9756218596861237,,,,0.9670931867171084,0.5,0.5,0.6387907705772315,0.9918739532287079,0.5326661809514849
robot_4,outdoor,robot_anomaly_outdoor,2026-05-01 17:39:11.357000+00:00,,,,,,,,,,,,,41.1704,0.08389999999999997,0.3134,47.74265761291576,51.8084,,0.0,1.0,0.9895012716332734,,,,0.9087793291229154,0.5,0.5,0.690496852377436,0.9965004238777578,0.5467493190637984
robot_1,outdoor,robot_anomaly_outdoor,2026-04-26 18:24:55.707000+00:00,,,,,,,,,,,,,48.6551,0.021100000000000008,0.32881216216216214,32.28341037492993,50.6679,,0.0,1.0,0.953554370076298,,,,0.9211065967489087,0.5,0.5,0.7655511436672726,0.984518123358766,0.5625173167565096
robot_2,outdoor,robot_anomaly_outdoor,2026-04-27 08:45:48.872000+00:00,,,,,,,,,,,,,20.9497,0.10189999999999999,0.068818918918919,50.074809997698374,69.9074,,0.0,1.0,0.9716984058060915,,,,0.9308146885309221,0.5,0.5,0.7828627493532379,0.9905661352686971,0.5683572211554837
robot_3,warehouse,robot_anomaly_warehouse,2026-05-06 00:26:09.378000+00:00,,,,,,,,,,,,,21.0335,0.08579999999999999,0.36554324324324317,41.50002108112327,47.9498,,0.0,1.0,0.9894082252961975,,,,0.9537119411909718,0.5,0.5,0.7069057281908886,0.9964694084320659,0.5508437841557385
robot_3,lab,robot_anomaly_lab,2026-04-14 05:15:15.356000+00:00,,,,,,,,,,,,,27.2329,0.03739999999999999,0.31947297297297295,25.56989703262559,51.359,,0.0,1.0,0.9209571366540538,,,,0.9097817104711131,0.5,0.5,0.806086382258487,0.9736523788846846,0.5699346902857929
robot_1,lab,robot_anomaly_lab,2026-04-18 23:36:46.525000+00:00,,,,,,,,,,,,,26.8057,0.005900000000000016,0.40325675675675676,49.14167586402035,45.159,,0.0,1.0,0.9871440977606848,,,,0.9493377881442473,0.5,0.5,0.6720437775890495,0.9957146992535616,0.5419396192106528
robot_4,warehouse,robot_anomaly_warehouse,2026-04-30 22:44:38.861000+00:00,,,,,,,,,,,,,35.1266,0.031200000000000006,0.5005702702702703,44.033102772410636,37.9578,,0.0,1.0,0.9464208175671485,,,,0.8844884862816882,0.5,0.5,0.647054049182348,0.9821402725223828,0.5322985804261826
robot_2,lab,robot_anomaly_lab,2026-04-26 04:07:42.595000+00:00,,,,,,,,,,,,,11.7008,0.0,0.26757432432432426,14.63679636698148,55.1995,,0.0,1.0,0.9348675640468953,,,,0.9161388093064877,0.5,0.5,0.892196766767379,0.9782891880156317,0.5926214886957527
robot_5,warehouse,robot_anomaly_warehouse,2026-04-14 10:41:26.014000+00:00,,,,,,,,,,,,,38.5454,0.08440000000000003,0.2918013513513513,31.857120950670687,53.4067,,0.0,1.0,0.9987438744494759,,,,0.8946880682980382,0.5,0.5,0.7728207669224567,0.9995812914831586,0.5681005146014038
robot_2,lab,robot_anomaly_lab,2026-05-05 19:08:48.983000+00:00,,,,,,,,,,,,,26.6764,0.07940000000000003,0.32155405405405413,14.63679636698148,51.205,,0.0,1.0,0.9982941504869425,,,,0.9244574027834098,0.5,0.5,0.8461320445134042,0.9994313834956475,0.5863908570022629
robot_4,hospital,robot_anomaly_hospital,2026-04-27 21:19:47.814000+00:00,,,,,,,,,,,,,37.4539,0.0,0.421981081081081,41.58712541309663,43.7734,,0.0,1.0,0.9959524843372,,,,0.9182219914241045,0.5,0.5,0.6955504499262487,0.9986508281124,0.5485503195096622
robot_2,lab,robot_anomaly_lab,2026-04-20 13:21:24.891000+00:00,,,,,,,,,,,,,37.4485,0.06499999999999995,0.4712878378378379,14.63679636698148,40.1247,,0.0,1.0,0.9940140189814528,,,,0.9733195542083853,0.5,0.5,0.7845427119291675,0.9980046729938176,0.5706368462307463
robot_4,hospital,robot_anomaly_hospital,2026-04-24 01:49:28.752000+00:00,,,,,,,,,,,,,47.5005,0.05159999999999998,0.4448297297297298,41.58712541309663,42.0826,,0.0,1.0,0.9072948328267477,,,,0.8100991875730099,0.5,0.5,0.6703637721063065,0.969098277608916,0.5348655124288056
robot_4,outdoor,robot_anomaly_outdoor,2026-05-03 11:21:55.677000+00:00,,,,,,,,,,,,,28.0478,0.04200000000000004,0.527772972972973,47.74265761291576,35.9448,,0.0,1.0,0.9485298678742013,,,,0.9447604499392102,0.5,0.5,0.6200360962990097,0.9828432892914005,0.5257198463976025
robot_1,hospital,robot_anomaly_hospital,2026-04-16 03:52:02.418000+00:00,,,,,,,,,,,,,28.1891,0.006000000000000005,0.3029810810810811,39.72338368547231,52.5794,,0.0,1.0,0.9626108802183487,,,,0.8921687908576171,0.5,0.5,0.7545471833617174,0.9875369600727829,0.5605210358586251
robot_1,lab,robot_anomaly_lab,2026-05-01 12:16:30.280000+00:00,,,,,,,,,,,,,48.4436,0.07930000000000004,0.2293972972972973,49.14167586402035,58.0246,,0.0,1.0,0.9605638608026797,,,,0.9199324825651995,0.5,0.5,0.7154194646357258,0.98685462026756,0.5505685212258215
robot_1,outdoor,robot_anomaly_outdoor,2026-04-12 12:35:56.930000+00:00,,,,,,,,,,,,,43.0514,0.04469999999999996,0.2174905405405405,32.28341037492993,58.9057,,0.0,1.0,0.9790645741579307,,,,0.916021133319675,0.5,0.5,0.8073785939317781,0.9930215247193103,0.5751000296627722
robot_1,hospital,robot_anomaly_hospital,2026-05-01 09:28:44.813000+00:00,,,,,,,,,,,,,158.8427,0.04679999999999995,0.8861175675675675,39.72338368547231,9.4273,,1.0,0.0,0.9968054090937287,,,,0.6610928016271981,0.5,0.5,0.45279715135255216,0.3322684696979096,0.3212664052626154
robot_4,outdoor,robot_anomaly_outdoor,2026-04-22 16:22:06.319000+00:00,,,,,,,,,,,,,35.0756,0.07079999999999997,0.2730459459459459,47.74265761291576,54.7946,,1.0,0.0,0.059130947211711526,,,,0.5128167064007745,0.5,0.5,0.7123243412974766,0.019710315737237177,0.30800866425867846
robot_4,hospital,robot_anomaly_hospital,2026-04-13 17:01:26.271000+00:00,,,,,,,,,,,,,34.0474,0.07650000000000001,0.06883918918918919,41.58712541309663,69.9059,,0.0,1.0,0.9420166242788909,,,,0.890076854879634,0.5,0.5,0.8213394251331796,0.9806722080929636,0.5755029083065357
robot_4,hospital,robot_anomaly_hospital,2026-04-19 01:27:57.055000+00:00,,,,,,,,,,,,,28.3353,0.05840000000000001,0.2514932432432433,41.58712541309663,56.3895,,0.0,1.0,0.9352087339495069,,,,0.9320084715920174,0.5,0.5,0.7549018467605111,0.9784029113165023,0.5583261895192533
robot_5,warehouse,robot_anomaly_warehouse,2026-04-20 18:08:25.215000+00:00,,,,,,,,,,,,,39.1331,0.06889999999999996,0.2777418918918919,31.857120950670687,54.4471,,0.0,1.0,0.99047825817257,,,,0.9648532661100081,0.5,0.5,0.7816251641103727,0.9968260860575233,0.569612812541974
robot_2,hospital,robot_anomaly_hospital,2026-04-15 21:27:47.729000+00:00,,,,,,,,,,,,,38.0703,0.058699999999999974,0.46730945945945945,38.92765711090124,40.4191,,1.0,0.0,0.9837013832888779,,,,0.5946220398649682,0.5,0.5,0.676235865169695,0.3279004610962926,0.37603408156649687
robot_3,outdoor,robot_anomaly_outdoor,2026-04-22 01:04:37.494000+00:00,,,,,,,,,,,,,21.0412,0.07020000000000004,0.2029635135135135,34.9320233150912,59.9807,,1.0,0.0,0.9775758327647168,,,,0.6000891608167473,0.5,0.5,0.8054220540133216,0.32585861092157226,0.4078201662337234
robot_1,hospital,robot_anomaly_hospital,2026-04-12 01:33:19.242000+00:00,,,,,,,,,,,,,183.5923,0.05279999999999996,0.875272972972973,39.72338368547231,10.2298,,1.0,0.0,0.9729545313566156,,,,0.5686434039401025,0.5,0.5,0.4445444990493822,0.32431817711887184,0.31721566904206355
robot_5,outdoor,robot_anomaly_outdoor,2026-04-25 07:54:57.149000+00:00,,,,,,,,,,,,,40.1778,0.016700000000000048,0.32764729729729725,26.119861519645806,50.7541,,0.0,1.0,0.9705973574840271,,,,0.8767613689041724,0.5,0.5,0.7990205621067512,0.9901991191613423,0.5723049203170234
robot_2,outdoor,robot_anomaly_outdoor,2026-04-26 11:41:05.675000+00:00,,,,,,,,,,,,,36.5792,0.05689999999999995,0.19882702702702704,50.074809997698374,60.2868,,0.0,1.0,0.9985267663296321,,,,0.9123768509234724,0.5,0.5,0.7337614064078469,0.9995089221098774,0.5583175821294311
robot_1,hospital,robot_anomaly_hospital,2026-04-25 11:20:37.795000+00:00,,,,,,,,,,,,,42.0304,0.06999999999999995,0.4026621621621621,39.72338368547231,45.203,,0.0,1.0,0.9868029278580733,,,,0.9616689426512206,0.5,0.5,0.6941434345140405,0.9956009759526911,0.547436102616683
robot_5,warehouse,robot_anomaly_warehouse,2026-05-07 18:15:03.161000+00:00,,,,,,,,,,,,,40.698,0.7581,0.30698378378378377,31.857120950670687,52.2832,,1.0,0.0,0.9777774331617145,,,,0.557363403299938,0.5,0.5,0.6159078451257416,0.32592581105390483,0.3604584140449116
robot_5,outdoor,robot_anomaly_outdoor,2026-04-13 10:31:15.463000+00:00,,,,,,,,,,,,,35.327,0.6933,0.12808378378378382,26.119861519645806,65.5218,,1.0,0.0,0.98770237578314,,,,0.5558874584011451,0.5,0.5,0.7305459917321337,0.3292341252610467,0.3899450292482951
robot_1,lab,robot_anomaly_lab,2026-04-12 10:53:52.878000+00:00,,,,,,,,,,,,,41.615,0.02210000000000001,0.10587432432432431,49.14167586402035,67.1653,,0.0,1.0,0.9723962533341605,,,,0.9053225266993431,0.5,0.5,0.7806580543988194,0.9907987511113868,0.5678642013775516
robot_1,warehouse,robot_anomaly_warehouse,2026-05-01 10:33:25.697000+00:00,,,,,,,,,,,,,37.2784,0.09740000000000004,0.4680594594594595,45.61617786488777,40.3636,,0.0,1.0,0.958268717821475,,,,0.9597678534224399,0.5,0.5,0.6371187765591185,0.9860895726071583,0.5308020872915692
robot_1,warehouse,robot_anomaly_warehouse,2026-04-30 05:38:17.731000+00:00,,,,,,,,,,,,,34.0079,0.06989999999999996,0.5109108108108108,45.61617786488777,37.1926,,0.0,1.0,0.9766298616711122,,,,0.9318786664857619,0.5,0.5,0.6275828486514233,0.9922099538903707,0.5299482006354485
robot_5,hospital,robot_anomaly_hospital,2026-05-05 16:03:13.349000+00:00,,,,,,,,,,,,,37.4647,0.028299999999999992,0.26600810810810815,33.69562591427044,55.3154,,0.0,1.0,0.8874294398610508,,,,0.9350310708180146,0.5,0.5,0.7877061581757938,0.9624764799536836,0.5625456595323693
robot_1,outdoor,robot_anomaly_outdoor,2026-04-16 14:55:54.937000+00:00,,,,,,,,,,,,,50.4098,0.045599999999999974,0.3047689189189189,32.28341037492993,52.4471,,0.0,1.0,0.9700235717387259,,,,0.8888724205030059,0.5,0.5,0.7689205300473982,0.990007857246242,0.56473209682341
robot_2,outdoor,robot_anomaly_outdoor,2026-04-14 23:22:31.145000+00:00,,,,,,,,,,,,,44.1034,0.03310000000000002,0.294304054054054,50.074809997698374,53.2215,,0.0,1.0,0.9786613733639352,,,,0.9633790561400378,0.5,0.5,0.6974428624787018,0.992887124454645,0.5475824967333367
robot_3,lab,robot_anomaly_lab,2026-04-28 12:51:33.222000+00:00,,,,,,,,,,,,,26.9199,0.06620000000000004,0.398877027027027,25.56989703262559,45.4831,,0.0,1.0,0.8918026177036165,,,,0.9305737553383662,0.5,0.5,0.7680607028877996,0.9639342059012055,0.5579987271972513
robot_1,outdoor,robot_anomaly_outdoor,2026-04-18 13:38:53.536000+00:00,,,,,,,,,,,,,38.0652,0.14670000000000005,0.240377027027027,32.28341037492993,57.2121,,0.0,1.0,0.9558650207803486,,,,0.8878078867822797,0.5,0.5,0.7778023074526151,0.9852883402601162,0.5657726619281829
robot_5,hospital,robot_anomaly_hospital,2026-05-01 18:45:25.653000+00:00,,,,,,,,,,,,,44.5503,0.09309999999999996,0.41361216216216223,33.69562591427044,44.3927,,0.0,1.0,0.9912846597605608,,,,0.9133418686431153,0.5,0.5,0.7110276759849565,0.9970948865868535,0.5520306406429525
robot_5,hospital,robot_anomaly_hospital,2026-04-18 02:44:11.997000+00:00,,,,,,,,,,,,,44.3662,0.0,0.2372243243243244,33.69562591427044,57.4454,,0.0,1.0,0.9774052478134111,,,,0.8692759127323321,0.5,0.5,0.8023761360861146,0.9924684159378038,0.5737111380059796
robot_5,lab,robot_anomaly_lab,2026-04-27 07:53:43.775000+00:00,,,,,,,,,,,,,33.9276,0.018299999999999983,0.4640797297297298,44.31142771759781,40.6581,,0.0,1.0,0.9893772098505056,,,,0.9191474556014632,0.5,0.5,0.6637930606281183,0.9964590699501685,0.5400630326445717
robot_3,outdoor,robot_anomaly_outdoor,2026-04-15 01:30:37.970000+00:00,,,,,,,,,,,,,31.7398,0.052100000000000035,0.37224729729729733,34.9320233150912,47.4537,,0.0,1.0,0.9465603870727622,,,,0.8980736763255625,0.5,0.5,0.736869193617707,0.9821867956909207,0.554763997327157
robot_4,outdoor,robot_anomaly_outdoor,2026-05-09 07:02:02.120000+00:00,,,,,,,,,,,,,49.4767,0.042200000000000015,0.39187297297297297,47.74265761291576,46.0014,,0.0,1.0,0.9611841697165189,,,,0.9324033028211348,0.5,0.5,0.6646059998790931,0.9870613899055063,0.5379168474461499
robot_1,lab,robot_anomaly_lab,2026-04-26 09:17:23.649000+00:00,,,,,,,,,,,,,44.9433,0.06910000000000005,0.29990540540540533,49.14167586402035,52.807,,0.0,1.0,0.9489950995595806,,,,0.8296168249021688,0.5,0.5,0.6910770515803406,0.9829983665198602,0.5435188545250502
robot_2,outdoor,robot_anomaly_outdoor,2026-04-22 12:32:35.114000+00:00,,,,,,,,,,,,,43.3135,0.08120000000000005,0.43893513513513516,50.074809997698374,42.5188,,0.0,1.0,0.9967743936480368,,,,0.9018790972717252,0.5,0.5,0.6292500786437701,0.9989247978826788,0.5320437191316122
robot_2,lab,robot_anomaly_lab,2026-04-25 19:16:20.718000+00:00,,,,,,,,,,,,,37.0125,0.06059999999999999,0.03831081081081078,14.63679636698148,72.165,,0.0,1.0,0.9801035915886112,,,,0.9351821563164002,0.5,0.5,0.9589105668608735,0.9933678638628703,0.6130696076809359
robot_4,outdoor,robot_anomaly_outdoor,2026-04-24 11:57:15.914000+00:00,,,,,,,,,,,,,44.2254,0.037799999999999945,0.202445945945946,47.74265761291576,60.019,,0.0,1.0,0.9361081818745736,,,,0.8214223337009658,0.5,0.5,0.743743795672436,0.9787027272915245,0.5556116307409902
robot_4,hospital,robot_anomaly_hospital,2026-04-12 08:32:52.890000+00:00,,,,,,,,,,,,,24.9283,0.04710000000000003,0.11597162162162167,41.58712541309663,66.4181,,0.0,1.0,0.9511971962037095,,,,0.9158376269040704,0.5,0.5,0.8131735830062192,0.9837323987345697,0.5742264954351972
robot_4,outdoor,robot_anomaly_outdoor,2026-05-01 20:38:00.102000+00:00,,,,,,,,,,,,,22.4281,0.08220000000000005,0.5243297297297298,47.74265761291576,36.1996,,0.0,1.0,0.9402642515972954,,,,0.9638428990469509,0.5,0.5,0.6150268903504867,0.9800880838657652,0.5237787435540631
robot_1,warehouse,robot_anomaly_warehouse,2026-05-01 19:26:45.346000+00:00,,,,,,,,,,,,,32.8734,0.10140000000000005,0.22293648648648656,45.61617786488777,58.5027,,0.0,1.0,0.8951057626698096,,,,0.8272348037198558,0.5,0.5,0.7362815284085004,0.9650352542232699,0.5503291956579426
robot_1,warehouse,robot_anomaly_warehouse,2026-04-13 11:02:29.348000+00:00,,,,,,,,,,,,,21.0844,0.050799999999999956,0.47915675675675673,45.61617786488777,39.5424,,0.0,1.0,0.9586874263383165,,,,0.9547728326880259,0.5,0.5,0.6504106166794502,0.9862291421127721,0.5341599396980555
robot_3,hospital,robot_anomaly_hospital,2026-05-06 22:37:37.350000+00:00,,,,,,,,,,,,,45.4842,0.061000000000000054,0.1685148648648649,37.431302275652754,62.5299,,0.0,1.0,0.9975652875131815,,,,0.918287467640635,0.5,0.5,0.7987091356617659,0.9991884291710605,0.5744743912082066
robot_4,warehouse,robot_anomaly_warehouse,2026-04-28 08:13:32.923000+00:00,,,,,,,,,,,,,47.0612,0.07110000000000005,0.39847972972972967,44.033102772410636,45.5125,,0.0,1.0,0.9938744494758389,,,,0.9247996992899518,0.5,0.5,0.6735870098162142,0.9979581498252795,0.5428862899103735
robot_5,hospital,robot_anomaly_hospital,2026-05-09 12:20:22.907000+00:00,,,,,,,,,,,,,22.6633,0.0262,0.3458054054054054,33.69562591427044,49.4104,,0.0,1.0,0.9838254450716457,,,,0.9342039715941961,0.5,0.5,0.7629858727914046,0.9946084816905486,0.5643985886204883
robot_3,outdoor,robot_anomaly_outdoor,2026-05-01 16:06:39.089000+00:00,,,,,,,,,,,,,37.8887,0.10940000000000005,0.2910675675675676,34.9320233150912,53.461,,0.0,1.0,0.9725048073940823,,,,0.914393114194549,0.5,0.5,0.7537985599015754,0.9908349357980274,0.5611583739249008
robot_5,lab,robot_anomaly_lab,2026-04-12 14:59:25.590000+00:00,,,,,,,,,,,,,41.7215,0.06899999999999995,0.16495945945945945,44.31142771759781,62.793,,0.0,1.0,0.9745053036412133,,,,0.9405439018342145,0.5,0.5,0.7686186515995581,0.9915017678804044,0.5650301048699906
robot_3,lab,robot_anomaly_lab,2026-05-01 20:33:24.835000+00:00,,,,,,,,,,,,,35.3619,0.08489999999999998,0.30190945945945946,25.56989703262559,52.6587,,1.0,0.0,0.5057533651758577,,,,0.666363984177001,0.5,0.5,0.7988486939881867,0.16858445505861921,0.3668582872617015
robot_3,hospital,robot_anomaly_hospital,2026-04-11 03:47:50.376000+00:00,,,,,,,,,,,,,34.5405,0.032200000000000006,0.3112027027027028,37.431302275652754,51.971,,0.0,1.0,0.9627349420011165,,,,0.9032346624402624,0.5,0.5,0.7530174708350776,0.9875783140003721,0.5601489462088625
robot_2,outdoor,robot_anomaly_outdoor,2026-04-14 17:24:31.086000+00:00,,,,,,,,,,,,,37.2656,0.10709999999999997,0.32977162162162166,50.074809997698374,50.5969,,0.0,1.0,0.9568730227653371,,,,0.8785981356981576,0.5,0.5,0.66990467977972,0.985624340921779,0.5388822551753747
robot_3,outdoor,robot_anomaly_outdoor,2026-04-29 03:23:56.393000+00:00,,,,,,,,,,,,,38.0229,0.09219999999999995,0.307981081081081,34.9320233150912,52.2094,,0.0,1.0,0.9908349357980274,,,,0.9198729073200184,0.5,0.5,0.750798170211343,0.9969449785993425,0.5619357872026713
robot_3,lab,robot_anomaly_lab,2026-05-03 01:16:55.833000+00:00,,,,,,,,,,,,,34.733,0.08930000000000005,0.4173702702702702,25.56989703262559,44.1146,,0.0,1.0,0.9342317474102103,,,,0.8625824768238765,0.5,0.5,0.7519716293295553,0.9780772491367368,0.557512219616573
robot_3,hospital,robot_anomaly_hospital,2026-04-10 23:01:01.906000+00:00,,,,,,,,,,,,,38.7935,0.00039999999999995595,0.2946027027027027,37.431302275652754,53.1994,,0.0,1.0,0.9496929470876496,,,,0.9263476499122983,0.5,0.5,0.7647969976968809,0.9832309823625499,0.5620069950148576
robot_2,lab,robot_anomaly_lab,2026-04-21 11:39:26.335000+00:00,,,,,,,,,,,,,33.8588,0.04039999999999999,0.1698027027027027,14.63679636698148,62.4346,,0.0,1.0,0.9288815830283481,,,,0.944420419654364,0.5,0.5,0.9122414574252933,0.9762938610094493,0.5971338296086857
robot_5,lab,robot_anomaly_lab,2026-04-13 15:18:07.620000+00:00,,,,,,,,,,,,,43.1735,0.012199999999999989,0.20089054054054056,44.31142771759781,60.1341,,0.0,1.0,0.9652161776564729,,,,0.9753785243993794,0.5,0.5,0.7662207240085404,0.9884053925521576,0.5636565291401745
robot_4,outdoor,robot_anomaly_outdoor,2026-04-20 19:05:43.955000+00:00,,,,,,,,,,,,,48.1438,0.04069999999999996,0.24129189189189193,47.74265761291576,57.1444,,0.0,1.0,0.9989299671236276,,,,0.9742986492845672,0.5,0.5,0.7257782862938699,0.9996433223745426,0.5563554021671031
robot_1,outdoor,robot_anomaly_outdoor,2026-05-08 03:14:55.621000+00:00,,,,,,,,,,,,,39.3255,0.0756,0.29855270270270273,32.28341037492993,52.9071,,0.0,1.0,0.9885242850939768,,,,0.8682721702748889,0.5,0.5,0.7697746836280445,0.9961747616979922,0.5664873613315091
robot_1,lab,robot_anomaly_lab,2026-05-02 11:54:07.605000+00:00,,,,,,,,,,,,,36.1866,0.07709999999999995,0.19642027027027031,49.14167586402035,60.4649,,1.0,0.0,0.9511971962037095,,,,0.6690758866838212,0.5,0.5,0.7346739907521083,0.31706573206790317,0.38793493070500285
robot_5,outdoor,robot_anomaly_outdoor,2026-05-08 21:06:34.021000+00:00,,,,,,,,,,,,,38.3415,0.05559999999999998,0.37286216216216217,26.119861519645806,47.4082,,0.0,1.0,0.9827554121952733,,,,0.9301315071290883,0.5,0.5,0.7731166459014853,0.9942518040650912,0.5668421124916441
robot_3,lab,robot_anomaly_lab,2026-05-02 07:50:16.279000+00:00,,,,,,,,,,,,,22.4116,0.07869999999999999,0.2743837837837838,25.56989703262559,54.6956,,0.0,1.0,0.9723187147199305,,,,0.894731295674181,0.5,0.5,0.817127762781535,0.9907729049066435,0.5769751669220446
robot_3,lab,robot_anomaly_lab,2026-04-27 22:44:24.052000+00:00,,,,,,,,,,,,,11.9664,0.04590000000000005,0.33565810810810814,25.56989703262559,50.1613,,1.0,0.0,0.2977017554742263,,,,0.6265628558878337,0.5,0.5,0.8046645701885616,0.09923391849140877,0.35097462216999253
robot_3,hospital,robot_anomaly_hospital,2026-05-08 08:28:05.725000+00:00,,,,,,,,,,,,,38.6096,0.10519999999999996,0.42799999999999994,37.431302275652754,43.328,,0.0,1.0,0.9903541963898022,,,,0.868725135293767,0.5,0.5,0.6882095132090212,0.996784732129934,0.5462485613347388
robot_2,lab,robot_anomaly_lab,2026-04-11 17:24:38.234000+00:00,,,,,,,,,,,,,30.4859,0.014499999999999957,0.5125202702702703,14.63679636698148,37.0735,,0.0,1.0,0.9353017802865827,,,,0.9748436136949701,0.5,0.5,0.7824497018596533,0.9784339267621943,0.5652209071554619
robot_2,lab,robot_anomaly_lab,2026-04-25 21:44:44.212000+00:00,,,,,,,,,,,,,43.5685,0.08550000000000002,0.1409905405405406,14.63679636698148,64.5667,,1.0,0.0,0.9482972520315117,,,,0.6941880979975517,0.5,0.5,0.9093182123560141,0.3160990840105039,0.43135432409162944
robot_1,warehouse,robot_anomaly_warehouse,2026-04-24 03:07:23.982000+00:00,,,,,,,,,,,,,43.6546,0.059699999999999975,0.5470499999999999,45.61617786488777,34.5183,,0.0,1.0,0.9371161838595621,,,,0.9569579271126919,0.5,0.5,0.6110089047672566,0.9790387279531872,0.522511908180111
robot_1,lab,robot_anomaly_lab,2026-04-28 18:07:06.409000+00:00,,,,,,,,,,,,,26.8097,0.10260000000000002,0.2825932432432433,49.14167586402035,54.0881,,1.0,0.0,0.9915793064946343,,,,0.7416896107388669,0.5,0.5,0.6987969645541073,0.3305264354982114,0.38233085001307965
robot_2,warehouse,robot_anomaly_warehouse,2026-05-03 23:28:58.928000+00:00,,,,,,,,,,,,,46.5888,0.042200000000000015,0.3754783783783784,58.39748493129811,47.2146,,0.0,1.0,0.9227405247813412,,,,0.8637709562223866,0.5,0.5,0.6237813349720467,0.9742468415937804,0.5245070441414568
robot_2,warehouse,robot_anomaly_warehouse,2026-04-16 22:28:05.552000+00:00,,,,,,,,,,,,,46.9359,0.05410000000000004,0.5025513513513513,58.39748493129811,37.8112,,0.0,1.0,0.9340611624589046,,,,0.9397376268283054,0.5,0.5,0.570147197317283,0.9780203874863016,0.5120418962008961
robot_3,warehouse,robot_anomaly_warehouse,2026-04-17 04:58:41.017000+00:00,,,,,,,,,,,,,41.1262,0.07999999999999996,0.49412567567567567,41.50002108112327,38.4347,,0.0,1.0,0.9765523230568823,,,,0.9157692410391209,0.5,0.5,0.6476250145818848,0.9921841076856275,0.534952280566878
robot_2,outdoor,robot_anomaly_outdoor,2026-05-07 23:05:27.943000+00:00,,,,,,,,,,,,,28.0544,0.008600000000000052,0.3164216216216216,50.074809997698374,51.5848,,0.0,1.0,0.9471341728180634,,,,0.8748909093269012,0.5,0.5,0.7013446230864956,0.9823780576060211,0.5459306701731291
robot_5,lab,robot_anomaly_lab,2026-04-14 06:01:16.386000+00:00,,,,,,,,,,,,,32.2766,0.031200000000000006,0.26101891891891893,44.31142771759781,55.6846,,1.0,0.0,0.9473047577693692,,,,0.7227752202436044,0.5,0.5,0.7428987038079417,0.31576825258978974,0.38966673909943284
robot_1,warehouse,robot_anomaly_warehouse,2026-04-19 13:20:30.411000+00:00,,,,,,,,,,,,,33.0247,0.0484,0.23502837837837842,45.61617786488777,57.6079,,0.0,1.0,0.9868184355809193,,,,0.8913055288712292,0.5,0.5,0.743165529566018,0.9956061451936398,0.5596929186899144
robot_3,hospital,robot_anomaly_hospital,2026-04-17 18:33:46.905000+00:00,,,,,,,,,,,,,33.7593,0.0796,0.25334189189189193,37.431302275652754,56.2527,,1.0,0.0,0.9841821226971031,,,,0.7410035789983558,0.5,0.5,0.7659731983677543,0.32806070756570105,0.39850847648336385
robot_3,hospital,robot_anomaly_hospital,2026-05-03 17:47:23.727000+00:00,,,,,,,,,,,,,37.7088,0.31910000000000005,0.38795270270270277,37.431302275652754,46.2915,,1.0,0.0,0.9834842751690341,,,,0.6110032241184071,0.5,0.5,0.657057190949153,0.32782809172301136,0.37122132066804114
robot_2,warehouse,robot_anomaly_warehouse,2026-04-18 17:14:47.118000+00:00,,,,,,,,,,,,,42.2062,0.02190000000000003,0.34299189189189183,58.39748493129811,49.6186,,0.0,1.0,0.962471310712735,,,,0.87222066748426,0.5,0.5,0.6432847103800847,0.987490436904245,0.5326937868210824
robot_1,lab,robot_anomaly_lab,2026-04-28 16:46:26.552000+00:00,,,,,,,,,,,,,47.7245,0.027599999999999958,0.34953378378378375,49.14167586402035,49.1345,,0.0,1.0,0.9709075119409466,,,,0.9715048508743023,0.5,0.5,0.6791922974007476,0.9903025039803155,0.5423737003452658
robot_2,outdoor,robot_anomaly_outdoor,2026-04-29 07:16:30.037000+00:00,,,,,,,,,,,,,42.092,0.07820000000000005,0.4100027027027028,50.074809997698374,44.6598,,1.0,0.0,0.994510266112524,,,,0.7078739953586852,0.5,0.5,0.642045909211473,0.331503422037508,0.3683873328122452
robot_5,outdoor,robot_anomaly_outdoor,2026-04-25 19:20:10.543000+00:00,,,,,,,,,,,,,31.326,0.07279999999999998,0.19047162162162168,26.119861519645806,60.9051,,1.0,0.0,0.282783326096396,,,,0.606197255422326,0.5,0.5,0.8454373793602222,0.09426110869879867,0.3599246220147553
robot_5,lab,robot_anomaly_lab,2026-04-23 21:21:57.417000+00:00,,,,,,,,,,,,,39.6013,0.04459999999999997,0.29718378378378374,44.31142771759781,53.0084,,0.0,1.0,0.959013088518082,,,,0.823823300417555,0.5,0.5,0.7221208133498896,0.986337696172694,0.5521146273806459
robot_4,warehouse,robot_anomaly_warehouse,2026-05-09 19:13:44.166000+00:00,,,,,,,,,,,,,43.7724,0.053300000000000014,0.3917770270270271,44.033102772410636,46.0085,,0.0,1.0,0.9325103901743068,,,,0.86635459434422,0.5,0.5,0.6817233128824961,0.9775034633914356,0.5398066940684829
robot_4,lab,robot_anomaly_lab,2026-04-19 12:14:29.392000+00:00,,,,,,,,,,,,,32.718,0.045599999999999974,0.27559054054054055,53.89857422167088,54.6063,,0.0,1.0,0.9436914583462565,,,,0.9692864169169686,0.5,0.5,0.6898498578169125,0.9812304861154187,0.5427700859830829
robot_1,warehouse,robot_anomaly_warehouse,2026-04-23 13:35:56.236000+00:00,,,,,,,,,,,,,46.7982,0.09150000000000003,0.17785540540540534,45.61617786488777,61.8387,,0.0,1.0,0.98500403200794,,,,0.8409286250515816,0.5,0.5,0.7501833305072347,0.9950013440026466,0.5612961686274703
robot_4,outdoor,robot_anomaly_outdoor,2026-04-29 00:04:01.319000+00:00,,,,,,,,,,,,,25.8057,0.051000000000000045,0.4157081081081081,47.74265761291576,44.2376,,0.0,1.0,0.928323305005893,,,,0.8635198176359108,0.5,0.5,0.663879720513316,0.9761077683352978,0.5349968722121534
robot_2,lab,robot_anomaly_lab,2026-05-03 14:53:20.527000+00:00,,,,,,,,,,,,,32.9013,0.07230000000000003,0.16138783783783783,14.63679636698148,63.0573,,0.0,1.0,0.9611376465479808,,,,0.894783891909101,0.5,0.5,0.908946878048287,0.9870458821826603,0.5989981900577368
robot_5,lab,robot_anomaly_lab,2026-04-20 22:30:11.631000+00:00,,,,,,,,,,,,,40.0896,0.06320000000000003,0.2347756756756756,44.31142771759781,57.6266,,0.0,1.0,0.9262607778673779,,,,0.9207923652862018,0.5,0.5,0.7427245127877832,0.9754202592891259,0.5545361930192273
robot_3,hospital,robot_anomaly_hospital,2026-05-01 19:02:19.673000+00:00,,,,,,,,,,,,,37.1076,0.11439999999999995,0.38760540540540545,37.431302275652754,46.3172,,0.0,1.0,0.9708764964952546,,,,0.9306550869548756,0.5,0.5,0.7030039517514972,0.9902921654984183,0.5483240293124789
robot_2,outdoor,robot_anomaly_outdoor,2026-05-05 20:54:11.928000+00:00,,,,,,,,,,,,,25.8068,0.04290000000000005,0.35415135135135134,50.074809997698374,48.7928,,0.0,1.0,0.9641771602257925,,,,0.9119778884130438,0.5,0.5,0.679645060724904,0.9880590534085975,0.5419260285333753
robot_3,warehouse,robot_anomaly_warehouse,2026-04-22 20:00:25.540000+00:00,,,,,,,,,,,,,39.6076,0.08620000000000005,0.5825418918918919,41.50002108112327,31.8919,,1.0,0.0,0.9806463618882203,,,,0.661083889926914,0.5,0.5,0.6115700122822113,0.32688212062940675,0.3596130332279045
robot_2,warehouse,robot_anomaly_warehouse,2026-05-02 22:19:02.938000+00:00,,,,,,,,,,,,,41.6894,0.5468999999999999,0.3628202702702703,58.39748493129811,48.1513,,1.0,0.0,0.9565008374170336,,,,0.5986264072855467,0.5,0.5,0.5188049433723768,0.31883361247234454,0.33440963896118037
robot_2,lab,robot_anomaly_lab,2026-05-04 15:14:42.430000+00:00,,,,,,,,,,,,,52.3644,0.04690000000000005,0.5873594594594594,14.63679636698148,31.5354,,0.0,1.0,0.9687829539110477,,,,0.8788553682293616,0.5,0.5,0.7353567387862687,0.9895943179703494,0.5562377641891545
robot_5,outdoor,robot_anomaly_outdoor,2026-04-27 15:39:44.472000+00:00,,,,,,,,,,,,,13.4425,0.04139999999999999,0.41139189189189185,26.119861519645806,44.557,,0.0,1.0,0.9855623100303952,,,,0.8594634541693535,0.5,0.5,0.7721872357526596,0.9951874366767983,0.5668436681073645
robot_4,hospital,robot_anomaly_hospital,2026-04-30 04:17:07.465000+00:00,,,,,,,,,,,,,39.7796,0.00539999999999996,0.19996216216216212,41.58712541309663,60.2028,,0.0,1.0,0.978785435146703,,,,0.9523020810352797,0.5,0.5,0.7820991157418895,0.9929284783822343,0.568756898531031
robot_1,outdoor,robot_anomaly_outdoor,2026-05-02 12:50:39.048000+00:00,,,,,,,,,,,,,25.571,0.07850000000000001,0.3719662162162163,32.28341037492993,47.4745,,0.0,1.0,0.9958439302772781,,,,0.8427944814437911,0.5,0.5,0.7460195708209024,0.9986146434257593,0.5611585535616654
robot_4,hospital,robot_anomaly_hospital,2026-05-02 10:41:22.517000+00:00,,,,,,,,,,,,,19.5744,0.0877,0.504995945945946,41.58712541309663,37.6303,,0.0,1.0,0.9580826251473233,,,,0.9059900023941863,0.5,0.5,0.6509674895021844,0.9860275417157744,0.5342487578044897
robot_3,outdoor,robot_anomaly_outdoor,2026-04-16 15:17:34.992000+00:00,,,,,,,,,,,,,45.219,0.06020000000000003,0.3250891891891893,34.9320233150912,50.9434,,0.0,1.0,0.999317660194777,,,,0.9062899519658574,0.5,0.5,0.7478004560750402,0.999772553398259,0.5618932523683248
robot_5,warehouse,robot_anomaly_warehouse,2026-04-20 04:07:53.620000+00:00,,,,,,,,,,,,,40.2289,0.07709999999999995,0.46621486486486485,31.857120950670687,40.5001,,1.0,0.0,0.9226784938899573,,,,0.6058101565163806,0.5,0.5,0.7039135719155879,0.3075594979633191,0.3778682674697268
robot_1,warehouse,robot_anomaly_warehouse,2026-04-13 06:36:16.051000+00:00,,,,,,,,,,,,,30.259,0.08750000000000002,0.3118283783783784,45.61617786488777,51.9247,,0.0,1.0,0.945397307859314,,,,0.8990637106163873,0.5,0.5,0.7050057503801328,0.9817991026197713,0.546701213249976
robot_2,hospital,robot_anomaly_hospital,2026-05-02 01:02:26.073000+00:00,,,,,,,,,,,,,26.0946,0.07420000000000004,0.4242256756756756,38.92765711090124,43.6073,,0.0,1.0,0.9732646858135351,,,,0.9136763055319257,0.5,0.5,0.6954678915084535,0.9910882286045117,0.5466390300282413
robot_3,lab,robot_anomaly_lab,2026-04-10 21:31:51.129000+00:00,,,,,,,,,,,,,36.9086,0.007199999999999984,0.2710770270270271,25.56989703262559,54.9403,,0.0,1.0,0.9834687674461882,,,,0.876718643965544,0.5,0.5,0.8277621969129205,0.9944895891487294,0.5805629465154125
robot_3,outdoor,robot_anomaly_outdoor,2026-04-30 05:33:15.270000+00:00,,,,,,,,,,,,,34.1688,0.06140000000000001,0.2585243243243244,34.9320233150912,55.8692,,0.0,1.0,0.984942001116556,,,,0.8796745189787929,0.5,0.5,0.779184967249299,0.994980667038852,0.5685414085720377
robot_3,outdoor,robot_anomaly_outdoor,2026-05-01 05:00:45.196000+00:00,,,,,,,,,,,,,24.3281,0.05840000000000001,0.25416756756756753,34.9320233150912,56.1916,,1.0,0.0,0.9491346690651945,,,,0.7716306852595491,0.5,0.5,0.7860704366436978,0.3163782230217315,0.4006121649163573
robot_4,outdoor,robot_anomaly_outdoor,2026-04-16 12:42:34.762000+00:00,,,,,,,,,,,,,34.7054,0.017299999999999982,0.421081081081081,47.74265761291576,43.84,,0.0,1.0,0.9577104397990199,,,,0.8977809674516146,0.5,0.5,0.6651794394553685,0.9859034799330066,0.5377707298470937
robot_2,lab,robot_anomaly_lab,2026-05-04 13:32:12.916000+00:00,,,,,,,,,,,,,45.1605,0.09640000000000004,0.2689716216216216,14.63679636698148,55.0961,,1.0,0.0,0.9779635258358662,,,,0.6431231301945686,0.5,0.5,0.8549771104906364,0.32598784194528874,0.4202412381089813
robot_4,lab,robot_anomaly_lab,2026-04-29 02:26:16.214000+00:00,,,,,,,,,,,,,25.0029,0.06230000000000002,0.3478310810810811,53.89857422167088,49.2605,,0.0,1.0,0.96445629923702,,,,0.9020493203227529,0.5,0.5,0.6607475508912798,0.9881520997456734,0.5372249126592383
robot_5,warehouse,robot_anomaly_warehouse,2026-04-26 12:26:15.147000+00:00,,,,,,,,,,,,,46.2833,0.014399999999999968,0.522431081081081,31.857120950670687,36.3401,,0.0,1.0,0.861376465479809,,,,0.8754864821091013,0.5,0.5,0.6926208973177992,0.9537921551599363,0.536603263119434
robot_2,outdoor,robot_anomaly_outdoor,2026-04-27 07:10:28.623000+00:00,,,,,,,,,,,,,31.7582,0.06279999999999997,0.3850094594594594,50.074809997698374,46.5093,,0.0,1.0,0.9934712486818436,,,,0.8842016805473945,0.5,0.5,0.660168543053708,0.9978237495606145,0.5394980731535806
robot_5,hospital,robot_anomaly_hospital,2026-05-09 14:25:56.761000+00:00,,,,,,,,,,,,,43.5939,0.038799999999999946,0.5102162162162163,33.69562591427044,37.244,,0.0,1.0,0.9588735190124682,,,,0.8895247997774602,0.5,0.5,0.6848997590593772,0.986291173004156,0.5427977330158833
robot_3,lab,robot_anomaly_lab,2026-04-28 06:23:14.285000+00:00,,,,,,,,,,,,,25.0034,0.0,0.2025013513513514,25.56989703262559,60.0149,,0.0,1.0,0.937147199305254,,,,0.8961678729423784,0.5,0.5,0.8622084113898136,0.9790490664350847,0.5853143694562246
robot_3,warehouse,robot_anomaly_warehouse,2026-04-21 12:08:23.885000+00:00,,,,,,,,,,,,,23.2435,0.6375,0.43827837837837835,41.50002108112327,42.5674,,1.0,0.0,0.9527169530426152,,,,0.5638496051660609,0.5,0.5,0.5540838698399175,0.31757231768087174,0.34291404688019733
robot_3,warehouse,robot_anomaly_warehouse,2026-05-01 17:46:01.051000+00:00,,,,,,,,,,,,,15.6211,0.03369999999999995,0.4727013513513514,41.50002108112327,40.0201,,1.0,0.0,0.9921530922399355,,,,0.7799696093816056,0.5,0.5,0.6780933468944543,0.33071769741331186,0.3772027610769415
robot_2,lab,robot_anomaly_lab,2026-04-11 16:37:20.202000+00:00,,,,,,,,,,,,,38.0202,0.017199999999999993,0.2554243243243244,14.63679636698148,56.0986,,0.0,1.0,0.9584548104956269,,,,0.9395593101872534,0.5,0.5,0.8812609700879055,0.9861516034985423,0.5918531433966119
robot_5,warehouse,robot_anomaly_warehouse,2026-05-03 16:31:53.012000+00:00,,,,,,,,,,,,,50.9235,0.07940000000000003,0.06335540540540541,31.857120950670687,70.3117,,0.0,1.0,0.9755133056262019,,,,0.8543621426630061,0.5,0.5,0.8596819567649033,0.9918377685420673,0.5878799313267427
robot_1,outdoor,robot_anomaly_outdoor,2026-04-17 17:21:10.437000+00:00,,,,,,,,,,,,,55.5039,0.0,0.2965243243243243,32.28341037492993,53.0572,,0.0,1.0,0.9314093418522424,,,,0.8771134387577891,0.5,0.5,0.7800451089274597,0.9771364472840808,0.5642953890528851
robot_4,warehouse,robot_anomaly_warehouse,2026-05-06 13:55:02.760000+00:00,,,,,,,,,,,,,41.4857,0.0746,0.2583,44.033102772410636,55.8858,,0.0,1.0,0.9742881955213697,,,,0.9337981192306959,0.5,0.5,0.7314160161056323,0.9914293985071233,0.5557113536531889
robot_4,lab,robot_anomaly_lab,2026-04-19 05:00:17.229000+00:00,,,,,,,,,,,,,38.2992,0.026499999999999968,0.45128378378378387,53.89857422167088,41.605,,0.0,1.0,0.9424353327957323,,,,0.839607528783383,0.5,0.5,0.6212829906337164,0.9808117775985775,0.5255236920580735
robot_3,outdoor,robot_anomaly_outdoor,2026-04-27 00:44:56.282000+00:00,,,,,,,,,,,,,44.522,0.0,0.45027432432432435,34.9320233150912,41.6797,,1.0,0.0,0.24578189938589423,,,,0.5614919870697881,0.5,0.5,0.7114345582334183,0.08192729979529807,0.3233404645071791
robot_2,hospital,robot_anomaly_hospital,2026-05-01 20:41:51.553000+00:00,,,,,,,,,,,,,39.7213,0.026699999999999946,0.36542972972972976,38.92765711090124,47.9582,,0.0,1.0,0.9732646858135351,,,,0.955483245311531,0.5,0.5,0.7233551313436699,0.9910882286045117,0.5536108399870454
robot_2,hospital,robot_anomaly_hospital,2026-04-10 19:41:14.361000+00:00,,,,,,,,,,,,,21.1802,0.08899999999999997,0.492945945945946,38.92765711090124,38.522,,0.0,1.0,0.9869424973636871,,,,0.8833392781986168,0.5,0.5,0.6669226126870471,0.9956474991212291,0.540642527952069
robot_4,lab,robot_anomaly_lab,2026-04-17 08:50:34.254000+00:00,,,,,,,,,,,,,36.8426,0.037699999999999956,0.3136283783783784,53.89857422167088,51.7915,,0.0,1.0,0.9457229700390795,,,,0.9060375004949351,0.5,0.5,0.6745162167896035,0.981907656679693,0.539105968367324
robot_3,warehouse,robot_anomaly_warehouse,2026-04-29 18:08:51.610000+00:00,,,,,,,,,,,,,35.2735,0.0,0.2298945945945946,41.50002108112327,57.9878,,0.0,1.0,0.9509800880838658,,,,0.9485805320215706,0.5,0.5,0.7737747583424988,0.9836600293612886,0.5643586969259469
robot_4,warehouse,robot_anomaly_warehouse,2026-05-10 14:53:34.891000+00:00,,,,,,,,,,,,,25.1498,0.0676,0.3266054054054054,44.033102772410636,50.8312,,0.0,1.0,0.9074499100552075,,,,0.8519458341229292,0.5,0.5,0.7130803385971597,0.9691499700184024,0.5455575771538905
robot_1,lab,robot_anomaly_lab,2026-05-10 07:06:14.387000+00:00,,,,,,,,,,,,,36.4675,0.0,0.330222972972973,49.14167586402035,50.5635,,1.0,0.0,0.927609949754978,,,,0.7076192874329025,0.5,0.5,0.6981756435270052,0.30920331658499267,0.3768447400279995
robot_5,warehouse,robot_anomaly_warehouse,2026-04-22 17:01:06.802000+00:00,,,,,,,,,,,,,39.2426,0.040100000000000025,0.41680540540540545,31.857120950670687,44.1564,,0.0,1.0,0.9707834501581788,,,,0.9629503052164627,0.5,0.5,0.7323563658207067,0.9902611500527262,0.5556543789683582
robot_2,outdoor,robot_anomaly_outdoor,2026-05-06 21:57:13.978000+00:00,,,,,,,,,,,,,38.5541,0.02729999999999999,0.6081081081081081,50.074809997698374,30.0,,0.0,1.0,0.963169158240804,,,,0.8958965684003329,0.5,0.5,0.5757351752099582,0.9877230527469347,0.5158645569892233
robot_2,hospital,robot_anomaly_hospital,2026-04-12 04:19:45.440000+00:00,,,,,,,,,,,,,39.2135,0.054300000000000015,0.3144405405405405,38.92765711090124,51.7314,,0.0,1.0,0.9659295329073879,,,,0.847210956098345,0.5,0.5,0.7378422755812494,0.988643177635796,0.5566213633042614
robot_2,lab,robot_anomaly_lab,2026-04-24 22:04:56.005000+00:00,,,,,,,,,,,,,27.8703,0.020399999999999974,0.33747837837837835,14.63679636698148,50.0266,,0.0,1.0,0.9970070094907264,,,,0.9316824031400804,0.5,0.5,0.852343578686046,0.9990023364969088,0.5878364787957387
robot_5,outdoor,robot_anomaly_outdoor,2026-04-30 10:56:28.860000+00:00,,,,,,,,,,,,,39.4985,0.09019999999999995,0.47712567567567565,26.119861519645806,39.6927,,0.0,1.0,0.9608585075367533,,,,0.8441287364320708,0.5,0.5,0.7231884652564032,0.9869528358455844,0.5525353252754969
robot_3,hospital,robot_anomaly_hospital,2026-05-05 20:30:42.397000+00:00,,,,,,,,,,,,,33.1275,0.06969999999999998,0.34650000000000003,37.431302275652754,49.359,,1.0,0.0,0.4284473667886608,,,,0.6012271629019958,0.5,0.5,0.7311994924120417,0.1428157889295536,0.34350382033539884
robot_4,outdoor,robot_anomaly_outdoor,2026-05-06 00:47:56.083000+00:00,,,,,,,,,,,,,31.4663,0.07789999999999997,0.326281081081081,47.74265761291576,50.8552,,0.0,1.0,0.9325569133428447,,,,0.8912991661092361,0.5,0.5,0.6910923965907448,0.9775189711142817,0.5421528419262567
robot_4,lab,robot_anomaly_lab,2026-05-02 01:34:46.811000+00:00,,,,,,,,,,,,,43.8922,0.03839999999999999,0.3069986486486487,53.89857422167088,52.2821,,0.0,1.0,0.8991067551640717,,,,0.912440183734667,0.5,0.5,0.6738063236294061,0.9663689183880239,0.5350438105043576
robot_3,warehouse,robot_anomaly_warehouse,2026-05-08 15:33:59.066000+00:00,,,,,,,,,,,,,55.5755,0.03390000000000004,0.25201621621621617,41.50002108112327,56.3508,,0.0,1.0,0.9719000062030891,,,,0.8678264088041068,0.5,0.5,0.748152128645001,0.9906333354010298,0.5596963660115077
robot_5,outdoor,robot_anomaly_outdoor,2026-04-23 09:14:56.833000+00:00,,,,,,,,,,,,,29.1959,0.0393,0.20618918918918927,26.119861519645806,59.742,,0.0,1.0,0.9728459772966938,,,,0.9671919296719744,0.5,0.5,0.8475709926835691,0.990948659098898,0.5846299129456167
robot_1,warehouse,robot_anomaly_warehouse,2026-04-12 19:05:40.953000+00:00,,,,,,,,,,,,,35.185,0.07010000000000005,0.3693283783783784,45.61617786488777,47.6697,,0.0,1.0,0.9669530426152224,,,,0.8864429716696138,0.5,0.5,0.6836360016860483,0.9889843475384076,0.543155087306114
robot_4,warehouse,robot_anomaly_warehouse,2026-04-19 15:57:20.979000+00:00,,,,,,,,,,,,,37.62,0.030100000000000016,0.16371081081081085,44.033102772410636,62.8854,,0.0,1.0,0.9523292599714658,,,,0.9224496062570784,0.5,0.5,0.7809085535942366,0.984109753323822,0.5662545767295146
robot_3,lab,robot_anomaly_lab,2026-05-09 23:39:59.828000+00:00,,,,,,,,,,,,,47.9062,0.04410000000000003,0.4170310810810811,25.56989703262559,44.1397,,0.0,1.0,0.940620929222753,,,,0.8980814993433193,0.5,0.5,0.7561707901055529,0.9802069764075844,0.5590944416282844
robot_5,outdoor,robot_anomaly_outdoor,2026-05-05 18:31:29.655000+00:00,,,,,,,,,,,,,35.1557,0.04459999999999997,0.30835810810810815,26.119861519645806,52.1815,,0.0,1.0,0.9719310216487811,,,,0.9318426927659743,0.5,0.5,0.8028140226050718,0.9906436738829271,0.5733644241219997
robot_3,warehouse,robot_anomaly_warehouse,2026-05-09 19:50:22.978000+00:00,,,,,,,,,,,,,39.8762,0.09040000000000004,0.5503824324324325,41.50002108112327,34.2717,,0.0,1.0,0.9543762793871348,,,,0.9198645173584488,0.5,0.5,0.6233773723968126,0.9847920931290449,0.5270423663814644
robot_3,warehouse,robot_anomaly_warehouse,2026-04-15 01:10:11.256000+00:00,,,,,,,,,,,,,50.4832,0.03859999999999997,0.5058824324324325,41.50002108112327,37.5647,,0.0,1.0,0.9265399168786056,,,,0.9037419080886533,0.5,0.5,0.6478760693735789,0.9755133056262019,0.5308473437499452
robot_5,warehouse,robot_anomaly_warehouse,2026-04-23 22:10:52.855000+00:00,,,,,,,,,,,,,25.4229,0.06410000000000005,0.3728202702702703,31.857120950670687,47.4113,,0.0,1.0,0.9470256187581415,,,,0.969570973249076,0.5,0.5,0.7508967821820429,0.9823418729193806,0.558309663775356
robot_1,outdoor,robot_anomaly_outdoor,2026-04-25 12:06:05.766000+00:00,,,,,,,,,,,,,47.9845,0.07840000000000003,0.26875540540540543,32.28341037492993,55.1121,,0.0,1.0,0.917374852676633,,,,0.8933932741303579,0.5,0.5,0.7771327478186114,0.9724582842255444,0.562397758011039
robot_1,lab,robot_anomaly_lab,2026-04-30 02:09:17.457000+00:00,,,,,,,,,,,,,41.6447,0.05889999999999995,0.29956621621621626,49.14167586402035,52.8321,,0.0,1.0,0.9565628683084176,,,,0.9292413424893287,0.5,0.5,0.6949818266956775,0.9855209561028059,0.5451256956996209
robot_1,warehouse,robot_anomaly_warehouse,2026-05-02 22:12:25.345000+00:00,,,,,,,,,,,,,32.6487,0.0,0.3421324324324324,45.61617786488777,49.6822,,0.0,1.0,0.9529650766081509,,,,0.9636460573807012,0.5,0.5,0.7112612301258551,0.9843216922027169,0.548895730582143
robot_4,outdoor,robot_anomaly_outdoor,2026-04-15 15:12:43.983000+00:00,,,,,,,,,,,,,32.3737,0.027900000000000036,0.24282297297297295,47.74265761291576,57.0311,,0.0,1.0,0.9771571242478755,,,,0.945747733620367,0.5,0.5,0.7351851985085684,0.9923857080826252,0.5568927266477983
robot_3,outdoor,robot_anomaly_outdoor,2026-04-26 22:39:55.416000+00:00,,,,,,,,,,,,,24.5106,0.05169999999999997,0.2595878378378378,34.9320233150912,55.7905,,0.0,1.0,0.9919825072886297,,,,0.8783054540864577,0.5,0.5,0.7853097089859681,0.9973275024295433,0.5706593028538778
robot_3,warehouse,robot_anomaly_warehouse,2026-05-04 10:19:58.115000+00:00,,,,,,,,,,,,,37.9528,0.10299999999999998,0.32657702702702696,41.50002108112327,50.8333,,0.0,1.0,0.9590751194094659,,,,0.9456518246840938,0.5,0.5,0.7109714710773508,0.9863583731364886,0.5493324610534598
robot_5,outdoor,robot_anomaly_outdoor,2026-04-20 13:00:57.320000+00:00,,,,,,,,,,,,,44.9112,0.027800000000000047,0.33784594594594597,26.119861519645806,49.9994,,0.0,1.0,0.9790180509893928,,,,0.9743664138842995,0.5,0.5,0.7903192731238764,0.9930060169964642,0.5708313225300852
robot_2,hospital,robot_anomaly_hospital,2026-05-04 02:02:12.674000+00:00,,,,,,,,,,,,,59.8376,0.03869999999999996,0.49796351351351353,38.92765711090124,38.1507,,0.0,1.0,0.9659760560759258,,,,0.8857412666622156,0.5,0.5,0.6585236291256936,0.9886586853586419,0.5367955786210838
robot_2,warehouse,robot_anomaly_warehouse,2026-05-01 10:33:48.714000+00:00,,,,,,,,,,,,,30.7982,0.12680000000000002,0.2685581081081081,58.39748493129811,55.1267,,0.0,1.0,0.9763972458284226,,,,0.9604606764976273,0.5,0.5,0.6549120003271602,0.9921324152761408,0.5367611039008253
robot_4,lab,robot_anomaly_lab,2026-04-23 23:06:30.775000+00:00,,,,,,,,,,,,,59.0358,0.03920000000000001,0.35274729729729726,53.89857422167088,48.8967,,0.0,1.0,0.9387289870355437,,,,0.8885159019067134,0.5,0.5,0.6484417802341874,0.9795763290118479,0.5320045273115088
robot_4,lab,robot_anomaly_lab,2026-05-10 03:37:03.466000+00:00,,,,,,,,,,,,,17.9145,0.0,0.3822702702702703,53.89857422167088,46.712,,0.0,1.0,0.9990695366292414,,,,0.8925570873625178,0.5,0.5,0.6640538975241164,0.9996898455430805,0.5409359357667992
robot_4,outdoor,robot_anomaly_outdoor,2026-04-24 23:06:23.840000+00:00,,,,,,,,,,,,,34.9179,0.12639999999999996,0.19989054054054056,47.74265761291576,60.2081,,1.0,0.0,0.9786303579182433,,,,0.5803431086164023,0.5,0.5,0.7292903000549255,0.32621011930608107,0.3888751048402517
robot_1,warehouse,robot_anomaly_warehouse,2026-04-21 00:11:03.288000+00:00,,,,,,,,,,,,,37.0964,0.007800000000000029,0.5000202702702703,45.61617786488777,37.9985,,0.0,1.0,0.9852056324049376,,,,0.9831580077628894,0.5,0.5,0.6443482658118157,0.9950685441349792,0.5348542024866987
robot_5,warehouse,robot_anomaly_warehouse,2026-04-16 16:34:22.980000+00:00,,,,,,,,,,,,,57.5507,0.0806,0.43748378378378383,31.857120950670687,42.6262,,1.0,0.0,0.9471651882637554,,,,0.5803831478744534,0.5,0.5,0.7067497004972216,0.3157217294212518,0.3806178574796184
robot_5,warehouse,robot_anomaly_warehouse,2026-04-24 12:02:02.195000+00:00,,,,,,,,,,,,,24.3466,0.052000000000000046,0.3634472972972973,31.857120950670687,48.1049,,0.0,1.0,0.9996588300973885,,,,0.8770995038871995,0.5,0.5,0.7578270402108642,0.9998862766991294,0.5644283292274984
robot_4,warehouse,robot_anomaly_warehouse,2026-04-30 06:18:52.299000+00:00,,,,,,,,,,,,,28.5415,0.05700000000000005,0.15157027027027026,44.033102772410636,63.7838,,0.0,1.0,0.902316853793189,,,,0.8365759182663652,0.5,0.5,0.783909801516078,0.9674389512643963,0.5628371881951185
robot_4,outdoor,robot_anomaly_outdoor,2026-05-04 07:49:45.364000+00:00,,,,,,,,,,,,,44.565,0.03839999999999999,0.4678256756756757,47.74265761291576,40.3809,,0.0,1.0,0.9521121518516221,,,,0.921147281677101,0.5,0.5,0.6373039909611362,0.9840373839505406,0.5303353437279192
robot_4,hospital,robot_anomaly_hospital,2026-04-28 01:56:04.677000+00:00,,,,,,,,,,,,,36.4798,0.0043999999999999595,0.4519094594594595,41.58712541309663,41.5587,,0.0,1.0,0.9645338378512499,,,,0.9390406711592325,0.5,0.5,0.6830433510729031,0.9881779459504166,0.54280532425583
robot_4,lab,robot_anomaly_lab,2026-04-16 21:30:15.726000+00:00,,,,,,,,,,,,,23.2452,0.09050000000000002,0.2977486486486487,53.89857422167088,52.9666,,1.0,0.0,0.5535946901556976,,,,0.6468209794490049,0.5,0.5,0.6753069652004962,0.18453156338523255,0.33995963214643216
robot_1,warehouse,robot_anomaly_warehouse,2026-04-30 00:13:38.194000+00:00,,,,,,,,,,,,,29.8579,0.04830000000000001,0.2855283783783784,45.61617786488777,53.8709,,0.0,1.0,0.9763197072141927,,,,0.9765728059712586,0.5,0.5,0.7244279968060816,0.9921065690713976,0.5541336414693698
robot_5,hospital,robot_anomaly_hospital,2026-04-15 15:26:45.858000+00:00,,,,,,,,,,,,,29.8486,0.0595,0.07505135135135133,33.69562591427044,69.4462,,0.0,1.0,0.9971931021648781,,,,0.9530075144901919,0.5,0.5,0.8606122984829682,0.9990643673882927,0.5899191664678153
robot_1,lab,robot_anomaly_lab,2026-04-22 17:19:47.868000+00:00,,,,,,,,,,,,,49.4852,0.07299999999999995,0.2112621621621622,49.14167586402035,59.3666,,0.0,1.0,0.9585633645555487,,,,0.9243634760905785,0.5,0.5,0.7236012128659863,0.9861877881851829,0.5524472502627924
robot_5,outdoor,robot_anomaly_outdoor,2026-04-27 05:03:33.379000+00:00,,,,,,,,,,,,,26.8698,0.0696,0.4020148648648648,26.119861519645806,45.2509,,0.0,1.0,0.9810030395136778,,,,0.9561578245813139,0.5,0.5,0.7635585314725014,0.9936676798378926,0.5643065528275985
robot_1,warehouse,robot_anomaly_warehouse,2026-04-22 08:13:28.573000+00:00,,,,,,,,,,,,,30.4786,0.1018,0.4725770270270271,45.61617786488777,40.0293,,0.0,1.0,0.9408690527882886,,,,0.9144585881480223,0.5,0.5,0.6374254607299992,0.9802896842627629,0.5294287862481906
robot_3,lab,robot_anomaly_lab,2026-04-30 01:55:56.955000+00:00,,,,,,,,,,,,,36.0433,0.07350000000000001,0.4489283783783784,25.56989703262559,41.7793,,0.0,1.0,0.9878729607344457,,,,0.944704410716476,0.5,0.5,0.7422671030509125,0.9959576535781486,0.5595561891572653
robot_2,warehouse,robot_anomaly_warehouse,2026-05-07 19:07:17.582000+00:00,,,,,,,,,,,,,22.3709,0.03390000000000004,0.19405135135135132,58.39748493129811,60.6402,,0.0,1.0,0.9962316233484275,,,,0.9486477872732152,0.5,0.5,0.7092124478554481,0.9987438744494758,0.551989080576231
robot_1,hospital,robot_anomaly_hospital,2026-04-20 22:05:22.559000+00:00,,,,,,,,,,,,,41.2799,0.0665,0.29948783783783783,39.72338368547231,52.8379,,0.0,1.0,0.952205198188698,,,,0.9109401151433332,0.5,0.5,0.7365330390038698,0.9840683993962327,0.5551503596000256
robot_2,lab,robot_anomaly_lab,2026-04-18 06:47:57.592000+00:00,,,,,,,,,,,,,23.1077,0.09240000000000004,0.3497148648648649,14.63679636698148,49.1211,,0.0,1.0,0.94541281558216,,,,0.9432237378901578,0.5,0.5,0.833598941607226,0.9818042718607201,0.5788508033669866
robot_4,hospital,robot_anomaly_hospital,2026-05-03 20:48:41.043000+00:00,,,,,,,,,,,,,29.2781,0.06930000000000003,0.5184662162162162,41.58712541309663,36.6335,,1.0,0.0,0.9504373177842566,,,,0.6920298141923835,0.5,0.5,0.6452592365356467,0.31681243926141883,0.3655179189492664
robot_5,warehouse,robot_anomaly_warehouse,2026-04-20 01:01:32.430000+00:00,,,,,,,,,,,,,56.6814,0.04579999999999995,0.39960945945945947,31.857120950670687,45.4289,,0.0,1.0,0.9912846597605608,,,,0.9223843894192656,0.5,0.5,0.7300358518801436,0.9970948865868535,0.5567826846167493
robot_3,outdoor,robot_anomaly_outdoor,2026-04-23 00:16:34.941000+00:00,,,,,,,,,,,,,27.4112,0.06269999999999998,0.5108283783783784,34.9320233150912,37.1987,,0.0,1.0,0.9302152471931022,,,,0.9217196438709234,0.5,0.5,0.6810474432375427,0.976738415731034,0.5394464647421442
robot_4,outdoor,robot_anomaly_outdoor,2026-05-05 12:53:03.318000+00:00,,,,,,,,,,,,,31.6321,0.06130000000000002,0.4289121621621621,47.74265761291576,43.2605,,0.0,1.0,0.9272377644066745,,,,0.8680079324645353,0.5,0.5,0.6536571417712048,0.9757459214688916,0.5323507658100242
robot_4,hospital,robot_anomaly_hospital,2026-04-29 05:33:49.742000+00:00,,,,,,,,,,,,,59.7098,0.4729,0.3010810810810811,41.58712541309663,52.72,,1.0,0.0,0.9899199801501147,,,,0.6127849733889005,0.5,0.5,0.6285946497566007,0.32997332671670493,0.36464199411832643
robot_4,outdoor,robot_anomaly_outdoor,2026-04-23 13:24:10.415000+00:00,,,,,,,,,,,,,27.4598,0.011499999999999955,0.1418513513513513,47.74265761291576,64.503,,0.0,1.0,0.9527169530426152,,,,0.9170366823419546,0.5,0.5,0.7814567226568381,0.9842389843475384,0.5664239267510942
robot_1,warehouse,robot_anomaly_warehouse,2026-04-30 20:15:52.837000+00:00,,,,,,,,,,,,,36.3127,0.46699999999999997,0.3721189189189189,45.61617786488777,47.4632,,1.0,0.0,0.9754667824576639,,,,0.5597490551624374,0.5,0.5,0.5937186327058791,0.32515559415255463,0.3547185567146084
robot_4,lab,robot_anomaly_lab,2026-04-11 13:51:05.074000+00:00,,,,,,,,,,,,,37.2361,0.027100000000000013,0.24445135135135132,53.89857422167088,56.9106,,0.0,1.0,0.9747689349295949,,,,0.9065595343782669,0.5,0.5,0.7043659819746672,0.9915896449765317,0.5489889067377997
robot_1,hospital,robot_anomaly_hospital,2026-04-19 11:09:27.594000+00:00,,,,,,,,,,,,,42.51,0.02629999999999999,0.2634932432432432,39.72338368547231,55.5015,,0.0,1.0,0.9606413994169096,,,,0.9553503206177464,0.5,0.5,0.7593137176794207,0.9868804664723032,0.561548546037931
robot_4,outdoor,robot_anomaly_outdoor,2026-04-22 18:01:06.142000+00:00,,,,,,,,,,,,,39.7277,0.02729999999999999,0.12932027027027027,47.74265761291576,65.4303,,0.0,1.0,0.9455523850877737,,,,0.9147496745229059,0.5,0.5,0.7773752351243421,0.981850795029258,0.5648065075384001
robot_4,warehouse,robot_anomaly_warehouse,2026-04-28 17:00:02.100000+00:00,,,,,,,,,,,,,50.382,0.08919999999999995,0.34421486486486486,44.033102772410636,49.5281,,0.0,1.0,0.9773432169220272,,,,0.8429495926472509,0.5,0.5,0.6897564471595288,0.9924477389740091,0.5455510465333844
robot_4,lab,robot_anomaly_lab,2026-04-21 07:55:36.122000+00:00,,,,,,,,,,,,,36.2067,0.031299999999999994,0.2521878378378378,53.89857422167088,56.3381,,0.0,1.0,0.9923081694683953,,,,0.9802831400971017,0.5,0.5,0.7008052785902132,0.9974360564894651,0.5495603337699195
robot_2,outdoor,robot_anomaly_outdoor,2026-04-28 02:13:51.881000+00:00,,,,,,,,,,,,,28.0446,0.027800000000000047,0.09480945945945951,50.074809997698374,67.9841,,1.0,0.0,0.9957974071087402,,,,0.6737750131078541,0.5,0.5,0.7857230072699073,0.33193246903624674,0.40441386907653853
robot_1,warehouse,robot_anomaly_warehouse,2026-05-02 08:35:18.616000+00:00,,,,,,,,,,,,,15.4416,0.05249999999999999,0.2167,45.61617786488777,58.9642,,0.0,1.0,0.9604397990199119,,,,0.9109777851912515,0.5,0.5,0.7575814414153478,0.9868132663399707,0.5610986769388296
robot_4,lab,robot_anomaly_lab,2026-04-14 18:22:54.632000+00:00,,,,,,,,,,,,,48.5189,0.06159999999999999,0.36451486486486484,53.89857422167088,48.0259,,0.0,1.0,0.9485453755970473,,,,0.9272899399844636,0.5,0.5,0.6435349530342939,0.9828484585323491,0.5315958528916608
robot_3,outdoor,robot_anomaly_outdoor,2026-05-01 02:12:55.507000+00:00,,,,,,,,,,,,,40.5728,0.013900000000000023,0.425177027027027,34.9320233150912,43.5369,,0.0,1.0,0.9619285404131257,,,,0.9757015642131567,0.5,0.5,0.7201775452205006,0.9873095134710419,0.5518717646728857
robot_3,warehouse,robot_anomaly_warehouse,2026-04-16 13:11:16.817000+00:00,,,,,,,,,,,,,50.0405,0.038799999999999946,0.11983378378378373,41.50002108112327,66.1323,,0.0,1.0,0.9920755536257057,,,,0.9126673701045419,0.5,0.5,0.8024523745661293,0.9973585178752352,0.5749527231103412
robot_4,lab,robot_anomaly_lab,2026-04-21 13:12:49.754000+00:00,,,,,,,,,,,,,39.6198,0.0696,0.6052770270270271,53.89857422167088,30.2095,,0.0,1.0,0.9990695366292414,,,,0.9331901764609982,0.5,0.5,0.549497735104412,0.9996898455430805,0.5122968951618732
robot_2,hospital,robot_anomaly_hospital,2026-04-12 15:07:59.751000+00:00,,,,,,,,,,,,,52.5869,0.03820000000000001,0.36118648648648655,38.92765711090124,48.2722,,0.0,1.0,0.8999596799206004,,,,0.9173731230917888,0.5,0.5,0.716643193930587,0.9666532266402003,0.5458241051426969
robot_1,lab,robot_anomaly_lab,2026-05-10 12:11:32.335000+00:00,,,,,,,,,,,,,42.7074,0.036599999999999966,0.2889959459459459,49.14167586402035,53.6143,,0.0,1.0,0.9636498976490292,,,,0.9705350451045568,0.5,0.5,0.7036871476225187,0.987883299216343,0.5478926117097154
robot_4,lab,robot_anomaly_lab,2026-04-17 06:22:21.234000+00:00,,,,,,,,,,,,,34.4516,0.06240000000000001,0.38493243243243247,53.89857422167088,46.515,,0.0,1.0,0.9680230754915948,,,,0.8200043197953472,0.5,0.5,0.6415876101057295,0.9893410251638649,0.5327321588173985
robot_1,hospital,robot_anomaly_hospital,2026-05-05 17:11:58.537000+00:00,,,,,,,,,,,,,37.5702,0.05879999999999996,0.23457297297297297,39.72338368547231,57.6416,,0.0,1.0,0.9415669003163576,,,,0.8400787827705793,0.5,0.5,0.7658989360865761,0.9805223001054525,0.5616053090480072
robot_2,hospital,robot_anomaly_hospital,2026-05-06 07:17:33.617000+00:00,,,,,,,,,,,,,41.1346,0.044300000000000006,0.34335945945945945,38.92765711090124,49.5914,,0.0,1.0,0.9936263259103033,,,,0.8910576213902471,0.5,0.5,0.7276254613738923,0.997875441970101,0.5563752258359983
robot_4,hospital,robot_anomaly_hospital,2026-04-21 20:25:40.665000+00:00,,,,,,,,,,,,,40.7971,0.034599999999999964,0.6081081081081081,41.58712541309663,30.0,,0.0,1.0,0.9287420135227343,,,,0.8957710498771183,0.5,0.5,0.6118826062569813,0.9762473378409114,0.5220324860244732
robot_3,lab,robot_anomaly_lab,2026-04-13 08:42:55.923000+00:00,,,,,,,,,,,,,24.6109,0.06330000000000002,0.13737162162162153,25.56989703262559,64.8345,,0.0,1.0,0.9434898579492588,,,,0.9614073089779085,0.5,0.5,0.874358060174354,0.9811632859830862,0.58888033653936
robot_3,hospital,robot_anomaly_hospital,2026-04-25 14:00:09.733000+00:00,,,,,,,,,,,,,39.0391,0.05500000000000005,0.3261662162162162,37.431302275652754,50.8637,,0.0,1.0,0.8767756342658644,,,,0.8130362914046735,0.5,0.5,0.739914417536062,0.9589252114219547,0.5497099072395042
robot_5,outdoor,robot_anomaly_outdoor,2026-04-30 17:08:11.422000+00:00,,,,,,,,,,,,,22.2533,0.12080000000000002,0.45120405405405406,26.119861519645806,41.6109,,0.0,1.0,0.9921841076856275,,,,0.9015967672144676,0.5,0.5,0.7345932178508668,0.9973947025618758,0.5579969801031857
robot_5,hospital,robot_anomaly_hospital,2026-05-04 20:20:00.942000+00:00,,,,,,,,,,,,,42.4903,0.0,0.21525675675675682,33.69562591427044,59.071,,0.0,1.0,0.9919204763972458,,,,0.9345186953382532,0.5,0.5,0.812016300002296,0.9973068254657486,0.5773307813670112
robot_1,hospital,robot_anomaly_hospital,2026-05-07 05:06:11.104000+00:00,,,,,,,,,,,,,23.4932,0.01759999999999995,0.16360135135135134,39.72338368547231,62.8935,,1.0,0.0,0.9192202716953043,,,,0.582636308322356,0.5,0.5,0.8098543562870436,0.3064067572317681,0.40406527837970296
robot_1,warehouse,robot_anomaly_warehouse,2026-04-30 08:30:42.470000+00:00,,,,,,,,,,,,,29.7815,0.02859999999999996,0.5212310810810811,45.61617786488777,36.4289,,0.0,1.0,0.8994789405123752,,,,0.9064817984373514,0.5,0.5,0.6345638214691722,0.9664929801707918,0.525264200409991
robot_5,outdoor,robot_anomaly_outdoor,2026-04-16 10:41:16.883000+00:00,,,,,,,,,,,,,22.2967,0.029000000000000026,0.15973378378378378,26.119861519645806,63.1797,,0.0,1.0,0.9981080578127908,,,,0.9580682194388503,0.5,0.5,0.8715820085783456,0.9993693526042636,0.5927378402956524
robot_4,outdoor,robot_anomaly_outdoor,2026-05-09 18:49:57.816000+00:00,,,,,,,,,,,,,41.8745,0.09389999999999998,0.46060270270270276,47.74265761291576,40.9154,,0.0,1.0,0.929672476893493,,,,0.8681479539141492,0.5,0.5,0.6290711083666538,0.976557492297831,0.5264071501661212
robot_3,warehouse,robot_anomaly_warehouse,2026-04-27 08:49:25.114000+00:00,,,,,,,,,,,,,34.2085,0.030100000000000016,0.49071756756756757,41.50002108112327,38.6869,,0.0,1.0,0.9968674399851126,,,,0.9069083516672121,0.5,0.5,0.6632343339453397,0.9989558133283709,0.5405475368184276
robot_3,outdoor,robot_anomaly_outdoor,2026-04-20 07:11:13.337000+00:00,,,,,,,,,,,,,34.5769,0.11070000000000002,0.2590986486486486,34.9320233150912,55.8267,,1.0,0.0,0.5404906643508467,,,,0.674780852625457,0.5,0.5,0.7678031164417423,0.18016355478361556,0.36199166780633946
robot_5,lab,robot_anomaly_lab,2026-04-15 23:53:21.207000+00:00,,,,,,,,,,,,,26.91,0.01759999999999995,0.29172162162162163,44.31142771759781,53.4126,,0.0,1.0,0.9725668382854662,,,,0.9572917018563583,0.5,0.5,0.7360835357060868,0.9908556127618221,0.5567347871169772
robot_2,warehouse,robot_anomaly_warehouse,2026-05-06 23:56:04.697000+00:00,,,,,,,,,,,,,40.785,0.057699999999999974,0.1940378378378379,58.39748493129811,60.6412,,0.0,1.0,0.9464208175671485,,,,0.9321071136213167,0.5,0.5,0.6955491576932502,0.9821402725223828,0.5444223575539082
robot_1,hospital,robot_anomaly_hospital,2026-04-25 18:57:08.909000+00:00,,,,,,,,,,,,,21.6092,0.050000000000000044,0.1704986486486486,39.72338368547231,62.3831,,0.0,1.0,0.9885708082625148,,,,0.9213774363080975,0.5,0.5,0.800745050833217,0.9961902694208383,0.5742338300635139
robot_4,hospital,robot_anomaly_hospital,2026-04-22 18:15:52.360000+00:00,,,,,,,,,,,,,23.5916,0.06169999999999998,0.3187054054054055,41.58712541309663,51.4158,,0.0,1.0,0.9804602692140686,,,,0.9138945566827148,0.5,0.5,0.7294402925326973,0.9934867564046895,0.5557317622343467
robot_1,warehouse,robot_anomaly_warehouse,2026-04-29 00:47:46.292000+00:00,,,,,,,,,,,,,226.3585,0.013499999999999956,0.8743040540540541,45.61617786488777,10.3015,,1.0,0.0,0.9683332299485143,,,,0.5469637872701085,0.5,0.5,0.40729267769553806,0.32277774331617143,0.3075176052529274
robot_2,outdoor,robot_anomaly_outdoor,2026-04-13 07:07:22.406000+00:00,,,,,,,,,,,,,230.898,0.03500000000000003,0.895395945945946,50.074809997698374,8.7407,,1.0,0.0,0.9670305812294523,,,,0.6665559472068144,0.5,0.5,0.3716315103485287,0.3223435270764841,0.2984937593562532
robot_1,warehouse,robot_anomaly_warehouse,2026-04-23 17:25:07.233000+00:00,,,,,,,,,,,,,37.4162,0.08130000000000004,0.4750540540540541,45.61617786488777,39.846,,0.0,1.0,0.9795453135661559,,,,0.9463235027791027,0.5,0.5,0.637839628065922,0.9931817711887186,0.5327553498136601
robot_5,outdoor,robot_anomaly_outdoor,2026-04-29 06:03:16.102000+00:00,,,,,,,,,,,,,16.2328,0.05279999999999996,0.43071081081081075,26.119861519645806,43.1274,,0.0,1.0,0.9879194839029837,,,,0.9710150938685433,0.5,0.5,0.7606548039072285,0.9959731613009946,0.5641569913020558
robot_4,lab,robot_anomaly_lab,2026-04-24 03:38:07.871000+00:00,,,,,,,,,,,,,16.5451,0.034599999999999964,0.2670743243243243,53.89857422167088,55.2365,,0.0,1.0,0.9093263445195707,,,,0.9648444356861502,0.5,0.5,0.7030584771736978,0.9697754481731903,0.5432084813367221
robot_2,outdoor,robot_anomaly_outdoor,2026-04-11 23:18:07.567000+00:00,,,,,,,,,,,,,11.2204,0.06730000000000003,0.3292459459459459,50.074809997698374,50.6358,,0.0,1.0,0.9830965820978848,,,,0.9434440930923612,0.5,0.5,0.690813293319871,0.9943655273659616,0.5462947051714582
robot_2,outdoor,robot_anomaly_outdoor,2026-05-03 13:29:02.244000+00:00,,,,,,,,,,,,,10.0,0.0010000000000000009,0.08619999999999994,50.074809997698374,68.6212,,0.0,1.0,0.9745828422554432,,,,0.9274761684510887,0.5,0.5,0.803334776440213,0.9915276140851477,0.5737155976313402
robot_5,warehouse,robot_anomaly_warehouse,2026-05-05 07:59:41.027000+00:00,,,,,,,,,,,,,37.0,0.06599999999999995,0.42067567567567576,31.857120950670687,43.87,,0.0,1.0,0.9903231809441102,,,,0.8812609590380328,0.5,0.5,0.7260668485045543,0.9967743936480368,0.5557103105381478
robot_5,lab,robot_anomaly_lab,2026-04-27 18:21:55.829000+00:00,,,,,,,,,,,,,19.2413,0.04910000000000003,0.4478283783783784,44.31142771759781,41.8607,,0.0,1.0,0.9757769369145834,,,,0.9222791546446356,0.5,0.5,0.6701214590588311,0.9919256456381945,0.5405117761742564
robot_5,outdoor,robot_anomaly_outdoor,2026-04-27 10:33:45.706000+00:00,,,,,,,,,,,,,38.3204,0.04600000000000004,0.15533378378378382,26.119861519645806,63.5053,,0.0,1.0,0.956237206128652,,,,0.9103728619434632,0.5,0.5,0.8622730620826713,0.985412402042884,0.5869213660313888
robot_4,lab,robot_anomaly_lab,2026-04-20 05:42:04.179000+00:00,,,,,,,,,,,,,28.7244,0.06710000000000005,0.22452027027027022,53.89857422167088,58.3855,,0.0,1.0,0.9410241300167483,,,,0.8764185927780815,0.5,0.5,0.7073116471139194,0.9803413766722494,0.5469132559465422
robot_5,lab,robot_anomaly_lab,2026-05-07 14:50:19.964000+00:00,,,,,,,,,,,,,28.864,0.04290000000000005,0.2983608108108108,44.31142771759781,52.9213,,0.0,1.0,0.9502047019415669,,,,0.9186456187522953,0.5,0.5,0.7269113541228336,0.9834015673138556,0.5525782303591723
robot_4,lab,robot_anomaly_lab,2026-04-24 20:32:56.879000+00:00,,,,,,,,,,,,,56.2843,0.061799999999999966,0.25252027027027035,53.89857422167088,56.3135,,0.0,1.0,0.8999441721977545,,,,0.9219536882384295,0.5,0.5,0.6847566908725783,0.9666480573992514,0.5378511870679574
robot_5,lab,robot_anomaly_lab,2026-05-07 07:02:34.556000+00:00,,,,,,,,,,,,,48.4675,0.08189999999999997,0.425345945945946,44.31142771759781,43.5244,,0.0,1.0,0.9756993983003536,,,,0.9612653206305156,0.5,0.5,0.6585265206665671,0.9918997994334512,0.5376065800250045
robot_3,warehouse,robot_anomaly_warehouse,2026-04-24 16:03:45.199000+00:00,,,,,,,,,,,,,50.4743,0.007399999999999962,0.27370945945945946,41.50002108112327,54.7455,,0.0,1.0,0.9811581167421376,,,,0.887393195674939,0.5,0.5,0.7476895797832877,0.9937193722473792,0.5603522380076666
robot_2,warehouse,robot_anomaly_warehouse,2026-04-30 04:51:23.286000+00:00,,,,,,,,,,,,,32.9975,0.023499999999999965,0.40639594594594597,58.39748493129811,44.9267,,0.0,1.0,0.9905868122324918,,,,0.922752174436303,0.5,0.5,0.6217551839395321,0.996862270744164,0.5296543636709241
robot_2,lab,robot_anomaly_lab,2026-05-08 20:09:14.449000+00:00,,,,,,,,,,,,,39.7813,0.06579999999999997,0.33238918918918925,14.63679636698148,50.4032,,1.0,0.0,0.22165188263755353,,,,0.5520139973937773,0.5,0.5,0.8388632861092873,0.07388396087918452,0.35318681174711797
robot_4,outdoor,robot_anomaly_outdoor,2026-04-25 22:16:09.652000+00:00,,,,,,,,,,,,,40.0795,0.021399999999999975,0.5245878378378378,47.74265761291576,36.1805,,0.0,1.0,0.9256869921220768,,,,0.9534666014963722,0.5,0.5,0.6204206371985665,0.9752289973740256,0.523912408643148
robot_3,warehouse,robot_anomaly_warehouse,2026-05-07 22:46:34.297000+00:00,,,,,,,,,,,,,24.96,0.08309999999999995,0.3734067567567567,41.50002108112327,47.3679,,0.0,1.0,0.9633552509149557,,,,0.9167828210653687,0.5,0.5,0.7025751981367291,0.9877850836383185,0.547590070443762
robot_4,warehouse,robot_anomaly_warehouse,2026-04-20 17:48:38.177000+00:00,,,,,,,,,,,,,13.9051,0.055400000000000005,0.5200121621621621,44.033102772410636,36.5191,,0.0,1.0,0.955554866323429,,,,0.9451629804794432,0.5,0.5,0.6435454159333739,0.985184955441143,0.5321825928436292
robot_2,lab,robot_anomaly_lab,2026-04-14 14:14:09.744000+00:00,,,,,,,,,,,,,50.6302,0.04200000000000004,0.2986081081081081,14.63679636698148,52.903,,0.0,1.0,0.9750325662179765,,,,0.8514649841142619,0.5,0.5,0.8527359516180807,0.9916775220726589,0.586103368422685
robot_1,hospital,robot_anomaly_hospital,2026-04-25 15:00:32.447000+00:00,,,,,,,,,,,,,40.4905,0.04069999999999996,0.21485675675675675,39.72338368547231,59.1006,,0.0,1.0,0.9440791514174058,,,,0.9061331154699204,0.5,0.5,0.7764835535228871,0.9813597171391354,0.5644608176655057
robot_2,outdoor,robot_anomaly_outdoor,2026-05-10 08:50:45.529000+00:00,,,,,,,,,,,,,27.9673,0.036900000000000044,0.48571351351351344,50.074809997698374,39.0572,,0.0,1.0,0.961726940016128,,,,0.8897872748050265,0.5,0.5,0.6273722942952894,0.9872423133387094,0.5286536519084997
robot_2,hospital,robot_anomaly_hospital,2026-04-13 14:46:21.437000+00:00,,,,,,,,,,,,,26.2041,0.09430000000000005,0.28272567567567575,38.92765711090124,54.0783,,1.0,0.0,0.939876558526146,,,,0.7052122807837808,0.5,0.5,0.7475469544133153,0.313292186175382,0.3902097851471743
robot_4,outdoor,robot_anomaly_outdoor,2026-04-17 02:48:13.577000+00:00,,,,,,,,,,,,,44.771,0.06599999999999995,0.18562297297297303,47.74265761291576,61.2639,,0.0,1.0,0.9688604925252776,,,,0.893189063475052,0.5,0.5,0.7439519128992977,0.9896201641750926,0.5583930192685975
robot_5,hospital,robot_anomaly_hospital,2026-04-28 02:03:23.048000+00:00,,,,,,,,,,,,,42.8868,0.07679999999999998,0.3633243243243244,33.69562591427044,48.114,,0.0,1.0,0.9777464177160226,,,,0.886276960143109,0.5,0.5,0.7355251990992857,0.9925821392386741,0.55702683458449
robot_4,lab,robot_anomaly_lab,2026-05-01 11:54:54.974000+00:00,,,,,,,,,,,,,45.3458,0.09360000000000002,0.4618702702702703,53.89857422167088,40.8216,,0.0,1.0,0.9735748402704547,,,,0.8874073208571884,0.5,0.5,0.5989176494697234,0.9911916134234849,0.5225273157233021
robot_4,lab,robot_anomaly_lab,2026-04-24 12:37:25.264000+00:00,,,,,,,,,,,,,33.6486,0.024900000000000033,0.31473648648648656,53.89857422167088,51.7095,,1.0,0.0,0.95628372929719,,,,0.5846234453546915,0.5,0.5,0.6783728582906748,0.31876124309906334,0.3742835253474346
robot_3,outdoor,robot_anomaly_outdoor,2026-04-11 07:40:37.150000+00:00,,,,,,,,,,,,,41.7468,0.01200000000000001,0.3805324324324324,34.9320233150912,46.8406,,0.0,1.0,0.9852056324049376,,,,0.8969350614494809,0.5,0.5,0.7379241067633897,0.9950685441349792,0.5582481627245922
robot_4,outdoor,robot_anomaly_outdoor,2026-05-09 00:04:18.008000+00:00,,,,,,,,,,,,,28.6936,0.07079999999999997,0.31312432432432435,47.74265761291576,51.8288,,1.0,0.0,0.38544445133676575,,,,0.6192454645137978,0.5,0.5,0.6991954472341376,0.1284814837789219,0.33191923275326485
robot_4,lab,robot_anomaly_lab,2026-04-13 13:43:03.198000+00:00,,,,,,,,,,,,,33.1894,0.008099999999999996,0.325018918918919,53.89857422167088,50.9486,,0.0,1.0,0.9359531046461138,,,,0.9750243590936482,0.5,0.5,0.6782057943906109,0.9786510348820379,0.5392142073181622
robot_5,outdoor,robot_anomaly_outdoor,2026-04-27 13:38:49.313000+00:00,,,,,,,,,,,,,24.1485,0.09130000000000005,0.37201756756756754,26.119861519645806,47.4707,,0.0,1.0,0.9698840022331121,,,,0.8998700318255877,0.5,0.5,0.7719680158203134,0.9899613340777039,0.5654823374745043
robot_5,warehouse,robot_anomaly_warehouse,2026-04-23 06:58:35.285000+00:00,,,,,,,,,,,,,51.0458,0.07320000000000004,0.2790864864864865,31.857120950670687,54.3476,,0.0,1.0,0.9572297003907946,,,,0.897395401038312,0.5,0.5,0.7747130606895707,0.9857432334635982,0.5651140735382922
robot_3,outdoor,robot_anomaly_outdoor,2026-05-01 06:53:02.402000+00:00,,,,,,,,,,,,,38.1515,0.11380000000000001,0.3843378378378379,34.9320233150912,46.559,,0.0,1.0,0.9615563550648223,,,,0.9567483054310962,0.5,0.5,0.7153921769615543,0.9871854516882741,0.5506444071624571
robot_4,lab,robot_anomaly_lab,2026-04-13 02:25:29.001000+00:00,,,,,,,,,,,,,36.0918,0.06320000000000003,0.4129324324324325,53.89857422167088,44.443,,0.0,1.0,0.9666583958811488,,,,0.8347916405257496,0.5,0.5,0.6294637110247099,0.988886131960383,0.5295874607462732
robot_2,warehouse,robot_anomaly_warehouse,2026-04-11 01:38:50.997000+00:00,,,,,,,,,,,,,40.6851,0.06640000000000001,0.3087986486486487,58.39748493129811,52.1489,,0.0,1.0,0.9957818993858942,,,,0.9217711633105239,0.5,0.5,0.6477549980924484,0.9985939664619647,0.5365872411386032
robot_4,hospital,robot_anomaly_hospital,2026-04-27 17:58:47.195000+00:00,,,,,,,,,,,,,46.9859,0.06840000000000002,0.28601486486486494,41.58712541309663,53.8349,,0.0,1.0,0.9652937162707028,,,,0.900830198188534,0.5,0.5,0.7303866815752487,0.9884312387569009,0.5547044800830374
robot_5,outdoor,robot_anomaly_outdoor,2026-04-30 00:17:38.434000+00:00,,,,,,,,,,,,,18.5693,0.04269999999999996,0.21950000000000003,26.119861519645806,58.757,,1.0,0.0,0.9700390794615719,,,,0.721091000718675,0.5,0.5,0.8463232071055469,0.32334635982052395,0.4174173917315177
robot_1,lab,robot_anomaly_lab,2026-05-10 01:23:15.296000+00:00,,,,,,,,,,,,,36.8158,0.020199999999999996,0.2103364864864865,49.14167586402035,59.4351,,0.0,1.0,0.9985112586067861,,,,0.9495217465280188,0.5,0.5,0.7414784531751946,0.9995037528689288,0.5602455515110308
robot_4,outdoor,robot_anomaly_outdoor,2026-04-15 05:12:29.983000+00:00,,,,,,,,,,,,,34.6294,0.027599999999999958,0.26314729729729736,47.74265761291576,55.5271,,0.0,1.0,0.9737144097760685,,,,0.8922515253382637,0.5,0.5,0.7260963367911634,0.9912381365920228,0.5543336183457965
robot_2,lab,robot_anomaly_lab,2026-05-09 07:10:27.333000+00:00,,,,,,,,,,,,,24.0439,0.10719999999999996,0.16688918918918927,14.63679636698148,62.6502,,0.0,1.0,0.9309441101668631,,,,0.926725024241596,0.5,0.5,0.9030112582420349,0.976981370055621,0.5949981570744141
robot_2,warehouse,robot_anomaly_warehouse,2026-04-16 02:17:16.359000+00:00,,,,,,,,,,,,,34.3215,0.10219999999999996,0.15263378378378378,58.39748493129811,63.7051,,0.0,1.0,0.9847559084424043,,,,0.9209246543098543,0.5,0.5,0.7051515141517926,0.9949186361474681,0.5500175375748152
robot_3,outdoor,robot_anomaly_outdoor,2026-04-12 14:03:07.137000+00:00,,,,,,,,,,,,,35.752,0.020399999999999974,0.3437648648648649,34.9320233150912,49.5614,,1.0,0.0,0.9867408969666894,,,,0.6591168777197407,0.5,0.5,0.7534889619464574,0.3289136323222298,0.3956006485671718
robot_3,outdoor,robot_anomaly_outdoor,2026-04-26 12:30:19.904000+00:00,,,,,,,,,,,,,33.6794,0.08199999999999996,0.20754864864864864,34.9320233150912,59.6414,,0.0,1.0,0.8935394826623658,,,,0.9272489885560139,0.5,0.5,0.7952154506497127,0.9645131608874552,0.5649321528842919
robot_2,warehouse,robot_anomaly_warehouse,2026-04-17 21:17:45.902000+00:00,,,,,,,,,,,,,30.1566,0.04910000000000003,0.20207567567567575,58.39748493129811,60.0464,,0.0,1.0,0.9716363749147076,,,,0.9654164943230304,0.5,0.5,0.6990807159255633,0.9905454583049025,0.5474065435576164
robot_4,warehouse,robot_anomaly_warehouse,2026-04-21 06:21:21.980000+00:00,,,,,,,,,,,,,28.857,0.022199999999999998,0.4103851351351351,44.033102772410636,44.6315,,0.0,1.0,0.9716673903603995,,,,0.8898259399523601,0.5,0.5,0.6879814443504261,0.9905557967867998,0.5446343102843064
robot_3,warehouse,robot_anomaly_warehouse,2026-04-16 00:26:50.601000+00:00,,,,,,,,,,,,,25.2615,0.04139999999999999,0.16602432432432435,41.50002108112327,62.7142,,0.0,1.0,0.901650021710812,,,,0.9181240566296893,0.5,0.5,0.7946669951241274,0.967216673903604,0.5654709172569329
robot_1,warehouse,robot_anomaly_warehouse,2026-05-10 08:56:41.401000+00:00,,,,,,,,,,,,,38.7852,0.07999999999999996,0.34248783783783776,45.61617786488777,49.6559,,0.0,1.0,0.9735903479933007,,,,0.8931873048341823,0.5,0.5,0.6905326877890152,0.9911967826644336,0.5454323676133622
robot_2,lab,robot_anomaly_lab,2026-04-13 06:43:10.727000+00:00,,,,,,,,,,,,,37.1212,0.007800000000000029,0.39536621621621626,14.63679636698148,45.7429,,0.0,1.0,0.9553377582035854,,,,0.9533867541791621,0.5,0.5,0.8277840476502233,0.9851125860678618,0.5782241584295212
robot_2,lab,robot_anomaly_lab,2026-05-02 01:07:07.882000+00:00,,,,,,,,,,,,,30.0971,0.7855,0.1538364864864864,14.63679636698148,63.6161,,1.0,0.0,0.9230816946839526,,,,0.5664422181654154,0.5,0.5,0.7545951987926334,0.3076938982279842,0.3905722742551544
robot_3,outdoor,robot_anomaly_outdoor,2026-04-21 01:21:53.859000+00:00,,,,,,,,,,,,,43.958,0.08979999999999999,0.326131081081081,34.9320233150912,50.8663,,0.0,1.0,0.9759009986973513,,,,0.9304389073881183,0.5,0.5,0.741372824900112,0.9919669995657837,0.5583349561164739
robot_2,lab,robot_anomaly_lab,2026-04-25 18:22:01.623000+00:00,,,,,,,,,,,,,29.5023,0.06659999999999999,0.374468918918919,14.63679636698148,47.2893,,0.0,1.0,0.9557564667204268,,,,0.8948024805004616,0.5,0.5,0.8265282047739939,0.9852521555734756,0.5779450900868673
robot_3,warehouse,robot_anomaly_warehouse,2026-05-05 01:01:37.694000+00:00,,,,,,,,,,,,,38.1078,0.04569999999999996,0.24724729729729733,41.50002108112327,56.7037,,0.0,1.0,0.9947118665095217,,,,0.9531482819574986,0.5,0.5,0.7553789502353824,0.9982372888365072,0.5634040597679724
robot_5,hospital,robot_anomaly_hospital,2026-04-29 03:23:35.088000+00:00,,,,,,,,,,,,,40.847,0.45840000000000003,0.20061351351351353,33.69562591427044,60.1546,,1.0,0.0,0.9594473047577694,,,,0.6861806142007985,0.5,0.5,0.716652315188065,0.3198157682525898,0.38411702086016364
robot_2,warehouse,robot_anomaly_warehouse,2026-04-28 22:15:54.811000+00:00,,,,,,,,,,,,,28.3472,0.08799999999999997,0.4627891891891892,58.39748493129811,40.7536,,0.0,1.0,0.9350846721667391,,,,0.9196106472577567,0.5,0.5,0.5869651064624913,0.978361557388913,0.5163316659628511
robot_3,hospital,robot_anomaly_hospital,2026-04-21 12:41:14.040000+00:00,,,,,,,,,,,,,30.8104,0.03380000000000005,0.462322972972973,37.431302275652754,40.7881,,0.0,1.0,0.8648812108429998,,,,0.8903723210864227,0.5,0.5,0.6939098561377307,0.9549604036143333,0.537217564938016
robot_3,hospital,robot_anomaly_hospital,2026-05-08 10:26:43.958000+00:00,,,,,,,,,,,,,41.0913,0.05720000000000003,0.39053513513513516,37.431302275652754,46.1004,,0.0,1.0,0.9197630419949134,,,,0.8776474569294148,0.5,0.5,0.7127441556802699,0.9732543473316378,0.546499625752977
robot_2,outdoor,robot_anomaly_outdoor,2026-04-16 07:10:46.279000+00:00,,,,,,,,,,,,,48.6381,0.0,0.18638783783783786,50.074809997698374,61.2073,,0.0,1.0,0.9556789281061969,,,,0.930194639751613,0.5,0.5,0.7459099401023407,0.9852263093687323,0.5577840623677682
robot_4,hospital,robot_anomaly_hospital,2026-04-22 14:53:51.266000+00:00,,,,,,,,,,,,,40.7212,0.03949999999999998,0.14321621621621616,41.58712541309663,64.402,,0.0,1.0,0.9797934371316915,,,,0.9740870530113448,0.5,0.5,0.7967839025584164,0.9932644790438973,0.5725120954005785
robot_3,hospital,robot_anomaly_hospital,2026-05-02 03:19:30.304000+00:00,,,,,,,,,,,,,33.77,0.0,0.45220945945945945,37.431302275652754,41.5365,,0.0,1.0,0.9726133614540041,,,,0.9476531605176801,0.5,0.5,0.7041279005930445,0.990871120484668,0.548749755269428
robot_5,hospital,robot_anomaly_hospital,2026-04-21 05:24:36.430000+00:00,,,,,,,,,,,,,48.2701,0.06299999999999994,0.40881486486486485,33.69562591427044,44.7477,,0.0,1.0,0.9779790335587122,,,,0.937299022841801,0.5,0.5,0.7179504588162932,0.9926596778529041,0.5526525341672993
robot_5,outdoor,robot_anomaly_outdoor,2026-05-10 10:11:12.760000+00:00,,,,,,,,,,,,,33.3464,0.06459999999999999,0.46655,26.119861519645806,40.4753,,0.0,1.0,0.9980460269214069,,,,0.8814827418260152,0.5,0.5,0.7359112205160484,0.9993486756404689,0.5588149740391293
robot_2,lab,robot_anomaly_lab,2026-04-19 10:16:31.815000+00:00,,,,,,,,,,,,,53.2106,0.007000000000000006,0.3988783783783785,14.63679636698148,45.483,,0.0,1.0,0.9677284287575213,,,,0.8715240215569896,0.5,0.5,0.8192398717859103,0.9892428095858404,0.5771206703429377
robot_2,lab,robot_anomaly_lab,2026-04-23 12:05:45.181000+00:00,,,,,,,,,,,,,36.3154,0.06799999999999995,0.2998337837837838,14.63679636698148,52.8123,,0.0,1.0,0.9619440481359717,,,,0.9213026803703839,0.5,0.5,0.8529723198812166,0.9873146827119905,0.5850717506483017
robot_5,lab,robot_anomaly_lab,2026-04-19 02:29:35.245000+00:00,,,,,,,,,,,,,35.1615,0.06610000000000005,0.29294054054054053,44.31142771759781,53.3224,,0.0,1.0,0.9395353886235345,,,,0.8283649283902778,0.5,0.5,0.7210547182607033,0.9798451295411782,0.5502249619504704
robot_4,lab,robot_anomaly_lab,2026-04-16 18:20:36.258000+00:00,,,,,,,,,,,,,40.3049,0.03759999999999997,0.2623648648648649,53.89857422167088,55.585,,0.0,1.0,0.9339215929532907,,,,0.888156012437808,0.5,0.5,0.6934692540217282,0.9779738643177636,0.542860779584873
robot_4,warehouse,robot_anomaly_warehouse,2026-04-25 23:39:00.514000+00:00,,,,,,,,,,,,,36.1496,0.07689999999999997,0.31083108108108104,44.033102772410636,51.9985,,0.0,1.0,0.9901525959928044,,,,0.8938913937992172,0.5,0.5,0.7123187554135895,0.9967175319976015,0.5522590718527978
robot_1,hospital,robot_anomaly_hospital,2026-04-25 03:28:25.912000+00:00,,,,,,,,,,,,,33.3394,0.06320000000000003,0.4359432432432432,39.72338368547231,42.7402,,0.0,1.0,0.9805843309968364,,,,0.8867899861573993,0.5,0.5,0.6862961886948803,0.9935281103322788,0.5449560747567898
robot_2,outdoor,robot_anomaly_outdoor,2026-05-01 17:15:28.291000+00:00,,,,,,,,,,,,,33.9558,0.006800000000000028,0.4880486486486486,50.074809997698374,38.8844,,0.0,1.0,0.9951305750263632,,,,0.9822299036138327,0.5,0.5,0.6304103265213568,0.998376858342121,0.5321967962158693
robot_2,lab,robot_anomaly_lab,2026-05-07 04:59:23.563000+00:00,,,,,,,,,,,,,32.7333,0.0,0.20924459459459455,14.63679636698148,59.5159,,0.0,1.0,0.9818559642702066,,,,0.9527917598447067,0.5,0.5,0.9059633291528273,0.9939519880900689,0.599978829310724
robot_4,outdoor,robot_anomaly_outdoor,2026-04-15 02:24:37.310000+00:00,,,,,,,,,,,,,41.8906,0.06269999999999998,0.2421283783783783,47.74265761291576,57.0825,,0.0,1.0,0.9436294274548725,,,,0.9233188219389389,0.5,0.5,0.7233937896158377,0.9812098091516241,0.5511508996918655
robot_4,lab,robot_anomaly_lab,2026-04-24 15:05:10.264000+00:00,,,,,,,,,,,,,317.3561,0.08919999999999995,0.8655581081081081,53.89857422167088,10.9487,,1.0,0.0,0.9343403014701321,,,,0.5208047811871482,0.5,0.5,0.31471423895892475,0.3114467671567107,0.2815402515289089
robot_2,hospital,robot_anomaly_hospital,2026-05-07 12:28:30.938000+00:00,,,,,,,,,,,,,36.595,0.040000000000000036,0.1730418918918919,38.92765711090124,62.1949,,0.0,1.0,0.9870975745921469,,,,0.977324426924902,0.5,0.5,0.7987735562668283,0.9956991915307155,0.5736181869493859
robot_2,warehouse,robot_anomaly_warehouse,2026-05-03 12:38:12.825000+00:00,,,,,,,,,,,,,16.686,0.050899999999999945,0.3589391891891892,58.39748493129811,48.4385,,0.0,1.0,0.9281837355002791,,,,0.8873936342470863,0.5,0.5,0.642061177926699,0.9760612451667597,0.5295306057733647
robot_1,outdoor,robot_anomaly_outdoor,2026-05-05 11:23:36.310000+00:00,,,,,,,,,,,,,55.2018,0.04300000000000004,0.3186756756756757,32.28341037492993,51.418,,0.0,1.0,0.9984337199925563,,,,0.9234573058535279,0.5,0.5,0.7617568391783633,0.9994779066641853,0.5653086864606371
robot_5,hospital,robot_anomaly_hospital,2026-04-18 09:44:19.732000+00:00,,,,,,,,,,,,,33.9083,0.04610000000000003,0.36166891891891895,33.69562591427044,48.2365,,0.0,1.0,0.9712021586750201,,,,0.9624766227755887,0.5,0.5,0.7470997269756234,0.9904007195583401,0.5593751116334909
robot_2,warehouse,robot_anomaly_warehouse,2026-04-11 16:52:58.740000+00:00,,,,,,,,,,,,,31.5581,0.03400000000000003,0.3535108108108108,58.39748493129811,48.8402,,0.0,1.0,0.9860430494386204,,,,0.8408364437860785,0.5,0.5,0.6412281908998002,0.9953476831462068,0.5341439685115018
robot_2,outdoor,robot_anomaly_outdoor,2026-04-15 01:35:53.239000+00:00,,,,,,,,,,,,,59.3027,0.04710000000000003,0.3352324324324325,50.074809997698374,50.1928,,0.0,1.0,0.9751256125550524,,,,0.8843804440820394,0.5,0.5,0.671044825894681,0.9917085375183508,0.5406883408532579
robot_5,hospital,robot_anomaly_hospital,2026-05-08 06:29:58.736000+00:00,,,,,,,,,,,,,24.321,0.09540000000000004,0.4072,33.69562591427044,44.8672,,0.0,1.0,0.9898269338130389,,,,0.9429073672042205,0.5,0.5,0.7222809618665862,0.9966089779376796,0.5547224849510664
robot_4,lab,robot_anomaly_lab,2026-05-03 18:29:07.484000+00:00,,,,,,,,,,,,,47.144,0.06340000000000001,0.6081081081081081,53.89857422167088,30.0,,0.0,1.0,0.9655418398362384,,,,0.9038579209121025,0.5,0.5,0.5463225434163969,0.9885139466120795,0.5087091225071191
robot_4,lab,robot_anomaly_lab,2026-05-01 05:00:23.714000+00:00,,,,,,,,,,,,,49.4741,0.056400000000000006,0.2643851351351352,53.89857422167088,55.4355,,0.0,1.0,0.9626418956640407,,,,0.8862012304595499,0.5,0.5,0.6843091436556967,0.9875472985546803,0.5429641105525942
robot_5,warehouse,robot_anomaly_warehouse,2026-04-30 01:41:43.339000+00:00,,,,,,,,,,,,,37.8203,0.05300000000000005,0.3643878378378378,31.857120950670687,48.0353,,0.0,1.0,0.9746293654239812,,,,0.9071653333026442,0.5,0.5,0.7511007016778853,0.9915431218079936,0.5606609558714697
robot_2,lab,robot_anomaly_lab,2026-05-07 10:20:59.514000+00:00,,,,,,,,,,,,,38.2245,0.043300000000000005,0.4262554054054054,14.63679636698148,43.4571,,0.0,1.0,0.9789870355437008,,,,0.9028196419997606,0.5,0.5,0.8070298186525596,0.9929956785145669,0.5750063742917816
robot_3,lab,robot_anomaly_lab,2026-04-14 14:40:34.176000+00:00,,,,,,,,,,,,,30.7246,0.043300000000000005,0.14395945945945954,25.56989703262559,64.347,,1.0,0.0,0.9677749519260592,,,,0.5962394901170915,0.5,0.5,0.8733913807208239,0.3225916506420197,0.42399575784071086
robot_3,hospital,robot_anomaly_hospital,2026-05-05 03:18:04.504000+00:00,,,,,,,,,,,,,42.5454,0.1271,0.2761094594594594,37.431302275652754,54.5679,,0.0,1.0,0.9968519322622666,,,,0.8603975276901089,0.5,0.5,0.742304236442215,0.9989506440874223,0.5603137201324093
robot_5,outdoor,robot_anomaly_outdoor,2026-04-11 16:19:53.692000+00:00,,,,,,,,,,,,,29.9515,0.0686,0.3810148648648648,26.119861519645806,46.8049,,0.0,1.0,0.918693009118541,,,,0.9152622981913388,0.5,0.5,0.7707794558284429,0.9728976697061803,0.5609192813836559
robot_3,outdoor,robot_anomaly_outdoor,2026-04-23 06:57:29.660000+00:00,,,,,,,,,,,,,43.7838,0.030200000000000005,0.470322972972973,34.9320233150912,40.1961,,0.0,1.0,0.9696668941132685,,,,0.9052625105483264,0.5,0.5,0.6970329943669711,0.9898889647044228,0.5467304897678484
robot_3,warehouse,robot_anomaly_warehouse,2026-04-26 06:35:17.395000+00:00,,,,,,,,,,,,,48.1167,0.08320000000000005,0.3818405405405405,41.50002108112327,46.7438,,0.0,1.0,0.9486694373798151,,,,0.8952076680917596,0.5,0.5,0.6886480498899458,0.9828898124599385,0.542884465587471
robot_4,lab,robot_anomaly_lab,2026-05-05 21:18:18.431000+00:00,,,,,,,,,,,,,31.631,0.06389999999999996,0.2974405405405405,53.89857422167088,52.9894,,0.0,1.0,0.890034737299175,,,,0.8731666273098824,0.5,0.5,0.6775334750151718,0.9633449124330583,0.5352195968620574
robot_2,outdoor,robot_anomaly_outdoor,2026-04-23 03:21:03.119000+00:00,,,,,,,,,,,,,30.1676,0.01649999999999996,0.31065135135135136,50.074809997698374,52.0118,,0.0,1.0,1.0,,,,0.9548158166716201,0.5,0.5,0.7009343602345114,1.0,0.5502335900586278
robot_5,warehouse,robot_anomaly_warehouse,2026-05-10 12:00:33.459000+00:00,,,,,,,,,,,,,32.4958,0.010199999999999987,0.41388513513513514,31.857120950670687,44.3725,,0.0,1.0,0.9253148067737733,,,,0.9274471405055426,0.5,0.5,0.7432439334347603,0.9751049355912578,0.5545872172565045
robot_3,hospital,robot_anomaly_hospital,2026-04-28 08:57:25.791000+00:00,,,,,,,,,,,,,274.5987,0.037900000000000045,0.9813310810810811,37.431302275652754,2.3815,,1.0,0.0,0.9645338378512499,,,,0.5972596427169703,0.5,0.5,0.3745225859891397,0.32151127928374995,0.2990084663182224
robot_3,warehouse,robot_anomaly_warehouse,2026-04-23 07:33:44.672000+00:00,,,,,,,,,,,,,24.2411,0.04720000000000002,0.24407027027027028,41.50002108112327,56.9388,,0.0,1.0,0.9753737361205881,,,,0.969089465230336,0.5,0.5,0.7626225033964835,0.9917912453735293,0.5636034371925032
robot_3,warehouse,robot_anomaly_warehouse,2026-04-27 04:27:30.258000+00:00,,,,,,,,,,,,,34.5528,0.06140000000000001,0.38038513513513517,41.50002108112327,46.8515,,0.0,1.0,0.9456454314248496,,,,0.9262427664320848,0.5,0.5,0.7002482053216088,0.9818818104749498,0.5455325039491397
robot_3,warehouse,robot_anomaly_warehouse,2026-04-29 09:47:37.564000+00:00,,,,,,,,,,,,,30.1835,0.03149999999999997,0.32021351351351346,41.50002108112327,51.3042,,0.0,1.0,0.9608895229824452,,,,0.9175630901382315,0.5,0.5,0.7329550549048695,0.9869631743274817,0.5549795573080878
robot_2,hospital,robot_anomaly_hospital,2026-04-17 08:09:32.227000+00:00,,,,,,,,,,,,,41.5438,0.03700000000000003,0.28000810810810806,38.92765711090124,54.2794,,0.0,1.0,0.9980770423670988,,,,0.9194054654145652,0.5,0.5,0.7544037487156825,0.9993590141223662,0.5634406907095122
robot_4,outdoor,robot_anomaly_outdoor,2026-04-13 11:16:22.851000+00:00,,,,,,,,,,,,,31.2732,0.049000000000000044,0.4154851351351351,47.74265761291576,44.2541,,0.0,1.0,0.9786458656410892,,,,0.9483397761399152,0.5,0.5,0.6619272454132488,0.9928819552136964,0.5387023001567363
robot_2,warehouse,robot_anomaly_warehouse,2026-05-08 02:00:20.985000+00:00,,,,,,,,,,,,,38.9503,0.0,0.4129256756756756,58.39748493129811,44.4435,,0.0,1.0,0.9872526518206066,,,,0.9127118800938068,0.5,0.5,0.6216634794594151,0.9957508839402022,0.5293535908499043
robot_1,outdoor,robot_anomaly_outdoor,2026-04-15 11:20:56.078000+00:00,,,,,,,,,,,,,36.4947,0.0786,0.4491878378378378,32.28341037492993,41.7601,,1.0,0.0,0.9559580671174245,,,,0.5892705406706324,0.5,0.5,0.7101407095643768,0.3186526890391415,0.3821983496508796
robot_2,hospital,robot_anomaly_hospital,2026-04-23 06:27:16.897000+00:00,,,,,,,,,,,,,16.042,0.046499999999999986,0.28659594594594595,38.92765711090124,53.7919,,0.0,1.0,0.9908659512437193,,,,0.9192665608952229,0.5,0.5,0.7612533029504339,0.9969553170812397,0.5645521550079184
robot_4,warehouse,robot_anomaly_warehouse,2026-04-14 20:03:56.093000+00:00,,,,,,,,,,,,,52.0871,0.009399999999999964,0.36070810810810805,44.033102772410636,48.3076,,0.0,1.0,0.9622852180385832,,,,0.8697443337790876,0.5,0.5,0.7001347751885081,0.9874284060128611,0.5468907953003423
robot_1,hospital,robot_anomaly_hospital,2026-05-08 15:38:40.798000+00:00,,,,,,,,,,,,,44.7976,0.03649999999999998,0.43715000000000004,39.72338368547231,42.6509,,0.0,1.0,0.9951305750263632,,,,0.9212281826133355,0.5,0.5,0.6865417062481475,0.998376858342121,0.5462296411475671
robot_1,lab,robot_anomaly_lab,2026-04-18 01:53:10.579000+00:00,,,,,,,,,,,,,27.1125,0.008199999999999985,0.43826891891891895,49.14167586402035,42.5681,,0.0,1.0,0.9530426152223808,,,,0.9339797626651102,0.5,0.5,0.6573877610188632,0.9843475384074601,0.5354338248565809
robot_4,lab,robot_anomaly_lab,2026-04-13 17:32:49.226000+00:00,,,,,,,,,,,,,27.9358,0.04800000000000004,0.43909054054054053,53.89857422167088,42.5073,,0.0,1.0,0.9555703740462751,,,,0.9543642874343984,0.5,0.5,0.6260908779938048,0.9851901246820917,0.5278202506689741
robot_3,warehouse,robot_anomaly_warehouse,2026-04-24 05:24:22.956000+00:00,,,,,,,,,,,,,146.2909,0.07030000000000003,0.8516202702702702,41.50002108112327,11.9801,,1.0,0.0,0.9161032194032628,,,,0.6756559722424855,0.5,0.5,0.4589572419469598,0.3053677398010876,0.3160812454370119
robot_5,outdoor,robot_anomaly_outdoor,2026-04-27 07:44:38.366000+00:00,,,,,,,,,,,,,46.2844,0.025699999999999945,0.2761648648648649,26.119861519645806,54.5638,,1.0,0.0,0.9632777123007258,,,,0.5794206312064378,0.5,0.5,0.8148343244166476,0.3210925707669086,0.40898172379588904
robot_2,hospital,robot_anomaly_hospital,2026-04-28 22:10:56.365000+00:00,,,,,,,,,,,,,25.9919,0.056499999999999995,0.4609581081081081,38.92765711090124,40.8891,,0.0,1.0,0.9962316233484275,,,,0.8442083997708816,0.5,0.5,0.684758895871395,0.9987438744494758,0.5458756925802177
robot_5,outdoor,robot_anomaly_outdoor,2026-04-13 22:00:36.045000+00:00,,,,,,,,,,,,,29.2885,0.0031999999999999806,0.36793243243243234,26.119861519645806,47.773,,0.0,1.0,0.9839029836858756,,,,0.933753017577064,0.5,0.5,0.790861834488222,0.9946343278952918,0.5713740405958785
robot_5,lab,robot_anomaly_lab,2026-04-24 07:02:35.330000+00:00,,,,,,,,,,,,,41.3981,0.044499999999999984,0.3051310810810811,44.31142771759781,52.4203,,0.0,1.0,0.9925252775882389,,,,0.9190129750766033,0.5,0.5,0.7181469757426766,0.9975084258627464,0.5539138504013557
robot_2,lab,robot_anomaly_lab,2026-04-28 11:50:47.557000+00:00,,,,,,,,,,,,,46.9349,0.02749999999999997,0.20048918918918912,14.63679636698148,60.1638,,1.0,0.0,0.9944327274982941,,,,0.694527794624226,0.5,0.5,0.896889545109441,0.3314775758327647,0.4320917802355514
robot_2,warehouse,robot_anomaly_warehouse,2026-04-13 13:52:25.534000+00:00,,,,,,,,,,,,,33.8933,0.0,0.4246,58.39748493129811,43.5796,,1.0,0.0,0.9594473047577694,,,,0.7152086738127778,0.5,0.5,0.619293612861224,0.3198157682525898,0.3597773452784534
robot_5,outdoor,robot_anomaly_outdoor,2026-05-10 06:41:03.994000+00:00,,,,,,,,,,,,,32.241,0.053200000000000025,0.6081081081081081,26.119861519645806,30.0,,0.0,1.0,0.999984492277154,,,,0.9545417575994788,0.5,0.5,0.6823265691776552,0.9999948307590514,0.5455803499841767
robot_4,outdoor,robot_anomaly_outdoor,2026-04-29 04:46:12.319000+00:00,,,,,,,,,,,,,24.2279,0.05610000000000004,0.2522243243243243,47.74265761291576,56.3354,,1.0,0.0,0.5146392903666026,,,,0.6835825792817015,0.5,0.5,0.7288563307993439,0.17154643012220086,0.35010069023038615
robot_2,lab,robot_anomaly_lab,2026-04-27 00:14:26.739000+00:00,,,,,,,,,,,,,51.3282,0.05820000000000003,0.3601837837837838,14.63679636698148,48.3464,,1.0,0.0,0.9904007195583401,,,,0.6738523727285847,0.5,0.5,0.8241846356904569,0.33013357318611336,0.41357955221914255
robot_2,hospital,robot_anomaly_hospital,2026-05-05 05:40:40.700000+00:00,,,,,,,,,,,,,35.2429,0.06699999999999995,0.2565581081081081,38.92765711090124,56.0147,,0.0,1.0,0.9675578438062155,,,,0.8708397996801447,0.5,0.5,0.7599759826867649,0.9891859479354052,0.5622904826555426
robot_5,hospital,robot_anomaly_hospital,2026-04-15 13:20:35.954000+00:00,,,,,,,,,,,,,34.1138,0.09099999999999997,0.4928513513513513,33.69562591427044,38.529,,0.0,1.0,0.9875317908318343,,,,0.9163562902641929,0.5,0.5,0.6845455295165707,0.9958439302772781,0.5450973649484622
robot_4,hospital,robot_anomaly_hospital,2026-04-19 22:32:10.339000+00:00,,,,,,,,,,,,,28.1937,0.027599999999999958,0.22540945945945945,41.58712541309663,58.3197,,0.0,1.0,0.980181130202841,,,,0.9132985488295194,0.5,0.5,0.7722510540010444,0.9933937100676137,0.5664111910171645
robot_5,warehouse,robot_anomaly_warehouse,2026-05-05 05:42:23.760000+00:00,,,,,,,,,,,,,30.211,0.06879999999999997,0.23928918918918918,31.857120950670687,57.2926,,0.0,1.0,0.9927268779852366,,,,0.8851298544676176,0.5,0.5,0.801086154053219,0.9975756259950789,0.5746654450120745
robot_2,warehouse,robot_anomaly_warehouse,2026-04-29 15:13:29.014000+00:00,,,,,,,,,,,,,23.8222,0.11050000000000004,0.3396891891891892,58.39748493129811,49.863,,0.0,1.0,0.9944637429439861,,,,0.9199215773060697,0.5,0.5,0.6332580173503501,0.9981545809813287,0.5328531495829197
robot_2,outdoor,robot_anomaly_outdoor,2026-04-28 06:20:58.099000+00:00,,,,,,,,,,,,,18.9688,0.08799999999999997,0.30532297297297295,50.074809997698374,52.4061,,1.0,0.0,0.34853607096333983,,,,0.5647557111960013,0.5,0.5,0.6922539982350046,0.11617869032111328,0.32710817213902943
robot_2,hospital,robot_anomaly_hospital,2026-04-28 15:37:43.862000+00:00,,,,,,,,,,,,,40.0153,0.07379999999999998,0.43461621621621627,38.92765711090124,42.8384,,0.0,1.0,0.9994882451460827,,,,0.8714460494935097,0.5,0.5,0.6850696852540673,0.9998294150486942,0.5462247750756903
robot_2,hospital,robot_anomaly_hospital,2026-04-20 22:28:35.753000+00:00,,,,,,,,,,,,,53.8278,0.07030000000000003,0.32649864864864864,38.92765711090124,50.8391,,0.0,1.0,0.9703182184727994,,,,0.889512084320139,0.5,0.5,0.7228135087764922,0.9901060728242665,0.5532298954001897
robot_3,warehouse,robot_anomaly_warehouse,2026-04-26 16:19:30.727000+00:00,,,,,,,,,,,,,40.3368,0.0726,0.2926094594594595,41.50002108112327,53.3469,,1.0,0.0,0.9633552509149557,,,,0.5774226362915813,0.5,0.5,0.7302366012841963,0.3211184169716519,0.3878387545639621
robot_3,lab,robot_anomaly_lab,2026-04-22 13:24:37.064000+00:00,,,,,,,,,,,,,39.1136,0.061799999999999966,0.595372972972973,25.56989703262559,30.9424,,0.0,1.0,0.9215929532907388,,,,0.8834410735004731,0.5,0.5,0.6848955320884155,0.9738643177635796,0.5396899624629988
robot_3,lab,robot_anomaly_lab,2026-04-28 09:21:39.723000+00:00,,,,,,,,,,,,,22.4734,0.03990000000000005,0.25926081081081076,25.56989703262559,55.8147,,0.0,1.0,0.9676663978661373,,,,0.8796627264023884,0.5,0.5,0.8317796991449876,0.9892221326220457,0.5802504579417583
robot_3,hospital,robot_anomaly_hospital,2026-04-16 07:27:56.917000+00:00,,,,,,,,,,,,,39.2922,0.06459999999999999,0.34374189189189186,37.431302275652754,49.5631,,0.0,1.0,0.9562216984058061,,,,0.9123211973790741,0.5,0.5,0.7306335716100687,0.9854072328019354,0.554010201103001
robot_2,warehouse,robot_anomaly_warehouse,2026-04-28 19:17:50.710000+00:00,,,,,,,,,,,,,31.6911,0.015499999999999958,0.42635675675675677,58.39748493129811,43.4496,,0.0,1.0,0.9634327895291855,,,,0.9147529049945229,0.5,0.5,0.6161445520492018,0.9878109298430618,0.5259888704730659
robot_5,outdoor,robot_anomaly_outdoor,2026-04-15 02:20:50.373000+00:00,,,,,,,,,,,,,36.8946,0.03190000000000004,0.37649054054054054,26.119861519645806,47.1397,,1.0,0.0,0.9893927175733516,,,,0.7153218010235733,0.5,0.5,0.7775952659742753,0.3297975725244505,0.4018482096246815
robot_1,outdoor,robot_anomaly_outdoor,2026-05-05 02:19:26.159000+00:00,,,,,,,,,,,,,48.8381,0.03480000000000005,0.43843243243243246,32.28341037492993,42.556,,0.0,1.0,0.9308355561069412,,,,0.8697760077432376,0.5,0.5,0.7185723174109839,0.9769451853689803,0.548879375694991
robot_2,hospital,robot_anomaly_hospital,2026-05-05 22:35:06.203000+00:00,,,,,,,,,,,,,31.6085,0.04090000000000005,0.3122013513513513,38.92765711090124,51.8971,,0.0,1.0,0.8902828608647106,,,,0.9330894847539483,0.5,0.5,0.7451773728573781,0.9634276202882369,0.5521512482864037
robot_3,lab,robot_anomaly_lab,2026-04-27 00:24:57.913000+00:00,,,,,,,,,,,,,39.2804,0.0,0.2011472972972973,25.56989703262559,60.1151,,0.0,1.0,0.9566714223683395,,,,0.8666027086704838,0.5,0.5,0.8562570241269235,0.9855571407894465,0.5854535412290924
robot_1,hospital,robot_anomaly_hospital,2026-04-21 10:40:01.348000+00:00,,,,,,,,,,,,,30.1416,0.03049999999999997,0.29706891891891896,39.72338368547231,53.0169,,0.0,1.0,0.9947428819552137,,,,0.9083062175517709,0.5,0.5,0.75057418023458,0.9982476273184046,0.5622054518882461
robot_3,lab,robot_anomaly_lab,2026-04-20 12:33:39.215000+00:00,,,,,,,,,,,,,37.3749,0.051000000000000045,0.22181621621621628,25.56989703262559,58.5856,,0.0,1.0,0.9188791017926927,,,,0.8604076431705703,0.5,0.5,0.8375113771632272,0.9729597005975643,0.5776177694401978
robot_1,warehouse,robot_anomaly_warehouse,2026-04-17 21:23:29.644000+00:00,,,,,,,,,,,,,34.6126,0.07289999999999996,0.31948243243243246,45.61617786488777,51.3583,,0.0,1.0,0.8994479250666833,,,,0.9097304688355028,0.5,0.5,0.7032118556727339,0.9664826416888944,0.5424236243404071
robot_4,warehouse,robot_anomaly_warehouse,2026-05-03 04:50:40.410000+00:00,,,,,,,,,,,,,40.4031,0.10540000000000005,0.3264945945945946,44.033102772410636,50.8394,,1.0,0.0,0.9619130326902797,,,,0.7513794401994203,0.5,0.5,0.6977792360625522,0.3206376775634266,0.37960422840649466
robot_5,lab,robot_anomaly_lab,2026-05-02 23:25:49.041000+00:00,,,,,,,,,,,,,35.1668,0.010700000000000043,0.17013513513513523,44.31142771759781,62.41,,0.0,1.0,0.9981700887041747,,,,0.8992880580297801,0.5,0.5,0.7824979045918964,0.9993900295680582,0.5704719835399886
robot_5,outdoor,robot_anomaly_outdoor,2026-04-21 21:42:29.917000+00:00,,,,,,,,,,,,,58.373,0.03990000000000005,0.23396756756756754,26.119861519645806,57.6864,,0.0,1.0,0.9470876496495255,,,,0.9286396679441596,0.5,0.5,0.8230567783337029,0.9823625498831752,0.5763548320542196
robot_1,lab,robot_anomaly_lab,2026-05-09 08:50:15.528000+00:00,,,,,,,,,,,,,35.0893,0.10389999999999999,0.573022972972973,49.14167586402035,32.5963,,0.0,1.0,0.9716363749147076,,,,0.8836391613451898,0.5,0.5,0.578570431517568,0.9905454583049025,0.5172789724556176
robot_4,outdoor,robot_anomaly_outdoor,2026-05-07 11:03:32.481000+00:00,,,,,,,,,,,,,277.9565,0.04369999999999996,0.9618648648648649,47.74265761291576,3.822,,1.0,0.0,0.9799485143601514,,,,0.643193690729235,0.5,0.5,0.33236569510137653,0.3266495047867171,0.2897537999720234
robot_5,warehouse,robot_anomaly_warehouse,2026-05-09 10:09:59.568000+00:00,,,,,,,,,,,,,64.0938,0.08440000000000003,0.328081081081081,31.857120950670687,50.722,,0.0,1.0,0.9483437752000496,,,,0.9082697416200334,0.5,0.5,0.7466897682024454,0.9827812584000165,0.5573677566506154
robot_4,hospital,robot_anomaly_hospital,2026-04-28 21:59:22.698000+00:00,,,,,,,,,,,,,59.2212,0.035800000000000054,0.3153297297297297,41.58712541309663,51.6656,,0.0,1.0,0.991098567086409,,,,0.9650495002137844,0.5,0.5,0.7203479636319969,0.9970328556954696,0.5543452048318667
robot_1,lab,robot_anomaly_lab,2026-04-14 11:00:51.487000+00:00,,,,,,,,,,,,,29.9317,0.05030000000000001,0.3716162162162162,49.14167586402035,47.5004,,0.0,1.0,0.991083059363563,,,,0.9677533130435872,0.5,0.5,0.6734017831741534,0.997027686454521,0.5426073674071685
robot_2,outdoor,robot_anomaly_outdoor,2026-04-23 08:23:47.786000+00:00,,,,,,,,,,,,,43.5794,0.07799999999999996,0.21318108108108103,50.074809997698374,59.2246,,0.0,1.0,0.9656193784504683,,,,0.8989337660916783,0.5,0.5,0.7201425950589038,0.9885397928168228,0.5521705969689317
robot_1,warehouse,robot_anomaly_warehouse,2026-04-25 09:02:44.106000+00:00,,,,,,,,,,,,,48.5886,0.019199999999999995,0.28235,45.61617786488777,54.1061,,0.0,1.0,0.9887724086595124,,,,0.9255062478703859,0.5,0.5,0.7236539895739694,0.9962574695531708,0.5549778647817851
robot_2,warehouse,robot_anomaly_warehouse,2026-04-22 04:56:02.513000+00:00,,,,,,,,,,,,,28.6662,0.07950000000000002,0.5140932432432432,58.39748493129811,36.9571,,0.0,1.0,0.974009056510142,,,,0.895778446740841,0.5,0.5,0.5681891871238308,0.9913363521700473,0.5148813848234696
robot_2,warehouse,robot_anomaly_warehouse,2026-04-22 09:22:57.660000+00:00,,,,,,,,,,,,,26.9705,0.041000000000000036,0.4613432432432433,58.39748493129811,40.8606,,0.0,1.0,0.9778394640530984,,,,0.908998912333306,0.5,0.5,0.5986244908829355,0.9926131546843662,0.5228094113918254
robot_3,outdoor,robot_anomaly_outdoor,2026-05-08 08:20:58.683000+00:00,,,,,,,,,,,,,13.8331,0.07399999999999995,0.5105472972972973,34.9320233150912,37.2195,,0.0,1.0,0.9265554246014516,,,,0.8841014368741167,0.5,0.5,0.6848214084556518,0.9755184748671505,0.5400849708307006
robot_3,warehouse,robot_anomaly_warehouse,2026-04-28 05:21:11.240000+00:00,,,,,,,,,,,,,38.7051,0.04610000000000003,0.07479324324324321,41.50002108112327,69.4653,,0.0,1.0,0.8753179083183426,,,,0.8701766454214048,0.5,0.5,0.8239999490923904,0.9584393027727809,0.5706098129662929
robot_3,outdoor,robot_anomaly_outdoor,2026-04-22 22:01:32.253000+00:00,,,,,,,,,,,,,34.259,0.0,0.4172594594594595,34.9320233150912,44.1228,,0.0,1.0,0.9747844426524409,,,,0.8739547854045252,0.5,0.5,0.7293079938607919,0.9915948142174803,0.555225702019568
robot_4,hospital,robot_anomaly_hospital,2026-05-05 03:42:41.323000+00:00,,,,,,,,,,,,,24.3671,0.009399999999999964,0.3173594594594594,41.58712541309663,51.5154,,0.0,1.0,0.9871130823149928,,,,0.9057318311758467,0.5,0.5,0.7412598388623228,0.9957043607716644,0.5592410499084968
robot_1,outdoor,robot_anomaly_outdoor,2026-05-09 01:04:09.356000+00:00,,,,,,,,,,,,,37.571,0.013599999999999945,0.45204054054054055,32.28341037492993,41.549,,0.0,1.0,0.9680695986601328,,,,0.9258345586089003,0.5,0.5,0.7229690434608143,0.989356532886711,0.5530813940868813
robot_2,lab,robot_anomaly_lab,2026-05-03 18:27:51.365000+00:00,,,,,,,,,,,,,46.3027,0.03310000000000002,0.11995135135135138,14.63679636698148,66.1236,,0.0,1.0,0.9933626946219217,,,,0.935661305049497,0.5,0.5,0.9281465071105425,0.9977875648739739,0.6064835179961291
robot_1,warehouse,robot_anomaly_warehouse,2026-04-28 10:17:58.951000+00:00,,,,,,,,,,,,,30.5242,0.08189999999999997,0.3815635135135136,45.61617786488777,46.7643,,0.0,1.0,0.9991625829663172,,,,0.8619059558488844,0.5,0.5,0.6782367766717545,0.9997208609887723,0.5444894094151317
robot_2,warehouse,robot_anomaly_warehouse,2026-05-07 20:43:37.778000+00:00,,,,,,,,,,,,,46.7147,0.0232,0.4880135135135135,58.39748493129811,38.887,,0.0,1.0,0.9968829477079586,,,,0.950045982993144,0.5,0.5,0.5829364717743196,0.9989609825693195,0.5204743635859098
robot_2,hospital,robot_anomaly_hospital,2026-04-27 07:24:36.196000+00:00,,,,,,,,,,,,,23.0917,0.01100000000000001,0.2909918918918919,38.92765711090124,53.4666,,0.0,1.0,0.9753737361205881,,,,0.9136417986065254,0.5,0.5,0.7641855909825479,0.9917912453735293,0.5639942090890193
robot_1,hospital,robot_anomaly_hospital,2026-04-23 10:17:03.590000+00:00,,,,,,,,,,,,,45.864,0.04049999999999998,0.4693310810810811,39.72338368547231,40.2695,,0.0,1.0,0.9505303641213324,,,,0.8893911544636774,0.5,0.5,0.6722945091795067,0.9835101213737775,0.538951157638321
robot_1,warehouse,robot_anomaly_warehouse,2026-05-05 12:41:55.476000+00:00,,,,,,,,,,,,,17.5448,0.03700000000000003,0.32388648648648644,45.61617786488777,51.0324,,0.0,1.0,0.9818094411016687,,,,0.9140158033963607,0.5,0.5,0.7171982289462921,0.9939364803672229,0.5527836773283787
robot_3,warehouse,robot_anomaly_warehouse,2026-04-24 12:38:42.963000+00:00,,,,,,,,,,,,,40.0487,0.08909999999999996,0.40359459459459457,41.50002108112327,45.134,,0.0,1.0,0.9903076732212642,,,,0.8489649451879224,0.5,0.5,0.6823032346615514,0.996769224407088,0.5447681147671599
robot_1,hospital,robot_anomaly_hospital,2026-04-12 05:36:26.805000+00:00,,,,,,,,,,,,,29.7727,0.0645,0.48599324324324333,39.72338368547231,39.0365,,0.0,1.0,0.9356894733577321,,,,0.8920091071411977,0.5,0.5,0.6676091031395436,0.9785631577859107,0.5365430652313636
robot_4,hospital,robot_anomaly_hospital,2026-04-11 22:25:47.178000+00:00,,,,,,,,,,,,,47.5981,0.04849999999999999,0.15462567567567576,41.58712541309663,63.5577,,0.0,1.0,0.9765368153340364,,,,0.8715051967615077,0.5,0.5,0.7870905848823246,0.9921789384446787,0.5698173808317508
robot_2,lab,robot_anomaly_lab,2026-05-05 11:39:55.744000+00:00,,,,,,,,,,,,,34.5259,0.0877,0.3232364864864865,14.63679636698148,51.0805,,1.0,0.0,0.95493455740959,,,,0.7514226254273794,0.5,0.5,0.8400429220646917,0.31831151913653,0.41458861030030536
robot_2,outdoor,robot_anomaly_outdoor,2026-04-21 19:58:42.093000+00:00,,,,,,,,,,,,,25.8537,0.02070000000000005,0.20255810810810815,50.074809997698374,60.0107,,0.0,1.0,0.9955337758203585,,,,0.882809681972758,0.5,0.5,0.7451993000679407,0.9985112586067862,0.5609276396686818
robot_3,warehouse,robot_anomaly_warehouse,2026-04-23 02:45:07.345000+00:00,,,,,,,,,,,,,35.6918,0.01990000000000003,0.3598013513513514,41.50002108112327,48.3747,,0.0,1.0,0.9587494572297004,,,,0.9566041680125087,0.5,0.5,0.7171951689304741,0.9862498190765668,0.5508612470017602
robot_1,outdoor,robot_anomaly_outdoor,2026-05-04 05:36:49.570000+00:00,,,,,,,,,,,,,34.2832,0.38029999999999997,0.2619108108108108,32.28341037492993,55.6186,,1.0,0.0,0.9444203213200174,,,,0.6741271552674092,0.5,0.5,0.718945728131001,0.31480677377333915,0.383438125476085
robot_5,warehouse,robot_anomaly_warehouse,2026-04-29 06:29:05.814000+00:00,,,,,,,,,,,,,46.0939,0.036599999999999966,0.3399175675675675,31.857120950670687,49.8461,,0.0,1.0,0.9495533775820358,,,,0.9578344013848191,0.5,0.5,0.7607741679735389,0.9831844591940119,0.5609896567918877
robot_4,outdoor,robot_anomaly_outdoor,2026-04-26 15:34:34.404000+00:00,,,,,,,,,,,,,43.348,0.07489999999999997,0.393681081081081,47.74265761291576,45.8676,,1.0,0.0,0.9485298678742013,,,,0.5668323019294876,0.5,0.5,0.6593960755053925,0.3161766226247338,0.36889317453253156
robot_2,warehouse,robot_anomaly_warehouse,2026-04-16 02:42:28.563000+00:00,,,,,,,,,,,,,24.3506,0.008399999999999963,0.543022972972973,58.39748493129811,34.8163,,0.0,1.0,0.9346194404813597,,,,0.9278166068118232,0.5,0.5,0.5743957943244935,0.9782064801604532,0.5131505686212368
robot_2,warehouse,robot_anomaly_warehouse,2026-05-09 04:58:38.456000+00:00,,,,,,,,,,,,,49.7647,0.03959999999999997,0.3290675675675676,58.39748493129811,50.649,,0.0,1.0,0.998666335835246,,,,0.9084997570886051,0.5,0.5,0.6414796540857199,0.9995554452784153,0.5352587748410338
robot_5,hospital,robot_anomaly_hospital,2026-05-08 11:22:23.863000+00:00,,,,,,,,,,,,,39.714,0.02839999999999998,0.3138621621621621,33.69562591427044,51.7742,,0.0,1.0,0.9908969666894113,,,,0.9046476214394173,0.5,0.5,0.767519337343214,0.9969656555631371,0.5661212482265877
robot_2,lab,robot_anomaly_lab,2026-04-15 01:40:18.633000+00:00,,,,,,,,,,,,,24.0418,0.09340000000000004,0.40464054054054055,14.63679636698148,45.0566,,0.0,1.0,0.9046895353886235,,,,0.8599064643408376,0.5,0.5,0.8109814091594536,0.9682298451295411,0.5698028135722486
robot_3,warehouse,robot_anomaly_warehouse,2026-04-12 07:52:24.260000+00:00,,,,,,,,,,,,,27.4268,0.04139999999999999,0.4321864864864865,41.50002108112327,43.0182,,1.0,0.0,0.6542708268717822,,,,0.6542004651131944,0.5,0.5,0.6872173777105737,0.21809027562392738,0.35132691333362526
robot_1,outdoor,robot_anomaly_outdoor,2026-04-21 16:10:34.464000+00:00,,,,,,,,,,,,,21.8849,0.04259999999999997,0.3728418918918919,32.28341037492993,47.4097,,0.0,1.0,0.958284225544321,,,,0.8989921347011081,0.5,0.5,0.7553314582958597,0.986094741848107,0.5603565500359917
robot_4,outdoor,robot_anomaly_outdoor,2026-05-01 15:01:24.390000+00:00,,,,,,,,,,,,,35.8965,0.07299999999999995,0.40994324324324327,47.74265761291576,44.6642,,0.0,1.0,0.9311146951181688,,,,0.9088933204778776,0.5,0.5,0.6567027086072134,0.9770382317060563,0.5334352350783175
robot_4,lab,robot_anomaly_lab,2026-05-06 00:55:02.992000+00:00,,,,,,,,,,,,,43.8018,0.0403,0.38105,53.89857422167088,46.8023,,0.0,1.0,0.9404658519942931,,,,0.9075463159397643,0.5,0.5,0.6438042510608293,0.9801552839980977,0.5309898837647318
robot_4,hospital,robot_anomaly_hospital,2026-04-27 14:22:11.845000+00:00,,,,,,,,,,,,,46.7889,0.08179999999999998,0.3523459459459459,41.58712541309663,48.9264,,1.0,0.0,0.983670367843186,,,,0.5812255217474271,0.5,0.5,0.7009630838508987,0.3278901226143953,0.3822133016163235
robot_3,lab,robot_anomaly_lab,2026-05-05 05:53:00.194000+00:00,,,,,,,,,,,,,42.0455,0.08999999999999997,0.49358378378378376,25.56989703262559,38.4748,,0.0,1.0,0.9743502264127536,,,,0.8677737350627132,0.5,0.5,0.7180048750956554,0.9914500754709179,0.5523637376416433
robot_5,hospital,robot_anomaly_hospital,2026-04-14 12:51:40.859000+00:00,,,,,,,,,,,,,38.1408,0.055300000000000016,0.41898918918918926,33.69562591427044,43.9948,,0.0,1.0,0.9199491346690651,,,,0.8896711275840008,0.5,0.5,0.7202002375417387,0.9733163782230217,0.5483791539411902
robot_3,warehouse,robot_anomaly_warehouse,2026-04-15 06:19:18.693000+00:00,,,,,,,,,,,,,34.3196,0.050799999999999956,0.3870716216216217,41.50002108112327,46.3567,,0.0,1.0,0.9216084610135847,,,,0.9441478289213713,0.5,0.5,0.7000375807675783,0.9738694870045282,0.5434767669430267
robot_3,warehouse,robot_anomaly_warehouse,2026-04-14 21:31:40.138000+00:00,,,,,,,,,,,,,23.9328,0.010000000000000009,0.4195,41.50002108112327,43.957,,0.0,1.0,0.9607964766453694,,,,0.9131410244888325,0.5,0.5,0.7008657642664069,0.9869321588817899,0.5469494807870492
robot_3,outdoor,robot_anomaly_outdoor,2026-05-07 07:09:07.597000+00:00,,,,,,,,,,,,,22.8416,0.046699999999999964,0.28815810810810816,34.9320233150912,53.6763,,0.0,1.0,0.9799174989144595,,,,0.9165834936547596,0.5,0.5,0.7757528654554413,0.9933058329714864,0.5672646746067319
robot_4,warehouse,robot_anomaly_warehouse,2026-05-06 15:44:31.973000+00:00,,,,,,,,,,,,,26.3798,0.028800000000000048,0.3175743243243243,44.033102772410636,51.4995,,0.0,1.0,0.9097295453135662,,,,0.9087289718821763,0.5,0.5,0.724764234812465,0.9699098484378554,0.5486685208125801
robot_2,outdoor,robot_anomaly_outdoor,2026-04-20 20:42:40.345000+00:00,,,,,,,,,,,,,37.6294,0.06769999999999998,0.2539351351351352,50.074809997698374,56.2088,,0.0,1.0,0.9462657403386887,,,,0.9380610273229223,0.5,0.5,0.7088381423598398,0.9820885801128961,0.547731680618184
robot_4,lab,robot_anomaly_lab,2026-04-28 07:35:14.866000+00:00,,,,,,,,,,,,,16.2352,0.09709999999999996,0.4238486486486487,53.89857422167088,43.6352,,0.0,1.0,0.9704888034241053,,,,0.9431854662814654,0.5,0.5,0.6265868945778071,0.9901629344747018,0.5291874572631272
robot_1,outdoor,robot_anomaly_outdoor,2026-05-01 01:47:44.314000+00:00,,,,,,,,,,,,,30.5,0.3386,0.3152013513513513,32.28341037492993,51.6751,,1.0,0.0,0.9676508901432913,,,,0.6843846231549108,0.5,0.5,0.7086260086469076,0.3225502967144304,0.3827940763403346
robot_4,lab,robot_anomaly_lab,2026-04-13 01:58:59.617000+00:00,,,,,,,,,,,,,36.4687,0.08120000000000005,0.45521081081081083,53.89857422167088,41.3144,,0.0,1.0,0.9220116618075802,,,,0.8513570840977718,0.5,0.5,0.6083769460560904,0.9740038872691934,0.520595208331321
robot_2,hospital,robot_anomaly_hospital,2026-04-20 05:28:27.821000+00:00,,,,,,,,,,,,,45.9862,0.6242,0.36501756756756754,38.92765711090124,47.9887,,1.0,0.0,0.9110787172011662,,,,0.5569716499808357,0.5,0.5,0.5877601061340691,0.30369290573372204,0.3478632529669478
robot_4,hospital,robot_anomaly_hospital,2026-04-24 04:28:12.608000+00:00,,,,,,,,,,,,,210.0376,0.08479999999999999,0.8787716216216216,41.58712541309663,9.9709,,1.0,0.0,0.9118385956206191,,,,0.5875334105693562,0.5,0.5,0.4154819228464034,0.3039461985402064,0.30485703034665246
robot_2,warehouse,robot_anomaly_warehouse,2026-05-05 01:29:12.952000+00:00,,,,,,,,,,,,,22.4275,0.03969999999999996,0.477481081081081,58.39748493129811,39.6664,,0.0,1.0,0.926896594504063,,,,0.8916728405011298,0.5,0.5,0.5945246358923872,0.975632198168021,0.517539208515102
robot_5,hospital,robot_anomaly_hospital,2026-04-26 12:18:53.259000+00:00,,,,,,,,,,,,,258.6368,0.052100000000000035,0.9471391891891892,33.69562591427044,4.9117,,1.0,0.0,0.9881831151913653,,,,0.6472031794425186,0.5,0.5,0.40937311622984185,0.3293943717304551,0.3096918719900742
robot_4,lab,robot_anomaly_lab,2026-04-28 00:41:39.373000+00:00,,,,,,,,,,,,,48.6962,0.04520000000000002,0.2578702702702703,53.89857422167088,55.9176,,0.0,1.0,0.9756063519632777,,,,0.9334873013377528,0.5,0.5,0.6897602494891563,0.9918687839877592,0.5454072583692289
robot_5,outdoor,robot_anomaly_outdoor,2026-04-26 00:17:56.294000+00:00,,,,,,,,,,,,,43.5454,0.06769999999999998,0.5568621621621621,26.119861519645806,33.7922,,0.0,1.0,0.9661311333043856,,,,0.919089379855911,0.5,0.5,0.6944583939371273,0.9887103777681285,0.545792192926314
robot_5,hospital,robot_anomaly_hospital,2026-04-30 04:24:02.297000+00:00,,,,,,,,,,,,,45.6184,0.09360000000000002,0.260627027027027,33.69562591427044,55.7136,,0.0,1.0,0.9823367036784318,,,,0.863422318318365,0.5,0.5,0.7716247485972417,0.9941122345594774,0.5664342457891798
robot_5,hospital,robot_anomaly_hospital,2026-04-16 20:41:02.290000+00:00,,,,,,,,,,,,,41.0573,0.015199999999999991,0.40681351351351347,33.69562591427044,44.8958,,1.0,0.0,0.9591526580236958,,,,0.5746660429286203,0.5,0.5,0.7326641496279558,0.31971755267456525,0.38809542557563026
robot_2,warehouse,robot_anomaly_warehouse,2026-04-11 19:00:52.456000+00:00,,,,,,,,,,,,,23.5396,0.03249999999999997,0.4594405405405406,58.39748493129811,41.0014,,0.0,1.0,0.9888654549965883,,,,0.9663188428174351,0.5,0.5,0.6028366839280052,0.9962884849988628,0.524781292231717
robot_2,lab,robot_anomaly_lab,2026-04-13 02:00:32.068000+00:00,,,,,,,,,,,,,15.5404,0.07940000000000003,0.23822027027027026,14.63679636698148,57.3717,,0.0,1.0,0.9102102847217914,,,,0.9506321492730164,0.5,0.5,0.8845300776695545,0.9700700949072637,0.5886500431442045
robot_4,hospital,robot_anomaly_hospital,2026-04-18 23:35:23.740000+00:00,,,,,,,,,,,,,23.5126,0.0,0.6081081081081081,41.58712541309663,30.0,,0.0,1.0,0.9681781527200546,,,,0.9040364616392791,0.5,0.5,0.6274399756540415,0.9893927175733515,0.5292081733068482
robot_5,outdoor,robot_anomaly_outdoor,2026-04-14 05:38:35.658000+00:00,,,,,,,,,,,,,37.1445,0.020199999999999996,0.4657310810810811,26.119861519645806,40.5359,,0.0,1.0,0.9709230196637926,,,,0.9404560099098104,0.5,0.5,0.7443880008288106,0.9903076732212641,0.5586739185125187
robot_2,warehouse,robot_anomaly_warehouse,2026-04-23 15:15:17.704000+00:00,,,,,,,,,,,,,32.483,0.08109999999999995,0.17981621621621613,58.39748493129811,61.6936,,0.0,1.0,0.9370076297996403,,,,0.8611333263976615,0.5,0.5,0.6998082514665401,0.9790025432665468,0.5447026986832717
robot_4,outdoor,robot_anomaly_outdoor,2026-05-09 08:39:58.509000+00:00,,,,,,,,,,,,,34.8439,0.02980000000000005,0.31134324324324325,47.74265761291576,51.9606,,0.0,1.0,0.962455802989889,,,,0.8965378519458854,0.5,0.5,0.7062310281104867,0.9874852676632964,0.5484290739434458
robot_3,outdoor,robot_anomaly_outdoor,2026-05-07 08:08:47.503000+00:00,,,,,,,,,,,,,53.667,0.039100000000000024,0.21494054054054057,34.9320233150912,59.0944,,0.0,1.0,0.995208113640593,,,,0.8825079932709514,0.5,0.5,0.7927114486217908,0.9984027045468643,0.5727785382921637
robot_3,lab,robot_anomaly_lab,2026-05-02 02:51:13.434000+00:00,,,,,,,,,,,,,27.1055,0.03080000000000005,0.21266621621621618,25.56989703262559,59.2627,,0.0,1.0,0.93573599652627,,,,0.9470908224421863,0.5,0.5,0.8503351597592879,0.9785786655087567,0.5822284563170111
robot_2,lab,robot_anomaly_lab,2026-04-16 03:52:14.317000+00:00,,,,,,,,,,,,,40.3577,0.0042999999999999705,0.32541756756756757,14.63679636698148,50.9191,,0.0,1.0,0.9160722039575708,,,,0.9466661218300135,0.5,0.5,0.8550701419438491,0.9720240679858568,0.5817735524824265
robot_2,outdoor,robot_anomaly_outdoor,2026-04-14 17:12:03.192000+00:00,,,,,,,,,,,,,30.5676,0.10799999999999998,0.12980810810810817,50.074809997698374,65.3942,,0.0,1.0,0.9451336765709323,,,,0.9362166367687579,0.5,0.5,0.7527360552944062,0.9817112255236441,0.5586118202045125
robot_1,lab,robot_anomaly_lab,2026-04-15 00:37:35.195000+00:00,,,,,,,,,,,,,26.4217,0.07040000000000002,0.49592297297297305,49.14167586402035,38.3017,,0.0,1.0,0.9980150114757149,,,,0.9591084094956202,0.5,0.5,0.6208042486965821,0.9993383371585717,0.5300356464637884
robot_5,hospital,robot_anomaly_hospital,2026-04-20 07:41:37.957000+00:00,,,,,,,,,,,,,37.3214,0.03500000000000003,0.373572972972973,33.69562591427044,47.3556,,0.0,1.0,0.987004528255071,,,,0.8550342596233262,0.5,0.5,0.7432550040881984,0.9956681760850237,0.5597307950433055
robot_2,hospital,robot_anomaly_hospital,2026-04-27 21:07:36.563000+00:00,,,,,,,,,,,,,44.4909,0.02849999999999997,0.36509729729729734,38.92765711090124,47.9828,,0.0,1.0,0.9797934371316915,,,,0.9101016385270733,0.5,0.5,0.7209185468681533,0.9932644790438973,0.5535457564780126
robot_4,hospital,robot_anomaly_hospital,2026-04-20 23:58:11.221000+00:00,,,,,,,,,,,,,33.645,0.00039999999999995595,0.3237337837837838,41.58712541309663,51.0437,,0.0,1.0,0.8677191241238137,,,,0.9627103615569697,0.5,0.5,0.7364926331539542,0.9559063747079378,0.548099751965473
robot_3,warehouse,robot_anomaly_warehouse,2026-05-05 06:22:45.172000+00:00,,,,,,,,,,,,,42.4343,0.0806,0.35340405405405406,41.50002108112327,48.8481,,0.0,1.0,0.987020035977917,,,,0.9357580753847744,0.5,0.5,0.7031852881918463,0.9956733453259723,0.5497146583794547
robot_1,outdoor,robot_anomaly_outdoor,2026-05-06 18:44:39.560000+00:00,,,,,,,,,,,,,33.7936,0.04710000000000003,0.3400891891891892,32.28341037492993,49.8334,,0.0,1.0,0.9456454314248496,,,,0.8321054415140432,0.5,0.5,0.7620156040127692,0.9818818104749498,0.5609743536219298
robot_4,warehouse,robot_anomaly_warehouse,2026-04-24 05:56:41.996000+00:00,,,,,,,,,,,,,20.1255,0.045499999999999985,0.2996337837837838,44.033102772410636,52.8271,,0.0,1.0,0.9605793685255257,,,,0.9313937173795379,0.5,0.5,0.7310700059466028,0.9868597895085086,0.5544824488637778
robot_4,lab,robot_anomaly_lab,2026-04-11 01:13:49.977000+00:00,,,,,,,,,,,,,54.0845,0.07289999999999996,0.38059459459459466,53.89857422167088,46.836,,0.0,1.0,0.9621766639786614,,,,0.9229558293307705,0.5,0.5,0.6320582680765389,0.9873922213262204,0.5298626223506898
robot_2,hospital,robot_anomaly_hospital,2026-04-16 04:04:34.325000+00:00,,,,,,,,,,,,,34.0416,0.07320000000000004,0.4340918918918919,38.92765711090124,42.8772,,0.0,1.0,0.9925718007567769,,,,0.9037649279458584,0.5,0.5,0.6881296491141404,0.9975239335855922,0.5464133956749331
robot_2,lab,robot_anomaly_lab,2026-05-02 11:14:39.544000+00:00,,,,,,,,,,,,,25.2742,0.02300000000000002,0.6081081081081081,14.63679636698148,30.0,,0.0,1.0,0.9844302462626388,,,,0.9853395257319134,0.5,0.5,0.744694005897693,0.9948100820875463,0.5598760219963098
robot_2,lab,robot_anomaly_lab,2026-04-18 11:48:39.670000+00:00,,,,,,,,,,,,,34.4118,0.025399999999999978,0.32503648648648653,14.63679636698148,50.9473,,0.0,1.0,0.9935642950189194,,,,0.9164020642649083,0.5,0.5,0.8532331161275465,0.9978547650063065,0.5877719702834633
robot_5,warehouse,robot_anomaly_warehouse,2026-04-28 04:35:05.252000+00:00,,,,,,,,,,,,,39.1637,0.007900000000000018,0.3550135135135135,31.857120950670687,48.729,,0.0,1.0,0.9622697103157373,,,,0.9324114400245372,0.5,0.5,0.7642717236278557,0.9874232367719125,0.5629237400999421
robot_3,outdoor,robot_anomaly_outdoor,2026-05-05 07:18:27.579000+00:00,,,,,,,,,,,,,51.9612,0.06830000000000003,0.3462364864864864,34.9320233150912,49.3785,,1.0,0.0,0.9903852118354941,,,,0.5872347903530358,0.5,0.5,0.7344734634133547,0.3301284039451647,0.39115046683962984
robot_5,hospital,robot_anomaly_hospital,2026-04-16 18:29:31.363000+00:00,,,,,,,,,,,,,39.0084,0.062000000000000055,0.2720108108108108,33.69562591427044,54.8712,,0.0,1.0,0.9059611686619937,,,,0.9437021602768079,0.5,0.5,0.7771066355191544,0.9686537228873312,0.5614400896016214
robot_1,warehouse,robot_anomaly_warehouse,2026-05-06 02:18:34.028000+00:00,,,,,,,,,,,,,18.6925,0.01880000000000004,0.21413378378378378,45.61617786488777,59.1541,,0.0,1.0,0.9716828980832455,,,,0.9851713345561588,0.5,0.5,0.764625842728238,0.9905609660277485,0.5637967021889966
robot_3,outdoor,robot_anomaly_outdoor,2026-05-01 04:46:49.710000+00:00,,,,,,,,,,,,,41.1316,0.006800000000000028,0.368945945945946,34.9320233150912,47.698,,0.0,1.0,0.9267260095527573,,,,0.9109385224828657,0.5,0.5,0.7439951992296285,0.9755753365175858,0.5548926339368037
robot_1,lab,robot_anomaly_lab,2026-04-24 19:27:33.710000+00:00,,,,,,,,,,,,,37.9184,0.07389999999999997,0.2857189189189189,49.14167586402035,53.8568,,0.0,1.0,0.9987593821723219,,,,0.9337877219453313,0.5,0.5,0.6988787522944816,0.9995864607241073,0.5496163032546472
robot_5,outdoor,robot_anomaly_outdoor,2026-04-29 12:26:24.731000+00:00,,,,,,,,,,,,,15.113,0.049799999999999955,0.535581081081081,26.119861519645806,35.367,,0.0,1.0,0.9817939333788227,,,,0.9132700554138392,0.5,0.5,0.7198833014499156,0.9939313111262743,0.5534536531440475
robot_2,hospital,robot_anomaly_hospital,2026-05-04 16:27:09.506000+00:00,,,,,,,,,,,,,27.0745,0.08830000000000005,0.5617621621621621,38.92765711090124,33.4296,,0.0,1.0,0.8934929594938279,,,,0.9284299134650192,0.5,0.5,0.6368711803077572,0.9644976531646092,0.5253422083680916
robot_4,warehouse,robot_anomaly_warehouse,2026-05-05 05:00:14.572000+00:00,,,,,,,,,,,,,36.9428,0.0504,0.3862837837837838,44.033102772410636,46.415,,0.0,1.0,0.9683332299485143,,,,0.9512221827149515,0.5,0.5,0.687671720129662,0.9894444099828381,0.544279032528125
robot_2,warehouse,robot_anomaly_warehouse,2026-04-10 17:51:55.543000+00:00,,,,,,,,,,,,,126.2384,0.10799999999999998,0.8011108108108108,58.39748493129811,15.7178,,1.0,0.0,0.9844612617083307,,,,0.6868810179281734,0.5,0.5,0.40266781723815875,0.3281537539027769,0.30770539278523396
robot_3,lab,robot_anomaly_lab,2026-04-14 13:24:14.536000+00:00,,,,,,,,,,,,,33.9747,0.06720000000000004,0.2518810810810811,25.56989703262559,56.3608,,0.0,1.0,0.9759785373115811,,,,0.8837579005768706,0.5,0.5,0.8234281979162004,0.991992845770527,0.5788552609216819
robot_3,warehouse,robot_anomaly_warehouse,2026-04-25 16:52:45.952000+00:00,,,,,,,,,,,,,41.2957,0.050899999999999945,0.32661216216216216,41.50002108112327,50.8307,,0.0,1.0,0.9537249550276038,,,,0.8163320808600408,0.5,0.5,0.7210264732205389,0.9845749850092013,0.551400364557435
robot_5,hospital,robot_anomaly_hospital,2026-04-16 09:22:04.793000+00:00,,,,,,,,,,,,,43.1195,0.09530000000000005,0.32113918918918916,33.69562591427044,51.2357,,0.0,1.0,0.9781186030643261,,,,0.8594789680352516,0.5,0.5,0.748178197638373,0.9927062010214419,0.5602210996649537
robot_3,warehouse,robot_anomaly_warehouse,2026-04-13 13:10:37.538000+00:00,,,,,,,,,,,,,53.5385,0.10119999999999996,0.3916567567567567,41.50002108112327,46.0174,,1.0,0.0,0.9221977544817319,,,,0.668190161702656,0.5,0.5,0.6782517895899683,0.3073992514939106,0.3714127602709697
robot_4,outdoor,robot_anomaly_outdoor,2026-04-26 14:21:27.295000+00:00,,,,,,,,,,,,,39.3558,0.06310000000000004,0.4559972972972973,47.74265761291576,41.2562,,0.0,1.0,0.9514453197692451,,,,0.8956295971322513,0.5,0.5,0.6389100409119521,0.9838151065897484,0.5306812868754252
robot_2,hospital,robot_anomaly_hospital,2026-04-28 08:37:57.441000+00:00,,,,,,,,,,,,,35.8584,0.06440000000000001,0.28776081081081084,38.92765711090124,53.7057,,0.0,1.0,0.9968364245394207,,,,0.9131181937865518,0.5,0.5,0.7477933356993617,0.9989454748464736,0.5616847026364589
robot_1,warehouse,robot_anomaly_warehouse,2026-04-29 11:27:59.835000+00:00,,,,,,,,,,,,,54.5835,0.08179999999999998,0.27569864864864857,45.61617786488777,54.5983,,0.0,1.0,0.9823211959555859,,,,0.867116396492887,0.5,0.5,0.7096630851305381,0.9941070653185285,0.5509425376122666
robot_3,outdoor,robot_anomaly_outdoor,2026-05-02 13:16:34.476000+00:00,,,,,,,,,,,,,24.9937,0.0010000000000000009,0.5330986486486486,34.9320233150912,35.5507,,1.0,0.0,0.9145679548415111,,,,0.7758946354936433,0.5,0.5,0.6869636211695311,0.30485598494717037,0.3729549015291754
robot_4,lab,robot_anomaly_lab,2026-04-30 16:11:11.401000+00:00,,,,,,,,,,,,,48.1904,0.05230000000000001,0.6081081081081081,53.89857422167088,30.0,,0.0,1.0,0.9709850505551765,,,,0.9018278728480906,0.5,0.5,0.5483157890110666,0.9903283501850589,0.5096610347990314
robot_2,hospital,robot_anomaly_hospital,2026-04-20 10:15:22.735000+00:00,,,,,,,,,,,,,28.3994,0.07689999999999997,0.27343108108108105,38.92765711090124,54.7661,,0.0,1.0,0.9232522796352584,,,,0.8248368288156357,0.5,0.5,0.754136933265056,0.9744174265450861,0.5571385899525356
robot_4,lab,robot_anomaly_lab,2026-04-28 09:35:35.033000+00:00,,,,,,,,,,,,,31.6213,0.05469999999999997,0.39272567567567573,53.89857422167088,45.9383,,0.0,1.0,0.9786613733639352,,,,0.9052751659668477,0.5,0.5,0.6414703233405109,0.992887124454645,0.5335893619487889
robot_5,warehouse,robot_anomaly_warehouse,2026-04-11 02:47:12.738000+00:00,,,,,,,,,,,,,47.4616,0.05020000000000002,0.5098067567567568,31.857120950670687,37.2743,,0.0,1.0,0.9798864834687675,,,,0.9624582089562717,0.5,0.5,0.6891712312222774,0.9932954944895892,0.5456166814279666
robot_2,hospital,robot_anomaly_hospital,2026-04-13 09:09:05.984000+00:00,,,,,,,,,,,,,44.1458,0.020000000000000018,0.2878621621621622,38.92765711090124,53.6982,,0.0,1.0,0.9966193164195769,,,,0.9633897617381593,0.5,0.5,0.7538603279442736,0.9988731054731922,0.5631833583543664
robot_1,warehouse,robot_anomaly_warehouse,2026-05-07 10:32:54.929000+00:00,,,,,,,,,,,,,27.6042,0.021100000000000008,0.4321418918918919,45.61617786488777,43.0215,,1.0,0.0,0.915979157620495,,,,0.7494656518641758,0.5,0.5,0.6728580421517167,0.3053263858734983,0.36954610700630375
robot_2,lab,robot_anomaly_lab,2026-04-23 20:55:58.335000+00:00,,,,,,,,,,,,,50.3024,0.028000000000000025,0.3244351351351351,14.63679636698148,50.9918,,0.0,1.0,0.9989299671236276,,,,0.9573927438157636,0.5,0.5,0.8456684456640889,0.9996433223745426,0.5863279420096579
robot_5,outdoor,robot_anomaly_outdoor,2026-04-17 19:19:23.458000+00:00,,,,,,,,,,,,,49.9081,0.4363,0.3825135135135135,26.119861519645806,46.694,,1.0,0.0,0.9803672228769927,,,,0.6567901178916424,0.5,0.5,0.6793110693024704,0.3267890742923309,0.37652503589870034
robot_4,hospital,robot_anomaly_hospital,2026-04-28 21:19:23.737000+00:00,,,,,,,,,,,,,29.9648,0.057699999999999974,0.36236621621621623,41.58712541309663,48.1849,,0.0,1.0,0.9827709199181193,,,,0.9034576316702877,0.5,0.5,0.709967291722692,0.9942569733060398,0.551056066257183
robot_2,warehouse,robot_anomaly_warehouse,2026-04-14 19:18:36.782000+00:00,,,,,,,,,,,,,18.2659,0.016100000000000003,0.33618108108108113,58.39748493129811,50.1226,,0.0,1.0,0.9537404627504498,,,,0.869279860068582,0.5,0.5,0.658186975949145,0.9845801542501499,0.5356917825498237
robot_3,outdoor,robot_anomaly_outdoor,2026-04-19 15:53:00.829000+00:00,,,,,,,,,,,,,27.6036,0.0373,0.4233648648648649,34.9320233150912,43.671,,0.0,1.0,0.9458935549903852,,,,0.8985802042109794,0.5,0.5,0.7215954419625311,0.9819645183301283,0.5508899900731649
robot_1,outdoor,robot_anomaly_outdoor,2026-04-24 17:48:01.436000+00:00,,,,,,,,,,,,,31.2042,0.12409999999999999,0.3987567567567568,32.28341037492993,45.492,,0.0,1.0,0.9934712486818436,,,,0.8897038331230069,0.5,0.5,0.7225979657928454,0.9978237495606145,0.555105428838365
robot_3,outdoor,robot_anomaly_outdoor,2026-04-19 16:57:56.878000+00:00,,,,,,,,,,,,,28.8931,0.020399999999999974,0.39350135135135145,34.9320233150912,45.8809,,0.0,1.0,0.9444823522114013,,,,0.8931443144742218,0.5,0.5,0.7367137130574019,0.9814941174038004,0.5545519576153006
robot_4,lab,robot_anomaly_lab,2026-05-08 11:39:17.560000+00:00,,,,,,,,,,,,,39.9335,0.05910000000000004,0.22784324324324323,53.89857422167088,58.1396,,1.0,0.0,0.9986043049438621,,,,0.5858930631149519,0.5,0.5,0.7026642506112906,0.33286810164795405,0.3838830880648112
robot_5,warehouse,robot_anomaly_warehouse,2026-05-05 08:54:29.622000+00:00,,,,,,,,,,,,,44.3531,0.05879999999999996,0.46671351351351353,31.857120950670687,40.4632,,0.0,1.0,0.98087897773091,,,,0.9400860164391901,0.5,0.5,0.7059092130148183,0.9936263259103034,0.5498838847312805
robot_3,outdoor,robot_anomaly_outdoor,2026-05-08 01:03:10.289000+00:00,,,,,,,,,,,,,34.1521,0.07530000000000003,0.33186081081081076,34.9320233150912,50.4423,,0.0,1.0,0.9572297003907946,,,,0.9436346537939523,0.5,0.5,0.7467659867452576,0.9857432334635982,0.558127305052214
robot_1,outdoor,robot_anomaly_outdoor,2026-04-10 19:39:03.260000+00:00,,,,,,,,,,,,,212.0269,0.036900000000000044,0.9300554054054054,32.28341037492993,6.1759,,1.0,0.0,0.9581446560387072,,,,0.632651712799786,0.5,0.5,0.4472396794915229,0.3193815520129024,0.3166553078761063
robot_4,outdoor,robot_anomaly_outdoor,2026-04-22 18:19:31.655000+00:00,,,,,,,,,,,,,38.3375,0.054400000000000004,0.297672972972973,47.74265761291576,52.9722,,0.0,1.0,0.9509490726381739,,,,0.9664222583698387,0.5,0.5,0.704638149907419,0.9836496908793912,0.5470719601967026
robot_2,warehouse,robot_anomaly_warehouse,2026-04-17 15:01:30.904000+00:00,,,,,,,,,,,,,39.4097,0.0928,0.43779189189189194,58.39748493129811,42.6034,,0.0,1.0,0.9953011599776689,,,,0.8580018520984387,0.5,0.5,0.5908651982588387,0.9984337199925563,0.5223247295628487
robot_4,warehouse,robot_anomaly_warehouse,2026-04-16 02:32:25.282000+00:00,,,,,,,,,,,,,25.1959,0.0363,0.3662783783783784,44.033102772410636,47.8954,,1.0,0.0,0.9883381924198251,,,,0.649996524867088,0.5,0.5,0.704152701752835,0.3294460641399417,0.3833996914731942
robot_1,warehouse,robot_anomaly_warehouse,2026-05-03 22:18:23.002000+00:00,,,,,,,,,,,,,29.7269,0.04469999999999996,0.5703270270270271,45.61617786488777,32.7958,,0.0,1.0,0.9021772842875753,,,,0.8917716986195184,0.5,0.5,0.6113689153810064,0.9673924280958585,0.5196903358692162
robot_4,warehouse,robot_anomaly_warehouse,2026-04-28 07:27:37.706000+00:00,,,,,,,,,,,,,48.5144,0.07899999999999996,0.43057297297297303,44.033102772410636,43.1376,,0.0,1.0,0.967945536877365,,,,0.8531270187867189,0.5,0.5,0.658331501666955,0.9893151789591217,0.5369116701565192
robot_3,outdoor,robot_anomaly_outdoor,2026-04-14 03:37:52.590000+00:00,,,,,,,,,,,,,34.8891,0.08599999999999997,0.33999594594594595,34.9320233150912,49.8403,,1.0,0.0,0.9730475776936914,,,,0.5755212504671194,0.5,0.5,0.7407965959680778,0.3243491925645638,0.3912864471331604
robot_1,lab,robot_anomaly_lab,2026-05-05 01:30:12.293000+00:00,,,,,,,,,,,,,41.6321,0.03300000000000003,0.2649864864864865,49.14167586402035,55.391,,0.0,1.0,0.9486539296569692,,,,0.9106872850883759,0.5,0.5,0.7145807657893344,0.9828846432189898,0.5493663522520811
robot_5,hospital,robot_anomaly_hospital,2026-04-11 10:45:34.101000+00:00,,,,,,,,,,,,,39.7541,0.059799999999999964,0.42085405405405407,33.69562591427044,43.8568,,0.0,1.0,0.9694497859934247,,,,0.8794619482997108,0.5,0.5,0.71771958104563,0.9898165953311415,0.5518840440941929
robot_1,hospital,robot_anomaly_hospital,2026-04-25 13:59:50.077000+00:00,,,,,,,,,,,,,293.7548,0.0413,0.8135216216216217,39.72338368547231,14.7994,,1.0,0.0,0.9711556355064822,,,,0.6179964370247488,0.5,0.5,0.4217025655138206,0.3237185451688274,0.311355277670662
robot_3,warehouse,robot_anomaly_warehouse,2026-04-17 06:13:39.343000+00:00,,,,,,,,,,,,,39.8682,0.012900000000000023,0.24027162162162163,41.50002108112327,57.2199,,0.0,1.0,0.9885708082625148,,,,0.9026242614378658,0.5,0.5,0.764664796709384,0.9961902694208383,0.5652137665325556
robot_5,lab,robot_anomaly_lab,2026-04-17 07:22:19.063000+00:00,,,,,,,,,,,,,15.9817,0.05159999999999998,0.41562162162162164,44.31142771759781,44.244,,0.0,1.0,0.9181812542646238,,,,0.9643428452183738,0.5,0.5,0.6839304771980411,0.9727270847548746,0.539164390488229
robot_3,lab,robot_anomaly_lab,2026-04-26 03:34:41.758000+00:00,,,,,,,,,,,,,53.8344,0.05740000000000001,0.1003175675675676,25.56989703262559,67.5765,,0.0,1.0,0.9821971341728181,,,,0.8950510658590615,0.5,0.5,0.8772016069670624,0.9940657113909394,0.5928168295895004
robot_5,warehouse,robot_anomaly_warehouse,2026-05-08 09:15:09.876000+00:00,,,,,,,,,,,,,255.4194,0.09730000000000005,0.7761121621621622,31.857120950670687,17.5677,,1.0,0.0,0.9488865454996588,,,,0.6156483005525089,0.5,0.5,0.4775952044396969,0.3162955151665529,0.3234726799015625
robot_2,outdoor,robot_anomaly_outdoor,2026-05-05 20:46:28.898000+00:00,,,,,,,,,,,,,28.8919,0.06140000000000001,0.16775540540540534,50.074809997698374,62.5861,,0.0,1.0,0.9823211959555859,,,,0.96154222896871,0.5,0.5,0.7486851461755413,0.9941070653185285,0.5606980528735175
robot_1,hospital,robot_anomaly_hospital,2026-04-18 07:57:24.463000+00:00,,,,,,,,,,,,,36.7602,0.05600000000000005,0.39880405405405406,39.72338368547231,45.4885,,0.0,1.0,0.9522672290800819,,,,0.8998276268378478,0.5,0.5,0.7011977270359567,0.9840890763600273,0.546321700848996
robot_2,outdoor,robot_anomaly_outdoor,2026-04-14 00:58:47.320000+00:00,,,,,,,,,,,,,42.4256,0.7192000000000001,0.328645945945946,50.074809997698374,50.6802,,1.0,0.0,0.9891911171763538,,,,0.6114806482804325,0.5,0.5,0.5318498631472367,0.32973037239211794,0.3403950588848387
robot_4,warehouse,robot_anomaly_warehouse,2026-04-18 16:17:41.133000+00:00,,,,,,,,,,,,,44.5186,0.0,0.34435945945945945,44.033102772410636,49.5174,,1.0,0.0,0.9828329508095032,,,,0.7041471436338549,0.5,0.5,0.7122072778173084,0.3276109836031677,0.38495456535511907
robot_5,lab,robot_anomaly_lab,2026-04-27 14:23:37.235000+00:00,,,,,,,,,,,,,40.2662,0.07830000000000004,0.33845270270270267,44.31142771759781,49.9545,,0.0,1.0,0.986291173004156,,,,0.9479323287452305,0.5,0.5,0.6978144719386197,0.9954303910013853,0.5483112157350012
robot_4,hospital,robot_anomaly_hospital,2026-04-19 22:33:06.338000+00:00,,,,,,,,,,,,,58.3601,0.052200000000000024,0.31946756756756756,41.58712541309663,51.3594,,0.0,1.0,0.9482352211401278,,,,0.8969894490080298,0.5,0.5,0.715436353943382,0.9827450737133759,0.5495453569141895
robot_3,outdoor,robot_anomaly_outdoor,2026-04-10 22:37:36.510000+00:00,,,,,,,,,,,,,26.2983,0.07679999999999998,0.24004054054054047,34.9320233150912,57.237,,0.0,1.0,0.9490571304509646,,,,0.9076487541351297,0.5,0.5,0.7867322421821753,0.9830190434836549,0.5674378214164576
robot_1,lab,robot_anomaly_lab,2026-04-12 22:58:09.998000+00:00,,,,,,,,,,,,,30.8746,0.02100000000000002,0.30402837837837837,49.14167586402035,52.5019,,0.0,1.0,0.9571521617765647,,,,0.9285771138807994,0.5,0.5,0.7065257274037513,0.9857173872588549,0.5480607786656515
robot_2,outdoor,robot_anomaly_outdoor,2026-05-03 16:47:36.570000+00:00,,,,,,,,,,,,,47.3377,0.04479999999999995,0.298395945945946,50.074809997698374,52.9187,,0.0,1.0,0.9978134110787172,,,,0.9171135427167425,0.5,0.5,0.6917325821530907,0.999271137026239,0.5477509297948324
robot_2,outdoor,robot_anomaly_outdoor,2026-05-07 09:23:52.474000+00:00,,,,,,,,,,,,,50.7661,0.01770000000000005,0.3861689189189189,50.074809997698374,46.4235,,0.0,1.0,0.9414893617021276,,,,0.8959783375160999,0.5,0.5,0.6610924481112718,0.9804964539007092,0.5353972255029952
robot_3,lab,robot_anomaly_lab,2026-05-04 10:47:18.858000+00:00,,,,,,,,,,,,,38.7898,0.029000000000000026,0.28752162162162165,25.56989703262559,53.7234,,0.0,1.0,0.989764902921655,,,,0.8290597237948572,0.5,0.5,0.8154795180711197,0.996588300973885,0.5780169547612511
robot_1,warehouse,robot_anomaly_warehouse,2026-04-10 20:37:56.407000+00:00,,,,,,,,,,,,,54.558,0.04959999999999998,0.37783918918918913,45.61617786488777,47.0399,,0.0,1.0,0.9979995037528689,,,,0.9694154551474305,0.5,0.5,0.6759811842832382,0.9993331679176229,0.5438285880502153
robot_2,outdoor,robot_anomaly_outdoor,2026-05-08 04:06:15.509000+00:00,,,,,,,,,,,,,62.3856,0.04079999999999995,0.3406702702702703,50.074809997698374,49.7904,,0.0,1.0,0.9982011041498666,,,,0.9400282763444034,0.5,0.5,0.6688690261043483,0.9994003680499555,0.542067348538576
robot_5,lab,robot_anomaly_lab,2026-04-19 13:30:47.901000+00:00,,,,,,,,,,,,,26.4304,0.11129999999999995,0.3172959459459459,44.31142771759781,51.5201,,0.0,1.0,0.9634638049748775,,,,0.9302114115394818,0.5,0.5,0.7052288570340888,0.9878212683249591,0.548262531339762
robot_5,hospital,robot_anomaly_hospital,2026-04-27 07:44:58.986000+00:00,,,,,,,,,,,,,29.6636,0.006900000000000017,0.42879459459459457,33.69562591427044,43.2692,,0.0,1.0,0.9442807518144036,,,,0.9390569802079822,0.5,0.5,0.7308997264519232,0.9814269172714679,0.5530816609308478
robot_1,warehouse,robot_anomaly_warehouse,2026-04-26 12:43:09.801000+00:00,,,,,,,,,,,,,25.129,0.040200000000000014,0.325695945945946,45.61617786488777,50.8985,,0.0,1.0,0.9790955896036226,,,,0.9113426296238988,0.5,0.5,0.7123134187556106,0.9930318632012076,0.5513363204892046
robot_2,lab,robot_anomaly_lab,2026-04-29 16:44:43.415000+00:00,,,,,,,,,,,,,39.1965,0.08919999999999995,0.09996621621621615,14.63679636698148,67.6025,,0.0,1.0,0.9252992990509273,,,,0.8937798407237774,0.5,0.5,0.9268932301405967,0.9750997663503091,0.6004982491227264
robot_3,outdoor,robot_anomaly_outdoor,2026-05-06 12:59:47.114000+00:00,,,,,,,,,,,,,30.6985,0.07350000000000001,0.4997716216216216,34.9320233150912,38.0169,,0.0,1.0,0.9478940512375162,,,,0.8858997799472954,0.5,0.5,0.6815727188053323,0.9826313504125054,0.5410510173044594
robot_1,warehouse,robot_anomaly_warehouse,2026-04-21 08:33:05.249000+00:00,,,,,,,,,,,,,23.6376,0.0665,0.3084648648648649,45.61617786488777,52.1736,,0.0,1.0,0.9592146889150797,,,,0.9069423203729563,0.5,0.5,0.7140338273356257,0.9864048963050266,0.5501096809101631
robot_4,lab,robot_anomaly_lab,2026-04-30 04:26:06.532000+00:00,,,,,,,,,,,,,39.4031,0.0,0.3023364864864865,53.89857422167088,52.6271,,0.0,1.0,0.9794057440605421,,,,0.9040859705160946,0.5,0.5,0.6862546527049465,0.9931352480201806,0.5448474751812817
robot_2,lab,robot_anomaly_lab,2026-04-28 13:36:22.347000+00:00,,,,,,,,,,,,,36.9651,0.05249999999999999,0.5517702702702703,14.63679636698148,34.169,,0.0,1.0,0.9527014453197693,,,,0.9139314840158521,0.5,0.5,0.7553501418321117,0.9842338151065898,0.5598959892346754
robot_1,outdoor,robot_anomaly_outdoor,2026-04-25 21:17:41.766000+00:00,,,,,,,,,,,,,26.2107,0.04069999999999996,0.32346216216216217,32.28341037492993,51.0638,,1.0,0.0,0.9957508839402022,,,,0.7403751442655109,0.5,0.5,0.7735386729400673,0.3319169613134007,0.401363908563367
robot_3,hospital,robot_anomaly_hospital,2026-05-02 07:32:25.608000+00:00,,,,,,,,,,,,,26.9575,0.035599999999999965,0.5651297297297297,37.431302275652754,33.1804,,0.0,1.0,0.9808014391166802,,,,0.8881008195905764,0.5,0.5,0.6541390058840453,0.9936004797055601,0.5369348713974014
robot_1,lab,robot_anomaly_lab,2026-04-17 10:48:36.282000+00:00,,,,,,,,,,,,,31.0988,0.0816,0.3616554054054054,49.14167586402035,48.2375,,0.0,1.0,0.9970690403821103,,,,0.8936579261227526,0.5,0.5,0.6698928063003045,0.9990230134607034,0.5422289549402519
robot_2,lab,robot_anomaly_lab,2026-05-09 03:21:06.715000+00:00,,,,,,,,,,,,,35.7418,0.0048000000000000265,0.3729945945945946,14.63679636698148,47.3984,,0.0,1.0,0.9908504435208734,,,,0.9288524258686122,0.5,0.5,0.8380273649255319,0.9969501478402911,0.5837443781914557
robot_3,lab,robot_anomaly_lab,2026-05-02 18:21:17.197000+00:00,,,,,,,,,,,,,25.7453,0.0645,0.17701621621621622,25.56989703262559,61.9008,,0.0,1.0,0.9846318466596365,,,,0.8956591951644338,0.5,0.5,0.857717377180699,0.9948772822198788,0.5881486648501444
robot_1,hospital,robot_anomaly_hospital,2026-04-24 21:09:34.927000+00:00,,,,,,,,,,,,,42.9294,0.029000000000000026,0.2977175675675676,39.72338368547231,52.9689,,0.0,1.0,0.9688139693567397,,,,0.9359272965006369,0.5,0.5,0.7448326492440148,0.9896046564522466,0.5586093264240654
robot_5,lab,robot_anomaly_lab,2026-04-25 22:36:41.231000+00:00,,,,,,,,,,,,,35.8141,0.051899999999999946,0.27009864864864863,44.31142771759781,55.0127,,0.0,1.0,0.9950995595806712,,,,0.8790031679050901,0.5,0.5,0.7330533946106705,0.9983665198602237,0.5578549786177236
robot_1,warehouse,robot_anomaly_warehouse,2026-04-30 14:48:33.585000+00:00,,,,,,,,,,,,,37.2862,0.04690000000000005,0.29861081081081087,45.61617786488777,52.9028,,0.0,1.0,0.97127969728925,,,,0.8855505019692623,0.5,0.5,0.7161281443497456,0.9904265657630833,0.5516386775282072
robot_1,lab,robot_anomaly_lab,2026-04-30 12:39:37.315000+00:00,,,,,,,,,,,,,44.0007,0.058499999999999996,0.3025391891891892,49.14167586402035,52.6121,,0.0,1.0,0.9420166242788909,,,,0.9156952130550063,0.5,0.5,0.692810134744827,0.9806722080929636,0.5433705857094476
robot_4,hospital,robot_anomaly_hospital,2026-04-12 14:06:06.828000+00:00,,,,,,,,,,,,,31.7144,0.054400000000000004,0.3831797297297297,41.58712541309663,46.6447,,1.0,0.0,0.9598815209974567,,,,0.7485284547267839,0.5,0.5,0.7015802565586495,0.31996050699915224,0.38038519088945044
robot_5,hospital,robot_anomaly_hospital,2026-04-18 05:36:02.932000+00:00,,,,,,,,,,,,,28.5339,0.014800000000000035,0.36419729729729733,33.69562591427044,48.0494,,0.0,1.0,0.9415824080392036,,,,0.9271394855046922,0.5,0.5,0.7554951065541682,0.9805274693464012,0.5590056439751423
robot_2,hospital,robot_anomaly_hospital,2026-05-08 09:52:41.785000+00:00,,,,,,,,,,,,,36.7277,0.005499999999999949,0.32386216216216224,38.92765711090124,51.0342,,0.0,1.0,0.9686588921282799,,,,0.8639037400588725,0.5,0.5,0.7460594387931387,0.98955296404276,0.5589031007089746
robot_4,lab,robot_anomaly_lab,2026-04-29 23:53:48.566000+00:00,,,,,,,,,,,,,47.532,0.0786,0.4295500000000001,53.89857422167088,43.2133,,0.0,1.0,0.9843682153712549,,,,0.8792295382585685,0.5,0.5,0.6141881699623883,0.9947894051237517,0.527244393771535
robot_5,warehouse,robot_anomaly_warehouse,2026-05-02 21:28:15.068000+00:00,,,,,,,,,,,,,40.446,0.10140000000000005,0.4264094594594594,31.857120950670687,43.4457,,0.0,1.0,0.911171763538242,,,,0.9323004759619844,0.5,0.5,0.7143315941882915,0.9703905878460807,0.5461805455085931
robot_3,lab,robot_anomaly_lab,2026-05-06 14:56:00.267000+00:00,,,,,,,,,,,,,48.8267,0.03510000000000002,0.2790418918918919,25.56989703262559,54.3509,,0.0,1.0,0.9878109298430618,,,,0.8670628670741476,0.5,0.5,0.8129498353899972,0.9959369766143539,0.5772217030010878
robot_2,hospital,robot_anomaly_hospital,2026-04-30 05:30:52.919000+00:00,,,,,,,,,,,,,35.7279,0.07130000000000003,0.11228648648648654,38.92765711090124,66.6908,,1.0,0.0,0.9811115935735997,,,,0.7454009774329498,0.5,0.5,0.8165075470671187,0.32703719785786656,0.4108861862312463
robot_5,lab,robot_anomaly_lab,2026-05-02 20:56:01.702000+00:00,,,,,,,,,,,,,41.0319,0.01749999999999996,0.46663918918918923,44.31142771759781,40.4687,,0.0,1.0,0.9689535388623535,,,,0.9320671707126345,0.5,0.5,0.6597162818866474,0.9896511796207844,0.5373418653768579
robot_2,outdoor,robot_anomaly_outdoor,2026-04-14 23:47:01.892000+00:00,,,,,,,,,,,,,33.8303,0.08360000000000001,0.28111216216216217,50.074809997698374,54.1977,,0.0,1.0,0.9362322436573414,,,,0.8977145132393772,0.5,0.5,0.6961582465982167,0.9787440812191138,0.5437255819543326
robot_1,hospital,robot_anomaly_hospital,2026-04-15 11:30:49.691000+00:00,,,,,,,,,,,,,31.1235,0.07540000000000002,0.4597662162162163,39.72338368547231,40.9773,,0.0,1.0,0.9982786427640965,,,,0.9494276133344972,0.5,0.5,0.6750609393932897,0.9994262142546989,0.5436217884119972
robot_2,outdoor,robot_anomaly_outdoor,2026-05-05 02:59:17.170000+00:00,,,,,,,,,,,,,29.9536,0.058699999999999974,0.27093378378378385,50.074809997698374,54.9509,,0.0,1.0,0.9438155201290243,,,,0.912888445338546,0.5,0.5,0.7075315469599388,0.981271840043008,0.5472008467507368
robot_5,outdoor,robot_anomaly_outdoor,2026-04-17 12:01:09.608000+00:00,,,,,,,,,,,,,23.1845,0.0514,0.33142837837837835,26.119861519645806,50.4743,,0.0,1.0,0.9735128093790708,,,,0.8863640089278666,0.5,0.5,0.7975176493779521,0.9911709364596902,0.5721721464594105
robot_5,lab,robot_anomaly_lab,2026-04-18 20:55:28.867000+00:00,,,,,,,,,,,,,32.2804,0.06399999999999995,0.3763040540540541,44.31142771759781,47.1535,,0.0,1.0,0.9477234662862105,,,,0.9036782337524107,0.5,0.5,0.6894867364853627,0.9825744887620701,0.5430153063118581
robot_3,warehouse,robot_anomaly_warehouse,2026-04-20 07:07:32.989000+00:00,,,,,,,,,,,,,38.9238,0.0,0.44870270270270274,41.50002108112327,41.796,,0.0,1.0,0.9779480181130202,,,,0.9088508052354187,0.5,0.5,0.6845914023072732,0.9926493393710066,0.54431018541957
robot_1,outdoor,robot_anomaly_outdoor,2026-04-25 05:36:35.921000+00:00,,,,,,,,,,,,,43.7473,0.0615,0.19881621621621626,32.28341037492993,60.2876,,0.0,1.0,0.9524688294770796,,,,0.9428678973846443,0.5,0.5,0.8107947662589103,0.9841562764923598,0.5737377606878176
robot_1,outdoor,robot_anomaly_outdoor,2026-04-27 03:52:43.292000+00:00,,,,,,,,,,,,,34.9911,0.04090000000000005,0.1693108108108109,32.28341037492993,62.471,,0.0,1.0,0.9906643508467217,,,,0.9290476167173779,0.5,0.5,0.8311615036177933,0.9968881169489072,0.5820124051416751
robot_5,warehouse,robot_anomaly_warehouse,2026-04-25 05:58:13.383000+00:00,,,,,,,,,,,,,34.2055,0.060699999999999976,0.20427567567567562,31.857120950670687,59.8836,,0.0,1.0,0.9907108740152596,,,,0.9369320028373693,0.5,0.5,0.8150767104241734,0.9969036246717532,0.5779950837739816
robot_5,outdoor,robot_anomaly_outdoor,2026-04-21 18:37:25.210000+00:00,,,,,,,,,,,,,36.3284,0.08760000000000001,0.3656716216216216,26.119861519645806,47.9403,,0.0,1.0,0.9667049190496867,,,,0.8328749423085728,0.5,0.5,0.769790166585852,0.9889016396832289,0.5646729515672702
robot_5,lab,robot_anomaly_lab,2026-04-13 18:33:37.466000+00:00,,,,,,,,,,,,,38.2213,0.045599999999999974,0.1025756756756756,44.31142771759781,67.4094,,1.0,0.0,0.9783977420755536,,,,0.7737248386278675,0.5,0.5,0.8003692194250618,0.3261325806918512,0.40662545002922823
robot_4,outdoor,robot_anomaly_outdoor,2026-04-13 09:28:26.900000+00:00,,,,,,,,,,,,,19.4248,0.018399999999999972,0.4920608108108109,47.74265761291576,38.5875,,1.0,0.0,0.9770020470194156,,,,0.714666723059781,0.5,0.5,0.6434922925939857,0.3256673490064719,0.3672899104001144
robot_1,lab,robot_anomaly_lab,2026-04-26 01:43:32.481000+00:00,,,,,,,,,,,,,24.153,0.044300000000000006,0.47996081081081077,49.14167586402035,39.4829,,0.0,1.0,0.9811581167421376,,,,0.8802878081812008,0.5,0.5,0.6340266969995489,0.9937193722473792,0.5319365173117321
robot_4,lab,robot_anomaly_lab,2026-05-06 23:45:17.024000+00:00,,,,,,,,,,,,,31.1634,0.0040000000000000036,0.45815540540540545,53.89857422167088,41.0965,,0.0,1.0,0.9934402332361516,,,,0.9062229853860077,0.5,0.5,0.6267846235046136,0.9978134110787172,0.5311495086458327
robot_4,lab,robot_anomaly_lab,2026-04-12 08:40:30.518000+00:00,,,,,,,,,,,,,39.9422,0.5541,0.5565986486486486,53.89857422167088,33.8117,,1.0,0.0,0.9684107685627442,,,,0.5886835991827577,0.5,0.5,0.4610480216830476,0.32280358952091476,0.3209629028009906
robot_4,warehouse,robot_anomaly_warehouse,2026-04-29 04:05:18.381000+00:00,,,,,,,,,,,,,32.9213,0.05469999999999997,0.4887418918918919,44.033102772410636,38.8331,,0.0,1.0,0.9763507226598847,,,,0.9739058113706293,0.5,0.5,0.6475608949321993,0.992116907553295,0.5349194506213736
robot_3,hospital,robot_anomaly_hospital,2026-05-03 16:56:09.245000+00:00,,,,,,,,,,,,,42.3025,0.12029999999999996,0.6081081081081081,37.431302275652754,30.0,,0.0,1.0,0.9868339433037653,,,,0.8831373979139615,0.5,0.5,0.6111278687331543,0.9956113144345884,0.5266847957919356
robot_2,lab,robot_anomaly_lab,2026-04-29 18:31:12.918000+00:00,,,,,,,,,,,,,31.4991,0.09870000000000001,0.4578486486486486,14.63679636698148,41.1192,,0.0,1.0,0.9661156255815396,,,,0.868194791509177,0.5,0.5,0.7851277183114543,0.9887052085271799,0.5684582317096586
robot_1,warehouse,robot_anomaly_warehouse,2026-04-15 18:07:01.941000+00:00,,,,,,,,,,,,,25.8047,0.08799999999999997,0.39197837837837834,45.61617786488777,45.9936,,0.0,1.0,0.9728614850195397,,,,0.9496799084266827,0.5,0.5,0.6748602904249387,0.9909538283398466,0.5414535296911963
robot_4,hospital,robot_anomaly_hospital,2026-04-15 21:39:04.352000+00:00,,,,,,,,,,,,,24.183,0.05479999999999996,0.36317027027027027,41.58712541309663,48.1254,,0.0,1.0,0.9094193908566466,,,,0.929656619362824,0.5,0.5,0.7129202531398796,0.9698064636188821,0.5456816791896905
robot_2,outdoor,robot_anomaly_outdoor,2026-04-19 13:58:55.491000+00:00,,,,,,,,,,,,,34.7796,0.022700000000000053,0.44694054054054055,50.074809997698374,41.9264,,0.0,1.0,0.9667359344953788,,,,0.9047687211181239,0.5,0.5,0.6429420451715513,0.9889119781651262,0.5329635058341693
robot_5,outdoor,robot_anomaly_outdoor,2026-04-20 06:56:33.744000+00:00,,,,,,,,,,,,,39.3527,0.09540000000000004,0.5709081081081081,26.119861519645806,32.7528,,0.0,1.0,0.9956888530488183,,,,0.8613545136310978,0.5,0.5,0.6845850881122211,0.9985629510162727,0.5457870097821234
robot_5,lab,robot_anomaly_lab,2026-04-26 17:32:58.208000+00:00,,,,,,,,,,,,,34.3523,0.017000000000000015,0.517468918918919,44.31142771759781,36.7073,,0.0,1.0,0.9557099435518889,,,,0.9107520538600383,0.5,0.5,0.642533414537697,0.9852366478506296,0.5319425155970816
robot_4,warehouse,robot_anomaly_warehouse,2026-04-12 15:06:00.695000+00:00,,,,,,,,,,,,,46.942,0.06000000000000005,0.5286418918918919,44.033102772410636,35.8805,,0.0,1.0,0.9139941690962099,,,,0.8950490539487065,0.5,0.5,0.6240454914884992,0.9713313896987366,0.523844220296809
robot_5,lab,robot_anomaly_lab,2026-05-08 13:08:00.799000+00:00,,,,,,,,,,,,,39.5516,0.0797,0.2344472972972973,44.31142771759781,57.6509,,0.0,1.0,0.9978909496929471,,,,0.9561152756182464,0.5,0.5,0.7394302031023947,0.9992969832309825,0.5596817965833443
robot_4,warehouse,robot_anomaly_warehouse,2026-04-25 12:06:55.008000+00:00,,,,,,,,,,,,,54.7574,0.044399999999999995,0.40523783783783784,44.033102772410636,45.0124,,1.0,0.0,0.9404038211029092,,,,0.5720426338817397,0.5,0.5,0.6733228994452842,0.3134679403676364,0.37169770995323015
robot_2,hospital,robot_anomaly_hospital,2026-04-19 06:09:44.517000+00:00,,,,,,,,,,,,,57.2097,0.0403,0.44458648648648647,38.92765711090124,42.1006,,0.0,1.0,0.9989919980150115,,,,0.8517095925472387,0.5,0.5,0.6807136659666878,0.999663999338337,0.5450944163262562
robot_3,hospital,robot_anomaly_hospital,2026-04-12 06:33:05.705000+00:00,,,,,,,,,,,,,45.1338,0.026900000000000035,0.2788810810810811,37.431302275652754,54.3628,,1.0,0.0,0.9946653433409838,,,,0.59406523653633,0.5,0.5,0.7623073700463329,0.3315551144469946,0.39846562112333184
robot_2,warehouse,robot_anomaly_warehouse,2026-05-06 04:07:49.406000+00:00,,,,,,,,,,,,,43.9005,0.09689999999999999,0.32345,58.39748493129811,51.0647,,0.0,1.0,0.9802741765399169,,,,0.8934004932690822,0.5,0.5,0.633647569739544,0.9934247255133056,0.5317680738132123
robot_3,hospital,robot_anomaly_hospital,2026-04-19 05:56:46.336000+00:00,,,,,,,,,,,,,36.4027,0.03739999999999999,0.43560270270270274,37.431302275652754,42.7654,,0.0,1.0,0.9564077910799578,,,,0.9358007259630602,0.5,0.5,0.701253852274284,0.9854692636933192,0.5466807789919008
robot_4,outdoor,robot_anomaly_outdoor,2026-05-01 13:37:54.169000+00:00,,,,,,,,,,,,,28.276,0.05589999999999995,0.5075716216216216,47.74265761291576,37.4397,,0.0,1.0,0.9656969170646982,,,,0.9656140771459831,0.5,0.5,0.6249208733384654,0.9885656390215661,0.5283716280900079
robot_1,lab,robot_anomaly_lab,2026-04-21 06:20:05.905000+00:00,,,,,,,,,,,,,134.3727,0.07520000000000004,0.8970243243243243,49.14167586402035,8.6202,,1.0,0.0,0.958377271881397,,,,0.6454016375876879,0.5,0.5,0.4102011497659051,0.31945909062713235,0.30741506009825936
robot_2,lab,robot_anomaly_lab,2026-04-19 00:35:29.376000+00:00,,,,,,,,,,,,,33.5039,0.06000000000000005,0.602072972972973,14.63679636698148,30.4466,,0.0,1.0,0.974009056510142,,,,0.8768051186270492,0.5,0.5,0.7351348381224849,0.9913363521700473,0.556617797573133
robot_3,lab,robot_anomaly_lab,2026-04-23 12:11:34.920000+00:00,,,,,,,,,,,,,37.9472,0.7419,0.24184864864864863,25.56989703262559,57.1032,,1.0,0.0,0.970674896098257,,,,0.5626385268348908,0.5,0.5,0.6755511086397747,0.323558298699419,0.37477735183479843
robot_4,outdoor,robot_anomaly_outdoor,2026-04-26 11:44:36.851000+00:00,,,,,,,,,,,,,30.3762,0.0,0.3388445945945946,47.74265761291576,49.9255,,0.0,1.0,0.9683177222256684,,,,0.9471020923310629,0.5,0.5,0.7038911951812631,0.9894392407418895,0.5483326089807882
robot_2,hospital,robot_anomaly_hospital,2026-05-09 01:57:15.641000+00:00,,,,,,,,,,,,,36.5451,0.03849999999999998,0.3105351351351351,38.92765711090124,52.0204,,0.0,1.0,0.998697351280938,,,,0.9381240761859869,0.5,0.5,0.7441326198931917,0.9995657837603127,0.5609246009133761
robot_2,warehouse,robot_anomaly_warehouse,2026-05-04 08:26:12.549000+00:00,,,,,,,,,,,,,37.5176,0.052000000000000046,0.26247027027027026,58.39748493129811,55.5772,,0.0,1.0,0.9266949941070654,,,,0.9475059233797627,0.5,0.5,0.6709300937720077,0.9755649980356885,0.5366237729519241
robot_3,hospital,robot_anomaly_hospital,2026-04-23 01:14:17.270000+00:00,,,,,,,,,,,,,35.2173,0.05569999999999997,0.27133108108108106,37.431302275652754,54.9215,,0.0,1.0,0.9332857763166057,,,,0.8926284287561138,0.5,0.5,0.7634308692645859,0.9777619254388686,0.5602981986758637
robot_2,outdoor,robot_anomaly_outdoor,2026-05-09 23:50:46.297000+00:00,,,,,,,,,,,,,25.5592,0.5624,0.26530135135135136,50.074809997698374,55.3677,,1.0,0.0,0.9498170088704174,,,,0.5625562636613219,0.5,0.5,0.5997376617953638,0.3166056696234725,0.35408583285470907
robot_1,lab,robot_anomaly_lab,2026-05-07 23:05:25.003000+00:00,,,,,,,,,,,,,53.928,0.07689999999999997,0.3890351351351352,49.14167586402035,46.2114,,0.0,1.0,0.9236244649835619,,,,0.8980575638604208,0.5,0.5,0.6496039571601693,0.974541488327854,0.5310363613720058
robot_3,outdoor,robot_anomaly_outdoor,2026-04-28 15:37:39.175000+00:00,,,,,,,,,,,,,181.9308,0.0,0.9630986486486487,34.9320233150912,3.7307,,1.0,0.0,0.9667669499410707,,,,0.6774443179898095,0.5,0.5,0.44381294931267457,0.3222556499803569,0.31651714982325785
robot_1,lab,robot_anomaly_lab,2026-05-03 18:54:29.579000+00:00,,,,,,,,,,,,,22.8298,0.0494,0.42976621621621625,49.14167586402035,43.1973,,0.0,1.0,0.9205229204143663,,,,0.9053729444536438,0.5,0.5,0.6535718425742495,0.9735076401381221,0.5317698706780929
robot_2,warehouse,robot_anomaly_warehouse,2026-05-06 16:41:23.411000+00:00,,,,,,,,,,,,,40.7508,0.04720000000000002,0.38958108108108114,58.39748493129811,46.171,,0.0,1.0,0.9854537559704732,,,,0.8882384550530394,0.5,0.5,0.6196830831493463,0.9951512519901579,0.5287085837848761
robot_5,warehouse,robot_anomaly_warehouse,2026-04-28 10:42:14.082000+00:00,,,,,,,,,,,,,47.1476,0.05259999999999998,0.3894837837837838,31.857120950670687,46.1782,,0.0,1.0,0.9977668879101793,,,,0.9453508932899373,0.5,0.5,0.736909356656316,0.9992556293033932,0.5590412464899273
robot_3,lab,robot_anomaly_lab,2026-04-15 21:23:34.510000+00:00,,,,,,,,,,,,,22.2961,0.04959999999999998,0.34257297297297296,25.56989703262559,49.6496,,0.0,1.0,0.9725048073940823,,,,0.8629820422279343,0.5,0.5,0.7963777549312552,0.9908349357980274,0.5718031726823207
robot_2,lab,robot_anomaly_lab,2026-04-30 01:38:45.350000+00:00,,,,,,,,,,,,,31.7941,0.08250000000000002,0.5110837837837838,14.63679636698148,37.1798,,0.0,1.0,0.981530302090441,,,,0.9370587643383839,0.5,0.5,0.7673031053884305,0.993843434030147,0.5652866348546444
robot_3,hospital,robot_anomaly_hospital,2026-04-30 04:52:15.813000+00:00,,,,,,,,,,,,,36.0836,0.01319999999999999,0.4382108108108108,37.431302275652754,42.5724,,1.0,0.0,0.9626418956640407,,,,0.5975356697442775,0.5,0.5,0.7057388928341579,0.3208806318880136,0.3816548811805429
robot_5,outdoor,robot_anomaly_outdoor,2026-05-10 05:04:57.277000+00:00,,,,,,,,,,,,,49.1587,0.08230000000000004,0.17888108108108114,26.119861519645806,61.7628,,0.0,1.0,0.972675392345388,,,,0.9034795699444622,0.5,0.5,0.8398502725133297,0.9908917974484627,0.5826855174904482
robot_2,warehouse,robot_anomaly_warehouse,2026-04-24 22:54:17.887000+00:00,,,,,,,,,,,,,39.1562,0.049000000000000044,0.5004121621621622,58.39748493129811,37.9695,,0.0,1.0,0.9879970225172136,,,,0.9318479133751522,0.5,0.5,0.5756754553292782,0.9959990075057378,0.517918615708754
robot_2,warehouse,robot_anomaly_warehouse,2026-04-12 22:40:11.604000+00:00,,,,,,,,,,,,,40.5339,0.09389999999999998,0.3053351351351351,58.39748493129811,52.4052,,0.0,1.0,0.9975652875131815,,,,0.9406400048880258,0.5,0.5,0.6430919391104479,0.9991884291710605,0.5355700920703772
robot_1,warehouse,robot_anomaly_warehouse,2026-04-21 01:17:44.412000+00:00,,,,,,,,,,,,,17.2658,0.05249999999999999,0.35870270270270266,45.61617786488777,48.456,,0.0,1.0,0.930990633335401,,,,0.9677545277069985,0.5,0.5,0.6999507359869159,0.976996877778467,0.5442369034413457
robot_2,lab,robot_anomaly_lab,2026-04-27 16:53:31.723000+00:00,,,,,,,,,,,,,41.5373,0.07030000000000003,0.22109054054054056,14.63679636698148,58.6393,,0.0,1.0,0.9438620432975622,,,,0.9016382217229351,0.5,0.5,0.881583136764902,0.981287347765854,0.590717621132689
robot_1,warehouse,robot_anomaly_warehouse,2026-05-07 07:02:01.717000+00:00,,,,,,,,,,,,,256.6862,0.05349999999999999,0.9216472972972973,45.61617786488777,6.7981,,1.0,0.0,0.9881986229142112,,,,0.6747497905430261,0.5,0.5,0.36566491840245435,0.3293995409714037,0.2987661148434645
robot_3,lab,robot_anomaly_lab,2026-04-24 09:35:51.434000+00:00,,,,,,,,,,,,,42.0635,0.07879999999999998,0.42074999999999996,25.56989703262559,43.8645,,0.0,1.0,0.9387134793126978,,,,0.9236985994579345,0.5,0.5,0.7496215826935597,0.9795711597708993,0.5572981856161148
robot_3,warehouse,robot_anomaly_warehouse,2026-04-17 02:40:58.971000+00:00,,,,,,,,,,,,,47.3523,0.07850000000000001,0.20183783783783782,41.50002108112327,60.064,,1.0,0.0,0.9256714843992309,,,,0.719859517475423,0.5,0.5,0.7620422608851859,0.30855716146641027,0.392649855587899
robot_1,hospital,robot_anomaly_hospital,2026-04-26 20:59:26.995000+00:00,,,,,,,,,,,,,32.4261,0.026599999999999957,0.12691891891891882,39.72338368547231,65.608,,0.0,1.0,0.9421096706159667,,,,0.9508532120005521,0.5,0.5,0.818462751152078,0.9807032235386556,0.5747914936726835
robot_2,outdoor,robot_anomaly_outdoor,2026-05-01 01:59:14.621000+00:00,,,,,,,,,,,,,35.2966,0.05689999999999995,0.6081081081081081,50.074809997698374,30.0,,0.0,1.0,0.9919514918429377,,,,0.9047981071696002,0.5,0.5,0.5706322851188812,0.9973171639476459,0.5169873622666318
robot_4,outdoor,robot_anomaly_outdoor,2026-04-20 19:58:24.068000+00:00,,,,,,,,,,,,,40.0113,0.08630000000000004,0.2748067567567568,47.74265761291576,54.6643,,0.0,1.0,0.9798399603002295,,,,0.9148864116765095,0.5,0.5,0.7059274272944024,0.9932799867667432,0.5498018535152864
robot_3,warehouse,robot_anomaly_warehouse,2026-04-26 17:17:54.431000+00:00,,,,,,,,,,,,,21.9247,0.05589999999999995,0.34270270270270264,41.50002108112327,49.64,,0.0,1.0,0.9646113764654798,,,,0.9303544643212435,0.5,0.5,0.7222877328435046,0.98820379215516,0.5526228812496662
robot_4,warehouse,robot_anomaly_warehouse,2026-04-22 05:59:28.327000+00:00,,,,,,,,,,,,,57.8125,0.09999999999999998,0.48569459459459463,44.033102772410636,39.0586,,0.0,1.0,0.8393399913156752,,,,0.8539896449752788,0.5,0.5,0.627382850314533,0.9464466637718917,0.5184573785216061
robot_5,lab,robot_anomaly_lab,2026-04-21 03:28:06.168000+00:00,,,,,,,,,,,,,48.0247,0.0,0.31966216216216214,44.31142771759781,51.345,,0.0,1.0,0.9619130326902797,,,,0.9474850276537738,0.5,0.5,0.7192196325435719,0.9873043442300933,0.5516309941934163
robot_5,hospital,robot_anomaly_hospital,2026-04-14 23:16:07.843000+00:00,,,,,,,,,,,,,32.1119,0.051000000000000045,0.3889716216216217,33.69562591427044,46.2161,,0.0,1.0,0.9939519880900689,,,,0.9097379698983643,0.5,0.5,0.7359056482665517,0.997983996030023,0.5584724110741437
robot_1,outdoor,robot_anomaly_outdoor,2026-04-19 01:45:45.803000+00:00,,,,,,,,,,,,,31.8064,0.06169999999999998,0.3334459459459459,32.28341037492993,50.325,,0.0,1.0,0.9720240679858569,,,,0.8768331236245428,0.5,0.5,0.7623289639717836,0.990674689328619,0.5632509133251007
robot_2,warehouse,robot_anomaly_warehouse,2026-04-13 12:56:10.946000+00:00,,,,,,,,,,,,,35.9231,0.02969999999999995,0.4016540540540541,58.39748493129811,45.2776,,0.0,1.0,0.9759165064201972,,,,0.8836943853763495,0.5,0.5,0.6209422558640819,0.9919721688067323,0.5282286061677035
robot_2,outdoor,robot_anomaly_outdoor,2026-04-14 13:54:19.604000+00:00,,,,,,,,,,,,,24.6208,0.11240000000000006,0.39577432432432436,50.074809997698374,45.7127,,0.0,1.0,0.9387289870355437,,,,0.8855552323935436,0.5,0.5,0.6480753458054711,0.9795763290118479,0.5319129187043297
robot_1,warehouse,robot_anomaly_warehouse,2026-04-28 06:41:29.138000+00:00,,,,,,,,,,,,,38.7147,0.06610000000000005,0.36304729729729723,45.61617786488777,48.1345,,0.0,1.0,0.9799950375286893,,,,0.9316287052982648,0.5,0.5,0.6854329474319948,0.9933316791762298,0.5446911566520561
robot_5,hospital,robot_anomaly_hospital,2026-04-25 10:29:11.098000+00:00,,,,,,,,,,,,,31.1032,0.06330000000000002,0.374154054054054,33.69562591427044,47.3126,,0.0,1.0,0.8973388747596303,,,,0.8750576919308692,0.5,0.5,0.7395553505894352,0.9657796249198768,0.551333743877328
robot_3,warehouse,robot_anomaly_warehouse,2026-04-20 04:59:49.764000+00:00,,,,,,,,,,,,,51.647,0.06159999999999999,0.3857554054054054,41.50002108112327,46.4541,,0.0,1.0,0.89749395198809,,,,0.8354086327865469,0.5,0.5,0.6902813705219368,0.9658313173293633,0.539028171962825
robot_3,lab,robot_anomaly_lab,2026-04-27 23:56:58.260000+00:00,,,,,,,,,,,,,37.5071,0.06010000000000004,0.31189999999999996,25.56989703262559,51.9194,,0.0,1.0,0.9048756280627752,,,,0.8639922254453524,0.5,0.5,0.7993934942017882,0.968291876020925,0.5669213425556783
robot_3,lab,robot_anomaly_lab,2026-04-28 14:01:41.711000+00:00,,,,,,,,,,,,,59.0391,0.0514,0.35322027027027025,25.56989703262559,48.8617,,0.0,1.0,0.9988059053408598,,,,0.951777784767236,0.5,0.5,0.7750081585618822,0.9996019684469534,0.5686525317522089
robot_5,lab,robot_anomaly_lab,2026-05-10 10:41:49.527000+00:00,,,,,,,,,,,,,19.3869,0.04810000000000003,0.2808621621621622,44.31142771759781,54.2162,,0.0,1.0,0.9751101048322064,,,,0.9680811710891544,0.5,0.5,0.7370641730732009,0.9917033682774021,0.5571918853376507
robot_5,warehouse,robot_anomaly_warehouse,2026-05-06 00:04:31.634000+00:00,,,,,,,,,,,,,40.8152,0.049699999999999966,0.24363783783783788,31.857120950670687,56.9708,,0.0,1.0,0.9184293778301594,,,,0.8560512910750319,0.5,0.5,0.7987727243697712,0.9728097926100531,0.5678956292449561
robot_1,warehouse,robot_anomaly_warehouse,2026-05-03 12:24:27.354000+00:00,,,,,,,,,,,,,33.0657,0.049900000000000055,0.19254729729729725,45.61617786488777,60.7515,,0.0,1.0,0.956252713851498,,,,0.8512599382155974,0.5,0.5,0.7598056486883692,0.9854175712838327,0.5613058049930505
robot_1,lab,robot_anomaly_lab,2026-04-16 13:05:06.003000+00:00,,,,,,,,,,,,,33.6558,0.09770000000000001,0.40608243243243247,49.14167586402035,44.9499,,0.0,1.0,0.9794522672290801,,,,0.8797522784671626,0.5,0.5,0.6473777433275949,0.9931507557430267,0.5351321247676555
robot_4,hospital,robot_anomaly_hospital,2026-04-13 07:14:39.746000+00:00,,,,,,,,,,,,,23.3635,0.07269999999999999,0.47764864864864864,41.58712541309663,39.654,,1.0,0.0,0.9934092177904597,,,,0.5917638835505151,0.5,0.5,0.6635198410521417,0.3311364059301532,0.3736640617455737
robot_5,outdoor,robot_anomaly_outdoor,2026-04-19 05:19:02.491000+00:00,,,,,,,,,,,,,32.229,0.03849999999999998,0.30172702702702703,26.119861519645806,52.6722,,0.0,1.0,0.9935642950189194,,,,0.8933271756043434,0.5,0.5,0.808154395669869,0.9978547650063065,0.5765022901690439
robot_4,lab,robot_anomaly_lab,2026-04-16 02:08:41.066000+00:00,,,,,,,,,,,,,26.2295,0.07730000000000004,0.3191027027027027,53.89857422167088,51.3864,,1.0,0.0,0.9374108305936356,,,,0.5719301835809962,0.5,0.5,0.6683443892262145,0.3124702768645452,0.37020366652269
robot_2,hospital,robot_anomaly_hospital,2026-04-21 02:19:04.785000+00:00,,,,,,,,,,,,,27.7777,0.028000000000000025,0.28935270270270275,38.92765711090124,53.5879,,0.0,1.0,0.9962316233484275,,,,0.9312556392843675,0.5,0.5,0.7589285705533828,0.9987438744494758,0.5644181112507146
robot_3,outdoor,robot_anomaly_outdoor,2026-05-10 00:25:58.186000+00:00,,,,,,,,,,,,,35.1517,0.08730000000000004,0.5029486486486487,34.9320233150912,37.7818,,1.0,0.0,0.2589944792506669,,,,0.609214203438522,0.5,0.5,0.6752069094800482,0.08633149308355563,0.315384600640901
robot_5,lab,robot_anomaly_lab,2026-04-18 05:14:38.695000+00:00,,,,,,,,,,,,,25.6592,0.05130000000000001,0.43277567567567565,44.31142771759781,42.9746,,0.0,1.0,0.9658364865703121,,,,0.9039504803970388,0.5,0.5,0.6727343776940135,0.988612162190104,0.5403366349710294
robot_4,hospital,robot_anomaly_hospital,2026-05-01 03:14:49.534000+00:00,,,,,,,,,,,,,27.0193,0.10119999999999996,0.30031351351351354,41.58712541309663,52.7768,,0.0,1.0,0.9915017678804044,,,,0.9082037794422873,0.5,0.5,0.7264516079736392,0.9971672559601349,0.5559047159834436
robot_2,warehouse,robot_anomaly_warehouse,2026-05-07 01:09:06.895000+00:00,,,,,,,,,,,,,44.5674,0.008499999999999952,0.42766081081081087,58.39748493129811,43.3531,,0.0,1.0,0.9707214192667949,,,,0.9458110436688333,0.5,0.5,0.6113240558225925,0.9902404730889316,0.525391132227881
robot_5,hospital,robot_anomaly_hospital,2026-04-12 20:09:30.604000+00:00,,,,,,,,,,,,,47.491,0.037900000000000045,0.3674918918918919,33.69562591427044,47.8056,,0.0,1.0,0.9536319086905278,,,,0.9577643232321706,0.5,0.5,0.7404173345084055,0.9845439695635093,0.5562403260179787
robot_3,warehouse,robot_anomaly_warehouse,2026-04-12 00:05:35.964000+00:00,,,,,,,,,,,,,30.2251,0.03759999999999997,0.3353418918918919,41.50002108112327,50.1847,,0.0,1.0,0.9772191551392594,,,,0.9002562973870212,0.5,0.5,0.7255278719029213,0.9924063850464199,0.5544835642373354
robot_5,outdoor,robot_anomaly_outdoor,2026-04-15 01:18:45.764000+00:00,,,,,,,,,,,,,29.5765,0.0766,0.30936351351351343,26.119861519645806,52.1071,,0.0,1.0,0.978816450592395,,,,0.9072393320020928,0.5,0.5,0.7978309845498537,0.9929388168641317,0.5726924503534963
robot_5,lab,robot_anomaly_lab,2026-04-10 18:54:11.495000+00:00,,,,,,,,,,,,,44.9732,0.06289999999999996,0.23659729729729728,44.31142771759781,57.4918,,0.0,1.0,0.9750015507722846,,,,0.9665149169822354,0.5,0.5,0.7398415946542534,0.9916671835907614,0.5578771945612537
robot_3,warehouse,robot_anomaly_warehouse,2026-05-07 15:47:09.392000+00:00,,,,,,,,,,,,,43.535,0.09909999999999997,0.5199270270270271,41.50002108112327,36.5254,,0.0,1.0,0.9728769927423857,,,,0.9391040815391541,0.5,0.5,0.6319602874666949,0.9909589975807952,0.5307298212618725
robot_1,hospital,robot_anomaly_hospital,2026-05-06 10:28:23.652000+00:00,,,,,,,,,,,,,30.4732,0.024800000000000044,0.3297162162162163,39.72338368547231,50.601,,1.0,0.0,0.9585478568327027,,,,0.5893116048123354,0.5,0.5,0.7386323882019956,0.31951595227756757,0.3895370851198907
robot_4,warehouse,robot_anomaly_warehouse,2026-04-19 18:27:23.166000+00:00,,,,,,,,,,,,,36.3632,0.03369999999999995,0.40625810810810814,44.033102772410636,44.9369,,0.0,1.0,0.9830965820978848,,,,0.9267074482943292,0.5,0.5,0.6836604114864839,0.9943655273659616,0.5445064847131114
robot_5,outdoor,robot_anomaly_outdoor,2026-04-27 17:24:37.107000+00:00,,,,,,,,,,,,,41.2788,0.021599999999999953,0.0909837837837838,26.119861519645806,68.2672,,0.0,1.0,0.947444327274983,,,,0.9547754412274371,0.5,0.5,0.8920952670094733,0.9824814424249944,0.593644177358617
robot_4,hospital,robot_anomaly_hospital,2026-04-17 07:33:41.102000+00:00,,,,,,,,,,,,,34.3423,0.0464,0.18462027027027028,41.58712541309663,61.3381,,0.0,1.0,0.991145090254947,,,,0.9739080310810759,0.5,0.5,0.7815884601803403,0.9970483634183157,0.569659205899664
robot_4,warehouse,robot_anomaly_warehouse,2026-05-01 02:37:27.450000+00:00,,,,,,,,,,,,,50.3448,0.01419999999999999,0.3085040540540541,44.033102772410636,52.1707,,0.0,1.0,0.9755133056262019,,,,0.9739143285032712,0.5,0.5,0.7207410396157219,0.9918377685420673,0.5531447020394473
robot_1,lab,robot_anomaly_lab,2026-05-02 11:04:26.815000+00:00,,,,,,,,,,,,,51.3417,0.0796,0.45574729729729724,49.14167586402035,41.2747,,0.0,1.0,0.9445133676570933,,,,0.8869143627097598,0.5,0.5,0.6234947100093368,0.9815044558856978,0.5262497914737586
robot_4,hospital,robot_anomaly_hospital,2026-04-29 09:57:13.570000+00:00,,,,,,,,,,,,,47.3036,0.03520000000000001,0.4030608108108108,41.58712541309663,45.1735,,0.0,1.0,0.983592829228956,,,,0.8771859346190436,0.5,0.5,0.6908089799764479,0.9945309430763186,0.5463349807631916
robot_1,warehouse,robot_anomaly_warehouse,2026-04-13 12:39:22.924000+00:00,,,,,,,,,,,,,31.0834,0.09330000000000005,0.3174905405405406,45.61617786488777,51.5057,,0.0,1.0,0.995905961168662,,,,0.8922701140159195,0.5,0.5,0.7010757791849735,0.998635320389554,0.549927774893632
robot_4,warehouse,robot_anomaly_warehouse,2026-04-13 07:16:02.198000+00:00,,,,,,,,,,,,,32.0517,0.043200000000000016,0.548022972972973,44.033102772410636,34.4463,,0.0,1.0,0.9991935984120092,,,,0.8586574702029182,0.5,0.5,0.6268020598508555,0.9997311994706698,0.5316333148303813
robot_4,hospital,robot_anomaly_hospital,2026-04-16 04:09:56.986000+00:00,,,,,,,,,,,,,43.4459,0.08040000000000003,0.29105000000000003,41.58712541309663,53.4623,,0.0,1.0,0.9476459276719806,,,,0.8544923901396707,0.5,0.5,0.7273132411894064,0.9825486425573269,0.5524654709366833
robot_4,outdoor,robot_anomaly_outdoor,2026-04-28 16:30:58.090000+00:00,,,,,,,,,,,,,45.4142,0.0,0.3323108108108108,47.74265761291576,50.409,,0.0,1.0,0.9242757893430928,,,,0.9526130031696006,0.5,0.5,0.6996656061098298,0.9747585964476976,0.5436060506393818
robot_4,outdoor,robot_anomaly_outdoor,2026-04-13 10:31:53.374000+00:00,,,,,,,,,,,,,45.8188,0.07430000000000003,0.2623486486486487,47.74265761291576,55.5862,,0.0,1.0,0.9992246138577011,,,,0.8921955608304776,0.5,0.5,0.7109388249827887,0.999741537952567,0.552670090733839
robot_2,lab,robot_anomaly_lab,2026-04-13 00:37:38.933000+00:00,,,,,,,,,,,,,41.464,0.05940000000000001,0.07179864864864871,14.63679636698148,69.6869,,1.0,0.0,0.9015569753737361,,,,0.5657271441016941,0.5,0.5,0.9437578763542742,0.30051899179124536,0.4360692170363799
robot_5,hospital,robot_anomaly_hospital,2026-05-08 10:46:38.480000+00:00,,,,,,,,,,,,,35.1432,0.0,0.10950945945945956,33.69562591427044,66.8963,,0.0,1.0,0.9759940450344271,,,,0.8947779822936361,0.5,0.5,0.8576565921491616,0.9919980150114757,0.5874136517901594
robot_5,lab,robot_anomaly_lab,2026-04-23 10:26:32.852000+00:00,,,,,,,,,,,,,39.8954,0.06430000000000002,0.4307027027027027,44.31142771759781,43.128,,0.0,1.0,0.9598970287203027,,,,0.8615157352946639,0.5,0.5,0.6641973326812713,0.9866323429067676,0.5377074188970097
robot_4,hospital,robot_anomaly_hospital,2026-04-30 08:45:38.847000+00:00,,,,,,,,,,,,,47.9425,0.04959999999999998,0.2793,41.58712541309663,54.3318,,0.0,1.0,0.9864307425097699,,,,0.9150591531947754,0.5,0.5,0.7368195370171378,0.9954769141699233,0.5580741127967652
robot_4,lab,robot_anomaly_lab,2026-04-22 12:41:46.776000+00:00,,,,,,,,,,,,,39.8746,0.03380000000000005,0.2701054054054054,53.89857422167088,55.0122,,0.0,1.0,0.9342162396873643,,,,0.8797752370793628,0.5,0.5,0.6914140228344308,0.9780720798957881,0.5423715256825548
robot_1,outdoor,robot_anomaly_outdoor,2026-04-13 13:28:27.275000+00:00,,,,,,,,,,,,,41.1254,0.04300000000000004,0.4404635135135134,32.28341037492993,42.4057,,0.0,1.0,0.9413808076422058,,,,0.8860019017866196,0.5,0.5,0.7194434824463902,0.9804602692140686,0.5499759379151148
robot_3,lab,robot_anomaly_lab,2026-04-12 07:26:46.067000+00:00,,,,,,,,,,,,,45.8023,0.04239999999999999,0.3348391891891892,25.56989703262559,50.2219,,0.0,1.0,0.9288505675826562,,,,0.9610076555781719,0.5,0.5,0.7903825313588932,0.976283522527552,0.5666665134716113
robot_3,outdoor,robot_anomaly_outdoor,2026-04-16 13:26:11.289000+00:00,,,,,,,,,,,,,29.4632,0.04569999999999996,0.41274459459459467,34.9320233150912,44.4569,,1.0,0.0,0.9705198188697972,,,,0.5982961331428023,0.5,0.5,0.7231292910247111,0.3235066062899324,0.3866589743286608
robot_4,lab,robot_anomaly_lab,2026-04-21 07:10:20.853000+00:00,,,,,,,,,,,,,43.0573,0.05630000000000002,0.3600189189189189,53.89857422167088,48.3586,,0.0,1.0,0.9142112772160536,,,,0.879545790681848,0.5,0.5,0.6489961585207679,0.9714037590720178,0.5300999793981964
robot_4,warehouse,robot_anomaly_warehouse,2026-05-01 17:02:55.417000+00:00,,,,,,,,,,,,,30.3988,0.050799999999999956,0.26836081081081076,44.033102772410636,55.1413,,1.0,0.0,0.23681843558091942,,,,0.6165867567923498,0.5,0.5,0.7377280644030128,0.07893947852697314,0.32916688573249653
robot_2,warehouse,robot_anomaly_warehouse,2026-04-16 19:08:26.906000+00:00,,,,,,,,,,,,,22.6628,0.06999999999999995,0.2976378378378378,58.39748493129811,52.9748,,0.0,1.0,0.9464363252899944,,,,0.9242829750318873,0.5,0.5,0.6596148481565154,0.9821454417633314,0.5354400724799617
robot_2,hospital,robot_anomaly_hospital,2026-05-01 00:12:59.691000+00:00,,,,,,,,,,,,,51.2232,0.30000000000000004,0.30623783783783787,38.92765711090124,52.3384,,1.0,0.0,0.9907573971837975,,,,0.6649368609981515,0.5,0.5,0.6810068340522004,0.3302524657279325,0.37781482494503327
robot_2,warehouse,robot_anomaly_warehouse,2026-05-04 23:44:54.776000+00:00,,,,,,,,,,,,,36.3157,0.0857,0.2963945945945946,58.39748493129811,53.0668,,1.0,0.0,0.9258575770733826,,,,0.5592560497214534,0.5,0.5,0.6504105885165421,0.30861919235779417,0.36475744521858405
robot_5,warehouse,robot_anomaly_warehouse,2026-04-26 02:23:57.519000+00:00,,,,,,,,,,,,,18.8301,0.03169999999999995,0.4238621621621622,31.857120950670687,43.6342,,0.0,1.0,0.9843371999255629,,,,0.8874742160899576,0.5,0.5,0.7406855592398907,0.9947790666418542,0.5588661564704362
robot_4,outdoor,robot_anomaly_outdoor,2026-05-02 04:11:20.613000+00:00,,,,,,,,,,,,,35.6986,0.04910000000000003,0.24476216216216218,47.74265761291576,56.8876,,0.0,1.0,0.9502822405557968,,,,0.9073746321190381,0.5,0.5,0.7281815711319304,0.9834274135185989,0.5529022461626323
robot_1,warehouse,robot_anomaly_warehouse,2026-04-16 11:12:51.559000+00:00,,,,,,,,,,,,,10.0,0.01970000000000005,0.24286891891891893,45.61617786488777,57.0277,,0.0,1.0,0.9855933254760871,,,,0.8889690650952176,0.5,0.5,0.7568848335344739,0.9951977751586957,0.5630206521732923
robot_5,lab,robot_anomaly_lab,2026-04-17 10:22:29.173000+00:00,,,,,,,,,,,,,23.2892,0.01970000000000005,0.10726216216216211,44.31142771759781,67.0626,,0.0,1.0,0.9545623720612866,,,,0.9376941051562474,0.5,0.5,0.8110468822341286,0.9848541240204289,0.5739752515636394
robot_4,outdoor,robot_anomaly_outdoor,2026-05-07 15:58:54.448000+00:00,,,,,,,,,,,,,50.0754,0.028100000000000014,0.3151824324324325,47.74265761291576,51.6765,,0.0,1.0,0.9732957012592272,,,,0.9342519275285588,0.5,0.5,0.6981464042973281,0.991098567086409,0.5473112428459342
robot_4,hospital,robot_anomaly_hospital,2026-04-18 13:35:44.334000+00:00,,,,,,,,,,,,,241.6932,0.11560000000000004,0.9033121621621621,41.58712541309663,8.1549,,1.0,0.0,0.9617734631846659,,,,0.647811595720146,0.5,0.5,0.38441782252798307,0.32059115439488867,0.30125224423071795
robot_4,outdoor,robot_anomaly_outdoor,2026-04-13 18:13:38.397000+00:00,,,,,,,,,,,,,41.3383,0.043200000000000016,0.4253310810810811,47.74265761291576,43.5255,,0.0,1.0,0.9630140810123442,,,,0.8619341320863733,0.5,0.5,0.6547015589750342,0.9876713603374481,0.5355932298281205
robot_4,warehouse,robot_anomaly_warehouse,2026-05-06 04:44:08.178000+00:00,,,,,,,,,,,,,12.2303,0.04520000000000002,0.31001081081081083,44.033102772410636,52.0592,,0.0,1.0,0.9341852242416724,,,,0.918578331076875,0.5,0.5,0.7305765710899665,0.9780617414138909,0.5521595781259644
robot_3,outdoor,robot_anomaly_outdoor,2026-05-05 19:08:35.427000+00:00,,,,,,,,,,,,,30.8002,0.06699999999999995,0.2798162162162162,34.9320233150912,54.2936,,0.0,1.0,0.8960827492091061,,,,0.8833476675976787,0.5,0.5,0.770954519358339,0.9653609164030353,0.5590788589403436
robot_2,hospital,robot_anomaly_hospital,2026-04-26 12:15:41.646000+00:00,,,,,,,,,,,,,42.7469,0.0776,0.29531216216216216,38.92765711090124,53.1469,,0.0,1.0,0.9599745673345326,,,,0.9015196149139738,0.5,0.5,0.7387037181242846,0.9866581891115108,0.5563404768089488
robot_4,warehouse,robot_anomaly_warehouse,2026-04-24 22:54:13.965000+00:00,,,,,,,,,,,,,37.3251,0.03259999999999996,0.2851445945945946,44.033102772410636,53.8993,,0.0,1.0,0.9991160597977793,,,,0.9070634832161103,0.5,0.5,0.7319130454072695,0.9997053532659264,0.557904599668299
robot_3,lab,robot_anomaly_lab,2026-04-22 19:02:24.773000+00:00,,,,,,,,,,,,,25.2135,0.06000000000000005,0.514804054054054,25.56989703262559,36.9045,,0.0,1.0,0.9607809689225234,,,,0.9013584758980775,0.5,0.5,0.7238450993276311,0.9869269896408411,0.552693022242118
robot_3,hospital,robot_anomaly_hospital,2026-05-03 11:05:48.820000+00:00,,,,,,,,,,,,,27.8335,0.1109,0.31314054054054064,37.431302275652754,51.8276,,0.0,1.0,0.9573692698964085,,,,0.9069813914211853,0.5,0.5,0.7377862038176342,0.9857897566321361,0.5558939901124426
robot_1,warehouse,robot_anomaly_warehouse,2026-05-10 04:33:59.097000+00:00,,,,,,,,,,,,,27.623,0.05410000000000004,0.25950540540540545,45.61617786488777,55.7966,,0.0,1.0,0.9048601203399292,,,,0.9028016943928614,0.5,0.5,0.7345634127237693,0.9682867067799764,0.5507125298759364
robot_3,warehouse,robot_anomaly_warehouse,2026-04-26 17:55:18.728000+00:00,,,,,,,,,,,,,42.4352,0.03269999999999995,0.12345945945945935,41.50002108112327,65.864,,0.0,1.0,0.9593077352521555,,,,0.9402484059303837,0.5,0.5,0.8058178162644343,0.9864359117507185,0.5730634320037882
robot_5,warehouse,robot_anomaly_warehouse,2026-04-28 22:07:15.946000+00:00,,,,,,,,,,,,,29.2989,0.016000000000000014,0.2685567567567567,31.857120950670687,55.1268,,0.0,1.0,0.9388685565411575,,,,0.9728082023524772,0.5,0.5,0.8015390176116124,0.9796228521803858,0.5702904674479996
robot_4,lab,robot_anomaly_lab,2026-04-27 21:26:11.932000+00:00,,,,,,,,,,,,,36.5727,0.05889999999999995,0.36693783783783784,53.89857422167088,47.8466,,1.0,0.0,0.9616959245704361,,,,0.7543728386939101,0.5,0.5,0.6485993533604741,0.32056530819014534,0.3672911653876549
robot_4,hospital,robot_anomaly_hospital,2026-04-14 22:04:50.496000+00:00,,,,,,,,,,,,,23.2458,0.007099999999999995,0.3495756756756757,41.58712541309663,49.1314,,0.0,1.0,0.9895943179703492,,,,0.9027952321391097,0.5,0.5,0.7293949289418733,0.9965314393234497,0.5564815920663307
robot_3,hospital,robot_anomaly_hospital,2026-04-25 19:32:57.272000+00:00,,,,,,,,,,,,,44.259,0.03149999999999997,0.3728054054054054,37.431302275652754,47.4124,,0.0,1.0,0.9649835618137833,,,,0.9389849288105756,0.5,0.5,0.7241122434285988,0.9883278539379278,0.5531100243416317
robot_2,warehouse,robot_anomaly_warehouse,2026-04-11 18:03:36.314000+00:00,,,,,,,,,,,,,39.8729,0.03920000000000001,0.19569324324324322,58.39748493129811,60.5187,,0.0,1.0,0.974009056510142,,,,0.9397035735835908,0.5,0.5,0.699417034042212,0.9913363521700473,0.5476883465530649
robot_3,hospital,robot_anomaly_hospital,2026-04-18 23:42:01.844000+00:00,,,,,,,,,,,,,25.6636,0.03649999999999998,0.41585135135135143,37.431302275652754,44.227,,0.0,1.0,0.9994107065318528,,,,0.8721155233219594,0.5,0.5,0.7142386072835447,0.9998035688439509,0.5535105440318739
robot_4,lab,robot_anomaly_lab,2026-04-22 19:23:04.438000+00:00,,,,,,,,,,,,,323.3473,0.08009999999999995,0.8988986486486487,53.89857422167088,8.4815,,1.0,0.0,0.984290676757025,,,,0.5789449301235711,0.5,0.5,0.3006775430904436,0.3280968922523417,0.28219360883569633
robot_2,lab,robot_anomaly_lab,2026-04-11 00:33:06.648000+00:00,,,,,,,,,,,,,28.5693,0.014700000000000046,0.34477297297297294,14.63679636698148,49.4868,,0.0,1.0,0.9930060169964643,,,,0.9053857077994355,0.5,0.5,0.8503757786076834,0.9976686723321547,0.5870111127349595
robot_5,warehouse,robot_anomaly_warehouse,2026-05-02 09:54:25.548000+00:00,,,,,,,,,,,,,44.2944,0.07699999999999996,0.3620702702702703,31.857120950670687,48.2068,,0.0,1.0,0.9590596116866199,,,,0.9180580392884339,0.5,0.5,0.7437447134328357,0.9863532038955399,0.5575244793320939
robot_2,hospital,robot_anomaly_hospital,2026-05-03 03:28:07.576000+00:00,,,,,,,,,,,,,29.1818,0.006800000000000028,0.395195945945946,38.92765711090124,45.7555,,0.0,1.0,0.9661776564729235,,,,0.9220680780186215,0.5,0.5,0.7206685323034894,0.9887258854909745,0.5523486044486159
robot_2,hospital,robot_anomaly_hospital,2026-04-20 02:08:33.137000+00:00,,,,,,,,,,,,,35.9083,0.0464,0.4419472972972972,38.92765711090124,42.2959,,1.0,0.0,0.9629675578438062,,,,0.5858631265241022,0.5,0.5,0.6901000511854444,0.3209891859479354,0.37777230928334493
robot_5,warehouse,robot_anomaly_warehouse,2026-04-26 21:51:38.609000+00:00,,,,,,,,,,,,,54.1124,0.05049999999999999,0.26019729729729735,31.857120950670687,55.7454,,0.0,1.0,0.9545933875069785,,,,0.8660072854500447,0.5,0.5,0.7859235772921253,0.9848644625023262,0.5676970099486128
robot_3,lab,robot_anomaly_lab,2026-04-29 03:21:50.588000+00:00,,,,,,,,,,,,,40.2252,0.08530000000000004,0.4778608108108108,25.56989703262559,39.6383,,0.0,1.0,0.9973481793933379,,,,0.8703827763328142,0.5,0.5,0.7261674048932079,0.9991160597977794,0.5563208661727468
robot_4,outdoor,robot_anomaly_outdoor,2026-04-18 21:02:27.694000+00:00,,,,,,,,,,,,,33.2131,0.10650000000000004,0.3735756756756756,47.74265761291576,47.3554,,0.0,1.0,0.9164909124744123,,,,0.8699099421826977,0.5,0.5,0.6650182175270265,0.9721636374914707,0.5342954637546243
robot_5,lab,robot_anomaly_lab,2026-05-02 20:22:02.387000+00:00,,,,,,,,,,,,,41.6335,0.10040000000000004,0.31918918918918915,44.31142771759781,51.38,,0.0,1.0,0.9533837851249922,,,,0.9235796194787209,0.5,0.5,0.6999820185150989,0.9844612617083307,0.5461108200558573
robot_4,warehouse,robot_anomaly_warehouse,2026-05-04 04:11:23.073000+00:00,,,,,,,,,,,,,44.5553,0.024399999999999977,0.36497702702702706,44.033102772410636,47.9917,,0.0,1.0,0.9763041994913467,,,,0.8839479026490593,0.5,0.5,0.698515910197023,0.992101399830449,0.547654327506868
robot_2,lab,robot_anomaly_lab,2026-04-19 04:28:50.594000+00:00,,,,,,,,,,,,,43.4283,0.012900000000000023,0.2512445945945946,14.63679636698148,56.4079,,0.0,1.0,0.9984182122697103,,,,0.9166242513287669,0.5,0.5,0.8814298348341175,0.9994727374232367,0.5952256430643386
robot_1,hospital,robot_anomaly_hospital,2026-04-23 13:32:04.074000+00:00,,,,,,,,,,,,,44.7534,0.04090000000000005,0.40013243243243246,39.72338368547231,45.3902,,0.0,1.0,0.958966565349544,,,,0.8794470823094555,0.5,0.5,0.7003900783723462,0.9863221884498481,0.5466780667055486
robot_5,outdoor,robot_anomaly_outdoor,2026-04-29 17:16:45.107000+00:00,,,,,,,,,,,,,18.6116,0.029200000000000004,0.2678067567567568,26.119861519645806,55.1823,,0.0,1.0,0.9812976862477514,,,,0.9298044845417082,0.5,0.5,0.8299842698716443,0.9937658954159172,0.5809375413218903
robot_5,warehouse,robot_anomaly_warehouse,2026-04-24 16:53:35.532000+00:00,,,,,,,,,,,,,46.6897,0.0,0.2211027027027027,31.857120950670687,58.6384,,0.0,1.0,0.9942311271012965,,,,0.9655245885728773,0.5,0.5,0.8161706260118322,0.9980770423670989,0.5785619170947328
robot_2,hospital,robot_anomaly_hospital,2026-04-14 01:51:27.995000+00:00,,,,,,,,,,,,,26.3056,0.025399999999999978,0.23182432432432432,38.92765711090124,57.845,,0.0,1.0,0.9892221326220457,,,,0.9017978346166347,0.5,0.5,0.7831877715161895,0.9964073775406819,0.5698987872642178
robot_2,lab,robot_anomaly_lab,2026-05-08 11:04:42.122000+00:00,,,,,,,,,,,,,29.2847,0.05049999999999999,0.2211729729729729,14.63679636698148,58.6332,,0.0,1.0,0.9860430494386204,,,,0.9197449589221749,0.5,0.5,0.8915269041673616,0.9953476831462068,0.5967186468283922
robot_3,outdoor,robot_anomaly_outdoor,2026-04-11 10:19:29.518000+00:00,,,,,,,,,,,,,32.5239,0.04300000000000004,0.1811513513513514,34.9320233150912,61.5948,,0.0,1.0,0.9880280379629055,,,,0.9377780071993713,0.5,0.5,0.8149752191605565,0.9960093459876352,0.5777461412870479
robot_1,outdoor,robot_anomaly_outdoor,2026-05-09 01:13:13.018000+00:00,,,,,,,,,,,,,28.3853,0.056599999999999984,0.10517162162162175,32.28341037492993,67.2173,,0.0,1.0,0.9580050865330935,,,,0.8571302027066036,0.5,0.5,0.8563290368752613,0.9860016955110312,0.5855826830965731
robot_5,lab,robot_anomaly_lab,2026-04-19 03:08:39.857000+00:00,,,,,,,,,,,,,46.1906,0.016199999999999992,0.4318189189189189,44.31142771759781,43.0454,,0.0,1.0,0.9790645741579307,,,,0.8892088626962767,0.5,0.5,0.6715874529862382,0.9930215247193103,0.5411522444263872
robot_5,hospital,robot_anomaly_hospital,2026-05-07 15:40:43.158000+00:00,,,,,,,,,,,,,17.4421,0.07699999999999996,0.4762783783783784,33.69562591427044,39.7554,,0.0,1.0,0.9481886979715899,,,,0.8929997615023222,0.5,0.5,0.7018710338523858,0.98272956599053,0.546150149960729
robot_3,lab,robot_anomaly_lab,2026-05-01 22:38:54.720000+00:00,,,,,,,,,,,,,56.2428,0.07020000000000004,0.3146554054054054,25.56989703262559,51.7155,,1.0,0.0,0.9694652937162707,,,,0.6815565862459015,0.5,0.5,0.7875238685738963,0.32315509790542357,0.40266974161982994
robot_5,hospital,robot_anomaly_hospital,2026-04-11 01:22:45.267000+00:00,,,,,,,,,,,,,62.8387,0.04420000000000002,0.37037972972972966,33.69562591427044,47.5919,,0.0,1.0,0.9932541405619999,,,,0.899209619164718,0.5,0.5,0.7308808475301221,0.9977513801873332,0.5571580569293638
robot_3,warehouse,robot_anomaly_warehouse,2026-05-04 18:23:11.456000+00:00,,,,,,,,,,,,,32.8428,0.05120000000000002,0.22093648648648645,41.50002108112327,58.6507,,0.0,1.0,0.9490726381738106,,,,0.8826090953347603,0.5,0.5,0.7670742879362205,0.9830242127246036,0.5625246251652061
robot_3,hospital,robot_anomaly_hospital,2026-04-20 17:16:22.980000+00:00,,,,,,,,,,,,,35.0018,0.061799999999999966,0.36355540540540543,37.431302275652754,48.0969,,0.0,1.0,0.9600055827802245,,,,0.9278381968720225,0.5,0.5,0.7252822338900174,0.9866685275934083,0.5529876903708565
robot_5,warehouse,robot_anomaly_warehouse,2026-04-18 08:43:40.123000+00:00,,,,,,,,,,,,,32.039,0.03269999999999995,0.3538797297297297,31.857120950670687,48.8129,,0.0,1.0,0.9506699336269462,,,,0.8706849130540469,0.5,0.5,0.7624488377697871,0.9835566445423153,0.5615013705780256
robot_1,outdoor,robot_anomaly_outdoor,2026-04-11 15:25:26.216000+00:00,,,,,,,,,,,,,15.7989,0.0797,0.4507905405405406,32.28341037492993,41.6415,,0.0,1.0,0.9528099993796911,,,,0.9339041294955785,0.5,0.5,0.7186671417222106,0.9842699997932304,0.5507342853788602
robot_4,lab,robot_anomaly_lab,2026-04-23 19:05:16.358000+00:00,,,,,,,,,,,,,49.0793,0.045599999999999974,0.32964189189189197,53.89857422167088,50.6065,,0.0,1.0,0.9680851063829787,,,,0.8963156229225646,0.5,0.5,0.6607883936746235,0.9893617021276596,0.5375375239505709
robot_4,hospital,robot_anomaly_hospital,2026-04-12 07:08:27.754000+00:00,,,,,,,,,,,,,30.0557,0.025499999999999967,0.325272972972973,41.58712541309663,50.9298,,0.0,1.0,0.9843682153712549,,,,0.8748293505278404,0.5,0.5,0.7319259670607443,0.9947894051237517,0.556678843046124
robot_1,lab,robot_anomaly_lab,2026-04-26 18:45:20.590000+00:00,,,,,,,,,,,,,180.7983,0.0877,0.8319472972972973,49.14167586402035,13.4359,,1.0,0.0,0.9594938279263073,,,,0.638473941045126,0.5,0.5,0.4123375944890582,0.31983127597543576,0.3080422176161235
robot_1,outdoor,robot_anomaly_outdoor,2026-04-23 23:21:17.579000+00:00,,,,,,,,,,,,,30.4965,0.0,0.3882635135135135,32.28341037492993,46.2685,,1.0,0.0,0.9598194901060728,,,,0.7313837349056163,0.5,0.5,0.7547224997488451,0.3199398300353576,0.39366558244605065
robot_3,lab,robot_anomaly_lab,2026-04-15 03:57:05.207000+00:00,,,,,,,,,,,,,30.9757,0.06330000000000002,0.30043648648648646,25.56989703262559,52.7677,,0.0,1.0,0.9864927734011538,,,,0.8915110571346082,0.5,0.5,0.8062374792947287,0.9954975911337179,0.5754337676071116
robot_5,outdoor,robot_anomaly_outdoor,2026-05-08 22:54:13.642000+00:00,,,,,,,,,,,,,23.1028,0.04169999999999996,0.35470270270270265,26.119861519645806,48.752,,0.0,1.0,0.9888809627194343,,,,0.8965459957790216,0.5,0.5,0.7904027891001288,0.9962936542398114,0.571674110834985
robot_4,outdoor,robot_anomaly_outdoor,2026-04-22 01:24:47.544000+00:00,,,,,,,,,,,,,42.0051,0.005700000000000038,0.4459297297297298,47.74265761291576,42.0012,,0.0,1.0,0.9587804726753923,,,,0.9021159577521626,0.5,0.5,0.6545005218570962,0.9862601575584641,0.5351901698538901
robot_1,outdoor,robot_anomaly_outdoor,2026-05-08 12:43:05.577000+00:00,,,,,,,,,,,,,48.4291,0.07040000000000002,0.1927594594594595,32.28341037492993,60.7358,,0.0,1.0,0.9535698777991439,,,,0.9534930803911104,0.5,0.5,0.809108484768353,0.9845232925997146,0.5734079443420168
robot_5,hospital,robot_anomaly_hospital,2026-05-03 12:08:01.090000+00:00,,,,,,,,,,,,,56.7354,0.08330000000000004,0.30786081081081085,33.69562591427044,52.2183,,0.0,1.0,0.9865703120153837,,,,0.9086747613159286,0.5,0.5,0.7499665364828592,0.9955234373384613,0.5613724934553301
robot_5,outdoor,robot_anomaly_outdoor,2026-05-01 06:01:43.561000+00:00,,,,,,,,,,,,,43.9348,0.07240000000000002,0.36449864864864867,26.119861519645806,48.0271,,0.0,1.0,0.9812356553563675,,,,0.8665073898025103,0.5,0.5,0.7701812149443569,0.9937452184521224,0.5659816083491198
robot_4,hospital,robot_anomaly_hospital,2026-04-22 23:15:54.536000+00:00,,,,,,,,,,,,,27.9372,0.10119999999999996,0.3397189189189189,41.58712541309663,49.8608,,0.0,1.0,0.9715278208547857,,,,0.9614863400928408,0.5,0.5,0.7102719958671544,0.990509273618262,0.5501953173713541
robot_3,lab,robot_anomaly_lab,2026-04-19 20:52:04.589000+00:00,,,,,,,,,,,,,42.5665,0.0797,0.23168783783783786,25.56989703262559,57.8551,,0.0,1.0,0.9792196513863904,,,,0.8671878754872344,0.5,0.5,0.8248174889727856,0.9930732171287969,0.5794726765253957
robot_1,outdoor,robot_anomaly_outdoor,2026-04-11 20:34:35.657000+00:00,,,,,,,,,,,,,41.5264,0.04510000000000003,0.23790270270270264,32.28341037492993,57.3952,,0.0,1.0,0.9821661187271261,,,,0.8864461939985124,0.5,0.5,0.7998183029651559,0.9940553729090421,0.5734684189685495
robot_2,hospital,robot_anomaly_hospital,2026-04-11 13:59:14.867000+00:00,,,,,,,,,,,,,39.4273,0.07410000000000005,0.3886135135135135,38.92765711090124,46.2426,,0.0,1.0,0.9243223125116308,,,,0.9214140783356809,0.5,0.5,0.7036714483041433,0.9747741041705437,0.5446113881186718
robot_5,outdoor,robot_anomaly_outdoor,2026-04-24 10:34:37.968000+00:00,,,,,,,,,,,,,22.9968,0.013700000000000045,0.24767027027027022,26.119861519645806,56.6724,,0.0,1.0,0.9407604987283668,,,,0.9497253105133259,0.5,0.5,0.839492420278515,0.9802534995761222,0.5799364799636593
robot_3,lab,robot_anomaly_lab,2026-04-26 18:26:58.173000+00:00,,,,,,,,,,,,,49.7341,0.005299999999999971,0.16172432432432426,25.56989703262559,63.0324,,0.0,1.0,0.9775138018733329,,,,0.9596321668103268,0.5,0.5,0.8660930388204446,0.9925046006244443,0.5896494098612222
robot_1,lab,robot_anomaly_lab,2026-04-13 18:01:44.872000+00:00,,,,,,,,,,,,,38.8147,0.028800000000000048,0.2658702702702702,49.14167586402035,55.3256,,0.0,1.0,0.9782581725699399,,,,0.8985454535022528,0.5,0.5,0.7164428397080379,0.99275272418998,0.5522988909745045
robot_4,warehouse,robot_anomaly_warehouse,2026-04-19 13:30:57.693000+00:00,,,,,,,,,,,,,231.9156,0.07199999999999995,0.8652648648648649,44.033102772410636,10.9704,,1.0,0.0,0.9943086657155263,,,,0.5694755717918574,0.5,0.5,0.40260318481592805,0.33143622190517547,0.3085098516802759
robot_3,lab,robot_anomaly_lab,2026-05-02 05:03:13.116000+00:00,,,,,,,,,,,,,32.5251,0.09809999999999997,0.2507716216216216,25.56989703262559,56.4429,,0.0,1.0,0.9832206438806526,,,,0.9108247826372697,0.5,0.5,0.8176577022396951,0.9944068812935508,0.5780161458833115
robot_1,lab,robot_anomaly_lab,2026-05-08 23:17:49.726000+00:00,,,,,,,,,,,,,19.0504,0.03490000000000004,0.28005405405405404,49.14167586402035,54.276,,0.0,1.0,0.9355188884064264,,,,0.9272211639803407,0.5,0.5,0.7184009810372914,0.9785062961354755,0.5492268192931917
robot_4,outdoor,robot_anomaly_outdoor,2026-04-17 18:19:31.871000+00:00,,,,,,,,,,,,,13.2953,0.03290000000000004,0.3029378378378379,47.74265761291576,52.5826,,1.0,0.0,0.9415048694249737,,,,0.6910869108481431,0.5,0.5,0.7187036574205332,0.3138349564749912,0.3831346534738811
robot_4,hospital,robot_anomaly_hospital,2026-04-22 11:53:57.759000+00:00,,,,,,,,,,,,,38.132,0.03149999999999997,0.4322554054054054,41.58712541309663,43.0131,,0.0,1.0,0.9760095527572731,,,,0.9761078133364174,0.5,0.5,0.68412532141781,0.9920031842524244,0.5440321264175586
robot_2,warehouse,robot_anomaly_warehouse,2026-04-13 21:11:56.119000+00:00,,,,,,,,,,,,,47.2459,0.08199999999999996,0.3006202702702703,58.39748493129811,52.7541,,0.0,1.0,0.9495999007505738,,,,0.8697013901934266,0.5,0.5,0.6445724392502965,0.983199966916858,0.5319431015417886
robot_4,hospital,robot_anomaly_hospital,2026-04-13 04:19:59.804000+00:00,,,,,,,,,,,,,28.6637,0.04390000000000005,0.3180824324324324,41.58712541309663,51.4619,,0.0,1.0,0.9711711432293282,,,,0.9677018010547848,0.5,0.5,0.7313422663615304,0.9903903810764426,0.5554331618594932
robot_4,lab,robot_anomaly_lab,2026-04-29 14:02:15.747000+00:00,,,,,,,,,,,,,34.0737,0.036599999999999966,0.2530554054054054,53.89857422167088,56.2739,,0.0,1.0,0.9844457539854847,,,,0.9568897198954319,0.5,0.5,0.7002493577235862,0.9948152513284949,0.5487661522630203
robot_5,lab,robot_anomaly_lab,2026-05-07 22:15:35.736000+00:00,,,,,,,,,,,,,25.3002,0.38839999999999997,0.43574054054054057,44.31142771759781,42.7552,,1.0,0.0,0.94398610508033,,,,0.5953890730063436,0.5,0.5,0.5967256034470495,0.31466203502677664,0.35284690961845655
robot_4,hospital,robot_anomaly_hospital,2026-04-16 06:25:46.350000+00:00,,,,,,,,,,,,,28.9744,0.02969999999999995,0.3533364864864865,41.58712541309663,48.8531,,0.0,1.0,0.9486384219341232,,,,0.9438721541509011,0.5,0.5,0.7202580563648917,0.982879473978041,0.5507843825857331
robot_2,hospital,robot_anomaly_hospital,2026-05-06 16:10:03.887000+00:00,,,,,,,,,,,,,37.9654,0.03149999999999997,0.28823243243243246,38.92765711090124,53.6708,,0.0,1.0,0.9917343837230941,,,,0.8832755472174825,0.5,0.5,0.7539648781855607,0.9972447945743648,0.5628024181899813
robot_4,hospital,robot_anomaly_hospital,2026-04-16 01:17:01.702000+00:00,,,,,,,,,,,,,25.9613,0.025499999999999967,0.2202972972972973,41.58712541309663,58.698,,0.0,1.0,0.9949134669065195,,,,0.9866236849966041,0.5,0.5,0.7757783214927254,0.9983044889688398,0.5685207026153913
robot_4,warehouse,robot_anomaly_warehouse,2026-04-22 18:35:56.121000+00:00,,,,,,,,,,,,,11.7001,0.06269999999999998,0.23672837837837835,44.033102772410636,57.4821,,0.0,1.0,0.9444358290428634,,,,0.9327549806573113,0.5,0.5,0.7562378910125781,0.9814786096809544,0.5594291251733831
robot_1,hospital,robot_anomaly_hospital,2026-04-13 17:09:45.585000+00:00,,,,,,,,,,,,,52.3818,0.05359999999999998,0.201818918918919,39.72338368547231,60.0654,,1.0,0.0,0.9881520997456733,,,,0.7092810840843449,0.5,0.5,0.7734211314039235,0.32938403324855775,0.40070129116312037
robot_3,hospital,robot_anomaly_hospital,2026-04-27 01:41:29.748000+00:00,,,,,,,,,,,,,34.4702,0.07930000000000004,0.48612702702702704,37.431302275652754,39.0266,,0.0,1.0,0.9573227467278704,,,,0.8868471949850095,0.5,0.5,0.6726025688942672,0.9857742489092901,0.5395942044508893
robot_5,lab,robot_anomaly_lab,2026-04-13 18:26:52.206000+00:00,,,,,,,,,,,,,42.2993,0.06110000000000004,0.2041175675675676,44.31142771759781,59.8953,,1.0,0.0,0.9947273742323677,,,,0.7720361394214184,0.5,0.5,0.754449944693712,0.33157579141078924,0.3965064340261253
robot_5,lab,robot_anomaly_lab,2026-05-02 08:22:38.551000+00:00,,,,,,,,,,,,,273.3914,0.08430000000000004,0.8647662162162162,44.31142771759781,11.0073,,1.0,0.0,0.9812666708020594,,,,0.6386100749109895,0.5,0.5,0.3799318451380579,0.32708889026735316,0.3017551838513528
robot_1,warehouse,robot_anomaly_warehouse,2026-05-10 11:34:23.214000+00:00,,,,,,,,,,,,,38.5346,0.05289999999999995,0.1529364864864865,45.61617786488777,63.6827,,0.0,1.0,0.9726133614540041,,,,0.9002496774098041,0.5,0.5,0.7724954486857316,0.990871120484668,0.5658416422925998
robot_3,hospital,robot_anomaly_hospital,2026-05-07 23:31:43.528000+00:00,,,,,,,,,,,,,31.8813,0.0,0.47017027027027025,37.431302275652754,40.2074,,0.0,1.0,0.9538645245332176,,,,0.9735493513096227,0.5,0.5,0.6978025344448201,0.9846215081777392,0.5456060106556399
robot_3,hospital,robot_anomaly_hospital,2026-04-29 22:38:43.514000+00:00,,,,,,,,,,,,,35.3778,0.11550000000000005,0.40520405405405413,37.431302275652754,45.0149,,0.0,1.0,0.9552292041436635,,,,0.8703195208406844,0.5,0.5,0.696506495514587,0.9850764013812211,0.545395724223952
robot_2,lab,robot_anomaly_lab,2026-04-12 19:42:22.811000+00:00,,,,,,,,,,,,,40.5549,0.019199999999999995,0.3792783783783784,14.63679636698148,46.9334,,1.0,0.0,0.9542832330500589,,,,0.7421436434465061,0.5,0.5,0.830121707880872,0.3180944110166863,0.41205402972438954
robot_5,lab,robot_anomaly_lab,2026-05-05 01:16:37.640000+00:00,,,,,,,,,,,,,32.9166,0.019299999999999984,0.27102297297297295,44.31142771759781,54.9443,,0.0,1.0,0.9712486818435581,,,,0.9460591407111643,0.5,0.5,0.7412531093750225,0.9904162272811861,0.5579173341640522
robot_5,warehouse,robot_anomaly_warehouse,2026-04-11 11:26:41.274000+00:00,,,,,,,,,,,,,22.8433,0.018399999999999972,0.43046351351351353,31.857120950670687,43.1457,,0.0,1.0,0.9715278208547857,,,,0.9847845849031522,0.5,0.5,0.7391783773963253,0.990509273618262,0.5574219127536468
robot_2,hospital,robot_anomaly_hospital,2026-04-14 20:18:49.150000+00:00,,,,,,,,,,,,,25.3106,0.031000000000000028,0.316122972972973,38.92765711090124,51.6069,,0.0,1.0,0.9865548042925377,,,,0.8627802830531419,0.5,0.5,0.7486751360245598,0.9955182680975126,0.5610483510305182
robot_3,warehouse,robot_anomaly_warehouse,2026-04-14 09:30:19.156000+00:00,,,,,,,,,,,,,40.1388,0.05020000000000002,0.27305945945945953,41.50002108112327,54.7936,,0.0,1.0,0.9912846597605608,,,,0.8470041660931414,0.5,0.5,0.7431294098549515,0.9970948865868535,0.5600560741104512
robot_1,lab,robot_anomaly_lab,2026-04-18 10:54:17.813000+00:00,,,,,,,,,,,,,298.6351,0.025599999999999956,0.8960108108108108,49.14167586402035,8.6952,,1.0,0.0,0.9962781465169654,,,,0.5904372371424382,0.5,0.5,0.346935235276647,0.33209271550565517,0.29475698769557557
robot_4,warehouse,robot_anomaly_warehouse,2026-04-19 03:02:53.245000+00:00,,,,,,,,,,,,,17.369,0.05740000000000001,0.28723783783783785,44.033102772410636,53.7444,,0.0,1.0,0.9477389740090565,,,,0.906016061715731,0.5,0.5,0.7346349160284876,0.9825796580030189,0.5543036435078766
robot_5,warehouse,robot_anomaly_warehouse,2026-04-13 20:12:36.455000+00:00,,,,,,,,,,,,,26.5536,0.06579999999999997,0.4771581081081081,31.857120950670687,39.6903,,0.0,1.0,0.9726133614540041,,,,0.9151922929484562,0.5,0.5,0.7082692622734039,0.990871120484668,0.5497850956895179
robot_5,lab,robot_anomaly_lab,2026-04-20 16:54:14.465000+00:00,,,,,,,,,,,,,53.6665,0.05920000000000003,0.21827702702702712,44.31142771759781,58.8475,,0.0,1.0,0.9789870355437008,,,,0.8454006050455941,0.5,0.5,0.7440391391389266,0.9929956785145669,0.5592587044133733
robot_3,warehouse,robot_anomaly_warehouse,2026-04-20 12:23:10.281000+00:00,,,,,,,,,,,,,30.4309,0.09760000000000002,0.37044594594594593,41.50002108112327,47.587,,0.0,1.0,0.9597574592146889,,,,0.8978649628229356,0.5,0.5,0.6980459748887815,0.9865858197382297,0.5461579486567527
robot_2,outdoor,robot_anomaly_outdoor,2026-05-05 19:47:43.444000+00:00,,,,,,,,,,,,,39.4286,0.030100000000000016,0.29220405405405403,50.074809997698374,53.3769,,0.0,1.0,0.9962316233484275,,,,0.9240923492785849,0.5,0.5,0.7010762396210176,0.9987438744494758,0.5499550285176233
robot_1,lab,robot_anomaly_lab,2026-04-14 03:06:32.100000+00:00,,,,,,,,,,,,,34.6985,0.052000000000000046,0.3560635135135135,49.14167586402035,48.6513,,0.0,1.0,0.9446064139941691,,,,0.9063341003281387,0.5,0.5,0.6770768246799532,0.9815354713313896,0.5396530740028357
robot_4,lab,robot_anomaly_lab,2026-05-06 15:03:56.556000+00:00,,,,,,,,,,,,,41.7066,0.09850000000000003,0.5512121621621622,53.89857422167088,34.2103,,0.0,1.0,0.8964859500031015,,,,0.8441064074484272,0.5,0.5,0.5637459784899193,0.9654953166677004,0.5073103237894049
robot_5,hospital,robot_anomaly_hospital,2026-04-24 00:05:58.772000+00:00,,,,,,,,,,,,,41.8355,0.05689999999999995,0.24620810810810811,33.69562591427044,56.7806,,0.0,1.0,0.9694963091619626,,,,0.8826714571015053,0.5,0.5,0.7872764531260737,0.9898321030539875,0.5692771390450153
robot_4,outdoor,robot_anomaly_outdoor,2026-04-13 03:34:18.434000+00:00,,,,,,,,,,,,,50.4512,0.06010000000000004,0.5065202702702702,47.74265761291576,37.5175,,0.0,1.0,0.9643787606227902,,,,0.9350344300548541,0.5,0.5,0.6143221304753241,0.98812625354093,0.5256120960040636
robot_2,warehouse,robot_anomaly_warehouse,2026-05-04 23:01:00.495000+00:00,,,,,,,,,,,,,36.2183,0.0504,0.44339729729729727,58.39748493129811,42.1886,,0.0,1.0,0.9732957012592272,,,,0.9637973709139736,0.5,0.5,0.599506100531998,0.991098567086409,0.5226511669046018
robot_1,outdoor,robot_anomaly_outdoor,2026-05-06 19:56:04.644000+00:00,,,,,,,,,,,,,44.1717,0.08020000000000005,0.4657932432432432,32.28341037492993,40.5313,,0.0,1.0,0.924151727560325,,,,0.8142414649560047,0.5,0.5,0.6996512281319843,0.9747172425201084,0.5435921176630232
robot_1,hospital,robot_anomaly_hospital,2026-05-05 11:14:17.234000+00:00,,,,,,,,,,,,,30.3574,0.30000000000000004,0.2503229729729729,39.72338368547231,56.4761,,1.0,0.0,0.9415358848706656,,,,0.6882466748752636,0.5,0.5,0.7092255776267451,0.31384529495688857,0.3807677181459084
robot_5,warehouse,robot_anomaly_warehouse,2026-04-23 16:32:36.130000+00:00,,,,,,,,,,,,,37.0585,0.019000000000000017,0.314454054054054,31.857120950670687,51.7304,,0.0,1.0,0.9960610383971218,,,,0.8578045254281417,0.5,0.5,0.7789837913964979,0.9986870127990407,0.5694177010488847
robot_3,hospital,robot_anomaly_hospital,2026-04-28 19:11:58.187000+00:00,,,,,,,,,,,,,48.8233,0.0033999999999999586,0.38185810810810816,37.431302275652754,46.7425,,0.0,1.0,0.9803982383226847,,,,0.9079260750494169,0.5,0.5,0.724666068424163,0.9934660794408949,0.5545330369662644
robot_1,outdoor,robot_anomaly_outdoor,2026-04-19 14:43:18.755000+00:00,,,,,,,,,,,,,40.2796,0.0867,0.18610405405405406,32.28341037492993,61.2283,,1.0,0.0,0.978831958315241,,,,0.5823277916476763,0.5,0.5,0.8118510940135693,0.32627731943841365,0.4095321033629957
robot_5,warehouse,robot_anomaly_warehouse,2026-04-21 21:52:49.243000+00:00,,,,,,,,,,,,,50.1324,0.10109999999999997,0.16639729729729735,31.857120950670687,62.6866,,0.0,1.0,0.9613702623906706,,,,0.950400316836418,0.5,0.5,0.813997933557171,0.9871234207968902,0.5752803385885152
robot_3,hospital,robot_anomaly_hospital,2026-04-16 14:45:56.241000+00:00,,,,,,,,,,,,,28.7331,0.05369999999999997,0.2839851351351351,37.431302275652754,53.9851,,1.0,0.0,0.9478940512375162,,,,0.6979082203662643,0.5,0.5,0.7617630736027109,0.31596468374583875,0.3944319393371374
robot_5,warehouse,robot_anomaly_warehouse,2026-04-11 22:50:00.384000+00:00,,,,,,,,,,,,,56.7103,0.07430000000000003,0.4843527027027027,31.857120950670687,39.1579,,0.0,1.0,0.9817163947645927,,,,0.9602399930456402,0.5,0.5,0.6897857382020749,0.9939054649215309,0.5459228007809014
robot_4,warehouse,robot_anomaly_warehouse,2026-05-08 00:47:11.828000+00:00,,,,,,,,,,,,,44.5204,0.12819999999999998,0.40353513513513517,44.033102772410636,45.1384,,0.0,1.0,0.9790800818807767,,,,0.9544765512296328,0.5,0.5,0.6600187826333774,0.9930266939602589,0.538261369148409
robot_2,hospital,robot_anomaly_hospital,2026-04-29 08:55:18.768000+00:00,,,,,,,,,,,,,34.3333,0.0383,0.25934594594594595,38.92765711090124,55.8084,,1.0,0.0,0.9528099993796911,,,,0.6997523059984085,0.5,0.5,0.765658684694916,0.3176033331265637,0.39581550445536995
robot_2,outdoor,robot_anomaly_outdoor,2026-04-12 11:17:10.494000+00:00,,,,,,,,,,,,,41.7548,0.04530000000000001,0.5225756756756756,50.074809997698374,36.3294,,0.0,1.0,0.9990850443520873,,,,0.9488471055345699,0.5,0.5,0.6044885040909076,0.9996950147840291,0.5260458797187342
robot_5,warehouse,robot_anomaly_warehouse,2026-04-16 10:52:57.522000+00:00,,,,,,,,,,,,,22.3879,0.05630000000000002,0.2931121621621622,31.857120950670687,53.3097,,0.0,1.0,0.9647509459710936,,,,0.8884297204010239,0.5,0.5,0.7858953755363786,0.9882503153236978,0.568536422715019
robot_4,hospital,robot_anomaly_hospital,2026-04-10 23:06:24.366000+00:00,,,,,,,,,,,,,18.3448,0.05249999999999999,0.3107540540540541,41.58712541309663,52.0042,,0.0,1.0,0.913947645927672,,,,0.9359886139274638,0.5,0.5,0.7370535059106459,0.9713158819758907,0.5520923469716341
robot_5,outdoor,robot_anomaly_outdoor,2026-05-01 13:46:48.810000+00:00,,,,,,,,,,,,,34.3075,0.05400000000000005,0.029985135135135232,26.119861519645806,72.7811,,0.0,1.0,0.997255133056262,,,,0.9209976662652222,0.5,0.5,0.912457983143255,0.9990850443520873,0.6028857568738356
robot_3,warehouse,robot_anomaly_warehouse,2026-05-07 17:54:56.312000+00:00,,,,,,,,,,,,,253.1484,0.06689999999999996,0.958318918918919,41.50002108112327,4.0844,,1.0,0.0,0.949444823522114,,,,0.6435049798017941,0.5,0.5,0.36843658109046157,0.31648160784070467,0.29622954723279155
robot_2,lab,robot_anomaly_lab,2026-05-08 05:10:51.771000+00:00,,,,,,,,,,,,,15.709,0.07389999999999997,0.4222702702702702,14.63679636698148,43.752,,0.0,1.0,0.9870975745921469,,,,0.8932795299831013,0.5,0.5,0.8120568460734585,0.9956991915307155,0.5769390094010435
robot_1,warehouse,robot_anomaly_warehouse,2026-04-14 19:35:02.532000+00:00,,,,,,,,,,,,,22.6175,0.03820000000000001,0.31615540540540543,45.61617786488777,51.6045,,0.0,1.0,0.9978909496929471,,,,0.8669307018108086,0.5,0.5,0.71771672447465,0.9992969832309825,0.5542534269264081
robot_5,hospital,robot_anomaly_hospital,2026-05-04 23:50:32.927000+00:00,,,,,,,,,,,,,35.9122,0.08650000000000002,0.3624918918918919,33.69562591427044,48.1756,,0.0,1.0,0.956268221574344,,,,0.8639106855968436,0.5,0.5,0.7368724234855044,0.9854227405247813,0.5555737910025714
robot_3,hospital,robot_anomaly_hospital,2026-04-13 07:52:31.114000+00:00,,,,,,,,,,,,,45.9896,0.037699999999999956,0.34475270270270264,37.431302275652754,49.4883,,0.0,1.0,0.9611066311022889,,,,0.8450878864817153,0.5,0.5,0.7331671113884062,0.9870355437007629,0.5550506637722923
robot_1,warehouse,robot_anomaly_warehouse,2026-04-28 04:37:26.649000+00:00,,,,,,,,,,,,,16.9218,0.05059999999999998,0.30777162162162164,45.61617786488777,52.2249,,0.0,1.0,0.9926183239253148,,,,0.8871791129116433,0.5,0.5,0.7209022603730995,0.9975394413084383,0.5546104254203845
robot_5,lab,robot_anomaly_lab,2026-04-13 07:42:23.082000+00:00,,,,,,,,,,,,,27.4083,0.02859999999999996,0.4726418918918919,44.31142771759781,40.0245,,0.0,1.0,0.9642081756714844,,,,0.8953939484519233,0.5,0.5,0.66104191538056,0.9880693918904949,0.5372778268177638
robot_4,lab,robot_anomaly_lab,2026-04-23 07:52:38.299000+00:00,,,,,,,,,,,,,48.8338,0.08550000000000002,0.46241891891891895,53.89857422167088,40.781,,0.0,1.0,0.9763041994913467,,,,0.9356292920087018,0.5,0.5,0.5989136911194007,0.992101399830449,0.5227537727374625
robot_4,lab,robot_anomaly_lab,2026-04-13 06:58:17.200000+00:00,,,,,,,,,,,,,30.6711,0.022299999999999986,0.5163081081081081,53.89857422167088,36.7932,,0.0,1.0,0.9928819552136964,,,,0.9204604219348992,0.5,0.5,0.5996766971728444,0.9976273184045654,0.5243260038943525
robot_1,hospital,robot_anomaly_hospital,2026-04-20 04:28:04.146000+00:00,,,,,,,,,,,,,46.0798,0.049799999999999955,0.27827702702702706,39.72338368547231,54.4075,,0.0,1.0,0.9473047577693692,,,,0.901699489933687,0.5,0.5,0.7465492521394618,0.9824349192564563,0.5572460428489795
robot_5,lab,robot_anomaly_lab,2026-05-02 06:30:55.499000+00:00,,,,,,,,,,,,,44.7809,0.05279999999999996,0.2856283783783784,44.31142771759781,53.8635,,0.0,1.0,0.9411016686309782,,,,0.8927159962945701,0.5,0.5,0.722563309097997,0.9803672228769927,0.5507326329937474
robot_1,outdoor,robot_anomaly_outdoor,2026-04-30 07:19:51.848000+00:00,,,,,,,,,,,,,44.1234,0.13119999999999998,0.4613810810810811,32.28341037492993,40.8578,,1.0,0.0,0.9756993983003536,,,,0.6756445653664691,0.5,0.5,0.6900933812479632,0.3252331327667845,0.3788316285036869
robot_5,outdoor,robot_anomaly_outdoor,2026-04-22 09:51:25.179000+00:00,,,,,,,,,,,,,20.3532,0.0464,0.29428783783783774,26.119861519645806,53.2227,,0.0,1.0,0.9731561317536133,,,,0.8803803147878504,0.5,0.5,0.814773730313689,0.991052043917871,0.57645644355789
robot_2,lab,robot_anomaly_lab,2026-05-02 09:29:05.326000+00:00,,,,,,,,,,,,,26.8676,0.10040000000000004,0.49223108108108105,14.63679636698148,38.5749,,0.0,1.0,0.9553842813721233,,,,0.9215052734866968,0.5,0.5,0.7731029402241729,0.9851280937907078,0.5645577585037201
robot_1,warehouse,robot_anomaly_warehouse,2026-04-12 13:25:28.941000+00:00,,,,,,,,,,,,,38.7539,0.06310000000000004,0.42328378378378384,45.61617786488777,43.677,,0.0,1.0,0.9690310774765833,,,,0.8636314855965729,0.5,0.5,0.6619878591467969,0.9896770258255279,0.5379162212430812
robot_2,outdoor,robot_anomaly_outdoor,2026-05-05 23:51:19.193000+00:00,,,,,,,,,,,,,20.9191,0.10740000000000005,0.4020310810810811,50.074809997698374,45.2497,,0.0,1.0,0.9792351591092364,,,,0.8926901557056552,0.5,0.5,0.6483683553345873,0.9930783863697455,0.5353616854260832
robot_2,hospital,robot_anomaly_hospital,2026-05-01 07:03:30.981000+00:00,,,,,,,,,,,,,36.8706,0.010099999999999998,0.4500067567567567,38.92765711090124,41.6995,,0.0,1.0,0.9746138577011352,,,,0.880730743962153,0.5,0.5,0.6945133662763203,0.991537952567045,0.5465128297108413
robot_5,outdoor,robot_anomaly_outdoor,2026-05-04 22:41:54.723000+00:00,,,,,,,,,,,,,33.7725,0.09730000000000005,0.20909054054054055,26.119861519645806,59.5273,,0.0,1.0,0.9773742323677191,,,,0.8997695977303165,0.5,0.5,0.8314272785075971,0.9924580774559063,0.5809713389908758
robot_2,warehouse,robot_anomaly_warehouse,2026-05-04 21:25:43.505000+00:00,,,,,,,,,,,,,42.4324,0.055400000000000005,0.39571486486486485,58.39748493129811,45.7171,,0.0,1.0,0.8829942311271013,,,,0.893137378511892,0.5,0.5,0.6146407517948692,0.9609980770423672,0.5189097072093091
robot_3,hospital,robot_anomaly_hospital,2026-05-04 01:35:35.489000+00:00,,,,,,,,,,,,,33.8604,0.006299999999999972,0.33709054054054055,37.431302275652754,50.0553,,0.0,1.0,0.9792971900006203,,,,0.8667536133879503,0.5,0.5,0.7487329539201577,0.9930990633335401,0.5604580043134244
robot_4,lab,robot_anomaly_lab,2026-04-12 03:31:56.039000+00:00,,,,,,,,,,,,,10.6636,0.04830000000000001,0.24825675675675674,53.89857422167088,56.629,,0.0,1.0,0.9572762235593325,,,,0.9177106473667827,0.5,0.5,0.7102128481370242,0.9857587411864442,0.5489928973308671
robot_4,warehouse,robot_anomaly_warehouse,2026-04-23 07:50:13.674000+00:00,,,,,,,,,,,,,39.6602,0.06879999999999997,0.3568148648648648,44.033102772410636,48.5957,,0.0,1.0,0.9723807456113145,,,,0.921331844820491,0.5,0.5,0.6941304647994494,0.9907935818704381,0.5462310116674719
robot_1,hospital,robot_anomaly_hospital,2026-04-21 01:21:54.306000+00:00,,,,,,,,,,,,,38.1296,0.12119999999999997,0.2613986486486486,39.72338368547231,55.6565,,0.0,1.0,0.974753427206749,,,,0.957917679717615,0.5,0.5,0.7410337101713825,0.991584475735583,0.5581545464767413
robot_2,hospital,robot_anomaly_hospital,2026-05-07 10:02:13.789000+00:00,,,,,,,,,,,,,41.1648,0.04400000000000004,0.2765243243243244,38.92765711090124,54.5372,,0.0,1.0,0.9618975249674337,,,,0.9159111266027861,0.5,0.5,0.7544125142291256,0.9872991749891445,0.5604279223045676
robot_2,lab,robot_anomaly_lab,2026-05-03 06:20:08.792000+00:00,,,,,,,,,,,,,34.2527,0.0917,0.08702297297297301,14.63679636698148,68.5603,,0.0,1.0,0.9438775510204082,,,,0.8770198722427873,0.5,0.5,0.933762796895785,0.9812925170068026,0.6037638284756469
robot_1,outdoor,robot_anomaly_outdoor,2026-05-09 14:55:11.879000+00:00,,,,,,,,,,,,,37.1374,0.029100000000000015,0.3576054054054054,32.28341037492993,48.5372,,0.0,1.0,0.952903045716767,,,,0.9563648441155077,0.5,0.5,0.7574924012733678,0.9843010152389223,0.5604483541280726
robot_5,outdoor,robot_anomaly_outdoor,2026-04-19 03:05:47.356000+00:00,,,,,,,,,,,,,25.8691,0.0232,0.26066486486486484,26.119861519645806,55.7108,,0.0,1.0,0.969279201042119,,,,0.9187451632812538,0.5,0.5,0.8308750704104078,0.9897597336807064,0.5801587010227784
robot_5,hospital,robot_anomaly_hospital,2026-04-22 03:31:53.998000+00:00,,,,,,,,,,,,,21.6871,0.007399999999999962,0.34044459459459464,33.69562591427044,49.8071,,0.0,1.0,0.8857390980708393,,,,0.9374944662812423,0.5,0.5,0.7697561209404518,0.9619130326902798,0.5579172884076828
robot_2,warehouse,robot_anomaly_warehouse,2026-05-04 03:38:29.426000+00:00,,,,,,,,,,,,,32.7958,0.049699999999999966,0.3654878378378379,58.39748493129811,47.9539,,0.0,1.0,0.9655573475590844,,,,0.9185704122498184,0.5,0.5,0.6323821076584772,0.9885191158530281,0.5302253058778763
robot_4,hospital,robot_anomaly_hospital,2026-04-23 01:13:43.016000+00:00,,,,,,,,,,,,,19.3233,0.11850000000000005,0.5006891891891891,41.58712541309663,37.949,,0.0,1.0,0.9846473543824825,,,,0.9689893455187203,0.5,0.5,0.645953093742205,0.9948824514608274,0.5352088863007581
robot_1,warehouse,robot_anomaly_warehouse,2026-04-18 16:26:46.181000+00:00,,,,,,,,,,,,,48.6772,0.04569999999999996,0.11124189189189182,45.61617786488777,66.7681,,0.0,1.0,0.9420011165560449,,,,0.9220188952291162,0.5,0.5,0.786162154924075,0.980667038852015,0.5667072984440225
robot_3,outdoor,robot_anomaly_outdoor,2026-05-10 09:15:00.789000+00:00,,,,,,,,,,,,,38.9659,0.03420000000000001,0.32473108108108106,34.9320233150912,50.9699,,0.0,1.0,0.9254853917250792,,,,0.9089467333812362,0.5,0.5,0.7565710957667189,0.975161797241693,0.557933223252103
robot_4,warehouse,robot_anomaly_warehouse,2026-04-18 03:27:15.277000+00:00,,,,,,,,,,,,,37.1041,0.06720000000000004,0.3945743243243244,44.033102772410636,45.8015,,0.0,1.0,0.986415234786924,,,,0.8892442263713585,0.5,0.5,0.6805450761984337,0.9954717449289747,0.5440042052818521
robot_5,warehouse,robot_anomaly_warehouse,2026-05-03 12:27:07.884000+00:00,,,,,,,,,,,,,29.3608,0.08320000000000005,0.4544162162162163,31.857120950670687,41.3732,,0.0,1.0,0.9606569071397556,,,,0.8726641210923585,0.5,0.5,0.712218800833042,0.9868856357132518,0.5497761091365735
robot_4,hospital,robot_anomaly_hospital,2026-05-10 04:14:41.473000+00:00,,,,,,,,,,,,,36.2442,0.012199999999999989,0.5064945945945947,41.58712541309663,37.5194,,0.0,1.0,0.9871440977606848,,,,0.9362690712039612,0.5,0.5,0.6595813766799558,0.9957146992535616,0.5388240189833794
robot_1,outdoor,robot_anomaly_outdoor,2026-04-19 10:11:49.885000+00:00,,,,,,,,,,,,,26.9465,0.023800000000000043,0.3501540540540541,32.28341037492993,49.0886,,0.0,1.0,0.9642702065628683,,,,0.9543483757482829,0.5,0.5,0.7662865980119754,0.9880900688542894,0.5635941667165663
robot_5,warehouse,robot_anomaly_warehouse,2026-05-09 07:51:06.540000+00:00,,,,,,,,,,,,,43.2459,0.03759999999999997,0.24981756756756757,31.857120950670687,56.5135,,0.0,1.0,0.9317350040320079,,,,0.8783343630202006,0.5,0.5,0.7978869596520367,0.9772450013440026,0.5687829902490098
robot_4,outdoor,robot_anomaly_outdoor,2026-04-14 18:13:08.838000+00:00,,,,,,,,,,,,,50.0065,0.05689999999999995,0.38083783783783787,47.74265761291576,46.818,,0.0,1.0,0.9808324545623721,,,,0.8755474130853245,0.5,0.5,0.6655091706248962,0.9936108181874573,0.5397799972030883
robot_3,warehouse,robot_anomaly_warehouse,2026-04-28 19:04:32.416000+00:00,,,,,,,,,,,,,49.9211,0.005499999999999949,0.3536364864864865,41.50002108112327,48.8309,,0.0,1.0,0.9789094969294708,,,,0.875014060457584,0.5,0.5,0.7163930025847446,0.9929698323098236,0.552340708723642
robot_4,warehouse,robot_anomaly_warehouse,2026-04-24 12:01:26.051000+00:00,,,,,,,,,,,,,46.52,0.06240000000000001,0.5684027027027027,44.033102772410636,32.9382,,0.0,1.0,0.9334253458222195,,,,0.9435220098478949,0.5,0.5,0.6077992205176274,0.9778084486074065,0.5214019172812584
robot_5,lab,robot_anomaly_lab,2026-04-22 01:19:56.251000+00:00,,,,,,,,,,,,,31.2412,0.04159999999999997,0.3222675675675676,44.31142771759781,51.1522,,0.0,1.0,0.9899975187643446,,,,0.9116660599819303,0.5,0.5,0.7165567073521661,0.9966658395881148,0.5533056367350702
robot_2,warehouse,robot_anomaly_warehouse,2026-04-13 09:54:46.722000+00:00,,,,,,,,,,,,,33.0911,0.0,0.26829729729729723,58.39748493129811,55.146,,0.0,1.0,0.9739470256187581,,,,0.9276360489527666,0.5,0.5,0.6821795249100961,0.9913156752062527,0.5433738000290873
robot_4,warehouse,robot_anomaly_warehouse,2026-04-16 05:44:23.895000+00:00,,,,,,,,,,,,,27.4837,0.037799999999999945,0.4266797297297298,44.033102772410636,43.4257,,0.0,1.0,0.9768004466224179,,,,0.8817095116236965,0.5,0.5,0.6786180301280504,0.992266815540806,0.5427212114172141
robot_3,warehouse,robot_anomaly_warehouse,2026-05-03 07:12:42.036000+00:00,,,,,,,,,,,,,21.1225,0.0383,0.3867527027027027,41.50002108112327,46.3803,,0.0,1.0,0.9553532659264313,,,,0.8985494731812249,0.5,0.5,0.7089475899485441,0.9851177553088104,0.5485163363143386
robot_3,outdoor,robot_anomaly_outdoor,2026-04-12 19:10:09.395000+00:00,,,,,,,,,,,,,34.3368,0.08640000000000003,0.2840567567567568,34.9320233150912,53.9798,,0.0,1.0,0.9840580609143353,,,,0.9631935265471882,0.5,0.5,0.7633344732129378,0.9946860203047785,0.564505123379429
robot_5,hospital,robot_anomaly_hospital,2026-04-16 06:20:02.820000+00:00,,,,,,,,,,,,,33.5379,0.015900000000000025,0.283308108108108,33.69562591427044,54.0352,,1.0,0.0,0.9758389678059673,,,,0.6616464380927652,0.5,0.5,0.7853303337309862,0.32527965593532243,0.40265249741657716
robot_2,outdoor,robot_anomaly_outdoor,2026-04-11 16:06:39.897000+00:00,,,,,,,,,,,,,39.0878,0.04310000000000003,0.5319635135135135,50.074809997698374,35.6347,,0.0,1.0,0.9759940450344271,,,,0.9333344253807102,0.5,0.5,0.6024356669326009,0.9919980150114757,0.5236084204860192
robot_5,warehouse,robot_anomaly_warehouse,2026-05-01 12:17:06.602000+00:00,,,,,,,,,,,,,22.4783,0.040200000000000014,0.4939702702702703,31.857120950670687,38.4462,,0.0,1.0,0.9670771043979902,,,,0.91111163924735,0.5,0.5,0.709092378590997,0.9890257014659968,0.5495295200142485
robot_5,hospital,robot_anomaly_hospital,2026-04-20 13:26:46.593000+00:00,,,,,,,,,,,,,27.1349,0.4857,0.46560945945945953,33.69562591427044,40.5449,,1.0,0.0,0.9742571800756776,,,,0.6098914883836148,0.5,0.5,0.6108172965228487,0.3247523933585592,0.35889242247035197
robot_4,hospital,robot_anomaly_hospital,2026-04-22 21:42:39.671000+00:00,,,,,,,,,,,,,41.5162,0.046699999999999964,0.39532297297297303,41.58712541309663,45.7461,,0.0,1.0,0.9748774889895168,,,,0.9130457068890253,0.5,0.5,0.6939780417602278,0.9916258296631723,0.54640096785585
robot_3,warehouse,robot_anomaly_warehouse,2026-04-11 09:36:04.581000+00:00,,,,,,,,,,,,,33.3649,0.02410000000000001,0.3598351351351351,41.50002108112327,48.3722,,0.0,1.0,0.9376124309906333,,,,0.8394232090610719,0.5,0.5,0.7173056341124031,0.9792041436635444,0.5491274444439869
robot_3,outdoor,robot_anomaly_outdoor,2026-04-18 12:09:37.792000+00:00,,,,,,,,,,,,,30.2428,0.0,0.42799864864864867,34.9320233150912,43.3281,,0.0,1.0,0.9784597729669375,,,,0.9414293712042024,0.5,0.5,0.726838837921894,0.9928199243223125,0.5549146905610516
robot_1,hospital,robot_anomaly_hospital,2026-05-02 09:39:20.721000+00:00,,,,,,,,,,,,,28.987,0.06940000000000002,0.49677297297297296,39.72338368547231,38.2388,,0.0,1.0,0.9712331741207121,,,,0.8938363742588817,0.5,0.5,0.6625645593449832,0.9904110580402374,0.5382439043463052
robot_2,outdoor,robot_anomaly_outdoor,2026-04-18 12:30:24.220000+00:00,,,,,,,,,,,,,27.0004,0.028100000000000014,0.2372337837837838,50.074809997698374,57.4447,,0.0,1.0,0.9559735748402705,,,,0.9216961363282661,0.5,0.5,0.7291614338142165,0.9853245249467569,0.5536214896902434
robot_3,lab,robot_anomaly_lab,2026-05-06 20:35:46.697000+00:00,,,,,,,,,,,,,49.708,0.00539999999999996,0.39512702702702707,25.56989703262559,45.7606,,0.0,1.0,0.9768469697909559,,,,0.8610132703617637,0.5,0.5,0.7727215832405872,0.9922823232636521,0.5662509766260598
robot_4,warehouse,robot_anomaly_warehouse,2026-05-10 06:52:14.222000+00:00,,,,,,,,,,,,,31.2824,0.0867,0.321195945945946,44.033102772410636,51.2315,,0.0,1.0,0.9471031573723714,,,,0.8855650504361796,0.5,0.5,0.7082063960931789,0.9823677191241238,0.5476435288043257
robot_5,hospital,robot_anomaly_hospital,2026-04-28 04:17:27.966000+00:00,,,,,,,,,,,,,36.3184,0.03500000000000003,0.2705932432432432,33.69562591427044,54.9761,,1.0,0.0,0.9778859872216363,,,,0.769336903823389,0.5,0.5,0.7849030483868401,0.32596199574054546,0.40271626103184643
robot_5,outdoor,robot_anomaly_outdoor,2026-05-07 07:05:50.870000+00:00,,,,,,,,,,,,,40.512,0.06230000000000002,0.2746432432432432,26.119861519645806,54.6764,,0.0,1.0,0.9955647912660505,,,,0.8227764654967329,0.5,0.5,0.8099267167543852,0.9985215970886835,0.5771120784607672
robot_1,outdoor,robot_anomaly_outdoor,2026-04-23 07:11:27.284000+00:00,,,,,,,,,,,,,38.7302,0.04179999999999995,0.4026918918918919,32.28341037492993,45.2008,,0.0,1.0,0.9447149680540909,,,,0.9252986421886845,0.5,0.5,0.7359083730149936,0.9815716560180303,0.554370007258256
robot_4,warehouse,robot_anomaly_warehouse,2026-04-27 23:48:25.110000+00:00,,,,,,,,,,,,,27.8757,0.058499999999999996,0.43259729729729735,44.033102772410636,42.9878,,0.0,1.0,0.9516003969977048,,,,0.9280618247860459,0.5,0.5,0.671468121583711,0.983866798999235,0.5388337301457365
robot_2,outdoor,robot_anomaly_outdoor,2026-04-17 12:12:37.518000+00:00,,,,,,,,,,,,,19.0915,0.008499999999999952,0.41620405405405414,50.074809997698374,44.2009,,0.0,1.0,0.9380311395074747,,,,0.9328333224119987,0.5,0.5,0.6655301143274267,0.9793437131691581,0.5362184568741462
robot_1,hospital,robot_anomaly_hospital,2026-04-26 07:47:52.565000+00:00,,,,,,,,,,,,,38.1007,0.05159999999999998,0.1655094594594595,39.72338368547231,62.7523,,1.0,0.0,0.9342782705787482,,,,0.6609641917664465,0.5,0.5,0.7948846780369723,0.31142609019291606,0.40157769205747207
robot_5,lab,robot_anomaly_lab,2026-04-13 01:17:04.385000+00:00,,,,,,,,,,,,,40.594,0.8766,0.22976486486486492,44.31142771759781,57.9974,,1.0,0.0,0.9672631970721419,,,,0.5563992540384562,0.5,0.5,0.5635629499758058,0.322421065690714,0.34649600391662994
robot_3,hospital,robot_anomaly_hospital,2026-04-17 05:18:10.739000+00:00,,,,,,,,,,,,,43.9683,0.0050000000000000044,0.4568445945945946,37.431302275652754,41.1935,,0.0,1.0,0.9447149680540909,,,,0.9199278169426272,0.5,0.5,0.6965235583094748,0.9815716560180303,0.5445238035818762
robot_1,hospital,robot_anomaly_hospital,2026-04-24 09:36:57.981000+00:00,,,,,,,,,,,,,34.3211,0.08340000000000003,0.223904054054054,39.72338368547231,58.4311,,1.0,0.0,0.4603312449599901,,,,0.6430499035285883,0.5,0.5,0.766172016677954,0.15344374831999671,0.3549039412494877
robot_5,lab,robot_anomaly_lab,2026-04-21 23:19:11.009000+00:00,,,,,,,,,,,,,47.4046,0.0,0.5755743243243243,44.31142771759781,32.4075,,0.0,1.0,0.9389771106010794,,,,0.9455696573011636,0.5,0.5,0.6171367817439368,0.9796590368670265,0.5241989546527408
robot_5,outdoor,robot_anomaly_outdoor,2026-04-15 16:19:50.352000+00:00,,,,,,,,,,,,,29.7978,0.06420000000000003,0.39651486486486487,26.119861519645806,45.6579,,0.0,1.0,0.9440326282488679,,,,0.9335317229395551,0.5,0.5,0.7656281132849059,0.9813442094162893,0.5617430806752988
robot_2,warehouse,robot_anomaly_warehouse,2026-04-29 20:08:14.954000+00:00,,,,,,,,,,,,,36.3484,0.040200000000000014,0.3399337837837837,58.39748493129811,49.8449,,0.0,1.0,0.9769245084051857,,,,0.8286569644188203,0.5,0.5,0.6431012736153272,0.9923081694683953,0.5338523607709307
robot_3,outdoor,robot_anomaly_outdoor,2026-04-11 08:19:18.501000+00:00,,,,,,,,,,,,,38.5009,0.05169999999999997,0.26676891891891896,34.9320233150912,55.2591,,0.0,1.0,0.9896408411388872,,,,0.8540154997038171,0.5,0.5,0.7760746554008435,0.9965469470462957,0.5681554006117848
robot_4,warehouse,robot_anomaly_warehouse,2026-05-07 00:47:34.815000+00:00,,,,,,,,,,,,,21.8955,0.683,0.34295135135135135,44.033102772410636,49.6216,,1.0,0.0,0.9742571800756776,,,,0.5246695048541276,0.5,0.5,0.5711295289423265,0.3247523933585592,0.3489704805752214
robot_3,warehouse,robot_anomaly_warehouse,2026-04-25 00:31:24.915000+00:00,,,,,,,,,,,,,26.7097,0.03610000000000002,0.23934864864864858,41.50002108112327,57.2882,,0.0,1.0,0.9350536567210471,,,,0.9488637595884114,0.5,0.5,0.7658575980855851,0.9783512189070157,0.5610522042481502
robot_1,outdoor,robot_anomaly_outdoor,2026-04-22 15:05:30.646000+00:00,,,,,,,,,,,,,290.3282,0.0928,0.9120054054054054,32.28341037492993,7.5116,,1.0,0.0,0.9971465789963402,,,,0.6076270024295682,0.5,0.5,0.4064145276506773,0.3323821929987801,0.3096991801623643
robot_4,hospital,robot_anomaly_hospital,2026-05-10 14:36:03.642000+00:00,,,,,,,,,,,,,36.2972,0.09440000000000004,0.39805,41.58712541309663,45.5443,,1.0,0.0,0.9714657899634018,,,,0.7220085058782457,0.5,0.5,0.6846501591332497,0.3238219299878006,0.3771180222802626
robot_1,warehouse,robot_anomaly_warehouse,2026-04-14 16:42:20.345000+00:00,,,,,,,,,,,,,23.5572,0.08709999999999996,0.32642432432432433,45.61617786488777,50.8446,,0.0,1.0,0.9905557967867998,,,,0.9745255069059274,0.5,0.5,0.7023042483725531,0.9968519322622665,0.5497890451587049
robot_2,lab,robot_anomaly_lab,2026-04-17 04:19:42.636000+00:00,,,,,,,,,,,,,32.2496,0.0014999999999999458,0.057610810810810764,14.63679636698148,70.7368,,0.0,1.0,0.9753117052292042,,,,0.8919564890127223,0.5,0.5,0.9665031566422234,0.9917705684097348,0.6145684312629895
robot_2,hospital,robot_anomaly_hospital,2026-04-22 19:26:56.934000+00:00,,,,,,,,,,,,,32.4213,0.08150000000000002,0.1953513513513514,38.92765711090124,60.544,,0.0,1.0,0.9508250108554059,,,,0.9232076630310445,0.5,0.5,0.7825164676606372,0.9836083369518019,0.5665312011531097
robot_1,warehouse,robot_anomaly_warehouse,2026-04-13 04:55:02.105000+00:00,,,,,,,,,,,,,38.0848,0.062100000000000044,0.2586864864864865,45.61617786488777,55.8572,,0.0,1.0,0.9074033868866695,,,,0.8404412461579085,0.5,0.5,0.7283535214119231,0.9691344622955566,0.5493719959268699
robot_2,lab,robot_anomaly_lab,2026-05-02 15:03:00.361000+00:00,,,,,,,,,,,,,35.934,0.0988,0.28741756756756764,14.63679636698148,53.7311,,0.0,1.0,0.9354413497921965,,,,0.9534157968610849,0.5,0.5,0.8512609667869743,0.9784804499307321,0.5824353541794266
robot_1,lab,robot_anomaly_lab,2026-05-05 05:48:43.967000+00:00,,,,,,,,,,,,,35.4523,0.031000000000000028,0.3280540540540541,49.14167586402035,50.724,,0.0,1.0,0.9656348861733143,,,,0.9099961755374395,0.5,0.5,0.69260912724188,0.9885449620577714,0.5452885223249129
robot_5,outdoor,robot_anomaly_outdoor,2026-04-11 07:21:54.259000+00:00,,,,,,,,,,,,,41.968,0.123,0.4193689189189189,26.119861519645806,43.9667,,0.0,1.0,0.9386514484213138,,,,0.8653772255377282,0.5,0.5,0.7378718838138884,0.9795504828071045,0.5543555916552483
robot_3,hospital,robot_anomaly_hospital,2026-04-18 00:04:49.961000+00:00,,,,,,,,,,,,,34.0241,0.0,0.32444864864864864,37.431302275652754,50.9908,,0.0,1.0,0.998681843558092,,,,0.9372614952968675,0.5,0.5,0.7551166632757387,0.9995606145193641,0.5636693194487756
robot_2,lab,robot_anomaly_lab,2026-04-21 08:40:37.936000+00:00,,,,,,,,,,,,,48.4033,0.05269999999999997,0.23799864864864861,14.63679636698148,57.3881,,0.0,1.0,0.9945722970039079,,,,0.8494382977635627,0.5,0.5,0.8756123449582656,0.9981907656679693,0.5934507776565587
robot_5,lab,robot_anomaly_lab,2026-05-06 11:14:46.998000+00:00,,,,,,,,,,,,,36.7344,0.051100000000000034,0.4962945945945946,44.31142771759781,38.2742,,0.0,1.0,0.9973636871161838,,,,0.9281784519765679,0.5,0.5,0.6423344305301785,0.999121229038728,0.5353639148922267
robot_3,warehouse,robot_anomaly_warehouse,2026-04-18 17:15:06.391000+00:00,,,,,,,,,,,,,51.6756,0.00019999999999997797,0.3378189189189189,41.50002108112327,50.0014,,1.0,0.0,0.5038924384343404,,,,0.6655351231377779,0.5,0.5,0.7231010607255038,0.16796414614478014,0.34776630171757106
robot_5,outdoor,robot_anomaly_outdoor,2026-04-11 23:41:11.925000+00:00,,,,,,,,,,,,,44.5199,0.06159999999999999,0.19611891891891886,26.119861519645806,60.4872,,0.0,1.0,0.9634327895291855,,,,0.964667320153336,0.5,0.5,0.8396694127549132,0.9878109298430618,0.5818700856494937
robot_1,warehouse,robot_anomaly_warehouse,2026-04-13 10:14:21.791000+00:00,,,,,,,,,,,,,50.7985,0.05810000000000004,0.3430783783783784,45.61617786488777,49.6122,,0.0,1.0,0.9493517771850382,,,,0.879843485480101,0.5,0.5,0.6897045045852417,0.9831172590616793,0.5432054409117302
robot_3,warehouse,robot_anomaly_warehouse,2026-04-13 05:28:18.812000+00:00,,,,,,,,,,,,,32.3433,0.06440000000000001,0.10951756756756748,41.50002108112327,66.8957,,0.0,1.0,0.9722876992742385,,,,0.9159576741821354,0.5,0.5,0.8089327525281413,0.9907625664247462,0.574923829738222
robot_2,lab,robot_anomaly_lab,2026-04-11 13:24:45.621000+00:00,,,,,,,,,,,,,10.0,0.0474,0.4902445945945946,14.63679636698148,38.7219,,0.0,1.0,0.9660380869673098,,,,0.9837276173934619,0.5,0.5,0.7933582849516183,0.9886793623224367,0.5705094118185138
robot_3,lab,robot_anomaly_lab,2026-04-25 03:48:17.397000+00:00,,,,,,,,,,,,,32.9656,0.024399999999999977,0.2098445945945946,25.56989703262559,59.4715,,0.0,1.0,0.957663916630482,,,,0.9008339030544606,0.5,0.5,0.8502223508674586,0.9858879722101607,0.5840275807694049
robot_1,warehouse,robot_anomaly_warehouse,2026-05-10 05:22:58.004000+00:00,,,,,,,,,,,,,17.7965,0.05579999999999996,0.18435810810810804,45.61617786488777,61.3575,,0.0,1.0,0.96858135351405,,,,0.901831515728509,0.5,0.5,0.7687131504098004,0.9895271178380166,0.5645600670619542
robot_3,lab,robot_anomaly_lab,2026-04-12 19:05:18.364000+00:00,,,,,,,,,,,,,29.5063,0.06159999999999999,0.4112094594594594,25.56989703262559,44.5705,,0.0,1.0,0.9825383040754295,,,,0.8770374288192919,0.5,0.5,0.7629747115890795,0.9941794346918099,0.5642885365702224
robot_5,warehouse,robot_anomaly_warehouse,2026-04-27 20:49:07.843000+00:00,,,,,,,,,,,,,28.8261,0.07609999999999995,0.19385000000000008,31.857120950670687,60.6551,,0.0,1.0,0.9656659016190062,,,,0.9030332951545985,0.5,0.5,0.8182678196208311,0.9885553005396687,0.576705780040125
robot_5,lab,robot_anomaly_lab,2026-04-27 19:12:02.028000+00:00,,,,,,,,,,,,,10.0,0.028200000000000003,0.38414729729729735,44.31142771759781,46.5731,,0.0,1.0,0.8919887103777682,,,,0.9018929420755537,0.5,0.5,0.704445817767527,0.9639962367925894,0.542110513640029
robot_3,warehouse,robot_anomaly_warehouse,2026-04-16 14:26:41.410000+00:00,,,,,,,,,,,,,35.6452,0.061000000000000054,0.33872162162162156,41.50002108112327,49.9346,,0.0,1.0,0.9615873705105142,,,,0.9111317437914577,0.5,0.5,0.7165057781360098,0.9871957901701714,0.5509253920765453
robot_4,outdoor,robot_anomaly_outdoor,2026-04-11 06:37:20.040000+00:00,,,,,,,,,,,,,29.9943,0.4937,0.3600297297297298,47.74265761291576,48.3578,,1.0,0.0,0.9779635258358662,,,,0.5909597366065796,0.5,0.5,0.5857698926375321,0.32598784194528874,0.3529394336457052
robot_2,outdoor,robot_anomaly_outdoor,2026-04-28 02:00:53.320000+00:00,,,,,,,,,,,,,46.124,0.4375,0.29799864864864867,50.074809997698374,52.9481,,1.0,0.0,0.9955647912660505,,,,0.6249847950015393,0.5,0.5,0.6050894566319857,0.3318549304220168,0.35923609676350066
robot_4,hospital,robot_anomaly_hospital,2026-05-05 15:56:55.169000+00:00,,,,,,,,,,,,,37.6386,0.0037000000000000366,0.34527972972972976,41.58712541309663,49.4493,,0.0,1.0,0.9366354444513367,,,,0.9522275840954597,0.5,0.5,0.7253239458478273,0.978878481483779,0.5510506068329015
robot_1,outdoor,robot_anomaly_outdoor,2026-04-23 17:24:15.756000+00:00,,,,,,,,,,,,,40.8785,0.046499999999999986,0.19819054054054053,32.28341037492993,60.3339,,0.0,1.0,0.9852986787420135,,,,0.9003743631743047,0.5,0.5,0.8156864024691908,0.9950995595806712,0.5776964905124655
robot_3,hospital,robot_anomaly_hospital,2026-04-17 07:17:43.816000+00:00,,,,,,,,,,,,,41.7591,0.08250000000000002,0.2841567567567568,37.431302275652754,53.9724,,0.0,1.0,0.9497549779790335,,,,0.8972105366713758,0.5,0.5,0.7493639495044639,0.9832516593263444,0.558153902207702
robot_4,warehouse,robot_anomaly_warehouse,2026-04-11 01:35:02.697000+00:00,,,,,,,,,,,,,31.6899,0.0,0.48494324324324334,44.033102772410636,39.1142,,0.0,1.0,0.9550741269152038,,,,0.8850271182173776,0.5,0.5,0.6618081036661775,0.9850247089717347,0.5367082031594781
robot_3,outdoor,robot_anomaly_outdoor,2026-04-25 00:19:56.351000+00:00,,,,,,,,,,,,,35.0939,0.08919999999999995,0.496477027027027,34.9320233150912,38.2607,,0.0,1.0,0.9918894609515538,,,,0.9691254865275629,0.5,0.5,0.6773992000104712,0.9972964869838513,0.5436739217485806
robot_3,outdoor,robot_anomaly_outdoor,2026-05-05 00:29:17.072000+00:00,,,,,,,,,,,,,24.2575,0.0988,0.2751310810810811,34.9320233150912,54.6403,,0.0,1.0,0.9909589975807952,,,,0.9241498589984782,0.5,0.5,0.7687303747317812,0.9969863325269318,0.5664291768146783
robot_2,warehouse,robot_anomaly_warehouse,2026-04-10 21:48:52.414000+00:00,,,,,,,,,,,,,29.9507,0.12729999999999997,0.38652027027027025,58.39748493129811,46.3975,,0.0,1.0,0.9159171267291111,,,,0.874011085543887,0.5,0.5,0.6080013459949728,0.9719723755763704,0.5199934303928359
robot_4,lab,robot_anomaly_lab,2026-04-22 01:05:16.653000+00:00,,,,,,,,,,,,,13.116,0.07640000000000002,0.3855824324324324,53.89857422167088,46.4669,,0.0,1.0,0.958377271881397,,,,0.9424989348354698,0.5,0.5,0.6479165605314442,0.986125757293799,0.5335105794563109
robot_5,lab,robot_anomaly_lab,2026-05-06 13:52:47.956000+00:00,,,,,,,,,,,,,42.6136,0.050899999999999945,0.4522905405405405,44.31142771759781,41.5305,,0.0,1.0,0.9816543638732088,,,,0.8990433974677906,0.5,0.5,0.6573067512249958,0.9938847879577363,0.537797884795683
robot_4,hospital,robot_anomaly_hospital,2026-04-26 12:13:22.916000+00:00,,,,,,,,,,,,,39.2069,0.05900000000000005,0.36970270270270267,41.58712541309663,47.642,,0.0,1.0,0.9393648036722287,,,,0.9311832118523944,0.5,0.5,0.7025403224924265,0.9797882678907429,0.5455821475957924
robot_1,hospital,robot_anomaly_hospital,2026-04-16 03:41:20.052000+00:00,,,,,,,,,,,,,37.4009,0.050899999999999945,0.4292256756756757,39.72338368547231,43.2373,,1.0,0.0,0.42677253272129523,,,,0.5837975048671826,0.5,0.5,0.6898721634895348,0.1422575109070984,0.3330324185991583
robot_4,hospital,robot_anomaly_hospital,2026-05-03 11:38:02.200000+00:00,,,,,,,,,,,,,39.5773,0.09240000000000004,0.42145270270270274,41.58712541309663,43.8125,,0.0,1.0,0.9785993424725513,,,,0.9344774661214716,0.5,0.5,0.6742422171273429,0.9928664474908504,0.5417771661545483
robot_2,warehouse,robot_anomaly_warehouse,2026-05-08 06:08:37.828000+00:00,,,,,,,,,,,,,37.4998,0.0716,0.3262175675675675,58.39748493129811,50.8599,,0.0,1.0,0.9915793064946343,,,,0.9008224810844352,0.5,0.5,0.6410793546092209,0.9971931021648781,0.5345681141935248
robot_5,hospital,robot_anomaly_hospital,2026-04-17 01:10:14.197000+00:00,,,,,,,,,,,,,43.0691,0.047799999999999954,0.2947135135135135,33.69562591427044,53.1912,,1.0,0.0,0.9463898021214565,,,,0.7032645291640259,0.5,0.5,0.7693375109032242,0.31546326737381886,0.3962001945692608
robot_2,hospital,robot_anomaly_hospital,2026-04-19 16:17:01.203000+00:00,,,,,,,,,,,,,41.5384,0.05030000000000001,0.3000162162162162,38.92765711090124,52.7988,,0.0,1.0,0.9497549779790335,,,,0.9464219083923826,0.5,0.5,0.7434444472582441,0.9832516593263444,0.5566740266461471
robot_2,lab,robot_anomaly_lab,2026-04-14 05:15:55.126000+00:00,,,,,,,,,,,,,23.3339,0.03469999999999995,0.28799054054054063,14.63679636698148,53.6887,,0.0,1.0,0.9509955958067118,,,,0.9285458208798272,0.5,0.5,0.8710208555612164,0.9836651986022372,0.5886715135408633
robot_2,lab,robot_anomaly_lab,2026-05-03 18:27:27.608000+00:00,,,,,,,,,,,,,39.2033,0.05459999999999998,0.36267432432432434,14.63679636698148,48.1621,,0.0,1.0,0.9656348861733143,,,,0.858525265589565,0.5,0.5,0.8295034798130269,0.9885449620577714,0.5795121104676996
robot_5,outdoor,robot_anomaly_outdoor,2026-04-12 05:54:23.156000+00:00,,,,,,,,,,,,,40.1434,0.07179999999999997,0.22569189189189187,26.119861519645806,58.2988,,0.0,1.0,0.9476614353948266,,,,0.9127542291949984,0.5,0.5,0.8275616678319896,0.9825538117982755,0.5775288699075662
robot_5,warehouse,robot_anomaly_warehouse,2026-04-18 22:06:11.378000+00:00,,,,,,,,,,,,,44.7101,0.03590000000000004,0.47833513513513515,31.857120950670687,39.6032,,0.0,1.0,0.9825693195211215,,,,0.9463397254660164,0.5,0.5,0.7061921879067143,0.9941897731737072,0.5500954902701054
robot_3,outdoor,robot_anomaly_outdoor,2026-04-16 13:56:32.415000+00:00,,,,,,,,,,,,,39.5866,0.06279999999999997,0.32501081081081085,34.9320233150912,50.9492,,0.0,1.0,0.942652440915576,,,,0.9050534562812803,0.5,0.5,0.7498149994637433,0.9808841469718587,0.5576747866089005
robot_4,lab,robot_anomaly_lab,2026-04-22 07:32:21.641000+00:00,,,,,,,,,,,,,32.7692,0.0,0.14124324324324322,53.89857422167088,64.548,,0.0,1.0,0.9909279821351032,,,,0.9402096365269557,0.5,0.5,0.7537089683981928,0.9969759940450343,0.5626712406108068
robot_2,lab,robot_anomaly_lab,2026-05-09 16:59:41.924000+00:00,,,,,,,,,,,,,20.1332,0.023800000000000043,0.20327837837837837,14.63679636698148,59.9574,,0.0,1.0,0.9780255567272502,,,,0.8938658531519547,0.5,0.5,0.9087860073831923,0.9926751855757501,0.6003652982397356
robot_1,lab,robot_anomaly_lab,2026-04-21 21:23:41.349000+00:00,,,,,,,,,,,,,36.2512,0.021299999999999986,0.29827837837837845,49.14167586402035,52.9274,,0.0,1.0,0.9473512809379071,,,,0.8932933243231073,0.5,0.5,0.706313780613724,0.9824504269793023,0.5471910518982566
robot_2,warehouse,robot_anomaly_warehouse,2026-05-06 06:42:09.936000+00:00,,,,,,,,,,,,,38.3857,0.0676,0.4518445945945946,58.39748493129811,41.5635,,0.0,1.0,0.9928509397680044,,,,0.9177543110121504,0.5,0.5,0.591315425739008,0.9976169799226682,0.522233101415419
robot_4,warehouse,robot_anomaly_warehouse,2026-04-17 17:27:21.645000+00:00,,,,,,,,,,,,,32.3782,0.07930000000000004,0.457222972972973,44.033102772410636,41.1655,,0.0,1.0,0.9573847776192543,,,,0.9088070177484513,0.5,0.5,0.6549433190802425,0.9857949258730848,0.5351845612383318
robot_5,warehouse,robot_anomaly_warehouse,2026-04-18 01:56:11.108000+00:00,,,,,,,,,,,,,26.0638,0.035499999999999976,0.2855378378378379,31.857120950670687,53.8702,,0.0,1.0,0.9553687736492773,,,,0.9509229305707869,0.5,0.5,0.7918801989715282,0.985122924549759,0.5692507808803218
robot_3,lab,robot_anomaly_lab,2026-05-05 19:21:00.968000+00:00,,,,,,,,,,,,,37.7519,0.032299999999999995,0.3075337837837838,25.56989703262559,52.2425,,0.0,1.0,0.9761801377085789,,,,0.8485847952616792,0.5,0.5,0.8072126103149582,0.9920600459028597,0.5748181640544545
robot_2,outdoor,robot_anomaly_outdoor,2026-04-23 12:25:09.011000+00:00,,,,,,,,,,,,,47.5163,0.06779999999999997,0.4091202702702703,50.074809997698374,44.7251,,0.0,1.0,0.9563922833571118,,,,0.9250942920280092,0.5,0.5,0.6422453999404991,0.9854640944523706,0.5319273735982175
robot_3,warehouse,robot_anomaly_warehouse,2026-05-04 18:37:27.766000+00:00,,,,,,,,,,,,,35.4997,0.05020000000000002,0.49158378378378376,41.50002108112327,38.6228,,0.0,1.0,0.956268221574344,,,,0.957612485664425,0.5,0.5,0.6578294873337487,0.9854227405247813,0.5358130569646324
robot_2,outdoor,robot_anomaly_outdoor,2026-05-06 18:40:26.265000+00:00,,,,,,,,,,,,,34.9191,0.0695,0.2826283783783783,50.074809997698374,54.0855,,1.0,0.0,0.9579740710874015,,,,0.6793731055045827,0.5,0.5,0.6981930566940601,0.3193246903624672,0.37937943676413177
robot_5,warehouse,robot_anomaly_warehouse,2026-04-14 20:46:17.296000+00:00,,,,,,,,,,,,,33.7554,0.04600000000000004,0.37468918918918914,31.857120950670687,47.273,,1.0,0.0,0.9391166801066931,,,,0.5957750641536401,0.5,0.5,0.7503859417200219,0.31303889336889773,0.39085620877222993
robot_5,warehouse,robot_anomaly_warehouse,2026-04-30 04:01:28.507000+00:00,,,,,,,,,,,,,21.1638,0.0044999999999999485,0.22874594594594588,31.857120950670687,58.0728,,0.0,1.0,0.9680540909372868,,,,0.8802298554372359,0.5,0.5,0.8237212018106943,0.9893513636457621,0.5782681413641141
robot_1,hospital,robot_anomaly_hospital,2026-04-25 05:02:37.801000+00:00,,,,,,,,,,,,,31.776,0.02849999999999997,0.4260175675675676,39.72338368547231,43.4747,,0.0,1.0,0.9963556851311953,,,,0.9661948726101063,0.5,0.5,0.6986963045320377,0.9987852283770651,0.5493703832272757
robot_5,lab,robot_anomaly_lab,2026-04-17 01:35:57.301000+00:00,,,,,,,,,,,,,47.6397,0.015000000000000013,0.2323972972972973,44.31142771759781,57.8026,,0.0,1.0,0.946017616773153,,,,0.9467796378667579,0.5,0.5,0.7509640018825906,0.9820058722577176,0.5582424685350771
robot_2,warehouse,robot_anomaly_warehouse,2026-04-26 13:37:06.540000+00:00,,,,,,,,,,,,,19.3926,0.04820000000000002,0.28705,58.39748493129811,53.7583,,1.0,0.0,0.9211587370510514,,,,0.7477207052410806,0.5,0.5,0.6701865248868151,0.3070529123503505,0.3693098593092914
robot_2,hospital,robot_anomaly_hospital,2026-05-10 08:07:53.333000+00:00,,,,,,,,,,,,,57.1476,0.0615,0.16394864864864866,38.92765711090124,62.8678,,0.0,1.0,0.9789870355437008,,,,0.9620552423904234,0.5,0.5,0.7882812165012205,0.9929956785145669,0.5703192237539468
robot_3,lab,robot_anomaly_lab,2026-05-10 02:10:06.780000+00:00,,,,,,,,,,,,,39.0016,0.07040000000000002,0.2387810810810811,25.56989703262559,57.3302,,0.0,1.0,0.9218410768562744,,,,0.9055464344743538,0.5,0.5,0.8256702009706995,0.9739470256187581,0.5749043066473645
robot_3,outdoor,robot_anomaly_outdoor,2026-04-30 00:40:13.283000+00:00,,,,,,,,,,,,,34.6412,0.032299999999999995,0.3288824324324324,34.9320233150912,50.6627,,0.0,1.0,0.9709695428323305,,,,0.8896979854506132,0.5,0.5,0.7573000219411945,0.9903231809441101,0.5619058007213261
robot_5,hospital,robot_anomaly_hospital,2026-04-24 19:00:02.395000+00:00,,,,,,,,,,,,,24.1475,0.04820000000000002,0.4342702702702703,33.69562591427044,42.864,,0.0,1.0,0.9783667266298617,,,,0.9486118314929801,0.5,0.5,0.722031147761039,0.9927889088766205,0.5537050141594149
robot_2,outdoor,robot_anomaly_outdoor,2026-04-20 12:02:24.419000+00:00,,,,,,,,,,,,,33.1973,0.02969999999999995,0.37598783783783785,50.074809997698374,47.1769,,0.0,1.0,0.9293623224365735,,,,0.8927898098262034,0.5,0.5,0.6704856247042492,0.9764541074788579,0.5367349330457767
robot_5,warehouse,robot_anomaly_warehouse,2026-05-01 21:00:46.946000+00:00,,,,,,,,,,,,,34.4966,0.015599999999999947,0.2006054054054054,31.857120950670687,60.1552,,0.0,1.0,0.9572452081136406,,,,0.9402042808578382,0.5,0.5,0.8264446842097731,0.9857484027045468,0.57804827172858
robot_3,warehouse,robot_anomaly_warehouse,2026-04-10 22:55:07.410000+00:00,,,,,,,,,,,,,38.409,0.05379999999999996,0.2234621621621622,41.50002108112327,58.4638,,0.0,1.0,0.9837013832888779,,,,0.9489706031549321,0.5,0.5,0.7629542203291969,0.9945671277629593,0.564380337023039
robot_4,outdoor,robot_anomaly_outdoor,2026-04-11 02:33:00.384000+00:00,,,,,,,,,,,,,54.8046,0.04600000000000004,0.31755270270270264,47.74265761291576,51.5011,,0.0,1.0,0.950189194218721,,,,0.9199640425092903,0.5,0.5,0.6910657530407378,0.983396398072907,0.5436155377784112
robot_3,outdoor,robot_anomaly_outdoor,2026-05-10 08:24:18.227000+00:00,,,,,,,,,,,,,19.0256,0.0695,0.2227648648648649,34.9320233150912,58.5154,,0.0,1.0,0.9358135351404999,,,,0.8889091720706123,0.5,0.5,0.7985738955183118,0.9786045117134999,0.5692946018079529
robot_5,lab,robot_anomaly_lab,2026-04-24 20:14:10.285000+00:00,,,,,,,,,,,,,36.2352,0.07950000000000002,0.3830783783783783,44.31142771759781,46.6522,,0.0,1.0,0.992478754419701,,,,0.9143624956281482,0.5,0.5,0.681530518667891,0.9974929181399004,0.5447558592019479
robot_1,lab,robot_anomaly_lab,2026-04-21 08:16:56.494000+00:00,,,,,,,,,,,,,39.3491,0.03049999999999997,0.35422027027027025,49.14167586402035,48.7877,,0.0,1.0,0.9873301904348365,,,,0.905640418345255,0.5,0.5,0.6804816450443493,0.9957767301449455,0.5440645937973237
robot_1,outdoor,robot_anomaly_outdoor,2026-04-29 18:32:42.683000+00:00,,,,,,,,,,,,,37.6786,0.0797,0.396045945945946,32.28341037492993,45.6926,,0.0,1.0,0.9967123627566528,,,,0.9680217762348182,0.5,0.5,0.7306143536238956,0.9989041209188843,0.557379618635695
robot_1,hospital,robot_anomaly_hospital,2026-04-30 08:38:22.369000+00:00,,,,,,,,,,,,,30.3296,0.0807,0.33898108108108116,39.72338368547231,49.9154,,0.0,1.0,0.9737919483902984,,,,0.924652130686775,0.5,0.5,0.7225570929398689,0.9912639827967661,0.5534552689341588
robot_1,hospital,robot_anomaly_hospital,2026-04-16 09:28:59.457000+00:00,,,,,,,,,,,,,25.6797,0.057699999999999974,0.4889986486486486,39.72338368547231,38.8141,,0.0,1.0,0.9198095651634514,,,,0.8979959729607929,0.5,0.5,0.6697810121706786,0.9732698550544838,0.5357627168062906
robot_2,lab,robot_anomaly_lab,2026-04-22 21:20:42.914000+00:00,,,,,,,,,,,,,49.8439,0.05259999999999998,0.2241783783783784,14.63679636698148,58.4108,,0.0,1.0,0.9655573475590844,,,,0.857806540220397,0.5,0.5,0.8805075298788616,0.9885191158530281,0.5922566614329725
robot_4,hospital,robot_anomaly_hospital,2026-05-09 18:42:10.828000+00:00,,,,,,,,,,,,,42.5927,0.01629999999999998,0.28014324324324325,41.58712541309663,54.2694,,1.0,0.0,0.9768934929594938,,,,0.6917621283551385,0.5,0.5,0.7463226721976662,0.32563116431983125,0.3929884591293744
robot_4,hospital,robot_anomaly_hospital,2026-04-23 10:07:08.788000+00:00,,,,,,,,,,,,,23.9,0.037699999999999956,0.4216743243243243,41.58712541309663,43.7961,,1.0,0.0,0.9757614291917375,,,,0.7025051320459041,0.5,0.5,0.6934511403381238,0.32525380973057916,0.3796762375171757
robot_1,hospital,robot_anomaly_hospital,2026-04-28 18:13:38.064000+00:00,,,,,,,,,,,,,41.4192,0.08109999999999995,0.3639743243243243,39.72338368547231,48.0659,,0.0,1.0,0.9934712486818436,,,,0.958966173267625,0.5,0.5,0.7074274002983569,0.9978237495606145,0.5513127874647428
robot_4,lab,robot_anomaly_lab,2026-05-09 23:43:45.756000+00:00,,,,,,,,,,,,,48.9854,0.04620000000000002,0.2176202702702703,53.89857422167088,58.8961,,0.0,1.0,0.9558184976118107,,,,0.8141936057655332,0.5,0.5,0.7055062801203409,0.9852728325372703,0.5476947781644028
robot_1,lab,robot_anomaly_lab,2026-04-27 06:32:22.096000+00:00,,,,,,,,,,,,,120.0,0.005700000000000038,0.9699837837837838,49.14167586402035,3.2212,,1.0,0.0,0.9824297500155077,,,,0.6324766653147007,0.5,0.5,0.4030138024311053,0.32747658333850255,0.307622596442402
robot_3,outdoor,robot_anomaly_outdoor,2026-04-18 05:42:26.041000+00:00,,,,,,,,,,,,,47.1496,0.04510000000000003,0.2978837837837838,34.9320233150912,52.9566,,0.0,1.0,0.9743192109670616,,,,0.9087896483252285,0.5,0.5,0.7611635189121423,0.9914397369890205,0.5631508139752908
robot_5,outdoor,robot_anomaly_outdoor,2026-04-19 14:43:04.846000+00:00,,,,,,,,,,,,,31.0341,0.04159999999999997,0.4207391891891892,26.119861519645806,43.8653,,0.0,1.0,0.9485608833198933,,,,0.950335519496667,0.5,0.5,0.7604033785697768,0.9828536277732978,0.5608142515857686
robot_2,warehouse,robot_anomaly_warehouse,2026-05-08 08:00:15.554000+00:00,,,,,,,,,,,,,52.4949,0.08109999999999995,0.44097972972972976,58.39748493129811,42.3675,,0.0,1.0,0.9765678307797283,,,,0.9597673937635355,0.5,0.5,0.586241673230991,0.9921892769265761,0.5196077375393917
robot_4,outdoor,robot_anomaly_outdoor,2026-04-26 00:57:59.664000+00:00,,,,,,,,,,,,,14.79,0.06140000000000001,0.22350270270270267,47.74265761291576,58.4608,,0.0,1.0,0.9990695366292414,,,,0.9352710726016898,0.5,0.5,0.7434582667809408,0.9996898455430805,0.5607870280810053
robot_2,warehouse,robot_anomaly_warehouse,2026-04-11 17:00:48.188000+00:00,,,,,,,,,,,,,37.983,0.41900000000000004,0.40229189189189185,58.39748493129811,45.2304,,1.0,0.0,0.9873767136033745,,,,0.5901342089239884,0.5,0.5,0.533152594020019,0.32912557120112484,0.340569541305286
robot_5,outdoor,robot_anomaly_outdoor,2026-04-18 21:42:03.287000+00:00,,,,,,,,,,,,,24.593,0.04910000000000003,0.5300405405405405,26.119861519645806,35.777,,0.0,1.0,0.9766453693939582,,,,0.9465213519728113,0.5,0.5,0.7179438382888994,0.9922151231313193,0.5525397403550547
robot_2,warehouse,robot_anomaly_warehouse,2026-05-01 00:05:12.696000+00:00,,,,,,,,,,,,,39.5441,0.031399999999999983,0.2183216216216216,58.39748493129811,58.8442,,0.0,1.0,0.9456454314248496,,,,0.9149819828749465,0.5,0.5,0.6922502854010097,0.9818818104749498,0.54353302396899
robot_3,lab,robot_anomaly_lab,2026-05-06 11:32:46.359000+00:00,,,,,,,,,,,,,23.4118,0.0,0.3794540540540541,25.56989703262559,46.9204,,0.0,1.0,0.990431735004032,,,,0.9221500207307709,0.5,0.5,0.7921511709573695,0.9968105783346773,0.5722404373230118
robot_1,warehouse,robot_anomaly_warehouse,2026-04-28 05:53:41.514000+00:00,,,,,,,,,,,,,26.2497,0.0635,0.2169635135135135,45.61617786488777,58.9447,,0.0,1.0,0.9678679982631351,,,,0.9734834303964351,0.5,0.5,0.7501137500307011,0.9892893327543785,0.5598507706962699
robot_5,warehouse,robot_anomaly_warehouse,2026-04-14 02:24:57.194000+00:00,,,,,,,,,,,,,29.84,0.022499999999999964,0.4833337837837838,31.857120950670687,39.2333,,0.0,1.0,0.956997084548105,,,,0.9300118221440041,0.5,0.5,0.7139362306561597,0.9856656948493683,0.549900481376382
robot_5,warehouse,robot_anomaly_warehouse,2026-05-01 21:36:59.660000+00:00,,,,,,,,,,,,,21.6686,0.05710000000000004,0.4197486486486486,31.857120950670687,43.9386,,0.0,1.0,0.9509645803610198,,,,0.9203853763180667,0.5,0.5,0.7353899542473306,0.9836548601203399,0.5547612035919176
robot_5,hospital,robot_anomaly_hospital,2026-04-13 06:34:38.594000+00:00,,,,,,,,,,,,,43.8013,0.31699999999999995,0.3276783783783783,33.69562591427044,50.7518,,1.0,0.0,0.9963556851311953,,,,0.7004685099611659,0.5,0.5,0.6959364648259218,0.33211856171039844,0.3820137566340801
robot_1,hospital,robot_anomaly_hospital,2026-04-23 04:54:47.101000+00:00,,,,,,,,,,,,,41.8225,0.06499999999999995,0.3904986486486487,39.72338368547231,46.1031,,0.0,1.0,0.9619595558588176,,,,0.9109096186854304,0.5,0.5,0.7002156136879526,0.9873198519529393,0.5468838664102229
robot_2,hospital,robot_anomaly_hospital,2026-04-24 14:55:14.331000+00:00,,,,,,,,,,,,,33.2044,0.07730000000000004,0.48801081081081077,38.92765711090124,38.8872,,0.0,1.0,0.967247689349296,,,,0.8545628542136452,0.5,0.5,0.6660308069616105,0.989082563116432,0.5387783425195106
robot_1,lab,robot_anomaly_lab,2026-04-24 00:02:54.519000+00:00,,,,,,,,,,,,,35.1986,0.04590000000000005,0.26998378378378374,49.14167586402035,55.0212,,0.0,1.0,0.9751411202778983,,,,0.9212532020847692,0.5,0.5,0.7126381895397534,0.9917137067592995,0.5510879740747632
robot_1,warehouse,robot_anomaly_warehouse,2026-05-01 08:46:26.041000+00:00,,,,,,,,,,,,,302.6434,0.06359999999999999,0.9220135135135135,45.61617786488777,6.771,,1.0,0.0,0.9932696482848459,,,,0.5693994105847732,0.5,0.5,0.3423709557480081,0.3310898827616153,0.29336520962740587
robot_5,warehouse,robot_anomaly_warehouse,2026-04-26 14:10:12.941000+00:00,,,,,,,,,,,,,51.2726,0.0,0.17342702702702695,31.857120950670687,62.1664,,0.0,1.0,0.9560976366230383,,,,0.937434642356694,0.5,0.5,0.833156648161571,0.9853658788743461,0.5796306317589792
robot_4,lab,robot_anomaly_lab,2026-05-06 00:29:21.593000+00:00,,,,,,,,,,,,,32.1729,0.0625,0.31755,53.89857422167088,51.5013,,0.0,1.0,0.9927578934309286,,,,0.9075430088959362,0.5,0.5,0.669554664124736,0.9975859644769761,0.541785157150428
robot_3,hospital,robot_anomaly_hospital,2026-05-09 05:26:57.387000+00:00,,,,,,,,,,,,,47.1437,0.0726,0.3633216216216216,37.431302275652754,48.1142,,0.0,1.0,0.9659450406302339,,,,0.9352642975073145,0.5,0.5,0.7174513540664187,0.9886483468767446,0.5515249252357908
robot_2,lab,robot_anomaly_lab,2026-04-18 13:16:16.699000+00:00,,,,,,,,,,,,,48.5525,0.3972,0.21369324324324324,14.63679636698148,59.1867,,1.0,0.0,0.9675423360833695,,,,0.617880651203496,0.5,0.5,0.8086344650011696,0.32251411202778985,0.40778714425723983
robot_4,lab,robot_anomaly_lab,2026-04-12 23:31:13.577000+00:00,,,,,,,,,,,,,37.0285,0.058499999999999996,0.4702418918918919,53.89857422167088,40.2021,,0.0,1.0,0.9311922337323988,,,,0.9502988081364757,0.5,0.5,0.607159417215781,0.9770640779107996,0.5210558737816451
robot_5,hospital,robot_anomaly_hospital,2026-05-01 12:18:57.594000+00:00,,,,,,,,,,,,,24.56,0.009099999999999997,0.5759648648648649,33.69562591427044,32.3786,,0.0,1.0,0.9938899571986849,,,,0.9601942775391631,0.5,0.5,0.6738632963309839,0.9979633190662284,0.5429566538493031
robot_4,hospital,robot_anomaly_hospital,2026-04-16 04:40:35.636000+00:00,,,,,,,,,,,,,45.9705,0.0,0.4231054054054054,41.58712541309663,43.6902,,0.0,1.0,0.9694187705477327,,,,0.9775248008224182,0.5,0.5,0.6912274723527259,0.9898062568492443,0.5452584323004925
robot_5,lab,robot_anomaly_lab,2026-05-10 03:52:43.777000+00:00,,,,,,,,,,,,,25.5193,0.03979999999999995,0.3433972972972973,44.31142771759781,49.5886,,0.0,1.0,0.9764127535512686,,,,0.8884095586403928,0.5,0.5,0.7111074675617524,0.9921375845170894,0.5508112630197104
robot_5,warehouse,robot_anomaly_warehouse,2026-04-24 22:35:21.817000+00:00,,,,,,,,,,,,,29.6285,0.029100000000000015,0.3416662162162162,31.857120950670687,49.7167,,0.0,1.0,0.9914552447118665,,,,0.9241286418477708,0.5,0.5,0.7692313105527331,0.9971517482372888,0.5665957646975055
robot_1,lab,robot_anomaly_lab,2026-05-08 14:15:13.128000+00:00,,,,,,,,,,,,,23.5732,0.026699999999999946,0.3086932432432432,49.14167586402035,52.1567,,0.0,1.0,0.9864927734011538,,,,0.9147130256201162,0.5,0.5,0.7067124362709365,0.9954975911337179,0.5505525068511636
robot_1,warehouse,robot_anomaly_warehouse,2026-05-08 01:00:40.832000+00:00,,,,,,,,,,,,,43.9971,0.08530000000000004,0.1809675675675675,45.61617786488777,61.6084,,0.0,1.0,0.9488245146082749,,,,0.9002150283578365,0.5,0.5,0.7515915293632702,0.9829415048694249,0.5586332585581737
robot_4,warehouse,robot_anomaly_warehouse,2026-04-27 05:35:51.643000+00:00,,,,,,,,,,,,,287.0329,0.050899999999999945,0.9131283783783783,44.033102772410636,7.4285,,1.0,0.0,0.9921375845170896,,,,0.5122562665705699,0.5,0.5,0.3630846729002829,0.3307125281723632,0.2984493002681615
robot_5,outdoor,robot_anomaly_outdoor,2026-04-28 06:08:37.721000+00:00,,,,,,,,,,,,,42.8773,0.0047000000000000375,0.45232972972972973,26.119861519645806,41.5276,,0.0,1.0,0.847636623038273,,,,0.8866853216939641,0.5,0.5,0.7505892248153899,0.9492122076794244,0.5499503581237036
robot_3,hospital,robot_anomaly_hospital,2026-04-12 11:42:16.847000+00:00,,,,,,,,,,,,,41.8991,0.029000000000000026,0.3146,37.431302275652754,51.7196,,0.0,1.0,0.9534768314620681,,,,0.9141826370420159,0.5,0.5,0.749023771559767,0.9844922771540228,0.5583790121784474
robot_2,outdoor,robot_anomaly_outdoor,2026-04-12 03:54:30.469000+00:00,,,,,,,,,,,,,27.3806,0.06910000000000005,0.29262162162162164,50.074809997698374,53.346,,0.0,1.0,0.9826158426896594,,,,0.8905014794843389,0.5,0.5,0.697713156922823,0.9942052808965531,0.547979609454844
robot_1,warehouse,robot_anomaly_warehouse,2026-04-14 07:00:30.030000+00:00,,,,,,,,,,,,,29.1568,0.07789999999999997,0.380568918918919,45.61617786488777,46.8379,,0.0,1.0,0.9909434898579492,,,,0.9151650143966921,0.5,0.5,0.6801462703466298,0.9969811632859832,0.5442818584081532
robot_2,hospital,robot_anomaly_hospital,2026-04-23 10:31:03.882000+00:00,,,,,,,,,,,,,38.2442,0.02080000000000004,0.13445405405405408,38.92765711090124,65.0504,,0.0,1.0,0.9301687240245642,,,,0.9046042203714937,0.5,0.5,0.8177295925663426,0.976722908008188,0.5736131251436326
robot_1,hospital,robot_anomaly_hospital,2026-05-03 18:49:01.540000+00:00,,,,,,,,,,,,,21.7244,0.0494,0.20145270270270266,39.72338368547231,60.0925,,0.0,1.0,0.9413808076422058,,,,0.9008342446015257,0.5,0.5,0.7884445044292188,0.9804602692140686,0.5672261934108218
robot_3,lab,robot_anomaly_lab,2026-04-16 11:55:37.809000+00:00,,,,,,,,,,,,,31.591,0.12180000000000002,0.35646891891891896,25.56989703262559,48.6213,,0.0,1.0,0.9308975869983251,,,,0.869212188771417,0.5,0.5,0.7705316622261174,0.9769658623327752,0.5618743811397231
robot_5,hospital,robot_anomaly_hospital,2026-05-01 08:29:30.562000+00:00,,,,,,,,,,,,,21.6453,0.07189999999999996,0.2715837837837838,33.69562591427044,54.9028,,0.0,1.0,0.9714657899634018,,,,0.9345226147999366,0.5,0.5,0.7829717743906099,0.9904885966544672,0.5683650927612693
robot_2,hospital,robot_anomaly_hospital,2026-04-22 13:39:31.451000+00:00,,,,,,,,,,,,,49.8031,0.07420000000000004,0.45999999999999996,38.92765711090124,40.96,,0.0,1.0,0.9644407915141741,,,,0.8698099843635541,0.5,0.5,0.6703758194702243,0.9881469305047247,0.5396306874937373
robot_5,warehouse,robot_anomaly_warehouse,2026-04-21 15:19:46.967000+00:00,,,,,,,,,,,,,31.0336,0.06879999999999997,0.4477189189189189,31.857120950670687,41.8688,,0.0,1.0,0.9892221326220457,,,,0.9312901967511188,0.5,0.5,0.7173401535174665,0.9964073775406819,0.5534368827645371
robot_3,warehouse,robot_anomaly_warehouse,2026-05-03 01:28:18.997000+00:00,,,,,,,,,,,,,26.9638,0.04459999999999997,0.2965094594594594,41.50002108112327,53.0583,,0.0,1.0,0.9825848272439675,,,,0.8878300320513655,0.5,0.5,0.7409869324510733,0.9941949424146559,0.5587954687164323
robot_1,lab,robot_anomaly_lab,2026-04-21 11:42:15.755000+00:00,,,,,,,,,,,,,16.9555,0.054300000000000015,0.4525594594594595,49.14167586402035,41.5106,,0.0,1.0,0.9995812914831587,,,,0.9470833800661757,0.5,0.5,0.6460361278079689,0.9998604304943862,0.5364741395755888
robot_2,hospital,robot_anomaly_hospital,2026-05-07 18:37:41.163000+00:00,,,,,,,,,,,,,26.4769,0.03849999999999998,0.1254581081081081,38.92765711090124,65.7161,,0.0,1.0,0.9724737919483903,,,,0.9756966612902026,0.5,0.5,0.8227423276747274,0.9908245973161302,0.5783917312477145
robot_1,outdoor,robot_anomaly_outdoor,2026-04-13 20:22:42.693000+00:00,,,,,,,,,,,,,166.0473,0.057599999999999985,0.9823621621621622,32.28341037492993,2.3052,,1.0,0.0,0.9386204329756218,,,,0.6101170404717036,0.5,0.5,0.4426233444687502,0.3128734776585406,0.3138742055318227
robot_3,warehouse,robot_anomaly_warehouse,2026-04-17 10:42:29.086000+00:00,,,,,,,,,,,,,36.6854,0.0826,0.4303054054054054,41.50002108112327,43.1574,,0.0,1.0,0.957694932076174,,,,0.9410163855826543,0.5,0.5,0.6745943892957562,0.985898310692058,0.5401231749969535
robot_3,warehouse,robot_anomaly_warehouse,2026-05-07 04:32:05.589000+00:00,,,,,,,,,,,,,59.9435,0.04510000000000003,0.3875175675675675,41.50002108112327,46.3237,,0.0,1.0,0.9837168910117239,,,,0.8635378715956616,0.5,0.5,0.6894736936651303,0.9945722970039079,0.5460114976672595
robot_5,warehouse,robot_anomaly_warehouse,2026-04-19 05:38:58.437000+00:00,,,,,,,,,,,,,15.9149,0.0,0.20738783783783776,31.857120950670687,59.6533,,1.0,0.0,0.939892066248992,,,,0.6042763874564946,0.5,0.5,0.8356525830118564,0.3132973554163307,0.4122374846070468
robot_3,outdoor,robot_anomaly_outdoor,2026-04-16 00:03:35.800000+00:00,,,,,,,,,,,,,41.2254,0.11529999999999996,0.22794189189189185,34.9320233150912,58.1323,,0.0,1.0,0.9769710315737237,,,,0.9264752677686612,0.5,0.5,0.7762189153753838,0.9923236771912413,0.5671356481416563
robot_4,outdoor,robot_anomaly_outdoor,2026-04-22 08:22:42.980000+00:00,,,,,,,,,,,,,61.2055,0.07140000000000002,0.2913148648648648,47.74265761291576,53.4427,,0.0,1.0,0.9336269462192172,,,,0.9192971401273715,0.5,0.5,0.6929997408548714,0.977875648739739,0.5427188473986526
robot_2,lab,robot_anomaly_lab,2026-04-25 22:41:28.658000+00:00,,,,,,,,,,,,,22.2625,0.04349999999999998,0.4051864864864865,14.63679636698148,45.0162,,0.0,1.0,0.9381086781217046,,,,0.9733448972516909,0.5,0.5,0.822672224023079,0.9793695593739016,0.5755104458492452
robot_3,warehouse,robot_anomaly_warehouse,2026-04-16 00:14:12.342000+00:00,,,,,,,,,,,,,178.9455,0.0494,0.8670243243243243,41.50002108112327,10.8402,,1.0,0.0,0.9148160784070467,,,,0.6166424224266438,0.5,0.5,0.44259379224672185,0.3049386928023489,0.3118831212622677
robot_4,hospital,robot_anomaly_hospital,2026-04-25 19:17:58.502000+00:00,,,,,,,,,,,,,51.1061,0.07030000000000003,0.3074608108108108,41.58712541309663,52.2479,,0.0,1.0,0.899634017740835,,,,0.89890724078935,0.5,0.5,0.7195118406365706,0.9665446725802783,0.5465141283042123
robot_5,outdoor,robot_anomaly_outdoor,2026-04-28 02:14:58.189000+00:00,,,,,,,,,,,,,43.0789,0.041100000000000025,0.26063108108108113,26.119861519645806,55.7133,,0.0,1.0,0.987748898951678,,,,0.9555428916072524,0.5,0.5,0.8190800131306931,0.9959162996505593,0.5787490781953131
robot_3,warehouse,robot_anomaly_warehouse,2026-05-06 18:42:37.213000+00:00,,,,,,,,,,,,,41.0875,0.07079999999999997,0.5036567567567568,41.50002108112327,37.7294,,0.0,1.0,0.978769927423857,,,,0.9012837622097655,0.5,0.5,0.6458766733820817,0.9929233091412857,0.5346999956308418
robot_3,outdoor,robot_anomaly_outdoor,2026-04-27 00:24:19.429000+00:00,,,,,,,,,,,,,28.3991,0.059599999999999986,0.33355,34.9320233150912,50.3173,,0.0,1.0,0.9609980770423671,,,,0.8664149247334703,0.5,0.5,0.7521990879489444,0.9869993590141224,0.5597996117407666
robot_1,lab,robot_anomaly_lab,2026-04-17 13:04:23.282000+00:00,,,,,,,,,,,,,34.5163,0.07030000000000003,0.36999729729729736,49.14167586402035,47.6202,,0.0,1.0,0.9424198250728864,,,,0.8740252449252477,0.5,0.5,0.6675154361437347,0.9808066083576289,0.5370805111253409
robot_1,warehouse,robot_anomaly_warehouse,2026-05-08 12:12:15.280000+00:00,,,,,,,,,,,,,44.9782,0.08830000000000005,0.2910418918918919,45.61617786488777,53.4629,,0.0,1.0,0.9735593325476087,,,,0.847749799397087,0.5,0.5,0.7064482730842571,0.9911864441825363,0.5494086793166983
robot_3,outdoor,robot_anomaly_outdoor,2026-04-11 05:20:41.016000+00:00,,,,,,,,,,,,,27.3807,0.062000000000000055,0.21588243243243244,34.9320233150912,59.0247,,0.0,1.0,0.9640686061658706,,,,0.853403786700777,0.5,0.5,0.7991954039180434,0.9880228687219569,0.5718045681600001
robot_1,lab,robot_anomaly_lab,2026-05-10 00:23:04.699000+00:00,,,,,,,,,,,,,31.3704,0.0675,0.4409324324324324,49.14167586402035,42.371,,0.0,1.0,0.9868494510266113,,,,0.9741508878192768,0.5,0.5,0.6411949448602542,0.995616483675537,0.5342028571339478
robot_1,hospital,robot_anomaly_hospital,2026-04-15 06:57:34.783000+00:00,,,,,,,,,,,,,39.9282,0.008000000000000007,0.3259081081081081,39.72338368547231,50.8828,,0.0,1.0,0.9566093914769556,,,,0.9207894907981966,0.5,0.5,0.7395926809059865,0.9855364638256519,0.5562822861829095
robot_1,hospital,robot_anomaly_hospital,2026-05-06 09:10:34.205000+00:00,,,,,,,,,,,,,20.4895,0.06520000000000004,0.3056108108108109,39.72338368547231,52.3848,,0.0,1.0,0.9437379815147944,,,,0.8751508971298773,0.5,0.5,0.7438282532029612,0.9812459938382648,0.5562685617603065
robot_4,lab,robot_anomaly_lab,2026-04-21 23:50:13.384000+00:00,,,,,,,,,,,,,31.7424,0.10870000000000002,0.2517027027027027,53.89857422167088,56.374,,1.0,0.0,0.9819335028844365,,,,0.5903597170389865,0.5,0.5,0.6858124256857268,0.3273111676281455,0.378280898328468
robot_3,hospital,robot_anomaly_hospital,2026-04-10 21:18:20.013000+00:00,,,,,,,,,,,,,37.4859,0.02529999999999999,0.2629418918918919,37.431302275652754,55.5423,,0.0,1.0,0.9496929470876496,,,,0.9450385307568305,0.5,0.5,0.7725171306601986,0.9832309823625499,0.563937028255687
robot_1,hospital,robot_anomaly_hospital,2026-04-13 22:44:19.656000+00:00,,,,,,,,,,,,,196.7014,0.08220000000000005,0.8522135135135135,39.72338368547231,11.9362,,1.0,0.0,0.9701011103529558,,,,0.6684978578098366,0.5,0.5,0.4412665476970924,0.3233670367843186,0.3161583961203528
robot_2,hospital,robot_anomaly_hospital,2026-04-23 16:27:16.615000+00:00,,,,,,,,,,,,,42.9135,0.635,0.44227837837837836,38.92765711090124,42.2714,,1.0,0.0,0.9660535946901557,,,,0.5749448526971976,0.5,0.5,0.5558508066259066,0.3220178648967186,0.34446716788065623
robot_4,lab,robot_anomaly_lab,2026-05-01 04:19:11.180000+00:00,,,,,,,,,,,,,24.6557,0.10999999999999999,0.3668554054054054,53.89857422167088,47.8527,,0.0,1.0,0.9887569009366665,,,,0.9297565430710806,0.5,0.5,0.6426851129593378,0.9962523003122222,0.5347343533178901
robot_1,outdoor,robot_anomaly_outdoor,2026-04-24 19:02:36.716000+00:00,,,,,,,,,,,,,40.9531,0.0494,0.3107135135135135,32.28341037492993,52.0072,,0.0,1.0,0.9873146827119905,,,,0.9020856367803205,0.5,0.5,0.7699981965580435,0.9957715609039969,0.5664424393655101
robot_1,outdoor,robot_anomaly_outdoor,2026-05-01 01:25:07.406000+00:00,,,,,,,,,,,,,25.7074,0.07379999999999998,0.18058108108108106,32.28341037492993,61.637,,0.0,1.0,0.9495999007505738,,,,0.9166580424494366,0.5,0.5,0.8235570817203218,0.983199966916858,0.576689262159295
robot_2,warehouse,robot_anomaly_warehouse,2026-04-22 00:21:11.037000+00:00,,,,,,,,,,,,,39.0394,0.10999999999999999,0.32380675675675674,58.39748493129811,51.0383,,0.0,1.0,0.9505303641213324,,,,0.8736361009393543,0.5,0.5,0.6328016120545829,0.9835101213737775,0.5290779333570901
robot_4,outdoor,robot_anomaly_outdoor,2026-05-09 11:41:46.348000+00:00,,,,,,,,,,,,,14.4816,0.0,0.24499324324324323,47.74265761291576,56.8705,,0.0,1.0,0.9795763290118479,,,,0.9171894877105556,0.5,0.5,0.7486604097440606,0.9931921096706159,0.5604631298536691
robot_2,warehouse,robot_anomaly_warehouse,2026-05-03 03:07:28.921000+00:00,,,,,,,,,,,,,29.4822,0.09460000000000002,0.3145851351351351,58.39748493129811,51.7207,,0.0,1.0,0.99857328949817,,,,0.9252469862956672,0.5,0.5,0.6442624088542691,0.9995244298327233,0.5359467096717481
robot_1,warehouse,robot_anomaly_warehouse,2026-05-09 05:10:27.418000+00:00,,,,,,,,,,,,,18.2796,0.02969999999999995,0.3113702702702703,45.61617786488777,51.9586,,0.0,1.0,0.9938589417529929,,,,0.8920011252729069,0.5,0.5,0.7234943832473506,0.9979529805843309,0.5553618409579204
robot_5,hospital,robot_anomaly_hospital,2026-05-03 23:54:27.046000+00:00,,,,,,,,,,,,,33.7643,0.020199999999999996,0.37738108108108115,33.69562591427044,47.0738,,0.0,1.0,0.9268655790583711,,,,0.9061799963303964,0.5,0.5,0.7466416684613242,0.9756218596861238,0.5555658820368621
robot_2,outdoor,robot_anomaly_outdoor,2026-04-10 21:17:59.951000+00:00,,,,,,,,,,,,,36.9355,0.05300000000000005,0.3532364864864864,50.074809997698374,48.8605,,0.0,1.0,0.9650300849823212,,,,0.9701560736744241,0.5,0.5,0.6727031158453445,0.9883433616607737,0.5402616193765295
robot_4,lab,robot_anomaly_lab,2026-04-15 02:08:30.973000+00:00,,,,,,,,,,,,,33.8887,0.10880000000000001,0.3914432432432432,53.89857422167088,46.0332,,0.0,1.0,0.967883505985981,,,,0.9129006060834162,0.5,0.5,0.6289178534269423,0.9892945019953271,0.5295530888555674
robot_3,outdoor,robot_anomaly_outdoor,2026-05-07 16:53:56.262000+00:00,,,,,,,,,,,,,49.8029,0.06459999999999999,0.4553256756756756,34.9320233150912,41.3059,,0.0,1.0,0.9515693815520129,,,,0.8998559933287303,0.5,0.5,0.6926424020375596,0.9838564605173375,0.5441247156387242
robot_1,warehouse,robot_anomaly_warehouse,2026-04-16 22:04:11.374000+00:00,,,,,,,,,,,,,53.3169,0.04849999999999999,0.42686621621621623,45.61617786488777,43.4119,,1.0,0.0,0.9909745053036412,,,,0.6525218928972828,0.5,0.5,0.6571795000457034,0.33032483510121374,0.3718760837867293
robot_1,warehouse,robot_anomaly_warehouse,2026-04-16 06:41:05.671000+00:00,,,,,,,,,,,,,38.1415,0.06830000000000003,0.27914324324324324,45.61617786488777,54.3434,,0.0,1.0,0.9527944916568452,,,,0.889219680629927,0.5,0.5,0.7187658752924914,0.9842648305522816,0.5507576764611932
robot_2,hospital,robot_anomaly_hospital,2026-04-19 09:29:45.144000+00:00,,,,,,,,,,,,,17.5251,0.06389999999999996,0.4011445945945946,38.92765711090124,45.3153,,0.0,1.0,0.9855312945847032,,,,0.9258173334174071,0.5,0.5,0.7108888101410915,0.9951770981949011,0.5515164770839982
robot_3,outdoor,robot_anomaly_outdoor,2026-04-23 07:18:40.924000+00:00,,,,,,,,,,,,,17.4987,0.08360000000000001,0.19255810810810803,34.9320233150912,60.7507,,0.0,1.0,0.9720860988772408,,,,0.90074350068024,0.5,0.5,0.8082145442801574,0.9906953662924135,0.5747274776431427
robot_5,warehouse,robot_anomaly_warehouse,2026-04-23 18:16:45.249000+00:00,,,,,,,,,,,,,34.2719,0.023299999999999987,0.31652837837837833,31.857120950670687,51.5769,,0.0,1.0,0.9309441101668631,,,,0.88713465214166,0.5,0.5,0.7784648619587149,0.976981370055621,0.563861558003584
robot_5,outdoor,robot_anomaly_outdoor,2026-04-26 17:59:07.864000+00:00,,,,,,,,,,,,,41.7259,0.04910000000000003,0.40488378378378376,26.119861519645806,45.0386,,0.0,1.0,0.9359686123689598,,,,0.8791855625123762,0.5,0.5,0.7602147029361666,0.9786562041229866,0.5597177267647883
robot_1,hospital,robot_anomaly_hospital,2026-05-02 04:13:09.345000+00:00,,,,,,,,,,,,,30.6396,0.09099999999999997,0.34902027027027027,39.72338368547231,49.1725,,1.0,0.0,0.41703368277402153,,,,0.5840842932703069,0.5,0.5,0.7161092529020227,0.13901122759134052,0.3387801201233408
robot_2,warehouse,robot_anomaly_warehouse,2026-04-28 14:17:04.061000+00:00,,,,,,,,,,,,,244.4126,0.07399999999999995,0.8501621621621622,58.39748493129811,12.088,,1.0,0.0,0.9960610383971218,,,,0.6096617601595314,0.5,0.5,0.3368661822654479,0.3320203461323739,0.29222163209945545
robot_2,hospital,robot_anomaly_hospital,2026-05-07 10:45:02.057000+00:00,,,,,,,,,,,,,33.2217,0.04830000000000001,0.2803635135135135,38.92765711090124,54.2531,,0.0,1.0,0.932417343837231,,,,0.9073399172780949,0.5,0.5,0.7555327533871764,0.9774724479457436,0.55825130033323
robot_4,warehouse,robot_anomaly_warehouse,2026-05-08 07:14:07.233000+00:00,,,,,,,,,,,,,30.5287,0.03359999999999996,0.49145135135135143,44.033102772410636,38.6326,,0.0,1.0,0.9637274362632591,,,,0.9247828799620811,0.5,0.5,0.6522588194905528,0.9879091454210863,0.5350419912279099
robot_1,outdoor,robot_anomaly_outdoor,2026-05-03 16:42:27.780000+00:00,,,,,,,,,,,,,35.8246,0.024800000000000044,0.40261081081081085,32.28341037492993,45.2068,,0.0,1.0,0.9775603250418708,,,,0.9350989457228825,0.5,0.5,0.7410437969211827,0.9925201083472902,0.5583909763171182
robot_1,hospital,robot_anomaly_hospital,2026-04-23 03:09:01.632000+00:00,,,,,,,,,,,,,28.4955,0.08889999999999998,0.2662783783783784,39.72338368547231,55.2954,,0.0,1.0,0.9714657899634018,,,,0.8394014257503685,0.5,0.5,0.7506482545014318,0.9904885966544672,0.5602842127889748
robot_3,outdoor,robot_anomaly_outdoor,2026-04-18 03:32:10.656000+00:00,,,,,,,,,,,,,24.4342,0.07569999999999999,0.2587567567567568,34.9320233150912,55.852,,0.0,1.0,0.9765988462254203,,,,0.8859476676802721,0.5,0.5,0.7803382152195182,0.9921996154084735,0.5681344576569979
robot_3,lab,robot_anomaly_lab,2026-04-23 19:06:20.934000+00:00,,,,,,,,,,,,,45.5793,0.4135,0.3622945945945947,25.56989703262559,48.1902,,1.0,0.0,0.9882606538055951,,,,0.6885090905562643,0.5,0.5,0.6969525710476864,0.3294202179351984,0.38159319724572116
robot_5,lab,robot_anomaly_lab,2026-04-11 06:16:11.759000+00:00,,,,,,,,,,,,,30.2464,0.0645,0.4276081081081081,44.31142771759781,43.357,,0.0,1.0,0.9716828980832455,,,,0.8765787589905105,0.5,0.5,0.6697789314089895,0.9905609660277485,0.5400849743591845
robot_5,lab,robot_anomaly_lab,2026-05-04 11:18:42.659000+00:00,,,,,,,,,,,,,43.688,0.0746,0.39128108108108106,44.31142771759781,46.0452,,0.0,1.0,0.8821102909248806,,,,0.927857958605132,0.5,0.5,0.6759499721305147,0.9607034303082935,0.5341633506097021
robot_3,outdoor,robot_anomaly_outdoor,2026-05-02 21:43:01.872000+00:00,,,,,,,,,,,,,45.523,0.06169999999999998,0.24600810810810814,34.9320233150912,56.7954,,0.0,1.0,0.9270826871782147,,,,0.9166205017975878,0.5,0.5,0.7789609659421821,0.975694229059405,0.5636637987503967
robot_3,warehouse,robot_anomaly_warehouse,2026-04-20 12:43:11.097000+00:00,,,,,,,,,,,,,18.7974,0.07469999999999999,0.44602972972972976,41.50002108112327,41.9938,,0.0,1.0,0.9377520004962472,,,,0.8790560477730882,0.5,0.5,0.6781972209408696,0.9792506668320824,0.539361971943238
robot_3,warehouse,robot_anomaly_warehouse,2026-05-09 01:47:03.723000+00:00,,,,,,,,,,,,,24.3318,0.48729999999999996,0.2793391891891892,41.50002108112327,54.3289,,1.0,0.0,0.9997208609887724,,,,0.631531040928507,0.5,0.5,0.6505757886555523,0.33324028699625746,0.37095401891295243
robot_4,hospital,robot_anomaly_hospital,2026-05-10 16:11:49.992000+00:00,,,,,,,,,,,,,27.8993,0.007900000000000018,0.2827486486486487,41.58712541309663,54.0766,,0.0,1.0,0.9533837851249922,,,,0.8446639694136977,0.5,0.5,0.7538314278628321,0.9844612617083307,0.5595731723927907
robot_3,outdoor,robot_anomaly_outdoor,2026-04-14 10:06:50.423000+00:00,,,,,,,,,,,,,31.5655,0.013000000000000012,0.31907567567567574,34.9320233150912,51.3884,,0.0,1.0,0.9394423422864586,,,,0.9270455369241306,0.5,0.5,0.7669146982975488,0.9798141140954861,0.5616822030982587
robot_2,outdoor,robot_anomaly_outdoor,2026-04-22 01:43:44.460000+00:00,,,,,,,,,,,,,43.1203,0.04949999999999999,0.2511054054054054,50.074809997698374,56.4182,,0.0,1.0,0.943970597357484,,,,0.8894502030634491,0.5,0.5,0.7115213315258814,0.9813235324524947,0.548211215994594
robot_4,hospital,robot_anomaly_hospital,2026-04-15 23:35:03.752000+00:00,,,,,,,,,,,,,30.6553,0.02429999999999999,0.275627027027027,41.58712541309663,54.6036,,0.0,1.0,0.952205198188698,,,,0.909084256180973,0.5,0.5,0.7517785881290336,0.9840683993962327,0.5589617468813166
robot_3,lab,robot_anomaly_lab,2026-04-21 04:29:09.056000+00:00,,,,,,,,,,,,,42.0605,0.0,0.30554189189189196,25.56989703262559,52.3899,,0.0,1.0,0.9876248371689101,,,,0.9351416353933051,0.5,0.5,0.8132348300517928,0.99587494572297,0.5772774439436906
robot_1,warehouse,robot_anomaly_warehouse,2026-05-09 16:38:02.099000+00:00,,,,,,,,,,,,,399.6078,0.052000000000000046,0.7989256756756757,45.61617786488777,15.8795,,1.0,0.0,0.8846535574716209,,,,0.4978003427421284,0.5,0.5,0.3500881993390571,0.294884519157207,0.286243179624066
robot_4,outdoor,robot_anomaly_outdoor,2026-04-23 22:47:41.121000+00:00,,,,,,,,,,,,,253.5662,0.048900000000000055,0.8590378378378378,47.74265761291576,11.4312,,1.0,0.0,0.9451646920166242,,,,0.6116811430564887,0.5,0.5,0.38343221044032305,0.31505489733887476,0.2996217769447994
robot_2,warehouse,robot_anomaly_warehouse,2026-04-18 11:32:10.044000+00:00,,,,,,,,,,,,,42.4789,0.04200000000000004,0.5076756756756756,58.39748493129811,37.432,,0.0,1.0,0.9821351032814342,,,,0.8677126052987768,0.5,0.5,0.5728160383628771,0.9940450344271446,0.5167152681975054
robot_4,warehouse,robot_anomaly_warehouse,2026-04-11 08:25:36.434000+00:00,,,,,,,,,,,,,32.1525,0.07240000000000002,0.4112067567567568,44.033102772410636,44.5707,,0.0,1.0,0.9794212517833881,,,,0.9612395582424977,0.5,0.5,0.6749873194294838,0.9931404172611294,0.5420319341726534
robot_3,outdoor,robot_anomaly_outdoor,2026-04-30 16:00:35.822000+00:00,,,,,,,,,,,,,42.3469,0.02629999999999999,0.37287297297297295,34.9320233150912,47.4074,,0.0,1.0,0.984290676757025,,,,0.959471752015521,0.5,0.5,0.7375340135062818,0.9947635589190084,0.5580743931063226
robot_4,warehouse,robot_anomaly_warehouse,2026-05-09 13:07:26.379000+00:00,,,,,,,,,,,,,21.2769,0.07569999999999999,0.4028324324324325,44.033102772410636,45.1904,,0.0,1.0,0.9823211959555859,,,,0.9125184399132751,0.5,0.5,0.6825490745948172,0.9941070653185285,0.5441640349783364
robot_1,warehouse,robot_anomaly_warehouse,2026-04-23 13:07:02.370000+00:00,,,,,,,,,,,,,35.5306,0.03959999999999997,0.44458648648648647,45.61617786488777,42.1006,,0.0,1.0,0.933735500279139,,,,0.8763960884548669,0.5,0.5,0.6601601460353929,0.9779118334263797,0.5345179948654432
robot_4,hospital,robot_anomaly_hospital,2026-04-17 11:42:34.582000+00:00,,,,,,,,,,,,,31.5571,0.03859999999999997,0.4178121621621622,41.58712541309663,44.0819,,1.0,0.0,0.2714471806959866,,,,0.5944699248255944,0.5,0.5,0.6913134474816289,0.09048239356532888,0.32044896026173947
robot_3,hospital,robot_anomaly_hospital,2026-04-26 03:19:20.949000+00:00,,,,,,,,,,,,,32.027,0.06240000000000001,0.44142702702702696,37.431302275652754,42.3344,,1.0,0.0,0.9770950933564916,,,,0.6352044024564674,0.5,0.5,0.6953530219104269,0.3256983644521639,0.3802628465906477
robot_5,hospital,robot_anomaly_hospital,2026-04-19 11:51:11.491000+00:00,,,,,,,,,,,,,37.1941,0.017900000000000027,0.3066648648648649,33.69562591427044,52.3068,,0.0,1.0,0.9594783202034614,,,,0.9172817125308301,0.5,0.5,0.7738799456530714,0.9864927734011538,0.5650931797635563
robot_3,lab,robot_anomaly_lab,2026-04-17 12:07:16.630000+00:00,,,,,,,,,,,,,21.971,0.03380000000000005,0.5582756756756757,25.56989703262559,33.6876,,0.0,1.0,0.9691396315365052,,,,0.9184382586490752,0.5,0.5,0.7137591511796785,0.9897132105121683,0.5508680904229617
robot_2,outdoor,robot_anomaly_outdoor,2026-04-26 07:59:36.769000+00:00,,,,,,,,,,,,,37.7716,0.08879999999999999,0.39033648648648656,50.074809997698374,46.1151,,0.0,1.0,0.9958749457229701,,,,0.9280309975401175,0.5,0.5,0.6495193484882782,0.9986249819076566,0.5370360825989837
robot_2,lab,robot_anomaly_lab,2026-05-10 14:44:21.255000+00:00,,,,,,,,,,,,,44.5134,0.012499999999999956,0.48870810810810816,14.63679636698148,38.8356,,0.0,1.0,0.9657899634017741,,,,0.8524097110501307,0.5,0.5,0.7860399167904187,0.9885966544672581,0.5686591428144192
robot_2,outdoor,robot_anomaly_outdoor,2026-05-03 18:15:12.603000+00:00,,,,,,,,,,,,,30.3497,0.03600000000000003,0.3611621621621621,50.074809997698374,48.274,,0.0,1.0,0.9764282612741145,,,,0.9297130520238817,0.5,0.5,0.6763095480032879,0.9921427537580382,0.5421130754403315
robot_5,lab,robot_anomaly_lab,2026-04-11 20:08:01.947000+00:00,,,,,,,,,,,,,39.5636,0.14429999999999998,0.2691689189189189,44.31142771759781,55.0815,,0.0,1.0,0.9916103219403263,,,,0.9452280926112107,0.5,0.5,0.711166171516198,0.9972034406467755,0.5520924030407434
robot_1,warehouse,robot_anomaly_warehouse,2026-04-22 11:08:33.128000+00:00,,,,,,,,,,,,,32.3238,0.007299999999999973,0.3109486486486486,45.61617786488777,51.9898,,0.0,1.0,0.9886948700452826,,,,0.9202697767031754,0.5,0.5,0.7222586582061259,0.9962316233484275,0.5546225703886383
