participant_id,session_id,task_id,timestamp,heart_rate,hrv,ecg_signal,gsr,eda,skin_temp,mental_demand,physical_demand,temporal_demand,effort,frustration,nasa_tlx_total,latency_ms,tracking_error,packet_loss,jitter,fps,task_completion_time,error_rate,success_rate,path_efficiency,ownership_score,agency_score,presence_score,overall_telepresence_quality,physiology_score,workload_score,system_score,performance_score,catem_score
apple_health_user,apple_health_daily,apple_health_wearable_activity,2022-12-29,84.31766666666667,55.0,,0.001713225806451613,0.001713225806451613,,,,,,,,,,,,,0.0,0.00015322580645160677,0.9998467741935484,0.9998467741935484,,,,0.8289204420549581,0.6302378347293575,0.5,0.5,0.9997701612903226,0.53250199900492
apple_health_user,apple_health_daily,apple_health_wearable_activity,2022-12-30,73.47856666666667,55.0,,0.0014447368421052632,0.0014447368421052632,,,,,,,,,,,,,0.0,0.0,1.0,1.0,,,,0.7688437914230019,0.6766653921351143,0.5,0.5,1.0,0.5441663480337786
apple_health_user,apple_health_daily,apple_health_wearable_activity,2022-12-31,99.3741,55.0,,0.0015798573059360732,0.0015798573059360732,,,,,,,,,,,,,0.0,6.458333333325683e-05,0.9999354166666667,0.9999354166666667,,,,0.9126412975646879,0.5662536356226008,0.5,0.5,0.9999031250000001,0.5165391901556502
apple_health_user,apple_health_daily,apple_health_wearable_activity,2023-01-01,81.79853333333332,55.0,,0.0016215714285714282,0.0016215714285714282,,,,,,,,,,,,,0.0,8.000000000008001e-05,0.9999199999999999,0.9999199999999999,,,,0.8149802169312169,0.6410574710388872,0.5,0.5,0.9998799999999999,0.5352343677597218
apple_health_user,apple_health_daily,apple_health_wearable_activity,2023-01-02,73.64576666666667,55.0,,0.0017680555555555555,0.0017680555555555555,,,,,,,,,,,,,0.0,0.00026250000000005436,0.9997375,0.9997375,,,,0.7695774074074073,0.6756292140722817,0.5,0.5,0.9996062499999999,0.5438088660180704
apple_health_user,apple_health_daily,apple_health_wearable_activity,2023-01-03,89.58193333333332,55.0,,0.0015542307692307691,0.0015542307692307691,,,,,,,,,,,,,0.0,2.6923076923091038e-05,0.9999730769230769,0.9999730769230769,,,,0.8582614672364671,0.6079793298171327,0.5,0.5,0.9999596153846153,0.526984736300437
apple_health_user,apple_health_daily,apple_health_wearable_activity,2023-01-04,79.28336666666667,55.0,,0.0015624285714285718,0.0015624285714285718,,,,,,,,,,,,,0.0,7.142857142850012e-05,0.9999285714285715,0.9999285714285715,,,,0.8010296402116402,0.6518276195751613,0.5,0.5,0.9998928571428572,0.5379301191795046
apple_health_user,apple_health_daily,apple_health_wearable_activity,2023-01-05,83.28323333333333,55.0,,0.00162860248447205,0.00162860248447205,,,,,,,,,,,,,0.0,0.00010217391304345735,0.9998978260869565,0.9998978260869565,,,,0.8232188152749021,0.6347278177983281,0.5,0.5,0.9998467391304349,0.5336436392321907
apple_health_user,apple_health_daily,apple_health_wearable_activity,2023-01-06,96.26713333333333,55.0,,0.0016330172413793103,0.0016330172413793103,,,,,,,,,,,,,0.0,0.00011551724137937036,0.9998844827586206,0.9998844827586206,,,,0.8953456736909322,0.5794313744927325,0.5,0.5,0.9998267241379309,0.5198145246576659
apple_health_user,apple_health_daily,apple_health_wearable_activity,2023-01-07,76.31783333333334,55.0,,0.0014958333333333332,0.0014958333333333332,,,,,,,,,,,,,0.0,1.4999999999987246e-05,0.999985,0.999985,,,,0.784595462962963,0.6645231289771218,0.5,0.5,0.9999775,0.5411251572442805
apple_health_user,apple_health_daily,apple_health_wearable_activity,2023-01-08,72.34083333333334,55.0,,0.00146125,0.00146125,,,,,,,,,,,,,0.0,0.0,1.0,1.0,,,,0.7625175462962964,0.6814938805412651,0.5,0.5,1.0,0.5453734701353163
apple_health_user,apple_health_daily,apple_health_wearable_activity,2023-01-09,91.85823333333335,55.0,,0.0015595974576271183,0.0015595974576271183,,,,,,,,,,,,,0.0,4.375000000000906e-05,0.99995625,0.99995625,,,,0.8709001804770873,0.5982803118389258,0.5,0.5,0.999934375,0.5245536717097314
apple_health_user,apple_health_daily,apple_health_wearable_activity,2023-01-10,64.69613333333334,55.0,,0.001564230769230769,0.001564230769230769,,,,,,,,,,,,,0.0,4.999999999999449e-05,0.99995,0.99995,,,,0.7199959971509973,0.7139456345806624,0.5,0.5,0.999925,0.5534676586451656
apple_health_user,apple_health_daily,apple_health_wearable_activity,2023-01-11,98.592,55.0,,0.0015989081632653062,0.0015989081632653062,,,,,,,,,,,,,0.0,0.00012040816326530646,0.9998795918367347,0.9998795918367347,,,,0.9082713390022675,0.5695651130457784,0.5,0.5,0.999819387755102,0.51734612520022
apple_health_user,apple_health_daily,apple_health_wearable_activity,2023-01-12,70.2001,55.0,,0.0014075,0.0014075,,,,,,,,,,,,,0.0,0.00012499999999993072,0.9998750000000001,0.9998750000000001,,,,0.7506008333333334,0.6906640956299802,0.5,0.5,0.9998125000000001,0.5476191489074951
apple_health_user,apple_health_daily,apple_health_wearable_activity,2023-01-13,77.66416666666666,55.0,,0.0015566666666666663,0.0015566666666666663,,,,,,,,,,,,,0.0,5.500000000002725e-05,0.999945,0.999945,,,,0.7920414814814816,0.6587287694465416,0.5,0.5,0.9999175,0.5396615673616354
apple_health_user,apple_health_daily,apple_health_wearable_activity,2023-01-14,71.4503,55.0,,0.0013563636363636365,0.0013563636363636365,,,,,,,,,,,,,0.0,0.0,1.0,1.0,,,,0.757605101010101,0.6853913800914884,0.5,0.5,1.0,0.546347845022872
apple_health_user,apple_health_daily,apple_health_wearable_activity,2023-01-15,72.5164,55.0,,0.0013950000000000002,0.0013950000000000002,,,,,,,,,,,,,0.0,0.0,1.0,1.0,,,,0.7635149999999999,0.6808126503570795,0.5,0.5,1.0,0.5452031625892699
apple_health_user,apple_health_daily,apple_health_wearable_activity,2023-01-16,80.49686666666666,55.0,,0.0016560683760683764,0.0016560683760683764,,,,,,,,,,,,,0.0,0.00030384615384615454,0.9996961538461538,0.9996961538461538,,,,0.807662621082621,0.6465660401890915,0.5,0.5,0.9995442307692308,0.5365275677395805
apple_health_user,apple_health_daily,apple_health_wearable_activity,2023-01-17,79.56246666666667,55.0,,0.0015385777777777775,0.0015385777777777775,,,,,,,,,,,,,0.0,5.277777777779047e-05,0.9999472222222222,0.9999472222222222,,,,0.8025943629629629,0.6506629830754811,0.5,0.5,0.9999208333333334,0.5376459541022036
apple_health_user,apple_health_daily,apple_health_wearable_activity,2023-01-18,91.26419999999999,55.0,,0.0018347294117647057,0.0018347294117647057,,,,,,,,,,,,,0.0,0.00034852941176466423,0.9996514705882353,0.9996514705882353,,,,0.8674066915032679,0.6005341620797362,0.5,0.5,0.999477205882353,0.5250028419905224
apple_health_user,apple_health_daily,apple_health_wearable_activity,2023-01-19,74.55813333333333,55.0,,0.0015037499999999999,0.0015037499999999999,,,,,,,,,,,,,0.0,0.0,1.0,1.0,,,,0.774821712962963,0.6720088849652207,0.5,0.5,1.0,0.5430022212413051
apple_health_user,apple_health_daily,apple_health_wearable_activity,2023-01-20,97.26663333333333,55.0,,0.0015057702182284982,0.0015057702182284982,,,,,,,,,,,,,0.0,4.024390243895226e-05,0.999959756097561,0.999959756097561,,,,0.9009659582560738,0.5753025741532101,0.5,0.5,0.9999396341463416,0.5188105520748879
apple_health_user,apple_health_daily,apple_health_wearable_activity,2023-01-21,74.82036666666667,55.0,,0.0015049999999999998,0.0015049999999999998,,,,,,,,,,,,,0.0,2.142857142861665e-05,0.9999785714285714,0.9999785714285714,,,,0.7762710052910053,0.6708909094838349,0.5,0.5,0.9999678571428571,0.542714691656673
apple_health_user,apple_health_daily,apple_health_wearable_activity,2023-01-22,73.08346666666667,55.0,,0.001472083333333333,0.001472083333333333,,,,,,,,,,,,,0.0,1.666666666666483e-05,0.9999833333333333,0.9999833333333333,,,,0.7666341203703704,0.6783205105917159,0.5,0.5,0.9999750000000001,0.544573877647929
apple_health_user,apple_health_daily,apple_health_wearable_activity,2023-01-23,96.66579999999999,55.0,,0.0017199143610013175,0.0017199143610013175,,,,,,,,,,,,,0.0,0.00018636363636370668,0.9998136363636363,0.9998136363636363,,,,0.8975079073342117,0.5776465279555651,0.5,0.5,0.9997204545454544,0.5193417456252549
apple_health_user,apple_health_daily,apple_health_wearable_activity,2023-01-24,88.8115,55.0,,0.0014475029377203294,0.0014475029377203294,,,,,,,,,,,,,0.0,1.3043478260810204e-05,0.9999869565217392,0.9999869565217392,,,,0.8540214845280062,0.6113672290226859,0.5,0.5,0.9999804347826088,0.5278369159513236
apple_health_user,apple_health_daily,apple_health_wearable_activity,2023-01-25,81.1738,55.0,,0.001481520737327189,0.001481520737327189,,,,,,,,,,,,,0.0,3.571428571436108e-05,0.9999642857142856,0.9999642857142856,,,,0.8115709216589861,0.643858315047128,0.5,0.5,0.9999464285714285,0.5359511859046391
apple_health_user,apple_health_daily,apple_health_wearable_activity,2023-01-26,73.7228,55.0,,0.0014524999999999998,0.0014524999999999998,,,,,,,,,,,,,0.0,0.0,1.0,1.0,,,,0.7701980555555555,0.6756175397415286,0.5,0.5,1.0,0.5439043849353822
apple_health_user,apple_health_daily,apple_health_wearable_activity,2023-01-27,91.49206666666666,55.0,,0.0016626266416510317,0.0016626266416510317,,,,,,,,,,,,,0.0,0.00020384615384616556,0.9997961538461538,0.9997961538461538,,,,0.8687782127718714,0.5997363388701471,0.5,0.5,0.9996942307692307,0.5248576424098444
apple_health_user,apple_health_daily,apple_health_wearable_activity,2023-01-28,88.71016666666667,55.0,,0.002017949561403509,0.002017949561403509,,,,,,,,,,,,,0.0,0.000463157894736832,0.9995368421052632,0.9995368421052632,,,,0.8531183345516569,0.6112268340225724,0.5,0.5,0.9993052631578947,0.5276330242951168
apple_health_user,apple_health_daily,apple_health_wearable_activity,2023-01-29,75.03753333333333,55.0,,0.0014620370370370373,0.0014620370370370373,,,,,,,,,,,,,0.0,6.666666666710341e-06,0.9999933333333333,0.9999933333333333,,,,0.7774967283950618,0.6700091781151174,0.5,0.5,0.9999899999999999,0.5424997945287793
apple_health_user,apple_health_daily,apple_health_wearable_activity,2023-01-30,76.96323333333333,55.0,,0.0015705278592375363,0.0015705278592375363,,,,,,,,,,,,,0.0,8.18181818181829e-05,0.9999181818181818,0.9999181818181818,,,,0.7881338476159444,0.6616998012278323,0.5,0.5,0.9998772727272727,0.5403942684887763
apple_health_user,apple_health_daily,apple_health_wearable_activity,2023-01-31,75.62376666666667,55.0,,0.0014556324110671936,0.0014556324110671936,,,,,,,,,,,,,0.0,4.545454545423766e-06,0.9999954545454546,0.9999954545454546,,,,0.7807564221929439,0.6675191211083886,0.5,0.5,0.9999931818181819,0.5418780757316426
apple_health_user,apple_health_daily,apple_health_wearable_activity,2023-02-01,76.83696666666667,55.0,,0.0014388988095238096,0.0014388988095238096,,,,,,,,,,,,,0.0,1.785714285706952e-05,0.9999821428571429,0.9999821428571429,,,,0.7874975628306878,0.662369478457668,0.5,0.5,0.9999732142857144,0.5405856731858456
apple_health_user,apple_health_daily,apple_health_wearable_activity,2023-02-02,73.50866666666667,55.0,,0.0015127380952380952,0.0015127380952380952,,,,,,,,,,,,,0.0,2.916666666674672e-05,0.9999708333333333,0.9999708333333333,,,,0.7689786243386242,0.6764690337809818,0.5,0.5,0.9999562499999999,0.5441063209452455
apple_health_user,apple_health_daily,apple_health_wearable_activity,2023-02-03,90.37816666666666,55.0,,0.0018101470588235292,0.0018101470588235292,,,,,,,,,,,,,0.0,0.0003500000000000725,0.9996499999999999,0.9996499999999999,,,,0.8624919880174291,0.604331986419829,0.5,0.5,0.9994749999999999,0.5259517466049572
apple_health_user,apple_health_daily,apple_health_wearable_activity,2023-02-04,81.21303333333333,55.0,,0.0015500247035573126,0.0015500247035573126,,,,,,,,,,,,,0.0,3.695652173907327e-05,0.9999630434782609,0.9999630434782609,,,,0.8117656358878641,0.6436225583227313,0.5,0.5,0.9999445652173914,0.5358917808850306
apple_health_user,apple_health_daily,apple_health_wearable_activity,2023-02-05,76.3063,55.0,,0.0015595614035087719,0.0015595614035087719,,,,,,,,,,,,,0.0,1.666666666666483e-05,0.9999833333333333,0.9999833333333333,,,,0.7845095906432747,0.6645083506732286,0.5,0.5,0.9999750000000001,0.5411208376683072
apple_health_user,apple_health_daily,apple_health_wearable_activity,2023-02-06,84.4861,55.0,,0.0015863846153846152,0.0015863846153846152,,,,,,,,,,,,,0.0,6.53846153846338e-05,0.9999346153846154,0.9999346153846154,,,,0.8299277435897436,0.6296477299615222,0.5,0.5,0.999901923076923,0.5323874132596114
apple_health_user,apple_health_daily,apple_health_wearable_activity,2023-02-07,76.2449,55.0,,0.001408157894736842,0.001408157894736842,,,,,,,,,,,,,0.0,0.0,1.0,1.0,,,,0.7842245029239766,0.6649216184673674,0.5,0.5,1.0,0.5412304046168419
apple_health_user,apple_health_daily,apple_health_wearable_activity,2023-02-08,87.0703,55.0,,0.0016729607843137255,0.0016729607843137255,,,,,,,,,,,,,0.0,0.00018529411764700576,0.999814705882353,0.999814705882353,,,,0.8442155816993465,0.6185560982136385,0.5,0.5,0.9997220588235295,0.529569539259292
apple_health_user,apple_health_daily,apple_health_wearable_activity,2023-02-09,76.44193333333334,55.0,,0.001485263157894737,0.001485263157894737,,,,,,,,,,,,,0.0,0.0,1.0,1.0,,,,0.7852934307992202,0.6640052459159409,0.5,0.5,1.0,0.5410013114789852
apple_health_user,apple_health_daily,apple_health_wearable_activity,2023-02-10,93.27326666666667,55.0,,0.001761921375921376,0.001761921375921376,,,,,,,,,,,,,0.0,0.00024864864864859726,0.9997513513513514,0.9997513513513514,,,,0.878625735917736,0.5920515360100282,0.5,0.5,0.9996270270270271,0.5229196407592638
apple_health_user,apple_health_daily,apple_health_wearable_activity,2023-02-11,82.01286666666667,55.0,,0.0015698863636363636,0.0015698863636363636,,,,,,,,,,,,,0.0,6.818181818180058e-05,0.9999318181818182,0.9999318181818182,,,,0.8161921254208755,0.6401965501225235,0.5,0.5,0.9998977272727273,0.5350235693488127
apple_health_user,apple_health_daily,apple_health_wearable_activity,2023-02-12,81.60916666666667,55.0,,0.0015110555555555554,0.0015110555555555554,,,,,,,,,,,,,0.0,3.055555555553369e-05,0.9999694444444445,0.9999694444444445,,,,0.8139815,0.6419746921598455,0.5,0.5,0.9999541666666667,0.535482214706628
apple_health_user,apple_health_daily,apple_health_wearable_activity,2023-02-13,95.4077,55.0,,0.001580441558441558,0.001580441558441558,,,,,,,,,,,,,0.0,0.00013571428571435007,0.9998642857142856,0.9998642857142856,,,,0.890581836940837,0.5831439883809949,0.5,0.5,0.9997964285714285,0.5207351042381059
apple_health_user,apple_health_daily,apple_health_wearable_activity,2023-02-14,72.493,55.0,,0.0014660714285714288,0.0014660714285714288,,,,,,,,,,,,,0.0,0.0,1.0,1.0,,,,0.7633613095238095,0.6808410439536383,0.5,0.5,1.0,0.5452102609884095
apple_health_user,apple_health_daily,apple_health_wearable_activity,2023-02-15,71.2557,55.0,,0.001464967320261438,0.001464967320261438,,,,,,,,,,,,,0.0,5.555555555591951e-06,0.9999944444444444,0.9999944444444444,,,,0.7564859368191721,0.6861112004959472,0.5,0.5,0.9999916666666666,0.5465257167906534
apple_health_user,apple_health_daily,apple_health_wearable_activity,2023-02-16,67.26603333333333,55.0,,0.0015119230769230772,0.0015119230769230772,,,,,,,,,,,,,0.0,0.0,1.0,1.0,,,,0.734307321937322,0.7030541429272171,0.5,0.5,1.0,0.5507635357318043
apple_health_user,apple_health_daily,apple_health_wearable_activity,2023-02-17,95.35220000000001,55.0,,0.001539515931372549,0.001539515931372549,,,,,,,,,,,,,0.0,4.8437500000053646e-05,0.9999515625,0.9999515625,,,,0.890316237745098,0.5834213670596989,0.5,0.5,0.9999273437499999,0.5208371777024248
apple_health_user,apple_health_daily,apple_health_wearable_activity,2023-02-18,75.99003333333333,55.0,,0.0015499285714285712,0.0015499285714285712,,,,,,,,,,,,,0.0,4.6428571428558385e-05,0.9999535714285714,0.9999535714285714,,,,0.782745843915344,0.6658648319700416,0.5,0.5,0.9999303571428572,0.5414487972782247
apple_health_user,apple_health_daily,apple_health_wearable_activity,2023-02-19,91.69783333333334,55.0,,0.0016272916666666664,0.0016272916666666664,,,,,,,,,,,,,0.0,0.0001183333333333314,0.9998816666666667,0.9998816666666667,,,,0.8699616435185185,0.5988955067325017,0.5,0.5,0.9998225000000001,0.5246795016831254
apple_health_user,apple_health_daily,apple_health_wearable_activity,2023-02-20,67.9927,55.0,,0.0014900000000000002,0.0014900000000000002,,,,,,,,,,,,,0.0,0.0,1.0,1.0,,,,0.7383516666666666,0.6999816083474911,0.5,0.5,1.0,0.5499954020868728
apple_health_user,apple_health_daily,apple_health_wearable_activity,2023-02-21,65.91286666666667,55.0,,0.0016064444444444446,0.0016064444444444446,,,,,,,,,,,,,0.0,0.00011111111111117289,0.9998888888888888,0.9998888888888888,,,,0.7267211851851852,0.7087218453061974,0.5,0.5,0.9998333333333332,0.5521387946598826
apple_health_user,apple_health_daily,apple_health_wearable_activity,2023-02-22,87.11500000000001,55.0,,0.0015445616883116883,0.0015445616883116883,,,,,,,,,,,,,0.0,4.285714285712228e-05,0.9999571428571429,0.9999571428571429,,,,0.8445541937229436,0.6184944745369908,0.5,0.5,0.9999357142857144,0.5296075472056763
apple_health_user,apple_health_daily,apple_health_wearable_activity,2023-02-23,72.84293333333333,55.0,,0.0015005882352941175,0.0015005882352941175,,,,,,,,,,,,,0.0,0.0,1.0,1.0,,,,0.7652938779956427,0.679316244548169,0.5,0.5,1.0,0.5448290611370422
apple_health_user,apple_health_daily,apple_health_wearable_activity,2023-02-24,81.52973333333333,55.0,,0.0015288324175824174,0.0015288324175824174,,,,,,,,,,,,,0.0,4.615384615380691e-05,0.9999538461538462,0.9999538461538462,,,,0.8135290786528286,0.6422951366033196,0.5,0.5,0.9999307692307693,0.5355564764585222
apple_health_user,apple_health_daily,apple_health_wearable_activity,2023-02-25,72.506,55.0,,0.0015828333333333332,0.0015828333333333332,,,,,,,,,,,,,0.0,0.00011249999999995985,0.9998875,0.9998875,,,,0.7633571111111112,0.6806686191514542,0.5,0.5,0.9998312500000001,0.5451249672878635
apple_health_user,apple_health_daily,apple_health_wearable_activity,2023-02-26,83.19656666666667,55.0,,0.0017827777777777777,0.0017827777777777777,,,,,,,,,,,,,0.0,0.000294444444444375,0.9997055555555556,0.9997055555555556,,,,0.8226218518518519,0.6349423138435293,0.5,0.5,0.9995583333333334,0.5336251617942156
apple_health_user,apple_health_daily,apple_health_wearable_activity,2023-02-27,64.14423333333333,55.0,,0.001804722222222222,0.001804722222222222,,,,,,,,,,,,,0.0,0.0002874999999999961,0.9997125,0.9997125,,,,0.7167705555555556,0.7160547899570845,0.5,0.5,0.99956875,0.5539058849892711
apple_health_user,apple_health_daily,apple_health_wearable_activity,2023-02-28,97.06956666666667,55.0,,0.0015190835579514822,0.0015190835579514822,,,,,,,,,,,,,0.0,8.285714285716228e-05,0.9999171428571428,0.9999171428571428,,,,0.8998525012478785,0.5761284359413257,0.5,0.5,0.9998757142857142,0.51900103755676
apple_health_user,apple_health_daily,apple_health_wearable_activity,2023-03-01,69.24323333333334,55.0,,0.0016060714285714285,0.0016060714285714285,,,,,,,,,,,,,0.0,0.00012857142857147785,0.9998714285714285,0.9998714285714285,,,,0.7452175264550265,0.6945398325825934,0.5,0.5,0.9998071428571428,0.548586743859934
apple_health_user,apple_health_daily,apple_health_wearable_activity,2023-03-02,99.33970000000001,55.0,,0.0015769924528301886,0.0015769924528301886,,,,,,,,,,,,,0.0,8.679245283016446e-05,0.9999132075471698,0.9999132075471698,,,,0.91244373836478,0.5664030005025665,0.5,0.5,0.9998698113207547,0.5165682029558303
apple_health_user,apple_health_daily,apple_health_wearable_activity,2023-03-03,99.8116,55.0,,0.0015518829923273653,0.0015518829923273653,,,,,,,,,,,,,0.0,6.195652173912602e-05,0.9999380434782609,0.9999380434782609,,,,0.9150820534953112,0.5644185859560524,0.5,0.5,0.9999070652173914,0.516081412793361
apple_health_user,apple_health_daily,apple_health_wearable_activity,2023-03-04,75.76916666666666,55.0,,0.0015208035714285716,0.0015208035714285716,,,,,,,,,,,,,0.0,5.9374999999972644e-05,0.999940625,0.999940625,,,,0.7815241997354497,0.6668345944234112,0.5,0.5,0.9999109375,0.5416863829808528
apple_health_user,apple_health_daily,apple_health_wearable_activity,2023-03-05,72.16409999999999,55.0,,0.0015733612040133781,0.0015733612040133781,,,,,,,,,,,,,0.0,6.923076923071037e-05,0.9999307692307693,0.9999307692307693,,,,0.7614752471200298,0.6821340990353194,0.5,0.5,0.9998961538461539,0.5455075632203683
apple_health_user,apple_health_daily,apple_health_wearable_activity,2023-03-06,72.95423333333333,55.0,,0.00149,0.00149,,,,,,,,,,,,,0.0,0.0,1.0,1.0,,,,0.7659157407407408,0.6788528884714533,0.5,0.5,1.0,0.5447132221178633
apple_health_user,apple_health_daily,apple_health_wearable_activity,2023-03-07,93.58093333333333,55.0,,0.0015224358974358977,0.0015224358974358977,,,,,,,,,,,,,0.0,3.461538461535518e-05,0.9999653846153846,0.9999653846153846,,,,0.8804861680911681,0.5909814411898712,0.5,0.5,0.999948076923077,0.522732379528237
apple_health_user,apple_health_daily,apple_health_wearable_activity,2023-03-08,71.35363333333333,55.0,,0.0018321428571428575,0.0018321428571428575,,,,,,,,,,,,,0.0,0.0003071428571428392,0.9996928571428572,0.9996928571428572,,,,0.75680708994709,0.6853260245774649,0.5,0.5,0.9995392857142857,0.5462163275729377
apple_health_user,apple_health_daily,apple_health_wearable_activity,2023-03-09,75.24036666666666,55.0,,0.0018089880952380953,0.0018089880952380953,,,,,,,,,,,,,0.0,0.0002687500000000398,0.99973125,0.99973125,,,,0.7784205687830688,0.6687975617522626,0.5,0.5,0.9995968749999999,0.5420986091880656
apple_health_user,apple_health_daily,apple_health_wearable_activity,2023-03-10,66.55476666666667,55.0,,0.001797179487179487,0.001797179487179487,,,,,,,,,,,,,0.0,0.00028333333333341315,0.9997166666666666,0.9997166666666666,,,,0.7301663105413105,0.7057970813608158,0.5,0.5,0.9995749999999999,0.5513430203402039
apple_health_user,apple_health_daily,apple_health_wearable_activity,2023-03-11,82.90883333333333,55.0,,0.0017688602150537633,0.0017688602150537633,,,,,,,,,,,,,0.0,0.00022419354838709715,0.9997758064516129,0.9997758064516129,,,,0.8210513894862604,0.6361815815914136,0.5,0.5,0.9996637096774194,0.5339613228172082
apple_health_user,apple_health_daily,apple_health_wearable_activity,2023-03-12,60.935500000000005,55.0,,0.001766,0.001766,,,,,,,,,,,,,0.0,0.0003500000000000725,0.9996499999999999,0.9996499999999999,,,,0.6989363333333333,0.7297580228538756,0.5,0.5,0.9994749999999999,0.5573082557134689
apple_health_user,apple_health_daily,apple_health_wearable_activity,2023-03-13,67.36853333333333,55.0,,0.0014984210526315786,0.0014984210526315786,,,,,,,,,,,,,0.0,0.0,1.0,1.0,,,,0.7348812670565302,0.7026311830373638,0.5,0.5,1.0,0.5506577957593409
apple_health_user,apple_health_daily,apple_health_wearable_activity,2023-03-14,94.87389999999999,55.0,,0.0015591108071135432,0.0015591108071135432,,,,,,,,,,,,,0.0,7.352941176463901e-05,0.9999264705882354,0.9999264705882354,,,,0.8876441199270406,0.5854385649081887,0.5,0.5,0.999889705882353,0.5213320676976354
apple_health_user,apple_health_daily,apple_health_wearable_activity,2023-03-15,59.73786666666667,55.0,,0.0015160000000000002,0.0015160000000000002,,,,,,,,,,,,,0.0,0.0,1.0,1.0,,,,0.6924828148148148,0.7351087989845232,0.5,0.5,1.0,0.5587771997461308
apple_health_user,apple_health_daily,apple_health_wearable_activity,2023-03-16,71.51453333333333,55.0,,0.0015186111111111112,0.0015186111111111112,,,,,,,,,,,,,0.0,0.0,1.0,1.0,,,,0.7579078703703703,0.6849551744870906,0.5,0.5,1.0,0.5462387936217726
apple_health_user,apple_health_daily,apple_health_wearable_activity,2023-03-17,64.57893333333334,55.0,,0.001551212121212121,0.001551212121212121,,,,,,,,,,,,,0.0,6.666666666665932e-05,0.9999333333333333,0.9999333333333333,,,,0.7193436700336701,0.7144577838491999,0.5,0.5,0.9999,0.5535894459623
apple_health_user,apple_health_daily,apple_health_wearable_activity,2023-03-18,87.89186666666666,55.0,,0.001945727513227513,0.001945727513227513,,,,,,,,,,,,,0.0,0.00039285714285708373,0.9996071428571429,0.9996071428571429,,,,0.8486197310405643,0.6147839785940052,0.5,0.5,0.9994107142857144,0.5285486732199298
apple_health_user,apple_health_daily,apple_health_wearable_activity,2023-03-19,90.85566666666666,55.0,,0.0015603545454545456,0.0015603545454545456,,,,,,,,,,,,,0.0,9.545454545456522e-05,0.9999045454545454,0.9999045454545454,,,,0.8653128784511784,0.6025489890384657,0.5,0.5,0.9998568181818182,0.5256014518050709
apple_health_user,apple_health_daily,apple_health_wearable_activity,2023-03-20,83.0646,55.0,,0.0014890138888888887,0.0014890138888888887,,,,,,,,,,,,,0.0,2.8125000000045475e-05,0.999971875,0.999971875,,,,0.8220753981481481,0.6357988191945564,0.5,0.5,0.9999578124999999,0.5339391579236391
apple_health_user,apple_health_daily,apple_health_wearable_activity,2023-03-21,75.86803333333333,55.0,,0.0014647619047619043,0.0014647619047619043,,,,,,,,,,,,,0.0,0.0,1.0,1.0,,,,0.7821119312169312,0.666469756891102,0.5,0.5,1.0,0.5416174392227755
apple_health_user,apple_health_daily,apple_health_wearable_activity,2023-03-22,58.0913,55.0,,0.003155,0.003155,,,,,,,,,,,,,0.0,0.0,1.0,1.0,,,,0.6827888888888888,0.7404774694721437,0.5,0.5,1.0,0.5601193673680359
apple_health_user,apple_health_daily,apple_health_wearable_activity,2023-03-23,72.97716666666666,55.0,,0.0014717207792207794,0.0014717207792207794,,,,,,,,,,,,,0.0,3.636363636361217e-05,0.9999636363636364,0.9999636363636364,,,,0.76603712000962,0.6787735532810651,0.5,0.5,0.9999454545454546,0.5446797519566299
apple_health_user,apple_health_daily,apple_health_wearable_activity,2023-03-24,72.25603333333333,55.0,,0.0014965,0.0014965,,,,,,,,,,,,,0.0,1.2499999999970868e-05,0.9999875,0.9999875,,,,0.7620305185185186,0.6818196605881919,0.5,0.5,0.99998125,0.545450227647048
apple_health_user,apple_health_daily,apple_health_wearable_activity,2023-03-25,70.60183333333333,55.0,,0.0015011029411764706,0.0015011029411764706,,,,,,,,,,,,,0.0,6.875000000006182e-05,0.9999312499999999,0.9999312499999999,,,,0.752820234204793,0.6888594664899838,0.5,0.5,0.9998968749999999,0.5471890853724959
apple_health_user,apple_health_daily,apple_health_wearable_activity,2023-03-26,74.61243333333334,55.0,,0.001709047619047619,0.001709047619047619,,,,,,,,,,,,,0.0,0.00014999999999998348,0.99985,0.99985,,,,0.775004947089947,0.6715718189120816,0.5,0.5,0.9997750000000001,0.5428367047280205
apple_health_user,apple_health_daily,apple_health_wearable_activity,2023-03-27,75.09956666666666,55.0,,0.0015832499999999998,0.0015832499999999998,,,,,,,,,,,,,0.0,9.999999999998899e-05,0.9999,0.9999,,,,0.7777698425925926,0.6696234819818915,0.5,0.5,0.99985,0.5423683704954728
apple_health_user,apple_health_daily,apple_health_wearable_activity,2023-03-28,70.14956666666667,55.0,,0.0015374436090225562,0.0015374436090225562,,,,,,,,,,,,,0.0,6.428571428573893e-05,0.9999357142857143,0.9999357142857143,,,,0.7502970161514898,0.6907490120800535,0.5,0.5,0.9999035714285713,0.5476631458771561
apple_health_user,apple_health_daily,apple_health_wearable_activity,2023-03-29,92.785,55.0,,0.001691270903010033,0.001691270903010033,,,,,,,,,,,,,0.0,0.00017692307692307452,0.9998230769230769,0.9998230769230769,,,,0.875960602006689,0.5942016559798327,0.5,0.5,0.9997346153846154,0.523484067841112
apple_health_user,apple_health_daily,apple_health_wearable_activity,2023-03-30,70.00596666666667,55.0,,0.001381,0.001381,,,,,,,,,,,,,0.0,0.0,1.0,1.0,,,,0.7495728148148149,0.691517382224143,0.5,0.5,1.0,0.5478793455560358
apple_health_user,apple_health_daily,apple_health_wearable_activity,2023-03-31,61.08293333333334,55.0,,0.0015035714285714286,0.0015035714285714286,,,,,,,,,,,,,0.0,0.0,1.0,1.0,,,,0.6999595502645503,0.7293932851551487,0.5,0.5,1.0,0.5573483212887872
apple_health_user,apple_health_daily,apple_health_wearable_activity,2023-04-01,85.53,55.0,,0.0014775980392156861,0.0014775980392156861,,,,,,,,,,,,,0.0,2.0833333333358794e-05,0.9999791666666666,0.9999791666666666,,,,0.8357783006535948,0.6253113437074355,0.5,0.5,0.99996875,0.5313200234268588
apple_health_user,apple_health_daily,apple_health_wearable_activity,2023-04-02,62.094966666666664,55.0,,0.002938846153846154,0.002938846153846154,,,,,,,,,,,,,0.0,0.0013499999999999623,0.99865,0.99865,,,,0.7046535327635327,0.7236445441306398,0.5,0.5,0.9979750000000001,0.5554048860326599
apple_health_user,apple_health_daily,apple_health_wearable_activity,2023-04-03,83.6469,55.0,,0.001551785714285714,0.001551785714285714,,,,,,,,,,,,,0.0,9.250000000005087e-05,0.9999075,0.9999075,,,,0.8252680158730158,0.6332561567496444,0.5,0.5,0.9998612499999999,0.533279351687411
apple_health_user,apple_health_daily,apple_health_wearable_activity,2023-04-04,73.7293,55.0,,0.001567279411764706,0.001567279411764706,,,,,,,,,,,,,0.0,4.375000000000906e-05,0.99995625,0.99995625,,,,0.7701813235294118,0.6754747828549191,0.5,0.5,0.999934375,0.5438522894637298
apple_health_user,apple_health_daily,apple_health_wearable_activity,2023-04-05,72.35810000000001,55.0,,0.001473611111111111,0.001473611111111111,,,,,,,,,,,,,0.0,0.0,1.0,1.0,,,,0.762609351851852,0.6814079572199152,0.5,0.5,1.0,0.5453519893049787
apple_health_user,apple_health_daily,apple_health_wearable_activity,2023-04-06,86.33956666666667,55.0,,0.0016108783783783786,0.0016108783783783786,,,,,,,,,,,,,0.0,0.00012250000000002537,0.9998775,0.9998775,,,,0.8401975775775776,0.6217301737068248,0.5,0.5,0.99981625,0.5303866059267062
apple_health_user,apple_health_daily,apple_health_wearable_activity,2023-04-07,115.0,55.0,,0.0014880158730158726,0.0014880158730158726,,,,,,,,,,,,,0.0,4.999999999999449e-05,0.99995,0.99995,,,,0.9994873280423281,0.49980272466342746,0.5,0.5,0.999925,0.4999319311658569
apple_health_user,apple_health_daily,apple_health_wearable_activity,2023-04-08,79.1187,55.0,,0.001713944856839873,0.001713944856839873,,,,,,,,,,,,,0.0,0.00014565217391304675,0.999854347826087,0.999854347826087,,,,0.8000395787675267,0.6523769449873205,0.5,0.5,0.9997815217391304,0.5380396166816127
apple_health_user,apple_health_daily,apple_health_wearable_activity,2023-04-09,62.78776666666667,55.0,,0.0017153333333333332,0.0017153333333333332,,,,,,,,,,,,,0.0,0.0001666666666666483,0.9998333333333334,0.9998333333333334,,,,0.7093047037037037,0.7219209318405124,0.5,0.5,0.99975,0.5554177329601282
apple_health_user,apple_health_daily,apple_health_wearable_activity,2023-04-10,62.705466666666666,55.0,,0.002129285714285714,0.002129285714285714,,,,,,,,,,,,,0.0,0.0005500000000000504,0.99945,0.99945,,,,0.7085817195767196,0.7218563827101614,0.5,0.5,0.9991749999999999,0.5552578456775403
apple_health_user,apple_health_daily,apple_health_wearable_activity,2023-04-11,72.83626666666666,55.0,,0.0014992307692307694,0.0014992307692307694,,,,,,,,,,,,,0.0,0.0,1.0,1.0,,,,0.7652572934472935,0.679345995569512,0.5,0.5,1.0,0.544836498892378
apple_health_user,apple_health_daily,apple_health_wearable_activity,2023-04-12,73.77966666666667,55.0,,0.0023689285714285713,0.0023689285714285713,,,,,,,,,,,,,0.0,0.0007708333333333872,0.9992291666666666,0.9992291666666666,,,,0.7699515608465607,0.6744565713196836,0.5,0.5,0.9988437499999999,0.5433250803299209
apple_health_user,apple_health_daily,apple_health_wearable_activity,2023-04-13,71.65243333333333,55.0,,0.002507777777777778,0.002507777777777778,,,,,,,,,,,,,0.0,0.0010000000000000009,0.999,0.999,,,,0.7580109259259259,0.6833761986946633,0.5,0.5,0.9984999999999999,0.5454690496736658
apple_health_user,apple_health_daily,apple_health_wearable_activity,2023-04-14,72.2471,55.0,,0.0014173214285714284,0.0014173214285714284,,,,,,,,,,,,,0.0,6.249999999985434e-06,0.99999375,0.99999375,,,,0.762009365079365,0.6819370868220471,0.5,0.5,0.999990625,0.5454819279555119
apple_health_user,apple_health_daily,apple_health_wearable_activity,2023-04-15,96.36850000000001,55.0,,0.0017581492666091454,0.0017581492666091454,,,,,,,,,,,,,0.0,0.0002105263157894388,0.9997894736842106,0.9997894736842106,,,,0.8958354414725339,0.5788742479108311,0.5,0.5,0.9996842105263158,0.5196396146092868
apple_health_user,apple_health_daily,apple_health_wearable_activity,2023-04-16,69.84046666666667,55.0,,0.0014299999999999998,0.0014299999999999998,,,,,,,,,,,,,0.0,0.0,1.0,1.0,,,,0.748637037037037,0.6921730381105716,0.5,0.5,1.0,0.5480432595276429
apple_health_user,apple_health_daily,apple_health_wearable_activity,2023-04-17,60.347366666666666,55.0,,0.0014364285714285716,0.0014364285714285716,,,,,,,,,,,,,0.0,0.0,1.0,1.0,,,,0.6958954497354498,0.7325930169813911,0.5,0.5,1.0,0.5581482542453478
apple_health_user,apple_health_daily,apple_health_wearable_activity,2023-04-18,86.46703333333335,55.0,,0.001396645299145299,0.001396645299145299,,,,,,,,,,,,,0.0,2.222222222214576e-05,0.9999777777777779,0.9999777777777779,,,,0.8410105626780627,0.6214021439002183,0.5,0.5,0.9999666666666668,0.5303422026417213
apple_health_user,apple_health_daily,apple_health_wearable_activity,2023-04-19,67.37603333333334,55.0,,0.001502941176470588,0.001502941176470588,,,,,,,,,,,,,0.0,0.0,1.0,1.0,,,,0.7349214270152505,0.7025947124144658,0.5,0.5,1.0,0.5506486781036164
apple_health_user,apple_health_daily,apple_health_wearable_activity,2023-04-20,69.02376666666666,55.0,,0.0016928571428571427,0.0016928571428571427,,,,,,,,,,,,,0.0,0.00010833333333337691,0.9998916666666666,0.9998916666666666,,,,0.7439760846560847,0.6953874222986974,0.5,0.5,0.9998374999999999,0.5488062305746744
apple_health_user,apple_health_daily,apple_health_wearable_activity,2023-04-21,68.55256666666666,55.0,,0.001457333333333333,0.001457333333333333,,,,,,,,,,,,,0.0,0.0,1.0,1.0,,,,0.741472925925926,0.6976301639891443,0.5,0.5,1.0,0.5494075409972861
apple_health_user,apple_health_daily,apple_health_wearable_activity,2023-04-22,74.07086666666666,55.0,,0.0020304244031830237,0.0020304244031830237,,,,,,,,,,,,,0.0,0.00048076923076922906,0.9995192307692308,0.9995192307692308,,,,0.771778861381275,0.6735558749672991,0.5,0.5,0.9992788461538462,0.5432086802802863
apple_health_user,apple_health_daily,apple_health_wearable_activity,2023-04-23,65.20066666666666,55.0,,0.0015985576923076923,0.0015985576923076923,,,,,,,,,,,,,0.0,0.00010624999999997442,0.99989375,0.99989375,,,,0.7227687678062678,0.7117626605102062,0.5,0.5,0.999840625,0.5529008213775516
apple_health_user,apple_health_daily,apple_health_wearable_activity,2023-04-24,67.93166666666667,55.0,,0.0015470000000000002,0.0015470000000000002,,,,,,,,,,,,,0.0,3.500000000000725e-05,0.999965,0.999965,,,,0.737981925925926,0.700184371585061,0.5,0.5,0.9999475,0.5500329678962652
apple_health_user,apple_health_daily,apple_health_wearable_activity,2023-04-25,59.990633333333335,55.0,,0.00342,0.00342,,,,,,,,,,,,,10.550444444444452,0.10550444444444451,0.8944955555555555,0.8944955555555555,,,,0.6580842592592592,0.7321234607859591,0.5,0.5,0.788991111111111,0.5052786429742675
apple_health_user,apple_health_daily,apple_health_wearable_activity,2023-04-26,67.11766666666666,55.0,,0.0017657142857142858,0.0017657142857142858,,,,,,,,,,,,,0.0,0.00024999999999997247,0.99975,0.99975,,,,0.7333151322751323,0.7034315149580013,0.5,0.5,0.999625,0.5507641287395003
apple_health_user,apple_health_daily,apple_health_wearable_activity,2023-04-27,73.8401,55.0,,0.0014608333333333335,0.0014608333333333335,,,,,,,,,,,,,0.0,1.666666666666483e-05,0.9999833333333333,0.9999833333333333,,,,0.7708413888888889,0.6751096620682222,0.5,0.5,0.9999750000000001,0.5437711655170556
apple_health_user,apple_health_daily,apple_health_wearable_activity,2023-04-28,65.26616666666666,55.0,,0.001632166666666667,0.001632166666666667,,,,,,,,,,,,,0.0,0.0001375000000000126,0.9998625,0.9998625,,,,0.7231110370370369,0.7114500323675712,0.5,0.5,0.99979375,0.5528109455918928
apple_health_user,apple_health_daily,apple_health_wearable_activity,2023-04-29,65.10306666666666,55.0,,0.0018508333333333332,0.0018508333333333332,,,,,,,,,,,,,0.0,0.0003750000000000142,0.999625,0.999625,,,,0.7220528703703705,0.7119253618740808,0.5,0.5,0.9994375,0.5528407154685202
apple_health_user,apple_health_daily,apple_health_wearable_activity,2023-04-30,63.366166666666665,55.0,,0.0015235714285714284,0.0015235714285714284,,,,,,,,,,,,,0.0,5.999999999994898e-05,0.99994,0.99994,,,,0.7126175132275132,0.7196500703347959,0.5,0.5,0.9999100000000001,0.554890017583699
apple_health_user,apple_health_daily,apple_health_wearable_activity,2023-05-01,64.66076666666666,55.0,,0.001526363636363636,0.001526363636363636,,,,,,,,,,,,,0.0,4.999999999999449e-05,0.99995,0.99995,,,,0.719812138047138,0.7141342089237015,0.5,0.5,0.999925,0.5535148022309253
apple_health_user,apple_health_daily,apple_health_wearable_activity,2023-05-02,74.42553333333333,55.0,,0.0015613157894736839,0.0015613157894736839,,,,,,,,,,,,,0.0,4.999999999999449e-05,0.99995,0.99995,,,,0.7740491910331384,0.6725158480336508,0.5,0.5,0.999925,0.5431102120084127
apple_health_user,apple_health_daily,apple_health_wearable_activity,2023-05-03,62.922133333333335,55.0,,0.0015784415584415585,0.0015784415584415585,,,,,,,,,,,,,0.0,8.571428571424455e-05,0.9999142857142858,0.9999142857142858,,,,0.7101237999037999,0.721485976786532,0.5,0.5,0.9998714285714286,0.5553393513394902
apple_health_user,apple_health_daily,apple_health_wearable_activity,2023-05-04,76.7046,55.0,,0.0015363815789473684,0.0015363815789473684,,,,,,,,,,,,,0.0,4.375000000000906e-05,0.99995625,0.99995625,,,,0.7867210672514621,0.6628354275422205,0.5,0.5,0.999934375,0.5406924506355552
apple_health_user,apple_health_daily,apple_health_wearable_activity,2023-05-05,63.824133333333336,55.0,,0.0015735000000000002,0.0015735000000000002,,,,,,,,,,,,,0.0,0.0,1.0,1.0,,,,0.7151651296296296,0.7176497586536279,0.5,0.5,1.0,0.5544124396634069
apple_health_user,apple_health_daily,apple_health_wearable_activity,2023-05-06,97.21950000000001,55.0,,0.001644294117647059,0.001644294117647059,,,,,,,,,,,,,0.0,0.0001352941176471223,0.9998647058823529,0.9998647058823529,,,,0.900626248366013,0.5753644091762357,0.5,0.5,0.9997970588235293,0.5187903669999412
apple_health_user,apple_health_daily,apple_health_wearable_activity,2023-05-07,85.45426666666667,55.0,,0.001591145833333333,0.001591145833333333,,,,,,,,,,,,,0.0,7.812499999992895e-05,0.9999218750000001,0.9999218750000001,,,,0.8353006134259259,0.6255200127775038,0.5,0.5,0.9998828125000001,0.531350706319376
apple_health_user,apple_health_daily,apple_health_wearable_activity,2023-05-08,68.07986666666666,55.0,,0.0015433333333333332,0.0015433333333333332,,,,,,,,,,,,,0.0,0.0,1.0,1.0,,,,0.7388181481481482,0.6995569371440596,0.5,0.5,1.0,0.5498892342860149
apple_health_user,apple_health_daily,apple_health_wearable_activity,2023-05-09,93.7019,55.0,,0.0014797540983606553,0.0014797540983606553,,,,,,,,,,,,,0.0,2.999999999997449e-05,0.99997,0.99997,,,,0.881173970856102,0.5905090962143685,0.5,0.5,0.999955,0.5226160240535921
apple_health_user,apple_health_daily,apple_health_wearable_activity,2023-05-10,69.30236666666667,55.0,,0.0015576315789473682,0.0015576315789473682,,,,,,,,,,,,,0.0,0.0,1.0,1.0,,,,0.7456050487329434,0.6943365781923769,0.5,0.5,1.0,0.5485841445480942
apple_health_user,apple_health_daily,apple_health_wearable_activity,2023-05-11,75.60066666666667,55.0,,0.0017760164835164832,0.0017760164835164832,,,,,,,,,,,,,0.0,0.0002142857142857224,0.9997857142857143,0.9997857142857143,,,,0.7804513807488808,0.6672962789922945,0.5,0.5,0.9996785714285714,0.5417437126052165
apple_health_user,apple_health_daily,apple_health_wearable_activity,2023-05-12,69.5542,55.0,,0.0016988675213675214,0.0016988675213675214,,,,,,,,,,,,,0.0,0.00019444444444438602,0.9998055555555556,0.9998055555555556,,,,0.7468922293447293,0.6931225427821011,0.5,0.5,0.9997083333333334,0.5482077190288586
apple_health_user,apple_health_daily,apple_health_wearable_activity,2023-05-13,78.1282,55.0,,0.0016623809523809525,0.0016623809523809525,,,,,,,,,,,,,0.0,0.0001607142857142918,0.9998392857142857,0.9998392857142857,,,,0.7945489682539683,0.6566466926745679,0.5,0.5,0.9997589285714286,0.5391014053114991
apple_health_user,apple_health_daily,apple_health_wearable_activity,2023-05-14,70.69613333333334,55.0,,0.001563809523809524,0.001563809523809524,,,,,,,,,,,,,0.0,4.999999999999449e-05,0.99995,0.99995,,,,0.7533294708994709,0.6883950204247763,0.5,0.5,0.999925,0.547080005106194
apple_health_user,apple_health_daily,apple_health_wearable_activity,2023-05-15,75.13656666666667,55.0,,0.0020879142857142853,0.0020879142857142853,,,,,,,,,,,,,0.0,0.000535714285714306,0.9994642857142857,0.9994642857142857,,,,0.7776619386243385,0.6689599463011501,0.5,0.5,0.9991964285714285,0.5420390937181446
apple_health_user,apple_health_daily,apple_health_wearable_activity,2023-05-16,88.40520000000001,55.0,,0.0016943718843469592,0.0016943718843469592,,,,,,,,,,,,,0.0,0.0001941176470587891,0.9998058823529412,0.9998058823529412,,,,0.8516216146006426,0.612849951907413,0.5,0.5,0.9997088235294118,0.5281396938592062
apple_health_user,apple_health_daily,apple_health_wearable_activity,2023-05-17,63.74726666666667,55.0,,0.0014893939393939395,0.0014893939393939395,,,,,,,,,,,,,0.0,4.166666666671759e-05,0.9999583333333333,0.9999583333333333,,,,0.7147522390572391,0.7180614196480197,0.5,0.5,0.9999374999999999,0.5544997299120049
apple_health_user,apple_health_daily,apple_health_wearable_activity,2023-05-18,72.1092,55.0,,0.0014706722689075628,0.0014706722689075628,,,,,,,,,,,,,0.0,7.1428571428722165e-06,0.9999928571428571,0.9999928571428571,,,,0.761225172735761,0.6824708458351391,0.5,0.5,0.9999892857142857,0.5456150328873562
apple_health_user,apple_health_daily,apple_health_wearable_activity,2023-05-19,77.7299,55.0,,0.0017728571428571429,0.0017728571428571429,,,,,,,,,,,,,0.0,0.000267857142857153,0.9997321428571428,0.9997321428571428,,,,0.7922636507936508,0.6582320934130825,0.5,0.5,0.9995982142857143,0.5394575769246992
apple_health_user,apple_health_daily,apple_health_wearable_activity,2023-05-20,99.37063333333333,55.0,,0.001704391935483871,0.001704391935483871,,,,,,,,,,,,,0.0,0.00019274193548390883,0.9998072580645161,0.9998072580645161,,,,0.9125378072281959,0.5661435413707463,0.5,0.5,0.9997108870967741,0.5164636071168801
apple_health_user,apple_health_daily,apple_health_wearable_activity,2023-05-21,74.25936666666666,55.0,,0.0015531481481481481,0.0015531481481481481,,,,,,,,,,,,,0.0,4.500000000007276e-05,0.9999549999999999,0.9999549999999999,,,,0.7731304320987654,0.673231658583149,0.5,0.5,0.9999324999999999,0.5432910396457873
apple_health_user,apple_health_daily,apple_health_wearable_activity,2023-05-22,72.90923333333333,55.0,,0.0014352380952380953,0.0014352380952380953,,,,,,,,,,,,,0.0,0.0,1.0,1.0,,,,0.7656839947089947,0.6790994249386938,0.5,0.5,1.0,0.5447748562346735
apple_health_user,apple_health_daily,apple_health_wearable_activity,2023-05-23,85.90593333333334,55.0,,0.0015646560196560196,0.0015646560196560196,,,,,,,,,,,,,0.0,5.681818181813014e-05,0.9999431818181819,0.9999431818181819,,,,0.8378258048958048,0.623623145931215,0.5,0.5,0.9999147727272728,0.5308844796646219
apple_health_user,apple_health_daily,apple_health_wearable_activity,2023-05-24,73.20216666666667,55.0,,0.0014461538461538461,0.0014461538461538461,,,,,,,,,,,,,0.0,0.0,1.0,1.0,,,,0.7673077635327635,0.6778410225432423,0.5,0.5,1.0,0.5444602556358106
apple_health_user,apple_health_daily,apple_health_wearable_activity,2023-05-25,71.70673333333333,55.0,,0.002076521739130435,0.002076521739130435,,,,,,,,,,,,,0.0,0.0005349999999999522,0.999465,0.999465,,,,0.7586113446054751,0.6835773344554034,0.5,0.5,0.9991975000000001,0.5456937086138509
apple_health_user,apple_health_daily,apple_health_wearable_activity,2023-05-26,72.48456666666667,55.0,,0.00146375,0.00146375,,,,,,,,,,,,,0.0,0.0,1.0,1.0,,,,0.7633152314814815,0.6808792847941129,0.5,0.5,1.0,0.5452198211985282
apple_health_user,apple_health_daily,apple_health_wearable_activity,2023-05-27,79.63486666666667,55.0,,0.0014916294642857142,0.0014916294642857142,,,,,,,,,,,,,0.0,1.4285714285744433e-05,0.9999857142857143,0.9999857142857143,,,,0.8030250653108465,0.6504017371065794,0.5,0.5,0.9999785714285714,0.5375950771337877
apple_health_user,apple_health_daily,apple_health_wearable_activity,2023-05-28,82.5584,55.0,,0.0015418727272727272,0.0015418727272727272,,,,,,,,,,,,,0.0,2.727272727276464e-05,0.9999727272727272,0.9999727272727272,,,,0.8192458404040405,0.6379014792734854,0.5,0.5,0.9999590909090909,0.5344651425456441
apple_health_user,apple_health_daily,apple_health_wearable_activity,2023-05-29,67.0624,55.0,,0.0014833333333333332,0.0014833333333333332,,,,,,,,,,,,,0.0,0.0,1.0,1.0,,,,0.7331855555555555,0.7039499804834848,0.5,0.5,1.0,0.5509874951208712
apple_health_user,apple_health_daily,apple_health_wearable_activity,2023-05-30,68.0979,55.0,,0.0017900000000000001,0.0017900000000000001,,,,,,,,,,,,,0.0,0.00028125000000001066,0.99971875,0.99971875,,,,0.738742361111111,0.6992328367516927,0.5,0.5,0.999578125,0.5497027404379231
apple_health_user,apple_health_daily,apple_health_wearable_activity,2023-05-31,90.14443333333332,55.0,,0.0014685875706214688,0.0014685875706214688,,,,,,,,,,,,,0.0,3.333333333332966e-05,0.9999666666666667,0.9999666666666667,,,,0.8614128782172003,0.6056697850908379,0.5,0.5,0.99995,0.5264049462727095
apple_health_user,apple_health_daily,apple_health_wearable_activity,2023-06-01,97.35480000000001,55.0,,0.00168117244330338,0.00168117244330338,,,,,,,,,,,,,0.0,0.0001579268292682956,0.9998420731707317,0.9998420731707317,,,,0.9013580780202539,0.5747512594928192,0.5,0.5,0.9997631097560975,0.5186285923122291
apple_health_user,apple_health_daily,apple_health_wearable_activity,2023-06-02,66.3517,55.0,,0.00143125,0.00143125,,,,,,,,,,,,,0.0,0.0,1.0,1.0,,,,0.7292545833333334,0.7070287189427616,0.5,0.5,1.0,0.5517571797356904
apple_health_user,apple_health_daily,apple_health_wearable_activity,2023-06-03,94.83423333333333,55.0,,0.0015307142857142856,0.0015307142857142856,,,,,,,,,,,,,0.0,8.571428571424455e-05,0.9999142857142858,0.9999142857142858,,,,0.8874291534391534,0.5856359556947325,0.5,0.5,0.9998714285714286,0.5213768460665403
apple_health_user,apple_health_daily,apple_health_wearable_activity,2023-06-04,80.41453333333334,55.0,,0.001605098522167488,0.001605098522167488,,,,,,,,,,,,,0.0,0.00014285714285722229,0.9998571428571428,0.9998571428571428,,,,0.807275866630177,0.6469677590142049,0.5,0.5,0.9997857142857142,0.5366883683249798
apple_health_user,apple_health_daily,apple_health_wearable_activity,2023-06-05,71.3737,55.0,,0.0015274999999999998,0.0015274999999999998,,,,,,,,,,,,,0.0,0.00012499999999993072,0.9998750000000001,0.9998750000000001,,,,0.7570808333333333,0.685546002189758,0.5,0.5,0.9998125000000001,0.5463396255474395
apple_health_user,apple_health_daily,apple_health_wearable_activity,2023-06-06,68.5132,55.0,,0.0014320833333333336,0.0014320833333333336,,,,,,,,,,,,,0.0,0.0,1.0,1.0,,,,0.7412626388888889,0.6978231225555334,0.5,0.5,1.0,0.5494557806388833
apple_health_user,apple_health_daily,apple_health_wearable_activity,2023-06-07,60.4586,55.0,,0.001497,0.001497,,,,,,,,,,,,,0.0,0.0,1.0,1.0,,,,0.6964932222222222,0.7320586008955692,0.5,0.5,1.0,0.5580146502238923
apple_health_user,apple_health_daily,apple_health_wearable_activity,2023-06-08,73.9517,55.0,,0.0015474789915966383,0.0015474789915966383,,,,,,,,,,,,,0.0,3.571428571436108e-05,0.9999642857142856,0.9999642857142856,,,,0.7714261577964519,0.6745475427894327,0.5,0.5,0.9999464285714285,0.5436234928402153
apple_health_user,apple_health_daily,apple_health_wearable_activity,2023-06-09,86.94713333333334,55.0,,0.0014372222222222223,0.0014372222222222223,,,,,,,,,,,,,0.0,1.0000000000065512e-05,0.9999899999999999,0.9999899999999999,,,,0.8436683333333334,0.6193169531459496,0.5,0.5,0.9999849999999999,0.5298254882864873
apple_health_user,apple_health_daily,apple_health_wearable_activity,2023-06-10,100.20903333333334,55.0,,0.0015005628109452736,0.0015005628109452736,,,,,,,,,,,,,0.0,6.145833333337514e-05,0.9999385416666666,0.9999385416666666,,,,0.9173072892482034,0.5627775667477701,0.5,0.5,0.9999078124999999,0.5156713448119425
apple_health_user,apple_health_daily,apple_health_wearable_activity,2023-06-11,87.31290000000001,55.0,,0.0018692138009049773,0.0018692138009049773,,,,,,,,,,,,,0.0,0.0003441176470588836,0.9996558823529411,0.9996558823529411,,,,0.8454450006284565,0.6173262234858787,0.5,0.5,0.9994838235294117,0.5292025117538226
apple_health_user,apple_health_daily,apple_health_wearable_activity,2023-06-12,71.11203333333333,55.0,,0.0015041666666666662,0.0015041666666666662,,,,,,,,,,,,,0.0,1.2499999999970868e-05,0.9999875,0.9999875,,,,0.7556724074074074,0.686683705028901,0.5,0.5,0.99998125,0.5466662387572252
apple_health_user,apple_health_daily,apple_health_wearable_activity,2023-06-13,92.67653333333334,55.0,,0.0015371428571428571,0.0015371428571428571,,,,,,,,,,,,,0.0,5.714285714286671e-05,0.9999428571428571,0.9999428571428571,,,,0.8754493121693122,0.594818089051661,0.5,0.5,0.9999142857142858,0.5236830936914867
apple_health_user,apple_health_daily,apple_health_wearable_activity,2023-06-14,69.75203333333333,55.0,,0.0015193236714975847,0.0015193236714975847,,,,,,,,,,,,,0.0,3.888888888892161e-05,0.9999611111111111,0.9999611111111111,,,,0.7481030032206119,0.6924600770512745,0.5,0.5,0.9999416666666666,0.5481004359294852
apple_health_user,apple_health_daily,apple_health_wearable_activity,2023-06-15,79.0428,55.0,,0.0015269318181818181,0.0015269318181818181,,,,,,,,,,,,,0.0,4.7499999999978115e-05,0.9999525,0.9999525,,,,0.799712967171717,0.652887662849251,0.5,0.5,0.99992875,0.5382041032123128
apple_health_user,apple_health_daily,apple_health_wearable_activity,2023-06-16,72.66426666666666,55.0,,0.001526983805668016,0.001526983805668016,,,,,,,,,,,,,0.0,8.46153846154607e-05,0.9999153846153845,0.9999153846153845,,,,0.7642642817513869,0.6800506337213891,0.5,0.5,0.9998730769230768,0.5449809276611165
apple_health_user,apple_health_daily,apple_health_wearable_activity,2023-06-17,72.09826666666666,55.0,,0.0014976666666666667,0.0014976666666666667,,,,,,,,,,,,,0.0,0.0,1.0,1.0,,,,0.7611578148148149,0.6824903412103441,0.5,0.5,1.0,0.545622585302586
apple_health_user,apple_health_daily,apple_health_wearable_activity,2023-06-18,75.862,55.0,,0.0014575000000000002,0.0014575000000000002,,,,,,,,,,,,,0.0,0.0,1.0,1.0,,,,0.7820808333333334,0.6665027305849849,0.5,0.5,1.0,0.5416256826462462
apple_health_user,apple_health_daily,apple_health_wearable_activity,2023-06-19,72.89916666666667,55.0,,0.0014466,0.0014466,,,,,,,,,,,,,0.0,0.0,1.0,1.0,,,,0.7656242814814815,0.6791309025770661,0.5,0.5,1.0,0.5447827256442666
apple_health_user,apple_health_daily,apple_health_wearable_activity,2023-06-20,81.5585,55.0,,0.001624333333333333,0.001624333333333333,,,,,,,,,,,,,0.0,8.333333333332416e-05,0.9999166666666667,0.9999166666666667,,,,0.8136446666666667,0.642076885392921,0.5,0.5,0.9998750000000001,0.5354879713482302
apple_health_user,apple_health_daily,apple_health_wearable_activity,2023-06-21,75.83833333333334,55.0,,0.0018047368421052633,0.0018047368421052633,,,,,,,,,,,,,0.0,0.00029473684210523654,0.9997052631578948,0.9997052631578948,,,,0.7817353606237818,0.6662553793258504,0.5,0.5,0.9995578947368422,0.5414533185156731
apple_health_user,apple_health_daily,apple_health_wearable_activity,2023-06-22,80.78613333333334,55.0,,0.0016481481481481482,0.0016481481481481482,,,,,,,,,,,,,0.0,0.00013333333333331865,0.9998666666666667,0.9998666666666667,,,,0.8093291358024691,0.6453421370646402,0.5,0.5,0.9998,0.5362855342661601
apple_health_user,apple_health_daily,apple_health_wearable_activity,2023-06-23,98.79186666666666,55.0,,0.0015475198728139908,0.0015475198728139908,,,,,,,,,,,,,0.0,0.00010810810810812921,0.9998918918918919,0.9998918918918919,,,,0.9094029388211741,0.5687655009745127,0.5,0.5,0.9998378378378379,0.5171508347030876
apple_health_user,apple_health_daily,apple_health_wearable_activity,2023-06-24,83.5221,55.0,,0.0017469047619047616,0.0017469047619047616,,,,,,,,,,,,,0.0,0.0002458333333332785,0.9997541666666667,0.9997541666666667,,,,0.8244585317460317,0.6335919940614402,0.5,0.5,0.9996312500000001,0.5333058110153601
apple_health_user,apple_health_daily,apple_health_wearable_activity,2023-06-25,78.39506666666666,55.0,,0.0015978896103896105,0.0015978896103896105,,,,,,,,,,,,,0.0,0.0001035714285714251,0.9998964285714286,0.9998964285714286,,,,0.7960721055796056,0.6555748976735936,0.5,0.5,0.9998446428571428,0.5388548851326841
apple_health_user,apple_health_daily,apple_health_wearable_activity,2023-06-26,74.12676666666667,55.0,,0.0014792753623188407,0.0014792753623188407,,,,,,,,,,,,,0.0,4.666666666663932e-05,0.9999533333333334,0.9999533333333334,,,,0.7724178341384863,0.6738704005458765,0.5,0.5,0.99993,0.5434501001364691
apple_health_user,apple_health_daily,apple_health_wearable_activity,2023-06-27,73.2904,55.0,,0.0014767647058823526,0.0014767647058823526,,,,,,,,,,,,,0.0,2.0000000000020002e-05,0.99998,0.99998,,,,0.7677810784313724,0.6774345902396517,0.5,0.5,0.99997,0.544351147559913
apple_health_user,apple_health_daily,apple_health_wearable_activity,2023-06-28,69.7221,55.0,,0.0015738636363636365,0.0015738636363636365,,,,,,,,,,,,,0.0,6.250000000007638e-05,0.9999374999999999,0.9999374999999999,,,,0.7479106565656566,0.6925328671543182,0.5,0.5,0.9999062499999999,0.5481097792885795
apple_health_user,apple_health_daily,apple_health_wearable_activity,2023-06-29,70.32456666666667,55.0,,0.0015183333333333333,0.0015183333333333333,,,,,,,,,,,,,0.0,4.999999999999449e-05,0.99995,0.99995,,,,0.7512803703703703,0.6900229332714621,0.5,0.5,0.999925,0.5474869833178655
apple_health_user,apple_health_daily,apple_health_wearable_activity,2023-06-30,70.49116666666667,55.0,,0.0014691666666666668,0.0014691666666666668,,,,,,,,,,,,,0.0,2.4999999999941735e-05,0.9999750000000001,0.9999750000000001,,,,0.7522306481481481,0.6893627601265411,0.5,0.5,0.9999625000000001,0.5473313150316352
apple_health_user,apple_health_daily,apple_health_wearable_activity,2023-07-01,77.5848,55.0,,0.0015037310606060607,0.0015037310606060607,,,,,,,,,,,,,0.0,2.727272727276464e-05,0.9999727272727272,0.9999727272727272,,,,0.7916274431818181,0.6591198255454706,0.5,0.5,0.9999590909090909,0.5397697291136404
apple_health_user,apple_health_daily,apple_health_wearable_activity,2023-07-02,77.67026666666666,55.0,,0.0015409166666666666,0.0015409166666666666,,,,,,,,,,,,,0.0,1.666666666666483e-05,0.9999833333333333,0.9999833333333333,,,,0.792093398148148,0.6587185833391299,0.5,0.5,0.9999750000000001,0.5396733958347825
apple_health_user,apple_health_daily,apple_health_wearable_activity,2023-07-03,64.16926666666667,55.0,,0.0020155555555555556,0.0020155555555555556,,,,,,,,,,,,,0.0,0.00048000000000003595,0.99952,0.99952,,,,0.7167751851851851,0.7157368061346624,0.5,0.5,0.99928,0.5537542015336656
apple_health_user,apple_health_daily,apple_health_wearable_activity,2023-07-04,76.42263333333334,55.0,,0.0015147402597402596,0.0015147402597402596,,,,,,,,,,,,,0.0,1.4285714285744433e-05,0.9999857142857143,0.9999857142857143,,,,0.785171620971621,0.6640578816597615,0.5,0.5,0.9999785714285714,0.5410091132720832
apple_health_user,apple_health_daily,apple_health_wearable_activity,2023-07-05,68.8017,55.0,,0.0014175833333333332,0.0014175833333333332,,,,,,,,,,,,,0.0,6.249999999985434e-06,0.99999375,0.99999375,,,,0.7428681666666667,0.6966090810940821,0.5,0.5,0.999990625,0.5491499265235206
apple_health_user,apple_health_daily,apple_health_wearable_activity,2023-07-06,102.55326666666666,55.0,,0.0013486951410658305,0.0013486951410658305,,,,,,,,,,,,,0.0,5.17241379305311e-06,0.999994827586207,0.999994827586207,,,,0.9304001922965285,0.5529468957237582,0.5,0.5,0.9999922413793104,0.5132347842757672
apple_health_user,apple_health_daily,apple_health_wearable_activity,2023-07-07,75.49943333333334,55.0,,0.0016266666666666665,0.0016266666666666665,,,,,,,,,,,,,0.0,0.00011249999999995985,0.9998875,0.9998875,,,,0.7799726851851853,0.6678771182693859,0.5,0.5,0.9998312500000001,0.5419270920673465
apple_health_user,apple_health_daily,apple_health_wearable_activity,2023-07-08,70.32023333333333,55.0,,0.0015446153846153845,0.0015446153846153845,,,,,,,,,,,,,0.0,1.0000000000065512e-05,0.9999899999999999,0.9999899999999999,,,,0.751260868945869,0.6900150366974012,0.5,0.5,0.9999849999999999,0.5475000091743503
apple_health_user,apple_health_daily,apple_health_wearable_activity,2023-07-09,73.91653333333333,55.0,,0.0015539880952380953,0.0015539880952380953,,,,,,,,,,,,,0.0,1.87499999999563e-05,0.99998125,0.99998125,,,,0.7712342724867725,0.6746907742963911,0.5,0.5,0.9999718750000001,0.5436656623240977
apple_health_user,apple_health_daily,apple_health_wearable_activity,2023-07-10,76.4837,55.0,,0.0015115624999999999,0.0015115624999999999,,,,,,,,,,,,,0.0,4.500000000007276e-05,0.9999549999999999,0.9999549999999999,,,,0.7855017013888889,0.6638010148759074,0.5,0.5,0.9999324999999999,0.5409333787189768
apple_health_user,apple_health_daily,apple_health_wearable_activity,2023-07-11,73.5107,55.0,,0.0014750000000000002,0.0014750000000000002,,,,,,,,,,,,,0.0,0.0,1.0,1.0,,,,0.7690122222222221,0.6764982106248227,0.5,0.5,1.0,0.5441245526562057
apple_health_user,apple_health_daily,apple_health_wearable_activity,2023-07-12,96.9605,55.0,,0.0016096428571428572,0.0016096428571428572,,,,,,,,,,,,,0.0,0.00012750000000005812,0.9998724999999999,0.9998724999999999,,,,0.899201507936508,0.576502103230556,0.5,0.5,0.9998087499999999,0.519077713307639
apple_health_user,apple_health_daily,apple_health_wearable_activity,2023-07-13,79.23803333333333,55.0,,0.0015891494435612084,0.0015891494435612084,,,,,,,,,,,,,0.0,9.117647058820566e-05,0.9999088235294118,0.9999088235294118,,,,0.8007622987693576,0.6519938817934225,0.5,0.5,0.9998632352941177,0.5379642792718851
apple_health_user,apple_health_daily,apple_health_wearable_activity,2023-07-14,73.24036666666667,55.0,,0.0016916379310344825,0.0016916379310344825,,,,,,,,,,,,,0.0,0.0001875000000000071,0.9998125,0.9998125,,,,0.7673756577266923,0.6774322279219325,0.5,0.5,0.99971875,0.5442877444804831
apple_health_user,apple_health_daily,apple_health_wearable_activity,2023-07-15,80.9185,55.0,,0.0018440000000000002,0.0018440000000000002,,,,,,,,,,,,,0.0,0.0003500000000000725,0.9996499999999999,0.9996499999999999,,,,0.8099270000000001,0.644582093860749,0.5,0.5,0.9994749999999999,0.5360142734651873
apple_health_user,apple_health_daily,apple_health_wearable_activity,2023-07-16,78.07173333333333,55.0,,0.001535,0.001535,,,,,,,,,,,,,0.0,4.999999999999449e-05,0.99995,0.99995,,,,0.7943146296296296,0.6570148670834308,0.5,0.5,0.999925,0.5392349667708577
apple_health_user,apple_health_daily,apple_health_wearable_activity,2023-07-17,79.63316666666667,55.0,,0.0015747727272727274,0.0015747727272727274,,,,,,,,,,,,,0.0,8.636363636371769e-05,0.9999136363636363,0.9999136363636363,,,,0.8029638804713805,0.6503256180305116,0.5,0.5,0.9998704545454544,0.5375490181439915
apple_health_user,apple_health_daily,apple_health_wearable_activity,2023-07-18,78.8606,55.0,,0.0014506060606060607,0.0014506060606060607,,,,,,,,,,,,,0.0,1.0000000000065512e-05,0.9999899999999999,0.9999899999999999,,,,0.7987386868686869,0.6537400860365937,0.5,0.5,0.9999849999999999,0.5384312715091484
apple_health_user,apple_health_daily,apple_health_wearable_activity,2023-07-19,88.73833333333333,55.0,,0.0015579632867132867,0.0015579632867132867,,,,,,,,,,,,,0.0,0.00011363636363637131,0.9998863636363636,0.9998863636363636,,,,0.8535446519684019,0.6115680633662399,0.5,0.5,0.9998295454545454,0.5278494022051963
apple_health_user,apple_health_daily,apple_health_wearable_activity,2023-07-20,77.00373333333333,55.0,,0.0015298076923076923,0.0015298076923076923,,,,,,,,,,,,,0.0,2.4999999999941735e-05,0.9999750000000001,0.9999750000000001,,,,0.7883913603988604,0.6615681573305507,0.5,0.5,0.9999625000000001,0.5403826643326377
apple_health_user,apple_health_daily,apple_health_wearable_activity,2023-07-21,74.4378,55.0,,0.0015537499999999996,0.0015537499999999996,,,,,,,,,,,,,0.0,6.875000000006182e-05,0.9999312499999999,0.9999312499999999,,,,0.7741136111111112,0.6724711957377592,0.5,0.5,0.9998968749999999,0.5430920176844398
apple_health_user,apple_health_daily,apple_health_wearable_activity,2023-07-22,71.2385,55.0,,0.001428333333333333,0.001428333333333333,,,,,,,,,,,,,0.0,0.0,1.0,1.0,,,,0.7564044444444443,0.6862211756397129,0.5,0.5,1.0,0.5465552939099282
apple_health_user,apple_health_daily,apple_health_wearable_activity,2023-07-23,88.16716666666667,55.0,,0.00150890873015873,0.00150890873015873,,,,,,,,,,,,,0.0,1.9444444444460807e-05,0.9999805555555555,0.9999805555555555,,,,0.8504192526455027,0.6140495616580284,0.5,0.5,0.9999708333333333,0.5285050987478404
apple_health_user,apple_health_daily,apple_health_wearable_activity,2023-07-24,84.74176666666666,55.0,,0.0015427484472049684,0.0015427484472049684,,,,,,,,,,,,,0.0,6.739130434785245e-05,0.9999326086956521,0.9999326086956521,,,,0.831361990453186,0.6286027210569184,0.5,0.5,0.9998989130434782,0.5321254085250992
apple_health_user,apple_health_daily,apple_health_wearable_activity,2023-07-25,73.95186666666666,55.0,,0.0014403333333333332,0.0014403333333333332,,,,,,,,,,,,,0.0,0.0,1.0,1.0,,,,0.7714747037037037,0.6746542561167823,0.5,0.5,1.0,0.5436635640291956
apple_health_user,apple_health_daily,apple_health_wearable_activity,2023-07-26,81.75083333333333,55.0,,0.0016506666666666668,0.0016506666666666668,,,,,,,,,,,,,0.0,0.00014166666666670658,0.9998583333333333,0.9998583333333333,,,,0.814684962962963,0.6412314312079034,0.5,0.5,0.9997874999999999,0.5352547328019759
apple_health_user,apple_health_daily,apple_health_wearable_activity,2023-07-27,84.22616666666667,55.0,,0.0016941491841491844,0.0016941491841491844,,,,,,,,,,,,,0.0,0.00018030303030303063,0.999819696969697,0.999819696969697,,,,0.8284094418544418,0.6306466140510971,0.5,0.5,0.9997295454545454,0.5325940398764106
apple_health_user,apple_health_daily,apple_health_wearable_activity,2023-07-28,79.90466666666667,55.0,,0.002128714285714286,0.002128714285714286,,,,,,,,,,,,,0.0,0.0005859999999999754,0.999414,0.999414,,,,0.8041210211640211,0.6486140578127614,0.5,0.5,0.999121,0.5369337644531904
apple_health_user,apple_health_daily,apple_health_wearable_activity,2023-07-29,72.00863333333334,55.0,,0.0015156249999999998,0.0015156249999999998,,,,,,,,,,,,,0.0,0.0,1.0,1.0,,,,0.7606538657407408,0.682854040474685,0.5,0.5,1.0,0.5457135101186712
apple_health_user,apple_health_daily,apple_health_wearable_activity,2023-07-30,73.06803333333333,55.0,,0.0016471031746031744,0.0016471031746031744,,,,,,,,,,,,,0.0,0.00013571428571435007,0.9998642857142856,0.9998642857142856,,,,0.766450357142857,0.6782107605352883,0.5,0.5,0.9997964285714285,0.5445017972766792
apple_health_user,apple_health_daily,apple_health_wearable_activity,2023-07-31,97.51320000000001,55.0,,0.0018962702366127023,0.0018962702366127023,,,,,,,,,,,,,0.0,0.00039181818181810435,0.9996081818181819,0.9996081818181819,,,,0.9020884149716343,0.5738610574078028,0.5,0.5,0.9994122727272728,0.5183183325337689
apple_health_user,apple_health_daily,apple_health_wearable_activity,2023-08-01,92.63513333333333,55.0,,0.001545285714285714,0.001545285714285714,,,,,,,,,,,,,0.0,4.999999999999449e-05,0.99995,0.99995,,,,0.8752189788359788,0.5949862272629364,0.5,0.5,0.999925,0.523727806815734
apple_health_user,apple_health_daily,apple_health_wearable_activity,2023-08-02,89.42150000000001,55.0,,0.0015772595281306715,0.0015772595281306715,,,,,,,,,,,,,0.0,8.620689655169933e-05,0.9999137931034483,0.9999137931034483,,,,0.8573427334139948,0.6086394477582346,0.5,0.5,0.9998706896551725,0.5271275343533518
apple_health_user,apple_health_daily,apple_health_wearable_activity,2023-08-03,76.25013333333334,55.0,,0.0015483482142857141,0.0015483482142857141,,,,,,,,,,,,,0.0,1.4285714285744433e-05,0.9999857142857143,0.9999857142857143,,,,0.7842020849867725,0.6647587789870961,0.5,0.5,0.9999785714285714,0.5411843376039169
apple_health_user,apple_health_daily,apple_health_wearable_activity,2023-08-04,72.03206666666667,55.0,,0.0015092857142857139,0.0015092857142857139,,,,,,,,,,,,,0.0,1.4285714285744433e-05,0.9999857142857143,0.9999857142857143,,,,0.7607814021164021,0.6827606051814714,0.5,0.5,0.9999785714285714,0.5456847941525107
apple_health_user,apple_health_daily,apple_health_wearable_activity,2023-08-05,73.69183333333334,55.0,,0.0014821428571428568,0.0014821428571428568,,,,,,,,,,,,,0.0,0.0,1.0,1.0,,,,0.7700161375661376,0.6757196918718373,0.5,0.5,1.0,0.5439299229679593
apple_health_user,apple_health_daily,apple_health_wearable_activity,2023-08-06,78.80053333333333,55.0,,0.0014903772378516626,0.0014903772378516626,,,,,,,,,,,,,0.0,4.347826086936735e-06,0.9999956521739131,0.9999956521739131,,,,0.7983936101638723,0.6539560061496754,0.5,0.5,0.9999934782608696,0.5384873711026362
apple_health_user,apple_health_daily,apple_health_wearable_activity,2023-08-07,78.76943333333332,55.0,,0.0015479106858054222,0.0015479106858054222,,,,,,,,,,,,,0.0,6.578947368418575e-05,0.9999342105263158,0.9999342105263158,,,,0.7981811740209109,0.6540307632760408,0.5,0.5,0.9999013157894737,0.5384830197663786
apple_health_user,apple_health_daily,apple_health_wearable_activity,2023-08-08,80.12043333333334,55.0,,0.001591822222222222,0.001591822222222222,,,,,,,,,,,,,0.0,7.222222222225128e-05,0.9999277777777777,0.9999277777777777,,,,0.8056699481481481,0.6482334963276836,0.5,0.5,0.9998916666666666,0.5370312907485876
apple_health_user,apple_health_daily,apple_health_wearable_activity,2023-08-09,80.77753333333334,55.0,,0.0020638157894736844,0.0020638157894736844,,,,,,,,,,,,,0.0,0.0005174999999999486,0.9994825,0.9994825,,,,0.809014746588694,0.6449620163345435,0.5,0.5,0.9992237500000001,0.5360464415836359
apple_health_user,apple_health_daily,apple_health_wearable_activity,2023-08-10,79.44313333333334,55.0,,0.0015330357142857142,0.0015330357142857142,,,,,,,,,,,,,0.0,4.999999999999449e-05,0.99995,0.99995,,,,0.8019341732804234,0.6511767212141947,0.5,0.5,0.999925,0.5377754303035487
apple_health_user,apple_health_daily,apple_health_wearable_activity,2023-08-11,79.33463333333333,55.0,,0.0019182666666666664,0.0019182666666666664,,,,,,,,,,,,,0.0,0.0004466666666667063,0.9995533333333333,0.9995533333333333,,,,0.8010707629629629,0.6512525407369006,0.5,0.5,0.9993299999999999,0.5376456351842251
apple_health_user,apple_health_daily,apple_health_wearable_activity,2023-08-12,83.48473333333334,55.0,,0.0015379999999999999,0.0015379999999999999,,,,,,,,,,,,,0.0,4.999999999999449e-05,0.99995,0.99995,,,,0.8243858518518518,0.6339605658940137,0.5,0.5,0.999925,0.5334713914735034
apple_health_user,apple_health_daily,apple_health_wearable_activity,2023-08-13,99.32086666666666,55.0,,0.0017691577879249108,0.0017691577879249108,,,,,,,,,,,,,0.0,0.00023518518518517162,0.9997648148148148,0.9997648148148148,,,,0.9122255893793337,0.5662905394801104,0.5,0.5,0.9996472222222222,0.5164844404255832
apple_health_user,apple_health_daily,apple_health_wearable_activity,2023-08-14,97.8108,55.0,,0.0016354243827160495,0.0016354243827160495,,,,,,,,,,,,,0.0,0.00010104166666669023,0.9998989583333333,0.9998989583333333,,,,0.9039256224279836,0.5728552472302797,0.5,0.5,0.9998484375,0.5181759211825698
apple_health_user,apple_health_daily,apple_health_wearable_activity,2023-08-15,72.3047,55.0,,0.0015222222222222223,0.0015222222222222223,,,,,,,,,,,,,0.0,8.333333333387927e-06,0.9999916666666666,0.9999916666666666,,,,0.7622937037037038,0.6815866244703467,0.5,0.5,0.9999874999999999,0.5453935311175867
apple_health_user,apple_health_daily,apple_health_wearable_activity,2023-08-16,90.18026666666667,55.0,,0.001618137254901961,0.001618137254901961,,,,,,,,,,,,,0.0,0.00014558823529409182,0.9998544117647059,0.9998544117647059,,,,0.8615246840958606,0.6053672517265845,0.5,0.5,0.9997816176470589,0.5262872173434108
apple_health_user,apple_health_daily,apple_health_wearable_activity,2023-08-17,84.28909999999999,55.0,,0.001639020979020979,0.001639020979020979,,,,,,,,,,,,,0.0,0.00011363636363637131,0.9998863636363636,0.9998863636363636,,,,0.8287996697746697,0.6304338830106735,0.5,0.5,0.9998295454545454,0.5325658571163048
apple_health_user,apple_health_daily,apple_health_wearable_activity,2023-08-18,94.21066666666667,55.0,,0.0016168750000000003,0.0016168750000000003,,,,,,,,,,,,,0.0,0.00014062500000000533,0.999859375,0.999859375,,,,0.8839178703703704,0.5882050343368135,0.5,0.5,0.9997890625,0.5219985242092033
apple_health_user,apple_health_daily,apple_health_wearable_activity,2023-08-19,77.4554,55.0,,0.001477142857142857,0.001477142857142857,,,,,,,,,,,,,0.0,7.1428571428722165e-06,0.9999928571428571,0.9999928571428571,,,,0.7909241269841271,0.6596975332777638,0.5,0.5,0.9999892857142857,0.5399217047480124
apple_health_user,apple_health_daily,apple_health_wearable_activity,2023-08-20,100.03516666666667,55.0,,0.0015379356060606058,0.0015379356060606058,,,,,,,,,,,,,0.0,3.9393939393894684e-05,0.9999606060606061,0.9999606060606061,,,,0.9163362605218855,0.5634805094449723,0.5,0.5,0.9999409090909092,0.5158553546339704
apple_health_user,apple_health_daily,apple_health_wearable_activity,2023-08-21,96.43063333333333,55.0,,0.0015706884057971014,0.0015706884057971014,,,,,,,,,,,,,0.0,6.666666666665932e-05,0.9999333333333333,0.9999333333333333,,,,0.8962910668276972,0.5787975989648924,0.5,0.5,0.9999,0.5196743997412231
apple_health_user,apple_health_daily,apple_health_wearable_activity,2023-08-22,71.95773333333334,55.0,,0.0015646753246753243,0.0015646753246753243,,,,,,,,,,,,,0.0,3.181818181818841e-05,0.9999681818181818,0.9999681818181818,,,,0.7603441317941319,0.6830216211091413,0.5,0.5,0.9999522727272727,0.5457434734591036
apple_health_user,apple_health_daily,apple_health_wearable_activity,2023-08-23,96.74646666666666,55.0,,0.002174667535853977,0.002174667535853977,,,,,,,,,,,,,0.0,0.0006057692307692708,0.9993942307692307,0.9993942307692307,,,,0.8976646692259403,0.5768470778492829,0.5,0.5,0.9990913461538461,0.5189846060007822
apple_health_user,apple_health_daily,apple_health_wearable_activity,2023-08-24,89.27956666666667,55.0,,0.001613178368121442,0.001613178368121442,,,,,,,,,,,,,0.0,5.882352941177782e-05,0.9999411764705882,0.9999411764705882,,,,0.8565513697378592,0.609207859880904,0.5,0.5,0.9999117647058824,0.5272799061466966
apple_health_user,apple_health_daily,apple_health_wearable_activity,2023-08-25,90.25586666666666,55.0,,0.0016610038314176243,0.0016610038314176243,,,,,,,,,,,,,0.0,0.0001534482758620559,0.9998465517241379,0.9998465517241379,,,,0.8619277752234993,0.6050023311007053,0.5,0.5,0.9997698275862069,0.526193039671728
apple_health_user,apple_health_daily,apple_health_wearable_activity,2023-08-26,88.0557,55.0,,0.0016967806041335454,0.0016967806041335454,,,,,,,,,,,,,0.0,0.00018529411764700576,0.999814705882353,0.999814705882353,,,,0.8496820862038509,0.6143358848266598,0.5,0.5,0.9997220588235295,0.5285144859125472
apple_health_user,apple_health_daily,apple_health_wearable_activity,2023-08-27,88.05930000000001,55.0,,0.0017920967741935484,0.0017920967741935484,,,,,,,,,,,,,0.0,0.000280000000000058,0.9997199999999999,0.9997199999999999,,,,0.8496387455197132,0.6142249912433568,0.5,0.5,0.9995799999999999,0.5284512478108392
apple_health_user,apple_health_daily,apple_health_wearable_activity,2023-08-28,79.19276666666667,55.0,,0.0015527777777777777,0.0015527777777777777,,,,,,,,,,,,,0.0,3.888888888892161e-05,0.9999611111111111,0.9999611111111111,,,,0.8005403703703703,0.6522231160075465,0.5,0.5,0.9999416666666666,0.5380411956685532
apple_health_user,apple_health_daily,apple_health_wearable_activity,2023-08-29,79.35893333333334,55.0,,0.0015763675213675212,0.0015763675213675212,,,,,,,,,,,,,0.0,4.4444444444513564e-05,0.9999555555555555,0.9999555555555555,,,,0.8014538034188035,0.651491843425084,0.5,0.5,0.9999333333333332,0.5378562941896043
apple_health_user,apple_health_daily,apple_health_wearable_activity,2023-08-30,73.8336,55.0,,0.0014969565217391304,0.0014969565217391304,,,,,,,,,,,,,0.0,0.0,1.0,1.0,,,,0.7707987922705314,0.675101125639675,0.5,0.5,1.0,0.5437752814099187
apple_health_user,apple_health_daily,apple_health_wearable_activity,2023-08-31,74.1482,55.0,,0.0014802631578947367,0.0014802631578947367,,,,,,,,,,,,,0.0,0.0,1.0,1.0,,,,0.7725521345029239,0.6737781362123562,0.5,0.5,1.0,0.543444534053089
apple_health_user,apple_health_daily,apple_health_wearable_activity,2023-09-01,83.99380000000001,55.0,,0.001671862348178138,0.001671862348178138,,,,,,,,,,,,,0.0,0.00015263157894729318,0.9998473684210527,0.9998473684210527,,,,0.8271351686909583,0.6316584934550983,0.5,0.5,0.9997710526315791,0.5328573865216694
apple_health_user,apple_health_daily,apple_health_wearable_activity,2023-09-02,75.61883333333333,55.0,,0.0014433333333333331,0.0014433333333333331,,,,,,,,,,,,,0.0,8.333333333387927e-06,0.9999916666666666,0.9999916666666666,,,,0.7807318518518519,0.6675524606607339,0.5,0.5,0.9999874999999999,0.5418849901651834
apple_health_user,apple_health_daily,apple_health_wearable_activity,2023-09-03,80.21976666666666,55.0,,0.001548841642228739,0.001548841642228739,,,,,,,,,,,,,0.0,4.545454545457073e-05,0.9999545454545454,0.9999545454545454,,,,0.8062450494189203,0.6478535765882726,0.5,0.5,0.9999318181818182,0.5369463486925227
apple_health_user,apple_health_daily,apple_health_wearable_activity,2023-09-04,77.04943333333333,55.0,,0.0015023684210526316,0.0015023684210526316,,,,,,,,,,,,,0.0,0.0,1.0,1.0,,,,0.7886627290448343,0.6614010539192513,0.5,0.5,1.0,0.5403502634798129
apple_health_user,apple_health_daily,apple_health_wearable_activity,2023-09-05,68.02033333333333,55.0,,0.0016296874999999998,0.0016296874999999998,,,,,,,,,,,,,0.0,0.00014999999999998348,0.99985,0.99985,,,,0.7384086226851853,0.6997238824524257,0.5,0.5,0.9997750000000001,0.5498747206131065
apple_health_user,apple_health_daily,apple_health_wearable_activity,2023-09-06,78.70656666666667,55.0,,0.0014921804511278198,0.0014921804511278198,,,,,,,,,,,,,0.0,1.4285714285744433e-05,0.9999857142857143,0.9999857142857143,,,,0.7978676594263435,0.6543543558890487,0.5,0.5,0.9999785714285714,0.538583231829405
apple_health_user,apple_health_daily,apple_health_wearable_activity,2023-09-07,100.00983333333333,55.0,,0.001749421052631579,0.001749421052631579,,,,,,,,,,,,,0.0,0.0001934210526315372,0.9998065789473685,0.9998065789473685,,,,0.9160736822612087,0.5633763585771997,0.5,0.5,0.9997098684210527,0.5157715567495631
apple_health_user,apple_health_daily,apple_health_wearable_activity,2023-09-08,94.34093333333334,55.0,,0.0017883290707587382,0.0017883290707587382,,,,,,,,,,,,,0.0,0.00023970588235289192,0.9997602941176471,0.9997602941176471,,,,0.8845513957563703,0.5874783949471949,0.5,0.5,0.9996404411764707,0.5217797090309164
apple_health_user,apple_health_daily,apple_health_wearable_activity,2023-09-09,79.78816666666667,55.0,,0.001836351766513057,0.001836351766513057,,,,,,,,,,,,,0.0,0.0003261904761904244,0.9996738095238096,0.9996738095238096,,,,0.8036578562894693,0.6494032932716249,0.5,0.5,0.9995107142857144,0.5372285018893348
apple_health_user,apple_health_daily,apple_health_wearable_activity,2023-09-10,105.66159999999999,55.0,,0.0016144352428393528,0.0016144352428393528,,,,,,,,,,,,,0.0,0.00011575342465752758,0.9998842465753425,0.9998842465753425,,,,0.9475432704441676,0.5394436111664026,0.5,0.5,0.9998263698630137,0.5098174952573541
apple_health_user,apple_health_daily,apple_health_wearable_activity,2023-09-11,77.51303333333334,55.0,,0.0014882467532467529,0.0014882467532467529,,,,,,,,,,,,,0.0,2.142857142861665e-05,0.9999785714285714,0.9999785714285714,,,,0.791235848965849,0.6594409687310753,0.5,0.5,0.9999678571428571,0.5398522064684831
apple_health_user,apple_health_daily,apple_health_wearable_activity,2023-09-12,84.52083333333333,55.0,,0.0015525490196078432,0.0015525490196078432,,,,,,,,,,,,,0.0,6.666666666665932e-05,0.9999333333333333,0.9999333333333333,,,,0.8301315577342048,0.6295337410527212,0.5,0.5,0.9999,0.5323584352631803
apple_health_user,apple_health_daily,apple_health_wearable_activity,2023-09-13,93.3432,55.0,,0.002035493468795355,0.002035493468795355,,,,,,,,,,,,,0.0,0.0005461538461538629,0.9994538461538461,0.9994538461538461,,,,0.8788238953394614,0.5914794440626299,0.5,0.5,0.9991807692307693,0.5226650533233498
apple_health_user,apple_health_daily,apple_health_wearable_activity,2023-09-14,93.99376666666666,55.0,,0.001624735023041475,0.001624735023041475,,,,,,,,,,,,,0.0,0.00012580645161297532,0.999874193548387,0.999874193548387,,,,0.8827151898788189,0.5891208239318915,0.5,0.5,0.9998112903225805,0.522233028563618
apple_health_user,apple_health_daily,apple_health_wearable_activity,2023-09-15,94.48433333333332,55.0,,0.0015316968599033817,0.0015316968599033817,,,,,,,,,,,,,0.0,6.739130434785245e-05,0.9999326086956521,0.9999326086956521,,,,0.8854910446859904,0.5871250218545667,0.5,0.5,0.9998989130434782,0.5217559837245112
apple_health_user,apple_health_daily,apple_health_wearable_activity,2023-09-16,69.9549,55.0,,0.0014971874999999998,0.0014971874999999998,,,,,,,,,,,,,0.0,0.0,1.0,1.0,,,,0.7492503819444444,0.6916183616036153,0.5,0.5,1.0,0.5479045904009039
apple_health_user,apple_health_daily,apple_health_wearable_activity,2023-09-17,72.7847,55.0,,0.0014913888888888887,0.0014913888888888887,,,,,,,,,,,,,0.0,1.2499999999970868e-05,0.9999875,0.9999875,,,,0.7649692592592593,0.6795734547175735,0.5,0.5,0.99998125,0.5448886761793934
apple_health_user,apple_health_daily,apple_health_wearable_activity,2023-09-18,84.9144,55.0,,0.0015242068965517243,0.0015242068965517243,,,,,,,,,,,,,0.0,3.620689655170484e-05,0.9999637931034483,0.9999637931034483,,,,0.8323376398467434,0.62788615051515,0.5,0.5,0.9999456896551724,0.5319579600425806
apple_health_user,apple_health_daily,apple_health_wearable_activity,2023-09-19,84.18039999999999,55.0,,0.0015262215909090909,0.0015262215909090909,,,,,,,,,,,,,0.0,6.59090909090887e-05,0.9999340909090909,0.9999340909090909,,,,0.8282492897727272,0.6310098740685599,0.5,0.5,0.9999011363636363,0.532727752608049
apple_health_user,apple_health_daily,apple_health_wearable_activity,2023-09-20,74.27593333333334,55.0,,0.0015752371541501978,0.0015752371541501978,,,,,,,,,,,,,0.0,4.545454545457073e-05,0.9999545454545454,0.9999545454545454,,,,0.7732149546186502,0.6731389631338307,0.5,0.5,0.9999318181818182,0.5432676953289122
apple_health_user,apple_health_daily,apple_health_wearable_activity,2023-09-21,93.4366,55.0,,0.0015196511627906973,0.0015196511627906973,,,,,,,,,,,,,0.0,4.999999999999449e-05,0.99995,0.99995,,,,0.8796801162790696,0.5915988775125491,0.5,0.5,0.999925,0.5228809693781373
apple_health_user,apple_health_daily,apple_health_wearable_activity,2023-09-22,89.55013333333333,55.0,,0.0015642424242424244,0.0015642424242424244,,,,,,,,,,,,,0.0,2.2727272727340875e-05,0.9999772727272727,0.9999772727272727,,,,0.8580828619528619,0.6081047127334858,0.5,0.5,0.999965909090909,0.5270176554560987
apple_health_user,apple_health_daily,apple_health_wearable_activity,2023-09-23,80.65226666666666,55.0,,0.0015758749999999996,0.0015758749999999996,,,,,,,,,,,,,0.0,7.187499999994351e-05,0.9999281250000001,0.9999281250000001,,,,0.8086300092592592,0.64598466935563,0.5,0.5,0.9998921875000001,0.5364692142139075
apple_health_user,apple_health_daily,apple_health_wearable_activity,2023-09-24,76.31443333333334,55.0,,0.0014830208333333334,0.0014830208333333334,,,,,,,,,,,,,0.0,3.333333333332966e-05,0.9999666666666667,0.9999666666666667,,,,0.7845747337962963,0.6645504535717537,0.5,0.5,0.99995,0.5411251133929385
apple_health_user,apple_health_daily,apple_health_wearable_activity,2023-09-25,85.81956666666667,55.0,,0.0017554273504273505,0.0017554273504273505,,,,,,,,,,,,,0.0,0.00021388888888895785,0.999786111111111,0.999786111111111,,,,0.8372300427350426,0.6237996736331572,0.5,0.5,0.9996791666666666,0.530869710074956
apple_health_user,apple_health_daily,apple_health_wearable_activity,2023-09-26,85.4517,55.0,,0.001562797619047619,0.001562797619047619,,,,,,,,,,,,,0.0,5.3333333333349664e-05,0.9999466666666667,0.9999466666666667,,,,0.8353040674603175,0.6255593645562157,0.5,0.5,0.9999199999999999,0.5313698411390539
apple_health_user,apple_health_daily,apple_health_wearable_activity,2023-09-27,64.69796666666667,55.0,,0.003210769230769231,0.003210769230769231,,,,,,,,,,,,,0.0,0.0,1.0,1.0,,,,0.7194740028490028,0.7122870256626949,0.5,0.5,1.0,0.5530717564156737
apple_health_user,apple_health_daily,apple_health_wearable_activity,2023-09-28,80.55696666666667,55.0,,0.0014772222222222222,0.0014772222222222222,,,,,,,,,,,,,0.0,2.777777777773771e-05,0.9999722222222223,0.9999722222222223,,,,0.8081481481481482,0.6464894131934699,0.5,0.5,0.9999583333333334,0.5366119366317008
apple_health_user,apple_health_daily,apple_health_wearable_activity,2023-09-29,84.81396666666666,55.0,,0.0015682954545454546,0.0015682954545454546,,,,,,,,,,,,,0.0,3.7500000000023626e-05,0.9999625,0.9999625,,,,0.8317645496632996,0.6282696437644892,0.5,0.5,0.9999437499999999,0.5320533484411223
apple_health_user,apple_health_daily,apple_health_wearable_activity,2023-09-30,68.82339999999999,55.0,,0.001657857142857143,0.001657857142857143,,,,,,,,,,,,,0.0,0.0001642857142857279,0.9998357142857143,0.9998357142857143,,,,0.7428559523809524,0.6962757755888572,0.5,0.5,0.9997535714285715,0.5490073367543572
apple_health_user,apple_health_daily,apple_health_wearable_activity,2023-10-01,67.6463,55.0,,0.0015330769230769232,0.0015330769230769232,,,,,,,,,,,,,0.0,4.0000000000040004e-05,0.99996,0.99996,,,,0.73639952991453,0.7014135663970276,0.5,0.5,0.9999399999999999,0.5503383915992569
apple_health_user,apple_health_daily,apple_health_wearable_activity,2023-10-02,64.70026666666666,55.0,,0.0015345833333333333,0.0015345833333333333,,,,,,,,,,,,,0.0,0.0,1.0,1.0,,,,0.7200455092592591,0.7139577569541639,0.5,0.5,1.0,0.553489439238541
apple_health_user,apple_health_daily,apple_health_wearable_activity,2023-10-03,84.98766666666667,55.0,,0.0015242272727272728,0.0015242272727272728,,,,,,,,,,,,,0.0,2.2727272727340875e-05,0.9999772727272727,0.9999772727272727,,,,0.8327491632996633,0.6275741235406089,0.5,0.5,0.999965909090909,0.5318850081578794
apple_health_user,apple_health_daily,apple_health_wearable_activity,2023-10-04,78.46023333333333,55.0,,0.0015724025974025973,0.0015724025974025973,,,,,,,,,,,,,0.0,5.454545454552928e-05,0.9999454545454545,0.9999454545454545,,,,0.7964589802789802,0.6553229380308688,0.5,0.5,0.9999181818181817,0.5388102799622626
apple_health_user,apple_health_daily,apple_health_wearable_activity,2023-10-05,87.9836,55.0,,0.0015879591836734693,0.0015879591836734693,,,,,,,,,,,,,0.0,9.999999999998899e-05,0.9999,0.9999,,,,0.8493462358276643,0.6147520262945929,0.5,0.5,0.99985,0.5286505065736482
apple_health_user,apple_health_daily,apple_health_wearable_activity,2023-10-06,85.36683333333333,55.0,,0.001608840909090909,0.001608840909090909,,,,,,,,,,,,,0.0,0.00010599999999993948,0.9998940000000001,0.9998940000000001,,,,0.8347996826599328,0.6258746072676631,0.5,0.5,0.9998410000000001,0.5314289018169158
apple_health_user,apple_health_daily,apple_health_wearable_activity,2023-10-07,71.61619999999999,55.0,,0.0015440522875816995,0.0015440522875816995,,,,,,,,,,,,,0.0,6.111111111106737e-05,0.9999388888888889,0.9999388888888889,,,,0.758443834422658,0.684496719320331,0.5,0.5,0.9999083333333334,0.5461012631634161
apple_health_user,apple_health_daily,apple_health_wearable_activity,2023-10-08,68.1808,55.0,,0.0014411538461538461,0.0014411538461538461,,,,,,,,,,,,,0.0,0.0,1.0,1.0,,,,0.7394129487179487,0.6992295559791191,0.5,0.5,1.0,0.5498073889947798
apple_health_user,apple_health_daily,apple_health_wearable_activity,2023-10-09,95.9127,55.0,,0.0014842101042502004,0.0014842101042502004,,,,,,,,,,,,,0.0,3.793103448268553e-05,0.9999620689655173,0.9999620689655173,,,,0.8934520640648668,0.5810899234249663,0.5,0.5,0.999943103448276,0.5202582567183106
apple_health_user,apple_health_daily,apple_health_wearable_activity,2023-10-10,73.76466666666667,55.0,,0.0015636974789915966,0.0015636974789915966,,,,,,,,,,,,,0.0,6.428571428573893e-05,0.9999357142857143,0.9999357142857143,,,,0.770372153750389,0.6753277648968844,0.5,0.5,0.9999035714285713,0.5438078340813639
apple_health_user,apple_health_daily,apple_health_wearable_activity,2023-10-11,74.12673333333333,55.0,,0.0015653125,0.0015653125,,,,,,,,,,,,,0.0,0.0,1.0,1.0,,,,0.7724045254629629,0.6737842825921964,0.5,0.5,1.0,0.5434460706480491
apple_health_user,apple_health_daily,apple_health_wearable_activity,2023-10-12,85.27336666666667,55.0,,0.001500292397660819,0.001500292397660819,,,,,,,,,,,,,0.0,5.555555555547542e-05,0.9999444444444445,0.9999444444444445,,,,0.8343334210526315,0.6263814651999057,0.5,0.5,0.9999166666666668,0.5315745329666431
apple_health_user,apple_health_daily,apple_health_wearable_activity,2023-10-13,67.86543333333333,55.0,,0.0014996153846153842,0.0014996153846153842,,,,,,,,,,,,,0.0,4.999999999999449e-05,0.99995,0.99995,,,,0.7376247578347579,0.7005139339408867,0.5,0.5,0.999925,0.5501097334852216
apple_health_user,apple_health_daily,apple_health_wearable_activity,2023-10-14,73.49753333333334,55.0,,0.001499945652173913,0.001499945652173913,,,,,,,,,,,,,0.0,6.249999999985434e-06,0.99999375,0.99999375,,,,0.7689286755233494,0.6765292707137807,0.5,0.5,0.999990625,0.5441299739284452
apple_health_user,apple_health_daily,apple_health_wearable_activity,2023-10-15,85.80243333333334,55.0,,0.001828100358422939,0.001828100358422939,,,,,,,,,,,,,0.0,0.0002777777777778212,0.9997222222222222,0.9997222222222222,,,,0.8370893369175626,0.62379977486539,0.5,0.5,0.9995833333333333,0.5308457770496808
apple_health_user,apple_health_daily,apple_health_wearable_activity,2023-10-16,97.24709999999999,55.0,,0.001465526515151515,0.001465526515151515,,,,,,,,,,,,,0.0,1.5151515151523576e-05,0.9999848484848485,0.9999848484848485,,,,0.9008792184343434,0.5754261048735444,0.5,0.5,0.9999772727272727,0.5188508444002042
apple_health_user,apple_health_daily,apple_health_wearable_activity,2023-10-17,72.9398,55.0,,0.0016329166666666664,0.0016329166666666664,,,,,,,,,,,,,0.0,7.083333333335329e-05,0.9999291666666666,0.9999291666666666,,,,0.7657643055555555,0.6787710662046557,0.5,0.5,0.99989375,0.544666204051164
apple_health_user,apple_health_daily,apple_health_wearable_activity,2023-10-18,99.1344,55.0,,0.001641345720720721,0.001641345720720721,,,,,,,,,,,,,0.0,0.00014479166666658827,0.9998552083333334,0.9998552083333334,,,,0.9112623986486487,0.5672127519106931,0.5,0.5,0.9997828125000001,0.5167488911026733
apple_health_user,apple_health_daily,apple_health_wearable_activity,2023-10-19,93.7929,55.0,,0.0018863400686237137,0.0018863400686237137,,,,,,,,,,,,,0.0,0.000320930232558192,0.9996790697674418,0.9996790697674418,,,,0.8814470210107171,0.589713933463708,0.5,0.5,0.9995186046511627,0.5223081345287177
apple_health_user,apple_health_daily,apple_health_wearable_activity,2023-10-20,73.10606666666666,55.0,,0.0016464114832535886,0.0016464114832535886,,,,,,,,,,,,,0.0,0.00012272727272732986,0.9998772727272727,0.9998772727272727,,,,0.7666662130072656,0.6780494888362372,0.5,0.5,0.999815909090909,0.5444663494817865
apple_health_user,apple_health_daily,apple_health_wearable_activity,2023-10-21,77.39033333333333,55.0,,0.0016077954545454544,0.0016077954545454544,,,,,,,,,,,,,0.0,0.00010454545454541275,0.9998954545454546,0.9998954545454546,,,,0.7904866271043772,0.6598436291921455,0.5,0.5,0.9998431818181819,0.5399217027525818
apple_health_user,apple_health_daily,apple_health_wearable_activity,2023-10-22,73.98496666666666,55.0,,0.0017092156862745097,0.0017092156862745097,,,,,,,,,,,,,0.0,0.00018333333333331314,0.9998166666666667,0.9998166666666667,,,,0.7715078540305012,0.6742437210259487,0.5,0.5,0.999725,0.5434921802564872
apple_health_user,apple_health_daily,apple_health_wearable_activity,2023-10-23,82.70983333333334,55.0,,0.0018365260545905701,0.0018365260545905701,,,,,,,,,,,,,0.0,0.0002634615384615735,0.9997365384615384,0.9997365384615384,,,,0.8199101893208344,0.6369611832627111,0.5,0.5,0.9996048076923076,0.5341414977387546
apple_health_user,apple_health_daily,apple_health_wearable_activity,2023-10-24,88.79616666666666,55.0,,0.0018844648829431437,0.0018844648829431437,,,,,,,,,,,,,0.0,0.00035869565217394594,0.999641304347826,0.999641304347826,,,,0.8536754279697757,0.6109944327947183,0.5,0.5,0.9994619565217391,0.5276140973291144
apple_health_user,apple_health_daily,apple_health_wearable_activity,2023-10-25,68.3386,55.0,,0.001512142857142857,0.001512142857142857,,,,,,,,,,,,,0.0,0.0,1.0,1.0,,,,0.7402659523809524,0.6984863909045965,0.5,0.5,1.0,0.5496215977261492
apple_health_user,apple_health_daily,apple_health_wearable_activity,2023-10-26,84.15016666666666,55.0,,0.0020547522522522525,0.0020547522522522525,,,,,,,,,,,,,0.0,0.0005208333333333037,0.9994791666666667,0.9994791666666667,,,,0.8277535085085086,0.6306087237766034,0.5,0.5,0.99921875,0.5324568684441509
apple_health_user,apple_health_daily,apple_health_wearable_activity,2023-10-27,74.89756666666666,55.0,,0.0016761648745519707,0.0016761648745519707,,,,,,,,,,,,,0.0,0.0001777777777778322,0.9998222222222222,0.9998222222222222,,,,0.7765907228195937,0.6703905447619574,0.5,0.5,0.9997333333333333,0.5425309695238227
apple_health_user,apple_health_daily,apple_health_wearable_activity,2023-10-28,73.21836666666667,55.0,,0.0015948809523809522,0.0015948809523809522,,,,,,,,,,,,,0.0,9.166666666660106e-05,0.9999083333333334,0.9999083333333334,,,,0.7673176322751324,0.6776229225562601,0.5,0.5,0.9998625000000001,0.544371355639065
apple_health_user,apple_health_daily,apple_health_wearable_activity,2023-10-29,70.21733333333333,55.0,,0.0016458823529411767,0.0016458823529411767,,,,,,,,,,,,,0.0,9.999999999998899e-05,0.9999,0.9999,,,,0.7506254466230936,0.6903517078058382,0.5,0.5,0.99985,0.5475504269514595
apple_health_user,apple_health_daily,apple_health_wearable_activity,2023-10-30,72.87663333333333,55.0,,0.0015828030303030303,0.0015828030303030303,,,,,,,,,,,,,0.0,7.916666666663019e-05,0.9999208333333334,0.9999208333333334,,,,0.7654273063973064,0.6790903052287534,0.5,0.5,0.99988125,0.5447428888071884
apple_health_user,apple_health_daily,apple_health_wearable_activity,2023-10-31,95.6982,55.0,,0.0015820117302052781,0.0015820117302052781,,,,,,,,,,,,,0.0,7.419354838711367e-05,0.9999258064516129,0.9999258064516129,,,,0.8922157093515803,0.581905318126943,0.5,0.5,0.9998887096774194,0.5204485069510906
apple_health_user,apple_health_daily,apple_health_wearable_activity,2023-11-01,71.51076666666667,55.0,,0.001832857142857143,0.001832857142857143,,,,,,,,,,,,,0.0,0.00024285714285721127,0.9997571428571428,0.9997571428571428,,,,0.7577012433862432,0.6846561551866469,0.5,0.5,0.9996357142857142,0.5460729673680903
apple_health_user,apple_health_daily,apple_health_wearable_activity,2023-11-02,85.44810000000001,55.0,,0.001603855218855219,0.001603855218855219,,,,,,,,,,,,,0.0,9.848484848484773e-05,0.9999015151515152,0.9999015151515152,,,,0.8352553310886645,0.6255335312725171,0.5,0.5,0.9998522727272727,0.5313464509999475
apple_health_user,apple_health_daily,apple_health_wearable_activity,2023-11-03,95.75383333333333,55.0,,0.0016603434065934066,0.0016603434065934066,,,,,,,,,,,,,0.0,0.00015428571428577342,0.9998457142857142,0.9998457142857142,,,,0.8924719754782254,0.5815898687468681,0.5,0.5,0.9997685714285713,0.5203396100438599
apple_health_user,apple_health_daily,apple_health_wearable_activity,2023-11-04,66.35126666666667,55.0,,0.0025145000000000002,0.0025145000000000002,,,,,,,,,,,,,0.0,0.0009399999999999409,0.9990600000000001,0.9990600000000001,,,,0.7285777592592592,0.7059445095590405,0.5,0.5,0.9985900000000001,0.5511336273897601
apple_health_user,apple_health_daily,apple_health_wearable_activity,2023-11-05,80.37163333333334,55.0,,0.001731430842607313,0.001731430842607313,,,,,,,,,,,,,0.0,0.00021764705882354463,0.9997823529411765,0.9997823529411765,,,,0.8069704925513749,0.6470237895067349,0.5,0.5,0.9996735294117647,0.5366743297296249
apple_health_user,apple_health_daily,apple_health_wearable_activity,2023-11-06,62.9475,55.0,,0.0016966666666666669,0.0016966666666666669,,,,,,,,,,,,,0.0,0.00013333333333331865,0.9998666666666667,0.9998666666666667,,,,0.7102094444444443,0.721259421467164,0.5,0.5,0.9998,0.555264855366791
apple_health_user,apple_health_daily,apple_health_wearable_activity,2023-11-07,80.67866666666667,55.0,,0.0016283714285714285,0.0016283714285714285,,,,,,,,,,,,,0.0,0.00012857142857147785,0.9998714285714285,0.9998714285714285,,,,0.8087402783068782,0.6458196124434458,0.5,0.5,0.9998071428571428,0.5364066888251471
apple_health_user,apple_health_daily,apple_health_wearable_activity,2023-11-08,95.34786666666668,55.0,,0.0015996938775510203,0.0015996938775510203,,,,,,,,,,,,,0.0,8.469387755094537e-05,0.999915306122449,0.999915306122449,,,,0.8902600188964475,0.5833794868279454,0.5,0.5,0.9998729591836736,0.5208131115029048
apple_health_user,apple_health_daily,apple_health_wearable_activity,2023-11-09,104.00013333333334,55.0,,0.0015561148291651991,0.0015561148291651991,,,,,,,,,,,,,0.0,8.294117647056343e-05,0.9999170588235294,0.9999170588235294,,,,0.938343277627751,0.5465774484875464,0.5,0.5,0.9998755882352941,0.5116132591807101
apple_health_user,apple_health_daily,apple_health_wearable_activity,2023-11-10,86.1711,55.0,,0.0015284787059787063,0.0015284787059787063,,,,,,,,,,,,,0.0,7.567567567567934e-05,0.9999243243243243,0.9999243243243243,,,,0.8393047263172263,0.622530203051964,0.5,0.5,0.9998864864864865,0.5306041723846127
apple_health_user,apple_health_daily,apple_health_wearable_activity,2023-11-11,70.13753333333334,55.0,,0.0015136666666666668,0.0015136666666666668,,,,,,,,,,,,,0.0,0.0,1.0,1.0,,,,0.7502595185185186,0.6908240946085359,0.5,0.5,1.0,0.5477060236521339
apple_health_user,apple_health_daily,apple_health_wearable_activity,2023-11-12,73.47436666666667,55.0,,0.0014753333333333335,0.0014753333333333335,,,,,,,,,,,,,0.0,0.0,1.0,1.0,,,,0.7688102592592592,0.6766526021494064,0.5,0.5,1.0,0.5441631505373516
apple_health_user,apple_health_daily,apple_health_wearable_activity,2023-11-13,72.86943333333333,55.0,,0.001512666666666667,0.001512666666666667,,,,,,,,,,,,,0.0,0.0,1.0,1.0,,,,0.765437074074074,0.6791912844323111,0.5,0.5,1.0,0.5447978211080777
apple_health_user,apple_health_daily,apple_health_wearable_activity,2023-11-14,76.13929999999999,55.0,,0.0014877450980392158,0.0014877450980392158,,,,,,,,,,,,,0.0,7.941176470582789e-05,0.9999205882352942,0.9999205882352942,,,,0.7835848366013072,0.6652915234402057,0.5,0.5,0.9998808823529413,0.5412931014482867
apple_health_user,apple_health_daily,apple_health_wearable_activity,2023-11-15,74.4644,55.0,,0.0015374603174603174,0.0015374603174603174,,,,,,,,,,,,,0.0,2.8571428571488866e-05,0.9999714285714285,0.9999714285714285,,,,0.7742802116402117,0.6723742513355451,0.5,0.5,0.9999571428571428,0.543082848548172
apple_health_user,apple_health_daily,apple_health_wearable_activity,2023-11-16,84.1448,55.0,,0.0019243864468864466,0.0019243864468864466,,,,,,,,,,,,,0.0,0.00037307692307697593,0.999626923076923,0.999626923076923,,,,0.8278164010989011,0.6307622811060022,0.5,0.5,0.9994403846153845,0.5325506664303467
apple_health_user,apple_health_daily,apple_health_wearable_activity,2023-11-17,86.67956666666666,55.0,,0.001591333333333334,0.001591333333333334,,,,,,,,,,,,,0.0,5.83333333332714e-05,0.9999416666666667,0.9999416666666667,,,,0.8421143703703704,0.6203018772897587,0.5,0.5,0.9999125000000001,0.5300535943224397
apple_health_user,apple_health_daily,apple_health_wearable_activity,2023-11-18,98.2792,55.0,,0.0014732176896683185,0.0014732176896683185,,,,,,,,,,,,,0.0,4.5348837209302495e-05,0.9999546511627907,0.9999546511627907,,,,0.906600477824374,0.5710231896579112,0.5,0.5,0.9999319767441861,0.5177387916005243
apple_health_user,apple_health_daily,apple_health_wearable_activity,2023-11-19,90.93516666666667,55.0,,0.001620733590733591,0.001620733590733591,,,,,,,,,,,,,0.0,0.0001035714285714251,0.9998964285714286,0.9998964285714286,,,,0.8657317131417132,0.6021499024270542,0.5,0.5,0.9998446428571428,0.5254986363210492
apple_health_user,apple_health_daily,apple_health_wearable_activity,2023-11-20,67.61896666666667,55.0,,0.0016227083333333332,0.0016227083333333332,,,,,,,,,,,,,0.0,0.00015833333333326038,0.9998416666666667,0.9998416666666667,,,,0.7361783564814814,0.7014401020805683,0.5,0.5,0.9997625000000001,0.5503006505201421
apple_health_user,apple_health_daily,apple_health_wearable_activity,2023-11-21,75.49926666666667,55.0,,0.0014865909090909094,0.0014865909090909094,,,,,,,,,,,,,0.0,0.0,1.0,1.0,,,,0.7800559511784512,0.6680182664602462,0.5,0.5,1.0,0.5420045666150616
apple_health_user,apple_health_daily,apple_health_wearable_activity,2023-11-22,81.25093333333334,55.0,,0.0015214285714285716,0.0015214285714285716,,,,,,,,,,,,,0.0,2.999999999997449e-05,0.99997,0.99997,,,,0.8119880423280423,0.6434898311150736,0.5,0.5,0.999955,0.5358612077787683
apple_health_user,apple_health_daily,apple_health_wearable_activity,2023-11-23,96.16926666666667,55.0,,0.002213644773358002,0.002213644773358002,,,,,,,,,,,,,0.0,0.0006913043478260494,0.999308695652174,0.999308695652174,,,,0.8944164984410868,0.5792660094029684,0.5,0.5,0.9989630434782609,0.5195572632203073
apple_health_user,apple_health_daily,apple_health_wearable_activity,2023-11-24,100.05773333333333,55.0,,0.0015604056437389772,0.0015604056437389772,,,,,,,,,,,,,0.0,7.738095238096765e-05,0.999922619047619,0.999922619047619,,,,0.9164414785420342,0.5633618809409237,0.5,0.5,0.9998839285714285,0.515811452378088
apple_health_user,apple_health_daily,apple_health_wearable_activity,2023-11-25,96.6497,55.0,,0.001676962962962963,0.001676962962962963,,,,,,,,,,,,,0.0,0.0001879629629629731,0.999812037037037,0.999812037037037,,,,0.8974322469135801,0.5777581525107068,0.5,0.5,0.9997180555555556,0.5193690520165656
apple_health_user,apple_health_daily,apple_health_wearable_activity,2023-11-26,93.02773333333333,55.0,,0.001558669117647059,0.001558669117647059,,,,,,,,,,,,,0.0,6.029411764707504e-05,0.9999397058823529,0.9999397058823529,,,,0.8773921974400872,0.5933009197196542,0.5,0.5,0.9999095588235294,0.5233026196357959
apple_health_user,apple_health_daily,apple_health_wearable_activity,2023-11-27,85.50056666666667,55.0,,0.0015553571428571426,0.0015553571428571426,,,,,,,,,,,,,0.0,4.999999999999449e-05,0.99995,0.99995,,,,0.8355791402116401,0.6253587252999803,0.5,0.5,0.999925,0.531320931324995
apple_health_user,apple_health_daily,apple_health_wearable_activity,2023-11-28,66.82593333333334,55.0,,0.0015706410256410256,0.0015706410256410256,,,,,,,,,,,,,0.0,3.333333333332966e-05,0.9999666666666667,0.9999666666666667,,,,0.7318316381766382,0.7048694414734621,0.5,0.5,0.99995,0.5512048603683656
apple_health_user,apple_health_daily,apple_health_wearable_activity,2023-11-29,72.45410000000001,55.0,,0.001538452380952381,0.001538452380952381,,,,,,,,,,,,,0.0,1.4285714285744433e-05,0.9999857142857143,0.9999857142857143,,,,0.7631163095238095,0.6809341314800568,0.5,0.5,0.9999785714285714,0.5452281757271571
apple_health_user,apple_health_daily,apple_health_wearable_activity,2023-11-30,94.91803333333334,55.0,,0.0016233125889046941,0.0016233125889046941,,,,,,,,,,,,,0.0,0.00012837837837831323,0.9998716216216217,0.9998716216216217,,,,0.8878496215294241,0.5851862548275871,0.5,0.5,0.9998074324324325,0.521248421815005
apple_health_user,apple_health_daily,apple_health_wearable_activity,2023-12-01,99.57423333333332,55.0,,0.0014804641122504048,0.0014804641122504048,,,,,,,,,,,,,0.0,5.2941176470588935e-05,0.9999470588235294,0.9999470588235294,,,,0.913790161200056,0.5655010171465985,0.5,0.5,0.9999205882352942,0.5163554013454732
apple_health_user,apple_health_daily,apple_health_wearable_activity,2023-12-02,88.86949999999999,55.0,,0.0014779430379746833,0.0014779430379746833,,,,,,,,,,,,,0.0,6.250000000007638e-05,0.9999374999999999,0.9999374999999999,,,,0.8543170745428973,0.6110897167545768,0.5,0.5,0.9999062499999999,0.5277489916886442
apple_health_user,apple_health_daily,apple_health_wearable_activity,2023-12-03,95.7624,55.0,,0.0015134852971206857,0.0015134852971206857,,,,,,,,,,,,,0.0,5.903614457825057e-05,0.9999409638554217,0.9999409638554217,,,,0.8926002706305448,0.5817006258972839,0.5,0.5,0.9999114457831326,0.5204030179201041
apple_health_user,apple_health_daily,apple_health_wearable_activity,2023-12-04,90.66213333333334,55.0,,0.0015422765957446812,0.0015422765957446812,,,,,,,,,,,,,0.0,4.599999999999049e-05,0.999954,0.999954,,,,0.8642602040977149,0.6033912766724296,0.5,0.5,0.999931,0.5258305691681074
apple_health_user,apple_health_daily,apple_health_wearable_activity,2023-12-05,86.2029,55.0,,0.0015326315789473681,0.0015326315789473681,,,,,,,,,,,,,0.0,6.842105263160647e-05,0.9999315789473684,0.9999315789473684,,,,0.8394824269005848,0.6223906189330249,0.5,0.5,0.9998973684210526,0.5305719968385194
apple_health_user,apple_health_daily,apple_health_wearable_activity,2023-12-06,89.82733333333333,55.0,,0.0018850129870129867,0.0018850129870129867,,,,,,,,,,,,,0.0,0.0003142857142857114,0.9996857142857143,0.9996857142857143,,,,0.8594187522847522,0.6066026537499507,0.5,0.5,0.9995285714285714,0.5265328062946305
apple_health_user,apple_health_daily,apple_health_wearable_activity,2023-12-07,96.39486666666667,55.0,,0.001666837203676826,0.001666837203676826,,,,,,,,,,,,,0.0,0.00018113207547165722,0.9998188679245283,0.9998188679245283,,,,0.896022158388432,0.5788535137873688,0.5,0.5,0.9997283018867925,0.5196454539185403
apple_health_user,apple_health_daily,apple_health_wearable_activity,2023-12-08,76.54876666666667,55.0,,0.001597159090909091,0.001597159090909091,,,,,,,,,,,,,0.0,9.749999999997261e-05,0.9999025,0.9999025,,,,0.7858171506734006,0.6634381098637189,0.5,0.5,0.99985375,0.5408229649659297
apple_health_user,apple_health_daily,apple_health_wearable_activity,2023-12-09,90.5972,55.0,,0.001532661943319838,0.001532661943319838,,,,,,,,,,,,,0.0,2.6315789473763118e-05,0.9999736842105262,0.9999736842105262,,,,0.8639092296446244,0.6036774352139078,0.5,0.5,0.9999605263157894,0.5259094903824243
apple_health_user,apple_health_daily,apple_health_wearable_activity,2023-12-10,91.89186666666666,55.0,,0.0015249900793650796,0.0015249900793650796,,,,,,,,,,,,,0.0,0.0001071428571428612,0.9998928571428571,0.9998928571428571,,,,0.8710774371693121,0.5981717810675893,0.5,0.5,0.9998392857142857,0.5245027666954687
apple_health_user,apple_health_daily,apple_health_wearable_activity,2023-12-11,79.97746666666667,55.0,,0.0015406313131313132,0.0015406313131313132,,,,,,,,,,,,,0.0,2.222222222214576e-05,0.9999777777777779,0.9999777777777779,,,,0.8049094191919193,0.648893644199112,0.5,0.5,0.9999666666666668,0.5372150777164447
apple_health_user,apple_health_daily,apple_health_wearable_activity,2023-12-12,89.78446666666667,55.0,,0.0015354605263157893,0.0015354605263157893,,,,,,,,,,,,,0.0,3.4210526315803236e-05,0.9999657894736842,0.9999657894736842,,,,0.8593904800194933,0.6071356592279011,0.5,0.5,0.9999486842105263,0.5267710858596069
apple_health_user,apple_health_daily,apple_health_wearable_activity,2023-12-13,89.33053333333334,55.0,,0.0015823717948717944,0.0015823717948717944,,,,,,,,,,,,,0.0,7.083333333335329e-05,0.9999291666666666,0.9999291666666666,,,,0.8568407834757835,0.6090217043581403,0.5,0.5,0.99989375,0.527228863589535
apple_health_user,apple_health_daily,apple_health_wearable_activity,2023-12-14,84.3775,55.0,,0.0023573076923076924,0.0023573076923076924,,,,,,,,,,,,,0.0,0.0008600000000000829,0.9991399999999999,0.9991399999999999,,,,0.8288025641025641,0.6293372845814235,0.5,0.5,0.9987099999999999,0.5320118211453558
apple_health_user,apple_health_daily,apple_health_wearable_activity,2023-12-15,99.52036666666666,55.0,,0.0018811924342105265,0.0018811924342105265,,,,,,,,,,,,,0.0,0.0003394736842105006,0.9996605263157895,0.9996605263157895,,,,0.9132618149975634,0.5653286427918642,0.5,0.5,0.9994907894736842,0.5162048580663872
apple_health_user,apple_health_daily,apple_health_wearable_activity,2023-12-16,100.75123333333335,55.0,,0.001485820073439412,0.001485820073439412,,,,,,,,,,,,,0.0,2.1052631578921677e-05,0.9999789473684211,0.9999789473684211,,,,0.9203378942835124,0.5604833856593144,0.5,0.5,0.9999684210526316,0.5151129516779865
apple_health_user,apple_health_daily,apple_health_wearable_activity,2023-12-17,70.36543333333333,55.0,,0.0016591228070175436,0.0016591228070175436,,,,,,,,,,,,,0.0,8.333333333332416e-05,0.9999166666666667,0.9999166666666667,,,,0.7514493664717349,0.6897077483190119,0.5,0.5,0.9998750000000001,0.547395687079753
apple_health_user,apple_health_daily,apple_health_wearable_activity,2023-12-18,87.19576666666667,55.0,,0.0018196895424836602,0.0018196895424836602,,,,,,,,,,,,,0.0,0.00029027777777779207,0.9997097222222222,0.9997097222222222,,,,0.8448287145969499,0.6178746889842499,0.5,0.5,0.9995645833333333,0.5293598180793958
apple_health_user,apple_health_daily,apple_health_wearable_activity,2023-12-19,96.2853,55.0,,0.0016317820512820511,0.0016317820512820511,,,,,,,,,,,,,0.0,0.0001291666666667357,0.9998708333333333,0.9998708333333333,,,,0.8954424615384614,0.5793552500204778,0.5,0.5,0.9998062499999999,0.5197903750051194
apple_health_user,apple_health_daily,apple_health_wearable_activity,2023-12-20,75.17523333333332,55.0,,0.0015816666666666666,0.0015816666666666666,,,,,,,,,,,,,0.0,6.333333333330415e-05,0.9999366666666667,0.9999366666666667,,,,0.778202962962963,0.6693028424545657,0.5,0.5,0.999905,0.5423019606136414
apple_health_user,apple_health_daily,apple_health_wearable_activity,2023-12-21,86.62813333333334,55.0,,0.0018465666666666668,0.0018465666666666668,,,,,,,,,,,,,0.0,0.0003166666666667428,0.9996833333333333,0.9996833333333333,,,,0.8416574407407408,0.6202650122725228,0.5,0.5,0.9995249999999999,0.5299475030681307
apple_health_user,apple_health_daily,apple_health_wearable_activity,2023-12-22,81.43893333333332,55.0,,0.0016365104166666668,0.0016365104166666668,,,,,,,,,,,,,0.0,0.00014166666666670658,0.9998583333333333,0.9998583333333333,,,,0.8129569039351852,0.6425738521580512,0.5,0.5,0.9997874999999999,0.5355903380395128
apple_health_user,apple_health_daily,apple_health_wearable_activity,2023-12-23,97.4752,55.0,,0.0019459777777777777,0.0019459777777777777,,,,,,,,,,,,,0.0,0.0004277777777778047,0.9995722222222222,0.9995722222222222,,,,0.9018487481481481,0.5739730443956554,0.5,0.5,0.9993583333333333,0.5183328444322473
apple_health_user,apple_health_daily,apple_health_wearable_activity,2023-12-24,92.20273333333333,55.0,,0.0019481504702194357,0.0019481504702194357,,,,,,,,,,,,,0.0,0.0003909090909091084,0.9996090909090909,0.9996090909090909,,,,0.8725688319981423,0.5964236974448416,0.5,0.5,0.9994136363636363,0.5239593334521195
apple_health_user,apple_health_daily,apple_health_wearable_activity,2023-12-25,97.83096666666667,55.0,,0.0017530805471124614,0.0017530805471124614,,,,,,,,,,,,,0.0,0.00022872340425528215,0.9997712765957447,0.9997712765957447,,,,0.9039558801643589,0.5726514065594683,0.5,0.5,0.9996569148936171,0.5180770803632714
apple_health_user,apple_health_daily,apple_health_wearable_activity,2023-12-26,61.99256666666667,55.0,,0.0030822222222222223,0.0030822222222222223,,,,,,,,,,,,,0.0,0.0,1.0,1.0,,,,0.7044868518518518,0.723936867857669,0.5,0.5,1.0,0.5559842169644172
apple_health_user,apple_health_daily,apple_health_wearable_activity,2023-12-27,95.9395,55.0,,0.0030685714285714283,0.0030685714285714283,,,,,,,,,,,,,0.0,0.0,1.0,1.0,,,,0.8930854761904762,0.5793873319305778,0.5,0.5,1.0,0.5198468329826444
apple_health_user,apple_health_daily,apple_health_wearable_activity,2023-12-28,108.14843333333333,55.0,,0.0018642391304347825,0.0018642391304347825,,,,,,,,,,,,,0.0,0.0002836956521738987,0.9997163043478261,0.9997163043478261,,,,0.9612197624798712,0.5286029656150188,0.5,0.5,0.9995744565217392,0.5070443555341895
apple_health_user,apple_health_daily,apple_health_wearable_activity,2023-12-29,68.85136666666666,55.0,,0.001812857142857143,0.001812857142857143,,,,,,,,,,,,,0.0,0.0002249999999999197,0.9997750000000001,0.9997750000000001,,,,0.742939417989418,0.6960012780448449,0.5,0.5,0.9996625000000001,0.5489159445112113
apple_health_user,apple_health_daily,apple_health_wearable_activity,2023-12-30,69.6547,55.0,,0.002988,0.002988,,,,,,,,,,,,,0.0,0.0,1.0,1.0,,,,0.7470856666666666,0.6914020926377215,0.5,0.5,1.0,0.5478505231594304
apple_health_user,apple_health_daily,apple_health_wearable_activity,2023-12-31,97.97933333333333,55.0,,0.0016350663129973476,0.0016350663129973476,,,,,,,,,,,,,0.0,0.00014230769230771934,0.9998576923076923,0.9998576923076923,,,,0.9048482827389724,0.5721379060020882,0.5,0.5,0.9997865384615384,0.5179811111159066
apple_health_user,apple_health_daily,apple_health_wearable_activity,2024-01-01,86.82186666666666,55.0,,0.0015936494252873565,0.0015936494252873565,,,,,,,,,,,,,0.0,5.416666666668846e-05,0.9999458333333333,0.9999458333333333,,,,0.8429055427841634,0.6196935697855421,0.5,0.5,0.99991875,0.5299030799463855
apple_health_user,apple_health_daily,apple_health_wearable_activity,2024-01-02,81.26153333333333,55.0,,0.00149375,0.00149375,,,,,,,,,,,,,0.0,0.0,1.0,1.0,,,,0.8120661574074074,0.6434724411870185,0.5,0.5,1.0,0.5358681102967546
apple_health_user,apple_health_daily,apple_health_wearable_activity,2024-01-03,73.83483333333334,55.0,,0.0016624305555555554,0.0016624305555555554,,,,,,,,,,,,,0.0,0.0001388888888889106,0.9998611111111111,0.9998611111111111,,,,0.7707041898148148,0.6749299710052106,0.5,0.5,0.9997916666666666,0.5436804094179692
apple_health_user,apple_health_daily,apple_health_wearable_activity,2024-01-04,94.67043333333334,55.0,,0.0016467204301075268,0.0016467204301075268,,,,,,,,,,,,,0.0,0.00014999999999998348,0.99985,0.99985,,,,0.8864590561529271,0.5862171924850189,0.5,0.5,0.9997750000000001,0.5214980481212548
apple_health_user,apple_health_daily,apple_health_wearable_activity,2024-01-05,97.06426666666667,55.0,,0.0015792364276833813,0.0015792364276833813,,,,,,,,,,,,,0.0,9.40789473684589e-05,0.9999059210526315,0.9999059210526315,,,,0.8997992652453531,0.5760906974068256,0.5,0.5,0.9998588815789473,0.5189873947464432
apple_health_user,apple_health_daily,apple_health_wearable_activity,2024-01-06,88.73853333333332,55.0,,0.0015602136752136749,0.0015602136752136749,,,,,,,,,,,,,0.0,7.111111111113289e-05,0.9999288888888889,0.9999288888888889,,,,0.8535591880341881,0.6115649554498475,0.5,0.5,0.9998933333333333,0.5278645721957952
apple_health_user,apple_health_daily,apple_health_wearable_activity,2024-01-07,94.21286666666667,55.0,,0.0016221532091097305,0.0016221532091097305,,,,,,,,,,,,,0.0,0.00011142857142854012,0.9998885714285715,0.9998885714285715,,,,0.8839380653324133,0.5881903737480552,0.5,0.5,0.9998328571428572,0.5220058077227281
apple_health_user,apple_health_daily,apple_health_wearable_activity,2024-01-08,67.67689984444445,55.0,,0.0016193686868686869,0.0016193686868686869,,,,,,,,,,,,,0.0,0.33033513727272723,0.6696648627272728,0.6696648627272728,,,,0.6264423860381594,0.7011967415840846,0.5,0.5,0.5044972940909092,0.4264235089187485
apple_health_user,apple_health_daily,apple_health_wearable_activity,2024-01-09,67.04613333333333,55.0,,0.003265,0.003265,,,,,,,,,,,,,2.370909090909079,0.02370909090909079,0.9762909090909092,0.9762909090909092,,,,0.724598265993266,0.7022329724483387,0.5,0.5,0.9525818181818184,0.5387036976575392
apple_health_user,apple_health_daily,apple_health_wearable_activity,2024-01-10,68.3395,55.0,,0.0015499707602339183,0.0015499707602339183,,,,,,,,,,,,,0.0,4.4444444444513564e-05,0.9999555555555555,0.9999555555555555,,,,0.7402435282651072,0.6984446324025329,0.5,0.5,0.9999333333333332,0.5495944914339665
apple_health_user,apple_health_daily,apple_health_wearable_activity,2024-01-11,88.42399999999999,55.0,,0.0016952322404371588,0.0016952322404371588,,,,,,,,,,,,,0.0,0.00017916666666661918,0.9998208333333334,0.9998208333333334,,,,0.8517307559198543,0.6127690294093587,0.5,0.5,0.9997312500000001,0.5281250698523396
apple_health_user,apple_health_daily,apple_health_wearable_activity,2024-01-12,94.12156666666667,55.0,,0.0015573517599811008,0.0015573517599811008,,,,,,,,,,,,,0.0,7.156862745105741e-05,0.9999284313725489,0.9999284313725489,,,,0.8834657302412263,0.5886441445855124,0.5,0.5,0.9998926470588234,0.522134197911084
apple_health_user,apple_health_daily,apple_health_wearable_activity,2024-01-13,72.50086666666667,55.0,,0.0015321212121212117,0.0015321212121212117,,,,,,,,,,,,,0.0,4.166666666671759e-05,0.9999583333333333,0.9999583333333333,,,,0.7633691077441077,0.6807413229070306,0.5,0.5,0.9999374999999999,0.5451697057267576
apple_health_user,apple_health_daily,apple_health_wearable_activity,2024-01-14,81.99023333333334,55.0,,0.0015608913043478263,0.0015608913043478263,,,,,,,,,,,,,0.0,5.6000000000056005e-05,0.9999439999999999,0.9999439999999999,,,,0.8160734436392915,0.6403019526593547,0.5,0.5,0.9999159999999999,0.5350544881648387
apple_health_user,apple_health_daily,apple_health_wearable_activity,2024-01-15,68.44430657777778,55.0,,0.0015776515151515152,0.0015776515151515152,,,,,,,,,,,,,0.0,0.33022285333333334,0.6697771466666667,0.6697771466666667,,,,0.6307570904826038,0.6979705605280762,0.5,0.5,0.50466572,0.4256590701320191
apple_health_user,apple_health_daily,apple_health_wearable_activity,2024-01-16,102.22266666666667,55.0,,0.0016523470464135024,0.0016523470464135024,,,,,,,,,,,,,0.0,0.00012291666666663925,0.9998770833333334,0.9998770833333334,,,,0.9284230602437882,0.5540503197176826,0.5,0.5,0.9998156250000001,0.5134664861794207
apple_health_user,apple_health_daily,apple_health_wearable_activity,2024-01-17,72.02459999999999,55.0,,0.0016138095238095234,0.0016138095238095234,,,,,,,,,,,,,0.0,7.142857142850012e-05,0.9999285714285715,0.9999285714285715,,,,0.7606860317460318,0.6826876075857155,0.5,0.5,0.9998928571428572,0.5456451161821432
apple_health_user,apple_health_daily,apple_health_wearable_activity,2024-01-18,80.6322,55.0,,0.001586463414634146,0.001586463414634146,,,,,,,,,,,,,0.0,7.500000000004725e-05,0.999925,0.999925,,,,0.8085139566395664,0.6460595075476603,0.5,0.5,0.9998874999999999,0.536486751886915
apple_health_user,apple_health_daily,apple_health_wearable_activity,2024-01-19,94.8923,55.0,,0.0015705312499999999,0.0015705312499999999,,,,,,,,,,,,,0.0,9.453125000002949e-05,0.99990546875,0.99990546875,,,,0.8877355347222222,0.585348758383736,0.5,0.5,0.999858203125,0.521301740377184
apple_health_user,apple_health_daily,apple_health_wearable_activity,2024-01-20,74.29143333333333,55.0,,0.0017651647220315715,0.0017651647220315715,,,,,,,,,,,,,0.0,0.00028548387096771766,0.9997145161290323,0.9997145161290323,,,,0.7731577467652965,0.6728825369637697,0.5,0.5,0.9995717741935484,0.5431135777893294
apple_health_user,apple_health_daily,apple_health_wearable_activity,2024-01-21,86.4826,55.0,,0.0015261173740053048,0.0015261173740053048,,,,,,,,,,,,,0.0,3.448275862072414e-05,0.9999655172413793,0.9999655172413793,,,,0.8410497999557913,0.621206045853324,0.5,0.5,0.9999482758620689,0.5302885804288482
apple_health_user,apple_health_daily,apple_health_wearable_activity,2024-01-22,64.18156522222222,55.0,,0.0014273202614379084,0.0014273202614379084,,,,,,,,,,,,,0.0,0.3301313203703704,0.6698686796296296,0.6698686796296296,,,,0.6071558154684096,0.716274191006073,0.5,0.5,0.5048030194444444,0.4302693026126294
apple_health_user,apple_health_daily,apple_health_wearable_activity,2024-01-23,97.59503333333333,55.0,,0.0017553626373626374,0.0017553626373626374,,,,,,,,,,,,,0.0,0.0002642857142857169,0.9997357142857143,0.9997357142857143,,,,0.9026325246235247,0.5736538420954069,0.5,0.5,0.9996035714285714,0.5183143533809946
apple_health_user,apple_health_daily,apple_health_wearable_activity,2024-01-24,76.21903333333333,55.0,,0.0015522981366459625,0.0015522981366459625,,,,,,,,,,,,,0.0,4.6428571428558385e-05,0.9999535714285714,0.9999535714285714,,,,0.7840172762824937,0.6648872583768001,0.5,0.5,0.9999303571428572,0.5412044038799143
apple_health_user,apple_health_daily,apple_health_wearable_activity,2024-01-25,73.89736666666667,55.0,,0.001565817307692308,0.001565817307692308,,,,,,,,,,,,,0.0,0.0001156250000000636,0.9998843749999999,0.9998843749999999,,,,0.7710915562678062,0.6747605358224704,0.5,0.5,0.9998265624999999,0.5436467745806176
apple_health_user,apple_health_daily,apple_health_wearable_activity,2024-01-26,82.35560000000001,55.0,,0.0016431438127090298,0.0016431438127090298,,,,,,,,,,,,,0.0,0.00011923076923081588,0.9998807692307692,0.9998807692307692,,,,0.8180547640282424,0.6386635710117436,0.5,0.5,0.9998211538461538,0.5346211812144743
apple_health_user,apple_health_daily,apple_health_wearable_activity,2024-01-27,89.34223333333333,55.0,,0.001479797619047619,0.001479797619047619,,,,,,,,,,,,,0.0,1.904761904758523e-05,0.9999809523809524,0.9999809523809524,,,,0.8569572367724868,0.609074719596484,0.5,0.5,0.9999714285714286,0.5272615370419781
apple_health_user,apple_health_daily,apple_health_wearable_activity,2024-01-28,76.98866666666666,55.0,,0.0015668506493506493,0.0015668506493506493,,,,,,,,,,,,,0.0,3.571428571436108e-05,0.9999642857142856,0.9999642857142856,,,,0.7882917376142377,0.6615951799540162,0.5,0.5,0.9999464285714285,0.5403854021313612
apple_health_user,apple_health_daily,apple_health_wearable_activity,2024-01-29,68.46949262222222,55.0,,0.001582738095238095,0.001582738095238095,,,,,,,,,,,,,0.0,0.33013716000000004,0.66986284,0.66986284,,,,0.6309238818694886,0.6978582058544366,0.5,0.5,0.5047942599999999,0.4256631164636091
apple_health_user,apple_health_daily,apple_health_wearable_activity,2024-01-30,94.54973333333334,55.0,,0.0016169702719797594,0.0016169702719797594,,,,,,,,,,,,,0.0,9.67741935483657e-05,0.9999032258064516,0.9999032258064516,,,,0.8858161592522314,0.5867610213559539,0.5,0.5,0.9998548387096775,0.5216539650164078
apple_health_user,apple_health_daily,apple_health_wearable_activity,2024-01-31,87.88823333333333,55.0,,0.0016832150537634408,0.0016832150537634408,,,,,,,,,,,,,0.0,0.0001935483870967314,0.9998064516129033,0.9998064516129033,,,,0.848753486260454,0.6150626433193029,0.5,0.5,0.9997096774193549,0.5286930801846645
apple_health_user,apple_health_daily,apple_health_wearable_activity,2024-02-01,61.84063333333334,55.0,,0.0016425,0.0016425,,,,,,,,,,,,,5.934571428571422,0.029672857142857056,0.9703271428571429,0.9703271428571429,,,,0.6942317328042328,0.7260273268133981,0.5,0.5,0.9258178571428574,0.5379612959890638
apple_health_user,apple_health_daily,apple_health_wearable_activity,2024-02-02,80.7452,55.0,,0.0017201051051051052,0.0017201051051051052,,,,,,,,,,,,,0.0,0.0001888888888889051,0.9998111111111111,0.9998111111111111,,,,0.8090592242242242,0.6454443086466528,0.5,0.5,0.9997166666666666,0.5362902438283299
apple_health_user,apple_health_daily,apple_health_wearable_activity,2024-02-03,68.26416666666667,55.0,,0.001605866666666667,0.001605866666666667,,,,,,,,,,,,,0.0,7.666666666672484e-05,0.9999233333333333,0.9999233333333333,,,,0.739795637037037,0.6987093992293468,0.5,0.5,0.9998849999999999,0.5496485998073367
apple_health_user,apple_health_daily,apple_health_wearable_activity,2024-02-04,73.0184,55.0,,0.0020622180451127818,0.0020622180451127818,,,,,,,,,,,,,0.0,0.0004714285714285671,0.9995285714285714,0.9995285714285714,,,,0.7659243400167085,0.678005934706799,0.5,0.5,0.9992928571428572,0.5443246979624141
apple_health_user,apple_health_daily,apple_health_wearable_activity,2024-02-05,83.4954105111111,55.0,,0.0016090441176470588,0.0016090441176470588,,,,,,,,,,,,,0.0,0.3301416766666666,0.6698583233333334,0.6698583233333334,,,,0.7143909292447349,0.633843869003386,0.5,0.5,0.504787485,0.40965783850084647
apple_health_user,apple_health_daily,apple_health_wearable_activity,2024-02-06,96.6157,55.0,,0.002250295815295815,0.002250295815295815,,,,,,,,,,,,,0.0,0.0007204545454545519,0.9992795454545454,0.9992795454545454,,,,0.8968747498797498,0.5773281243994379,0.5,0.5,0.9989193181818181,0.519061860645314
apple_health_user,apple_health_daily,apple_health_wearable_activity,2024-02-07,95.8289,55.0,,0.0018395454545454546,0.0018395454545454546,,,,,,,,,,,,,0.0,0.00031999999999998696,0.99968,0.99968,,,,0.8927740404040404,0.5810905308548242,0.5,0.5,0.99952,0.520152632713706
apple_health_user,apple_health_daily,apple_health_wearable_activity,2024-02-08,84.4808,55.0,,0.0015351277584204415,0.0015351277584204415,,,,,,,,,,,,,0.0,5.476190476194631e-05,0.999945238095238,0.999945238095238,,,,0.829918925667828,0.6297216896142868,0.5,0.5,0.9999178571428571,0.5324098866892859
apple_health_user,apple_health_daily,apple_health_wearable_activity,2024-02-09,85.00876666666667,55.0,,0.001800412037037037,0.001800412037037037,,,,,,,,,,,,,0.0,0.0002870370370370301,0.999712962962963,0.999712962962963,,,,0.8326862206790123,0.6272073692040853,0.5,0.5,0.9995694444444445,0.5316942034121325
apple_health_user,apple_health_daily,apple_health_wearable_activity,2024-02-10,82.9399,55.0,,0.001578327380952381,0.001578327380952381,,,,,,,,,,,,,0.0,8.095238095240376e-05,0.9999190476190476,0.9999190476190476,,,,0.8213352400793651,0.6362403101616236,0.5,0.5,0.9998785714285714,0.5340297203975488
apple_health_user,apple_health_daily,apple_health_wearable_activity,2024-02-11,72.68716666666667,55.0,,0.0016415384615384614,0.0016415384615384614,,,,,,,,,,,,,0.0,8.999999999992347e-05,0.9999100000000001,0.9999100000000001,,,,0.7643515242165243,0.6798382626728638,0.5,0.5,0.9998650000000001,0.544925815668216
apple_health_user,apple_health_daily,apple_health_wearable_activity,2024-02-12,72.901508,55.0,,0.0015829391304347826,0.0015829391304347826,,,,,,,,,,,,,0.0,0.33022935942028975,0.6697706405797103,0.6697706405797103,,,,0.6555153893719807,0.6789842398569452,0.5,0.5,0.5046559608695653,0.42091005018162764
apple_health_user,apple_health_daily,apple_health_wearable_activity,2024-02-13,64.9173,55.0,,0.0015814705882352942,0.0015814705882352942,,,,,,,,,,,,,0.0,0.0,1.0,1.0,,,,0.7212356209150327,0.7129865105294146,0.5,0.5,1.0,0.5532466276323537
apple_health_user,apple_health_daily,apple_health_wearable_activity,2024-02-14,86.6723,55.0,,0.0019265835579514825,0.0019265835579514825,,,,,,,,,,,,,0.0,0.0004053571428571656,0.9995946428571428,0.9995946428571428,,,,0.8418465753219527,0.6199967041839557,0.5,0.5,0.9993919642857143,0.5298471671174175
apple_health_user,apple_health_daily,apple_health_wearable_activity,2024-02-15,94.98926666666667,55.0,,0.0016387220843672454,0.0016387220843672454,,,,,,,,,,,,,0.0,0.00012307692307689244,0.9998769230769231,0.9998769230769231,,,,0.8882419929234446,0.5848674578508248,0.5,0.5,0.9998153846153847,0.5211707106165524
apple_health_user,apple_health_daily,apple_health_wearable_activity,2024-02-16,95.3306,55.0,,0.0015798557692307692,0.0015798557692307692,,,,,,,,,,,,,0.0,8.750000000001812e-05,0.9999125,0.9999125,,,,0.8901697702991452,0.5834729065058453,0.5,0.5,0.99986875,0.5208354141264613
apple_health_user,apple_health_daily,apple_health_wearable_activity,2024-02-17,103.41176666666667,55.0,,0.0015826124999999997,0.0015826124999999997,,,,,,,,,,,,,0.0,9.48000000000615e-05,0.9999051999999999,0.9999051999999999,,,,0.9350617884259259,0.5490564452377432,0.5,0.5,0.9998577999999999,0.5122285613094358
apple_health_user,apple_health_daily,apple_health_wearable_activity,2024-02-18,92.09706666666666,55.0,,0.001569339848424412,0.001569339848424412,,,,,,,,,,,,,0.0,9.782608695652062e-05,0.9999021739130435,0.9999021739130435,,,,0.8722057595030211,0.5972534710206772,0.5,0.5,0.9998532608695652,0.5242766829725606
apple_health_user,apple_health_daily,apple_health_wearable_activity,2024-02-19,66.81606468888889,55.0,,0.0016450815217391305,0.0016450815217391305,,,,,,,,,,,,,0.0,0.33017837434782604,0.669821625652174,0.669821625652174,,,,0.6217036518706388,0.7048368339194188,0.5,0.5,0.504732438478261,0.4273923180994199
apple_health_user,apple_health_daily,apple_health_wearable_activity,2024-02-20,96.52199999999999,55.0,,0.001745714285714286,0.001745714285714286,,,,,,,,,,,,,0.0,0.00018928571428578067,0.9998107142857142,0.9998107142857142,,,,0.8966994444444444,0.5782330344046248,0.5,0.5,0.9997160714285713,0.5194872764582991
apple_health_user,apple_health_daily,apple_health_wearable_activity,2024-02-21,78.63836666666666,55.0,,0.0015383333333333334,0.0015383333333333334,,,,,,,,,,,,,0.0,3.124999999992717e-05,0.9999687500000001,0.9999687500000001,,,,0.7974677314814814,0.6545985136232125,0.5,0.5,0.9999531250000001,0.5386379096558032
apple_health_user,apple_health_daily,apple_health_wearable_activity,2024-02-22,96.12610000000001,55.0,,0.001567312326227989,0.001567312326227989,,,,,,,,,,,,,0.0,6.53846153846338e-05,0.9999346153846154,0.9999346153846154,,,,0.8946007676861291,0.5800978408379326,0.5,0.5,0.999901923076923,0.5199999409787139
apple_health_user,apple_health_daily,apple_health_wearable_activity,2024-02-23,88.06043333333334,55.0,,0.001648705128205128,0.001648705128205128,,,,,,,,,,,,,0.0,0.00015799999999999148,0.999842,0.999842,,,,0.8497335056980058,0.614363927850177,0.5,0.5,0.999763,0.5285317319625442
apple_health_user,apple_health_daily,apple_health_wearable_activity,2024-02-24,86.19473333333333,55.0,,0.0015560174418604647,0.0015560174418604647,,,,,,,,,,,,,0.0,6.125000000001268e-05,0.99993875,0.99993875,,,,0.8394316515934538,0.6224019503194191,0.5,0.5,0.9999081249999999,0.5305775188298547
apple_health_user,apple_health_daily,apple_health_wearable_activity,2024-02-25,92.51559999999999,55.0,,0.0015494088753387535,0.0015494088753387535,,,,,,,,,,,,,0.0,5.9756097561036725e-05,0.999940243902439,0.999940243902439,,,,0.8745502783423668,0.5954911268532517,0.5,0.5,0.9999103658536584,0.5238503731767274
apple_health_user,apple_health_daily,apple_health_wearable_activity,2024-02-26,70.0247398,55.0,,0.0016623387096774194,0.0016623387096774194,,,,,,,,,,,,,0.0,0.3301760033333334,0.6698239966666666,0.6698239966666666,,,,0.6395246626523298,0.6911553695735775,0.5,0.5,0.5047359949999999,0.4239728411433943
apple_health_user,apple_health_daily,apple_health_wearable_activity,2024-02-27,91.34043333333332,55.0,,0.0017762500000000003,0.0017762500000000003,,,,,,,,,,,,,0.0,0.00023250000000007987,0.9997674999999999,0.9997674999999999,,,,0.8678883796296296,0.6002681527919578,0.5,0.5,0.9996512499999999,0.5249798506979895
apple_health_user,apple_health_daily,apple_health_wearable_activity,2024-02-28,79.739,55.0,,0.0016270833333333337,0.0016270833333333337,,,,,,,,,,,,,0.0,8.666666666667933e-05,0.9999133333333333,0.9999133333333333,,,,0.8035343055555556,0.6498224800888539,0.5,0.5,0.99987,0.5374231200222135
apple_health_user,apple_health_daily,apple_health_wearable_activity,2024-02-29,97.57716666666667,55.0,,0.0015848986856516977,0.0015848986856516977,,,,,,,,,,,,,0.0,8.068181818177145e-05,0.9999193181818182,0.9999193181818182,,,,0.9026512879802037,0.573900832718758,0.5,0.5,0.9998789772727273,0.5184449524978714
apple_health_user,apple_health_daily,apple_health_wearable_activity,2024-03-01,82.47646666666667,55.0,,0.0015585326953748008,0.0015585326953748008,,,,,,,,,,,,,0.0,5.151515151513575e-05,0.9999484848484849,0.9999484848484849,,,,0.8187770210880737,0.638233689767936,0.5,0.5,0.9999227272727274,0.5345391042601658
apple_health_user,apple_health_daily,apple_health_wearable_activity,2024-03-02,85.43983333333333,55.0,,0.001663120842572062,0.001663120842572062,,,,,,,,,,,,,0.0,0.00015243902439021628,0.9998475609756098,0.9998475609756098,,,,0.835171665229531,0.625509315849321,0.5,0.5,0.9997713414634146,0.531320164328184
apple_health_user,apple_health_daily,apple_health_wearable_activity,2024-03-03,69.71673333333334,55.0,,0.001590551948051948,0.001590551948051948,,,,,,,,,,,,,0.0,5.714285714286671e-05,0.9999428571428571,0.9999428571428571,,,,0.7478770646945647,0.6925389896161173,0.5,0.5,0.9999142857142858,0.5481133188326007
apple_health_user,apple_health_daily,apple_health_wearable_activity,2024-03-04,62.476962666666665,55.0,,0.0015373076923076922,0.0015373076923076922,,,,,,,,,,,,,0.0,0.33025173333333324,0.6697482666666668,0.6697482666666668,,,,0.5976090011396011,0.7234229791474471,0.5,0.5,0.5046224000000001,0.4320113447868619
apple_health_user,apple_health_daily,apple_health_wearable_activity,2024-03-05,84.3894,55.0,,0.001669519230769231,0.001669519230769231,,,,,,,,,,,,,0.0,0.00014999999999998348,0.99985,0.99985,,,,0.8293346047008546,0.6299761776332368,0.5,0.5,0.9997750000000001,0.5324377944083092
apple_health_user,apple_health_daily,apple_health_wearable_activity,2024-03-06,94.02686666666668,55.0,,0.0018294263139814497,0.0018294263139814497,,,,,,,,,,,,,0.0,0.0003109756097561256,0.9996890243902439,0.9996890243902439,,,,0.8827691252846801,0.5887746461056949,0.5,0.5,0.9995335365853658,0.5220770456727652
apple_health_user,apple_health_daily,apple_health_wearable_activity,2024-03-07,84.99696666666667,55.0,,0.0016470614035087722,0.0016470614035087722,,,,,,,,,,,,,0.0,0.00011666666666665382,0.9998833333333333,0.9998833333333333,,,,0.8327285721247564,0.6274113672627826,0.5,0.5,0.999825,0.5318090918156957
apple_health_user,apple_health_daily,apple_health_wearable_activity,2024-03-08,97.20626666666666,55.0,,0.0020479717813051148,0.0020479717813051148,,,,,,,,,,,,,0.0,0.0004880952380952319,0.9995119047619048,0.9995119047619048,,,,0.9003005702527925,0.5750160405462756,0.5,0.5,0.9992678571428572,0.5185709744222833
apple_health_user,apple_health_daily,apple_health_wearable_activity,2024-03-09,76.26373333333333,55.0,,0.0018578333333333337,0.0018578333333333337,,,,,,,,,,,,,0.0,0.0003458333333332675,0.9996541666666667,0.9996541666666667,,,,0.784063962962963,0.6643905768706182,0.5,0.5,0.9994812500000001,0.5409679567176546
apple_health_user,apple_health_daily,apple_health_wearable_activity,2024-03-10,83.10466666666667,55.0,,0.001769368131868132,0.001769368131868132,,,,,,,,,,,,,0.0,0.00023571428571433906,0.9997642857142857,0.9997642857142857,,,,0.8221353428978428,0.6353471149184498,0.5,0.5,0.9996464285714285,0.5337483858724695
apple_health_user,apple_health_daily,apple_health_wearable_activity,2024-03-11,61.749144155555555,55.0,,0.001536785714285714,0.001536785714285714,,,,,,,,,,,,,0.0,0.3301935233333334,0.6698064766666666,0.6698064766666666,,,,0.5935851422927689,0.7265229220331253,0.5,0.5,0.504709715,0.4328081592582813
apple_health_user,apple_health_daily,apple_health_wearable_activity,2024-03-12,93.49103333333333,55.0,,0.0017874121328839674,0.0017874121328839674,,,,,,,,,,,,,0.0,0.0002403225806451026,0.9997596774193549,0.9997596774193549,,,,0.8798298291695644,0.5910986185782834,0.5,0.5,0.9996395161290323,0.5226845336768289
apple_health_user,apple_health_daily,apple_health_wearable_activity,2024-03-13,62.496633333333335,55.0,,0.001907,0.001907,,,,,,,,,,,,,0.0,0.0004250000000000087,0.999575,0.999575,,,,0.7075372962962962,0.7229685619837583,0.5,0.5,0.9993624999999999,0.5555827654959395
apple_health_user,apple_health_daily,apple_health_wearable_activity,2024-03-14,95.84076666666667,55.0,,0.0016335576923076926,0.0016335576923076926,,,,,,,,,,,,,0.0,0.00010624999999997442,0.99989375,0.99989375,,,,0.892979878917379,0.5812465176856373,0.5,0.5,0.999840625,0.5202717856714093
apple_health_user,apple_health_daily,apple_health_wearable_activity,2024-03-15,93.44486666666666,55.0,,0.0018022413793103449,0.0018022413793103449,,,,,,,,,,,,,0.0,0.00026724137931033454,0.9997327586206897,0.9997327586206897,,,,0.8795594316730524,0.5912803519669569,0.5,0.5,0.9995991379310345,0.5227198724744979
apple_health_user,apple_health_daily,apple_health_wearable_activity,2024-03-16,72.24663333333334,55.0,,0.0016434999999999998,0.0016434999999999998,,,,,,,,,,,,,0.0,0.0001291666666667357,0.9998708333333333,0.9998708333333333,,,,0.7618904074074074,0.6817123099349363,0.5,0.5,0.9998062499999999,0.5453796399837341
apple_health_user,apple_health_daily,apple_health_wearable_activity,2024-03-17,89.1367,55.0,,0.0016063477088948787,0.0016063477088948787,,,,,,,,,,,,,0.0,8.285714285716228e-05,0.9999171428571428,0.9999171428571428,,,,0.8557519317160827,0.6098231067948965,0.5,0.5,0.9998757142857142,0.5274247052701526
apple_health_user,apple_health_daily,apple_health_wearable_activity,2024-03-18,82.95290702222222,55.0,,0.001733294573643411,0.001733294573643411,,,,,,,,,,,,,0.0,0.3303763386046512,0.6696236613953488,0.6696236613953488,,,,0.7112573835084697,0.6360295512467158,0.5,0.5,0.5044354920930232,0.4101162608349347
apple_health_user,apple_health_daily,apple_health_wearable_activity,2024-03-19,84.32533333333333,55.0,,0.0015326829268292683,0.0015326829268292683,,,,,,,,,,,,,0.0,2.4999999999941735e-05,0.9999750000000001,0.9999750000000001,,,,0.8290659575429088,0.6303861965215511,0.5,0.5,0.9999625000000001,0.5325871741303878
apple_health_user,apple_health_daily,apple_health_wearable_activity,2024-03-20,73.594,55.0,,0.0014968421052631582,0.0014968421052631582,,,,,,,,,,,,,0.0,0.0,1.0,1.0,,,,0.7694677192982456,0.6761215784096434,0.5,0.5,1.0,0.5440303946024109
apple_health_user,apple_health_daily,apple_health_wearable_activity,2024-03-21,98.08953333333334,55.0,,0.0018133741258741256,0.0018133741258741256,,,,,,,,,,,,,0.0,0.00027435897435901246,0.999725641025641,0.999725641025641,,,,0.9053570519295518,0.57148984914678,0.5,0.5,0.9995884615384615,0.5177695776713104
apple_health_user,apple_health_daily,apple_health_wearable_activity,2024-03-22,72.79463333333334,55.0,,0.0017800000000000001,0.0017800000000000001,,,,,,,,,,,,,0.0,0.00023571428571433906,0.9997642857142857,0.9997642857142857,,,,0.7648538359788359,0.6792417951780337,0.5,0.5,0.9996464285714285,0.5447220559373656
apple_health_user,apple_health_daily,apple_health_wearable_activity,2024-03-23,95.22503333333333,55.0,,0.0014630476190476188,0.0014630476190476188,,,,,,,,,,,,,0.0,3.333333333332966e-05,0.9999666666666667,0.9999666666666667,,,,0.8896402804232805,0.584039573386179,0.5,0.5,0.99995,0.5209973933465448
apple_health_user,apple_health_daily,apple_health_wearable_activity,2024-03-24,63.83736666666667,55.0,,0.00172625,0.00172625,,,,,,,,,,,,,0.0,0.00019999999999997797,0.9998,0.9998,,,,0.7151210648148147,0.7174402589248935,0.5,0.5,0.9997,0.5542850647312234
apple_health_user,apple_health_daily,apple_health_wearable_activity,2024-03-25,72.13913455555556,55.0,,0.0014885968379446638,0.0014885968379446638,,,,,,,,,,,,,0.0,0.3302321681818182,0.6697678318181818,0.6697678318181818,,,,0.6513104925242765,0.6823253983691532,0.5,0.5,0.5046517477272727,0.42174428652410645
apple_health_user,apple_health_daily,apple_health_wearable_activity,2024-03-26,90.65226666666666,55.0,,0.0017892701525054463,0.0017892701525054463,,,,,,,,,,,,,0.0,0.00034852941176466423,0.9996514705882353,0.9996514705882353,,,,0.8640222149600582,0.6031856608632769,0.5,0.5,0.999477205882353,0.5256657166864075
apple_health_user,apple_health_daily,apple_health_wearable_activity,2024-03-27,60.5125,55.0,,0.003158888888888889,0.003158888888888889,,,,,,,,,,,,,0.0,0.0,1.0,1.0,,,,0.6962387037037038,0.7301628755884614,0.5,0.5,1.0,0.5575407188971153
apple_health_user,apple_health_daily,apple_health_wearable_activity,2024-03-28,98.33456666666666,55.0,,0.0016410840932117529,0.0016410840932117529,,,,,,,,,,,,,0.0,0.0001148936170212167,0.9998851063829788,0.9998851063829788,,,,0.9068289333558482,0.5706191093301896,0.5,0.5,0.9998276595744682,0.5176116922261644
apple_health_user,apple_health_daily,apple_health_wearable_activity,2024-03-29,89.76566666666668,55.0,,0.0017221875000000002,0.0017221875000000002,,,,,,,,,,,,,0.0,0.00014999999999998348,0.99985,0.99985,,,,0.8591851967592593,0.6070285086975852,0.5,0.5,0.9997750000000001,0.5267008771743963
apple_health_user,apple_health_daily,apple_health_wearable_activity,2024-03-30,65.0103,55.0,,0.0021810267857142857,0.0021810267857142857,,,,,,,,,,,,,0.0,0.000635714285714295,0.9993642857142857,0.9993642857142857,,,,0.7213405307539683,0.7119893609034528,0.5,0.5,0.9990464285714286,0.5527589473687203
apple_health_user,apple_health_daily,apple_health_wearable_activity,2024-03-31,69.10066666666667,55.0,,0.0017640833333333336,0.0017640833333333336,,,,,,,,,,,,,0.0,0.00023333333333330764,0.9997666666666667,0.9997666666666667,,,,0.7443378981481481,0.6949885325726194,0.5,0.5,0.99965,0.5486596331431548
apple_health_user,apple_health_daily,apple_health_wearable_activity,2024-04-01,79.85663757777778,55.0,,0.0017124999999999998,0.0017124999999999998,,,,,,,,,,,,,0.0,0.33038983666666655,0.6696101633333335,0.6696101633333335,,,,0.6940583187654322,0.6492358819220625,0.5,0.5,0.5044152450000001,0.41341278173051565
apple_health_user,apple_health_daily,apple_health_wearable_activity,2024-04-02,80.6285,55.0,,0.0016692492260061919,0.0016692492260061919,,,,,,,,,,,,,0.0,0.00014411764705890562,0.9998558823529411,0.9998558823529411,,,,0.8084427665978672,0.6459922638608803,0.5,0.5,0.9997838235294116,0.536444021847573
apple_health_user,apple_health_daily,apple_health_wearable_activity,2024-04-03,61.393,55.0,,0.0035399999999999997,0.0035399999999999997,,,,,,,,,,,,,7.567777777777785,0.07567777777777784,0.9243222222222222,0.9243222222222222,,,,0.6757774074074074,0.7260311631043785,0.5,0.5,0.8486444444444443,0.5186689018872057
apple_health_user,apple_health_daily,apple_health_wearable_activity,2024-04-04,97.3994,55.0,,0.0017716586867305058,0.0017716586867305058,,,,,,,,,,,,,0.0,0.00024651162790689796,0.9997534883720931,0.9997534883720931,,,,0.9015461654506765,0.5744706095923684,0.5,0.5,0.9996302325581397,0.518525210537627
apple_health_user,apple_health_daily,apple_health_wearable_activity,2024-04-05,95.4142,55.0,,0.0018372016260162602,0.0018372016260162602,,,,,,,,,,,,,0.0,0.0002792682926828771,0.9997207317073171,0.9997207317073171,,,,0.8904845100271003,0.5828588832241675,0.5,0.5,0.9995810975609757,0.5206099951962858
apple_health_user,apple_health_daily,apple_health_wearable_activity,2024-04-06,70.71776666666666,55.0,,0.0017858333333333333,0.0017858333333333333,,,,,,,,,,,,,0.0,0.0002583333333333604,0.9997416666666666,0.9997416666666666,,,,0.7533062037037036,0.6880802960726118,0.5,0.5,0.9996125,0.5469231990181529
apple_health_user,apple_health_daily,apple_health_wearable_activity,2024-04-07,83.16193333333334,55.0,,0.0015950293255131965,0.0015950293255131965,,,,,,,,,,,,,0.0,8.548387096773968e-05,0.9999145161290323,0.9999145161290323,,,,0.8225616807863583,0.6352780346722057,0.5,0.5,0.9998717741935483,0.5337874522164385
apple_health_user,apple_health_daily,apple_health_wearable_activity,2024-04-08,84.37688535555556,55.0,,0.0015937011494252873,0.0015937011494252873,,,,,,,,,,,,,0.0,0.3302618596551724,0.6697381403448276,0.6697381403448276,,,,0.7192530650404428,0.6301054857112197,0.5,0.5,0.5046072105172414,0.40867817405711526
apple_health_user,apple_health_daily,apple_health_wearable_activity,2024-04-09,98.18236666666667,55.0,,0.0016864543982730708,0.0016864543982730708,,,,,,,,,,,,,0.0,0.00016764705882355013,0.9998323529411764,0.9998323529411764,,,,0.9059506698846715,0.5712217661786236,0.5,0.5,0.9997485294117647,0.5177425738975971
apple_health_user,apple_health_daily,apple_health_wearable_activity,2024-04-10,67.4076,55.0,,0.0015561666666666666,0.0015561666666666666,,,,,,,,,,,,,0.0,8.750000000001812e-05,0.9999125,0.9999125,,,,0.7350498888888889,0.7024069222715567,0.5,0.5,0.99986875,0.5505689180678892
apple_health_user,apple_health_daily,apple_health_wearable_activity,2024-04-11,98.2871,55.0,,0.0014347041847041849,0.0014347041847041849,,,,,,,,,,,,,0.0,4.682539682532294e-05,0.9999531746031747,0.9999531746031747,,,,0.9066567123617123,0.5710281606834776,0.5,0.5,0.999929761904762,0.5177394806470599
apple_health_user,apple_health_daily,apple_health_wearable_activity,2024-04-12,94.80816666666666,55.0,,0.0017485096153846153,0.0017485096153846153,,,,,,,,,,,,,0.0,0.0003320512820512711,0.9996679487179487,0.9996679487179487,,,,0.8871296278490028,0.5855286015108561,0.5,0.5,0.9995019230769231,0.5212576311469448
apple_health_user,apple_health_daily,apple_health_wearable_activity,2024-04-13,77.49766666666666,55.0,,0.0014435714285714288,0.0014435714285714288,,,,,,,,,,,,,0.0,9.499999999995623e-05,0.999905,0.999905,,,,0.7911408465608466,0.6595511987719616,0.5,0.5,0.9998575000000001,0.5398521746929904
apple_health_user,apple_health_daily,apple_health_wearable_activity,2024-04-14,103.68383333333333,55.0,,0.0014650949082980636,0.0014650949082980636,,,,,,,,,,,,,0.0,0.00010797101449278035,0.9998920289855072,0.9998920289855072,,,,0.9366080520998105,0.5480156695497068,0.5,0.5,0.9998380434782608,0.5119634282569919
apple_health_user,apple_health_daily,apple_health_wearable_activity,2024-04-15,78.9417998888889,55.0,,0.0016074535679374386,0.0016074535679374386,,,,,,,,,,,,,0.0,0.3302327964646464,0.6697672035353536,0.6697672035353536,,,,0.6890632493718547,0.6532370422011112,0.5,0.5,0.5046508053030303,0.4144719618760354
apple_health_user,apple_health_daily,apple_health_wearable_activity,2024-04-16,95.49586666666667,55.0,,0.0015250416666666667,0.0015250416666666667,,,,,,,,,,,,,0.0,0.00012604166666663197,0.9998739583333334,0.9998739583333334,,,,0.8910933425925927,0.5828240734271962,0.5,0.5,0.9998109375,0.5206587527317991
apple_health_user,apple_health_daily,apple_health_wearable_activity,2024-04-17,94.54683333333332,55.0,,0.0014226818181818184,0.0014226818181818184,,,,,,,,,,,,,0.0,6.818181818180058e-05,0.9999318181818182,0.9999318181818182,,,,0.8858743417508418,0.5869681625264458,0.5,0.5,0.9998977272727273,0.5217164724497932
apple_health_user,apple_health_daily,apple_health_wearable_activity,2024-04-18,98.88383333333334,55.0,,0.0015133288770053477,0.0015133288770053477,,,,,,,,,,,,,0.0,0.00010514705882358477,0.9998948529411764,0.9998948529411764,,,,0.909926248762131,0.5684081398878476,0.5,0.5,0.9998422794117646,0.517062604824903
apple_health_user,apple_health_daily,apple_health_wearable_activity,2024-04-19,98.59506666666667,55.0,,0.0015104761904761901,0.0015104761904761901,,,,,,,,,,,,,0.0,9.761904761906859e-05,0.9999023809523809,0.9999023809523809,,,,0.9083254497354498,0.5696407145667928,0.5,0.5,0.9998535714285715,0.517373571498841
apple_health_user,apple_health_daily,apple_health_wearable_activity,2024-04-20,84.163,55.0,,0.001474084507042254,0.001474084507042254,,,,,,,,,,,,,0.0,9.499999999995623e-05,0.999905,0.999905,,,,0.8281603051643193,0.631136244150891,0.5,0.5,0.9998575000000001,0.5327484360377228
apple_health_user,apple_health_daily,apple_health_wearable_activity,2024-04-21,89.59753333333333,55.0,,0.0015090714285714286,0.0015090714285714286,,,,,,,,,,,,,0.0,0.00016250000000006537,0.9998374999999999,0.9998374999999999,,,,0.8583179947089947,0.6079581733888714,0.5,0.5,0.9997562499999999,0.5269286058472178
apple_health_user,apple_health_daily,apple_health_wearable_activity,2024-04-22,83.19407791111111,55.0,,0.0016579853031230864,0.0016579853031230864,,,,,,,,,,,,,0.0,0.33023287217391306,0.6697671278260869,0.6697671278260869,,,,0.7126701470138275,0.6350780278098539,0.5,0.5,0.5046506917391305,0.40993217988724606
apple_health_user,apple_health_daily,apple_health_wearable_activity,2024-04-23,98.89923333333334,55.0,,0.0015368977272727275,0.0015368977272727275,,,,,,,,,,,,,0.0,0.00015227272727269536,0.9998477272727273,0.9998477272727273,,,,0.9099882394781145,0.5683189290197667,0.5,0.5,0.999771590909091,0.5170226299822144
apple_health_user,apple_health_daily,apple_health_wearable_activity,2024-04-24,84.5651,55.0,,0.0016335416666666668,0.0016335416666666668,,,,,,,,,,,,,0.0,0.0002562500000000689,0.9997437499999999,0.9997437499999999,,,,0.8302872916666667,0.6292640288313582,0.5,0.5,0.9996156249999999,0.5322199134578396
apple_health_user,apple_health_daily,apple_health_wearable_activity,2024-04-25,93.71549999999999,55.0,,0.0014194917151813702,0.0014194917151813702,,,,,,,,,,,,,0.0,4.741379310346794e-05,0.9999525862068965,0.9999525862068965,,,,0.8812638092750161,0.5905115989453861,0.5,0.5,0.9999288793103448,0.5226101195639327
apple_health_user,apple_health_daily,apple_health_wearable_activity,2024-04-26,86.21873333333333,55.0,,0.0019274264705882351,0.0019274264705882351,,,,,,,,,,,,,0.0,0.0004955882352941643,0.9995044117647058,0.9995044117647058,,,,0.8392964025054465,0.6219273754974527,0.5,0.5,0.9992566176470588,0.5302959982861278
apple_health_user,apple_health_daily,apple_health_wearable_activity,2024-04-27,83.8289,55.0,,0.001358690476190476,0.001358690476190476,,,,,,,,,,,,,0.0,0.0,1.0,1.0,,,,0.8263743253968254,0.6326747038404139,0.5,0.5,1.0,0.5331686759601035
apple_health_user,apple_health_daily,apple_health_wearable_activity,2024-04-28,89.94266666666667,55.0,,0.0014664312617702448,0.0014664312617702448,,,,,,,,,,,,,0.0,0.00011388888888896886,0.999886111111111,0.999886111111111,,,,0.8602658192090397,0.6065311715599195,0.5,0.5,0.9998291666666665,0.5265900845566465
apple_health_user,apple_health_daily,apple_health_wearable_activity,2024-04-29,85.8428608888889,55.0,,0.0014575704948646124,0.0014575704948646124,,,,,,,,,,,,,0.0,0.33011057248677245,0.6698894275132276,0.6698894275132276,,,,0.7274931794999482,0.6239991031086827,0.5,0.5,0.5048341412698414,0.40720831109463096
apple_health_user,apple_health_daily,apple_health_wearable_activity,2024-04-30,99.59723333333334,55.0,,0.0015227543035993738,0.0015227543035993738,,,,,,,,,,,,,0.0,0.00011830985915495251,0.999881690140845,0.999881690140845,,,,0.9138820526864894,0.5653606718181678,0.5,0.5,0.9998225352112675,0.5162958017573589
apple_health_user,apple_health_daily,apple_health_wearable_activity,2024-05-01,82.30446666666667,55.0,,0.001399032258064516,0.001399032258064516,,,,,,,,,,,,,0.0,4.999999999999449e-05,0.99995,0.99995,,,,0.8178751373954599,0.6391260662277409,0.5,0.5,0.999925,0.5347627665569352
apple_health_user,apple_health_daily,apple_health_wearable_activity,2024-05-02,96.99093333333333,55.0,,0.0014631702898550724,0.0014631702898550724,,,,,,,,,,,,,0.0,5.583333333336604e-05,0.9999441666666666,0.9999441666666666,,,,0.8994432950885667,0.576519354507553,0.5,0.5,0.99991625,0.5191089011268882
apple_health_user,apple_health_daily,apple_health_wearable_activity,2024-05-03,96.6497,55.0,,0.0014631155172413791,0.0014631155172413791,,,,,,,,,,,,,0.0,6.896551724144828e-05,0.9999310344827586,0.9999310344827586,,,,0.8975431952107279,0.5779725536473639,0.5,0.5,0.9998965517241378,0.5194672763428754
apple_health_user,apple_health_daily,apple_health_wearable_activity,2024-05-04,90.0181,55.0,,0.0015312414965986394,0.0015312414965986394,,,,,,,,,,,,,0.0,0.00014583333333328952,0.9998541666666667,0.9998541666666667,,,,0.8606526417233559,0.6061449602105159,0.5,0.5,0.9997812500000001,0.526481552552629
apple_health_user,apple_health_daily,apple_health_wearable_activity,2024-05-05,93.81586666666666,55.0,,0.0014205857142857144,0.0014205857142857144,,,,,,,,,,,,,0.0,5.1785714285657036e-05,0.9999482142857143,0.9999482142857143,,,,0.8818195798941799,0.5900830900532841,0.5,0.5,0.9999223214285715,0.5225013528704638
apple_health_user,apple_health_daily,apple_health_wearable_activity,2024-05-06,82.17338537777778,55.0,,0.0016368893756845567,0.0016368893756845567,,,,,,,,,,,,,0.0,0.3302356309090909,0.6697643690909091,0.6697643690909091,,,,0.7070057453371735,0.6394458037196349,0.5,0.5,0.5046465536363636,0.41102308933899967
apple_health_user,apple_health_daily,apple_health_wearable_activity,2024-05-07,79.89976666666666,55.0,,0.0015909427609427608,0.0015909427609427608,,,,,,,,,,,,,0.0,0.00015909090909094203,0.9998409090909091,0.9998409090909091,,,,0.8044153591470259,0.6491740884081467,0.5,0.5,0.9997613636363636,0.5372338630111275
apple_health_user,apple_health_daily,apple_health_wearable_activity,2024-05-08,87.69743333333332,55.0,,0.0013846575342465752,0.0013846575342465752,,,,,,,,,,,,,0.0,2.0000000000020002e-05,0.99998,0.99998,,,,0.8478508548959919,0.6161744968203863,0.5,0.5,0.99997,0.5290361242050966
apple_health_user,apple_health_daily,apple_health_wearable_activity,2024-05-09,98.28983333333333,55.0,,0.0014272807017543861,0.0014272807017543861,,,,,,,,,,,,,0.0,3.859649122806008e-05,0.9999614035087719,0.9999614035087719,,,,0.9066771150097467,0.5710239634705856,0.5,0.5,0.9999421052631579,0.5177415171834359
apple_health_user,apple_health_daily,apple_health_wearable_activity,2024-05-10,85.1698,55.0,,0.001454891304347826,0.001454891304347826,,,,,,,,,,,,,0.0,6.304347826091572e-05,0.9999369565217391,0.9999369565217391,,,,0.833770688405797,0.6268680231250122,0.5,0.5,0.9999054347826086,0.5316933644769052
apple_health_user,apple_health_daily,apple_health_wearable_activity,2024-05-11,96.25383333333333,55.0,,0.0014276217532467534,0.0014276217532467534,,,,,,,,,,,,,0.0,7.142857142850012e-05,0.9999285714285715,0.9999285714285715,,,,0.8953549461880712,0.5796939399189961,0.5,0.5,0.9998928571428572,0.5198966992654633
apple_health_user,apple_health_daily,apple_health_wearable_activity,2024-05-12,92.65353333333334,55.0,,0.0014052254098360657,0.0014052254098360657,,,,,,,,,,,,,0.0,6.875000000006182e-05,0.9999312499999999,0.9999312499999999,,,,0.8753616378263508,0.595048293697737,0.5,0.5,0.9998968749999999,0.5237362921744342
apple_health_user,apple_health_daily,apple_health_wearable_activity,2024-05-13,81.62686268888889,55.0,,0.0014504367666232074,0.0014504367666232074,,,,,,,,,,,,,0.0,0.33028479564102564,0.6697152043589744,0.6697152043589744,,,,0.7040152708023887,0.6419601092838718,0.5,0.5,0.5045728065384616,0.4116332289555833
apple_health_user,apple_health_daily,apple_health_wearable_activity,2024-05-14,100.74906666666666,55.0,,0.0015595721476510068,0.0015595721476510068,,,,,,,,,,,,,0.0,0.00015625000000007994,0.9998437499999999,0.9998437499999999,,,,0.9202562074322644,0.5604186693904002,0.5,0.5,0.9997656249999999,0.5150460735976
apple_health_user,apple_health_daily,apple_health_wearable_activity,2024-05-15,85.62796666666667,55.0,,0.0019869541778975743,0.0019869541778975743,,,,,,,,,,,,,0.0,0.0005321428571428699,0.9994678571428571,0.9994678571428571,,,,0.8359823380253569,0.6243834771048447,0.5,0.5,0.9992017857142856,0.5308963157047826
apple_health_user,apple_health_daily,apple_health_wearable_activity,2024-05-16,86.09553333333334,55.0,,0.0014570511363636363,0.0014570511363636363,,,,,,,,,,,,,0.0,5.468750000003908e-05,0.9999453125,0.9999453125,,,,0.8389157167508419,0.6229236166704797,0.5,0.5,0.9999179687499999,0.5307103963551199
apple_health_user,apple_health_daily,apple_health_wearable_activity,2024-05-17,97.40486666666666,55.0,,0.0014955646965907595,0.0014955646965907595,,,,,,,,,,,,,0.0,9.084507042256273e-05,0.9999091549295774,0.9999091549295774,,,,0.9017204560035882,0.5747241386081124,0.5,0.5,0.9998637323943662,0.5186469677506197
apple_health_user,apple_health_daily,apple_health_wearable_activity,2024-05-18,82.54156666666667,55.0,,0.00167479525862069,0.00167479525862069,,,,,,,,,,,,,0.0,0.00025781250000000977,0.9997421875,0.9997421875,,,,0.8190311677841634,0.6378398974332842,0.5,0.5,0.99961328125,0.534363294670821
apple_health_user,apple_health_daily,apple_health_wearable_activity,2024-05-19,85.31753333333333,55.0,,0.0015244444444444446,0.0015244444444444446,,,,,,,,,,,,,0.0,0.0001277777777777267,0.9998722222222223,0.9998722222222223,,,,0.8345466666666667,0.6261691666003452,0.5,0.5,0.9998083333333334,0.5314943749834197
apple_health_user,apple_health_daily,apple_health_wearable_activity,2024-05-20,61.30222033333333,55.0,,0.0016232692307692306,0.0016232692307692306,,,,,,,,,,,,,0.0,0.3303335500000001,0.6696664499999999,0.6696664499999999,,,,0.5910267287749287,0.7283394424098053,0.5,0.5,0.5044996749999999,0.4332097793524513
apple_health_user,apple_health_daily,apple_health_wearable_activity,2024-05-21,73.90113333333333,55.0,,0.0014281538461538461,0.0014281538461538461,,,,,,,,,,,,,0.0,4.615384615380691e-05,0.9999538461538462,0.9999538461538462,,,,0.7711815270655271,0.6748825153474864,0.5,0.5,0.9999307692307693,0.5437033211445639
apple_health_user,apple_health_daily,apple_health_wearable_activity,2024-05-22,100.88763333333333,55.0,,0.0014385231023102307,0.0014385231023102307,,,,,,,,,,,,,0.0,5.416666666668846e-05,0.9999458333333333,0.9999458333333333,,,,0.9211003997066373,0.5599499448615418,0.5,0.5,0.99991875,0.5149671737153855
apple_health_user,apple_health_daily,apple_health_wearable_activity,2024-05-23,82.65053333333333,55.0,,0.002374166666666667,0.002374166666666667,,,,,,,,,,,,,0.0,0.0009541666666665893,0.9990458333333334,0.9990458333333334,,,,0.8191712962962963,0.6366746800094429,0.5,0.5,0.9985687500000001,0.5338108575023608
apple_health_user,apple_health_daily,apple_health_wearable_activity,2024-05-24,78.11546666666666,55.0,,0.0014698611111111112,0.0014698611111111112,,,,,,,,,,,,,0.0,8.999999999992347e-05,0.9999100000000001,0.9999100000000001,,,,0.7945659722222222,0.6568939359630702,0.5,0.5,0.9998650000000001,0.5391897339907676
apple_health_user,apple_health_daily,apple_health_wearable_activity,2024-05-25,94.68516666666667,55.0,,0.0013638006072874491,0.0013638006072874491,,,,,,,,,,,,,0.0,2.3076923076903455e-05,0.9999769230769231,0.9999769230769231,,,,0.8866775223046933,0.5864381028504377,0.5,0.5,0.9999653846153846,0.5216008718664555
apple_health_user,apple_health_daily,apple_health_wearable_activity,2024-05-26,96.82073333333334,55.0,,0.0014493295019157087,0.0014493295019157087,,,,,,,,,,,,,0.0,7.777777777784323e-05,0.9999222222222222,0.9999222222222222,,,,0.8984950383141763,0.5772580288670308,0.5,0.5,0.9998833333333332,0.519285340550091
apple_health_user,apple_health_daily,apple_health_wearable_activity,2024-05-27,83.79314491111111,55.0,,0.0015719630245118405,0.0015719630245118405,,,,,,,,,,,,,0.0,0.3303531148275862,0.6696468851724138,0.6696468851724138,,,,0.7159868902221401,0.6326131423531696,0.5,0.5,0.5044703277586207,0.4092708675279475
apple_health_user,apple_health_daily,apple_health_wearable_activity,2024-05-28,99.49003333333333,55.0,,0.0015429285714285716,0.0015429285714285716,,,,,,,,,,,,,0.0,0.00014142857142851462,0.9998585714285715,0.9998585714285715,,,,0.9132720661375661,0.5657969571673855,0.5,0.5,0.9997878571428572,0.5163962035775607
apple_health_user,apple_health_daily,apple_health_wearable_activity,2024-05-29,70.76363333333333,55.0,,0.001783103448275862,0.001783103448275862,,,,,,,,,,,,,0.0,0.0003500000000000725,0.9996499999999999,0.9996499999999999,,,,0.7535313729246488,0.68788770954689,0.5,0.5,0.9994749999999999,0.5468406773867225
apple_health_user,apple_health_daily,apple_health_wearable_activity,2024-05-30,96.2713,55.0,,0.0015838540055675844,0.0015838540055675844,,,,,,,,,,,,,0.0,0.00018196721311469766,0.9998180327868853,0.9998180327868853,,,,0.8953630595937726,0.5794629212459927,0.5,0.5,0.999727049180328,0.5197974926065801
apple_health_user,apple_health_daily,apple_health_wearable_activity,2024-05-31,71.321,55.0,,0.0016635119047619046,0.0016635119047619046,,,,,,,,,,,,,0.0,0.00022083333333333677,0.9997791666666667,0.9997791666666667,,,,0.7567107738095239,0.6856340613953197,0.5,0.5,0.99966875,0.54632570284883
apple_health_user,apple_health_daily,apple_health_wearable_activity,2024-06-01,96.87813333333332,55.0,,0.0014433999999999998,0.0014433999999999998,,,,,,,,,,,,,0.0,8.399999999997299e-05,0.999916,0.999916,,,,0.8988138296296296,0.5770195354724266,0.5,0.5,0.999874,0.5192233838681066
apple_health_user,apple_health_daily,apple_health_wearable_activity,2024-06-02,74.25456666666668,55.0,,0.0018310919540229888,0.0018310919540229888,,,,,,,,,,,,,0.0,0.00038333333333340214,0.9996166666666666,0.9996166666666666,,,,0.7728983397190294,0.6729734359580971,0.5,0.5,0.9994249999999999,0.5430996089895243
apple_health_user,apple_health_daily,apple_health_wearable_activity,2024-06-03,88.94167411111111,55.0,,0.0015063179547458124,0.0015063179547458124,,,,,,,,,,,,,0.0,0.3301652351405622,0.6698347648594378,0.6698347648594378,,,,0.7446743384744036,0.6107539144787225,0.5,0.5,0.5047521472891567,0.4038765154419698
apple_health_user,apple_health_daily,apple_health_wearable_activity,2024-06-04,96.7303,55.0,,0.0014786309523809524,0.0014786309523809524,,,,,,,,,,,,,0.0,7.738095238096765e-05,0.999922619047619,0.999922619047619,,,,0.8979829960317459,0.5776137624496588,0.5,0.5,0.9998839285714285,0.5193744227552718
apple_health_user,apple_health_daily,apple_health_wearable_activity,2024-06-05,83.49510000000001,55.0,,0.0014120588235294119,0.0014120588235294119,,,,,,,,,,,,,0.0,4.3333333333395174e-05,0.9999566666666666,0.9999566666666666,,,,0.8244876470588235,0.6340426866426376,0.5,0.5,0.9999349999999999,0.5334944216606594
apple_health_user,apple_health_daily,apple_health_wearable_activity,2024-06-06,109.10803333333334,55.0,,0.0014808000000000002,0.0014808000000000002,,,,,,,,,,,,,0.0,8.125000000003268e-05,0.99991875,0.99991875,,,,0.9667461685185185,0.5249009351046166,0.5,0.5,0.999878125,0.5061947650261541
apple_health_user,apple_health_daily,apple_health_wearable_activity,2024-06-07,78.38033333333334,55.0,,0.0014769444444444448,0.0014769444444444448,,,,,,,,,,,,,0.0,6.875000000006182e-05,0.9999312499999999,0.9999312499999999,,,,0.7960421759259259,0.6557588979787466,0.5,0.5,0.9998968749999999,0.5389139432446867
apple_health_user,apple_health_daily,apple_health_wearable_activity,2024-06-08,101.8845,55.0,,0.0013823120567375885,0.0013823120567375885,,,,,,,,,,,,,0.0,3.297872340424224e-05,0.9999670212765958,0.9999670212765958,,,,0.9266643475177304,0.5557611386850574,0.5,0.5,0.9999505319148936,0.5139279176499878
apple_health_user,apple_health_daily,apple_health_wearable_activity,2024-06-09,87.19566666666667,55.0,,0.0013867614269788186,0.0013867614269788186,,,,,,,,,,,,,0.0,1.3043478260810204e-05,0.9999869565217392,0.9999869565217392,,,,0.8450648798464017,0.6183091638820273,0.5,0.5,0.9999804347826088,0.529572399666159
apple_health_user,apple_health_daily,apple_health_wearable_activity,2024-06-10,76.04006293333333,55.0,,0.0017711442006269592,0.0017711442006269592,,,,,,,,,,,,,0.0,0.3303648096969697,0.6696351903030303,0.6696351903030303,,,,0.6728439205526531,0.6654299922164261,0.5,0.5,0.5044527854545455,0.41747069441774287
apple_health_user,apple_health_daily,apple_health_wearable_activity,2024-06-11,99.7702,55.0,,0.0014335383516931861,0.0014335383516931861,,,,,,,,,,,,,0.0,3.859649122806008e-05,0.9999614035087719,0.9999614035087719,,,,0.9148992883856929,0.5647135391648359,0.5,0.5,0.9999421052631579,0.5161639111069984
apple_health_user,apple_health_daily,apple_health_wearable_activity,2024-06-12,76.31366666666666,55.0,,0.0013609756097560976,0.0013609756097560976,,,,,,,,,,,,,0.0,0.0,1.0,1.0,,,,0.7846222673893406,0.6646760796478481,0.5,0.5,1.0,0.5411690199119621
apple_health_user,apple_health_daily,apple_health_wearable_activity,2024-06-13,87.405,55.0,,0.0014680769230769233,0.0014680769230769233,,,,,,,,,,,,,0.0,9.999999999998899e-05,0.9999,0.9999,,,,0.8461717521367521,0.6173361905717734,0.5,0.5,0.99985,0.5292965476429433
apple_health_user,apple_health_daily,apple_health_wearable_activity,2024-06-14,75.25786666666667,55.0,,0.0013868686868686868,0.0013868686868686868,,,,,,,,,,,,,0.0,5.909090909095305e-05,0.999940909090909,0.999940909090909,,,,0.7787283838383838,0.6691462502501018,0.5,0.5,0.9999113636363636,0.5422644034716164
apple_health_user,apple_health_daily,apple_health_wearable_activity,2024-06-15,76.84626666666666,55.0,,0.0014824999999999999,0.0014824999999999999,,,,,,,,,,,,,0.0,5.500000000002725e-05,0.999945,0.999945,,,,0.7875223148148148,0.6622861602690122,0.5,0.5,0.9999175,0.5405509150672531
apple_health_user,apple_health_daily,apple_health_wearable_activity,2024-06-16,90.0659,55.0,,0.0014594297719087636,0.0014594297719087636,,,,,,,,,,,,,0.0,7.647058823523345e-05,0.9999235294117648,0.9999235294117648,,,,0.8609652554355076,0.6060134012784397,0.5,0.5,0.9998852941176471,0.5264746738490217
apple_health_user,apple_health_daily,apple_health_wearable_activity,2024-06-17,79.85461462222221,55.0,,0.0014548780487804876,0.0014548780487804876,,,,,,,,,,,,,0.0,0.33020012666666665,0.6697998733333334,0.6697998733333334,,,,0.6941961907738633,0.6495027856731163,0.5,0.5,0.50469981,0.4135506489182791
apple_health_user,apple_health_daily,apple_health_wearable_activity,2024-06-18,106.56903333333332,55.0,,0.0015208293650793652,0.0015208293650793652,,,,,,,,,,,,,0.0,0.00013472222222221664,0.9998652777777778,0.9998652777777778,,,,0.9526094457671958,0.5356731490382365,0.5,0.5,0.9997979166666666,0.5088677664262258
apple_health_user,apple_health_daily,apple_health_wearable_activity,2024-06-19,91.86240000000001,55.0,,0.0014307142857142856,0.0014307142857142856,,,,,,,,,,,,,0.0,4.999999999999449e-05,0.99995,0.99995,,,,0.8709642063492063,0.5983917849380753,0.5,0.5,0.999925,0.5245791962345188
apple_health_user,apple_health_daily,apple_health_wearable_activity,2024-06-20,95.38186666666667,55.0,,0.0014544776119402986,0.0014544776119402986,,,,,,,,,,,,,0.0,4.0000000000040004e-05,0.99996,0.99996,,,,0.8905122111663903,0.5833802898787736,0.5,0.5,0.9999399999999999,0.5208300724696934
apple_health_user,apple_health_daily,apple_health_wearable_activity,2024-06-21,97.951,55.0,,0.0014525665483584738,0.0014525665483584738,,,,,,,,,,,,,0.0,5.108695652178419e-05,0.9999489130434782,0.9999489130434782,,,,0.9047821154983732,0.5724415359649908,0.5,0.5,0.9999233695652173,0.5180912263825521
apple_health_user,apple_health_daily,apple_health_wearable_activity,2024-06-22,94.0852,55.0,,0.0015009893048128346,0.0015009893048128346,,,,,,,,,,,,,0.0,0.00013863636363642406,0.9998613636363636,0.9998613636363636,,,,0.8832601247771836,0.588855520644775,0.5,0.5,0.9997920454545454,0.5221618915248301
apple_health_user,apple_health_daily,apple_health_wearable_activity,2024-06-23,95.62436666666667,55.0,,0.0014568857493857492,0.0014568857493857492,,,,,,,,,,,,,0.0,8.18181818181829e-05,0.9999181818181818,0.9999181818181818,,,,0.8918446912821913,0.5823451877813264,0.5,0.5,0.9998772727272727,0.5205556151271498
apple_health_user,apple_health_daily,apple_health_wearable_activity,2024-06-24,82.84896426666667,55.0,,0.0014433962264150946,0.0014433962264150946,,,,,,,,,,,,,0.0,0.3301717066666666,0.6698282933333334,0.6698282933333334,,,,0.7108447671837875,0.6367628410515656,0.5,0.5,0.50474244,0.4103763202628914
apple_health_user,apple_health_daily,apple_health_wearable_activity,2024-06-25,92.0082,55.0,,0.0016662195121951219,0.0016662195121951219,,,,,,,,,,,,,0.0,0.00026999999999999247,0.99973,0.99973,,,,0.8716223712737127,0.5975347797578687,0.5,0.5,0.999595,0.5242824449394672
apple_health_user,apple_health_daily,apple_health_wearable_activity,2024-06-26,94.8732,55.0,,0.0014530681818181819,0.0014530681818181819,,,,,,,,,,,,,0.0,5.500000000002725e-05,0.999945,0.999945,,,,0.8876817550505051,0.5855478630518831,0.5,0.5,0.9999175,0.5213663407629707
apple_health_user,apple_health_daily,apple_health_wearable_activity,2024-06-27,99.49176666666668,55.0,,0.0015171040327293982,0.0015171040327293982,,,,,,,,,,,,,0.0,0.00012796610169485412,0.9998720338983051,0.9998720338983051,,,,0.9132947914366735,0.5658154671600913,0.5,0.5,0.9998080508474577,0.5164058795018872
apple_health_user,apple_health_daily,apple_health_wearable_activity,2024-06-28,83.29293333333334,55.0,,0.0017090697674418604,0.0017090697674418604,,,,,,,,,,,,,0.0,0.0003250000000000197,0.999675,0.999675,,,,0.8231716063738156,0.6346058346615541,0.5,0.5,0.9995125,0.5335295836653885
apple_health_user,apple_health_daily,apple_health_wearable_activity,2024-06-29,100.08136666666667,55.0,,0.0014443176052765098,0.0014443176052765098,,,,,,,,,,,,,0.0,7.685185185191123e-05,0.9999231481481481,0.9999231481481481,,,,0.9166116472179943,0.5633776268592388,0.5,0.5,0.9998847222222221,0.5158155872703653
apple_health_user,apple_health_daily,apple_health_wearable_activity,2024-06-30,86.09926666666667,55.0,,0.0014587990196078431,0.0014587990196078431,,,,,,,,,,,,,0.0,5.588235294118338e-05,0.9999441176470588,0.9999441176470588,,,,0.8389354765795206,0.6229059658389335,0.5,0.5,0.9999161764705882,0.5307055355773804
apple_health_user,apple_health_daily,apple_health_wearable_activity,2024-07-01,74.60566497777778,55.0,,0.0014464583333333334,0.0014464583333333334,,,,,,,,,,,,,0.0,0.33020632444444453,0.6697936755555555,0.6697936755555555,,,,0.6650361000617283,0.6718639111737476,0.5,0.5,0.5046905133333333,0.41913860612677023
apple_health_user,apple_health_daily,apple_health_wearable_activity,2024-07-02,95.5792,55.0,,0.001401530612244898,0.001401530612244898,,,,,,,,,,,,,0.0,2.6530612244890506e-05,0.9999734693877551,0.9999734693877551,,,,0.8916306462585034,0.5825930287679487,0.5,0.5,0.9999602040816327,0.5206383082123953
apple_health_user,apple_health_daily,apple_health_wearable_activity,2024-07-03,93.31573333333333,55.0,,0.001482611111111111,0.001482611111111111,,,,,,,,,,,,,0.0,8.750000000001812e-05,0.9999125,0.9999125,,,,0.8790084814814815,0.5921507249029441,0.5,0.5,0.99986875,0.523004868725736
apple_health_user,apple_health_daily,apple_health_wearable_activity,2024-07-04,106.06540000000001,55.0,,0.0014478871340523885,0.0014478871340523885,,,,,,,,,,,,,0.0,8.352272727274457e-05,0.9999164772727273,0.9999164772727273,,,,0.9498528633795583,0.5378910057434059,0.5,0.5,0.9998747159090908,0.5094414304131242
apple_health_user,apple_health_daily,apple_health_wearable_activity,2024-07-05,85.5971,55.0,,0.002399166666666667,0.002399166666666667,,,,,,,,,,,,,0.0,0.000987499999999919,0.9990125000000001,0.9990125000000001,,,,0.8355216666666667,0.6241016432087649,0.5,0.5,0.9985187500000001,0.5306550983021913
apple_health_user,apple_health_daily,apple_health_wearable_activity,2024-07-06,80.43016666666666,55.0,,0.0017578571428571426,0.0017578571428571426,,,,,,,,,,,,,0.0,0.00032999999999994145,0.9996700000000001,0.9996700000000001,,,,0.807249417989418,0.6467480302278636,0.5,0.5,0.9995050000000001,0.5365632575569659
apple_health_user,apple_health_daily,apple_health_wearable_activity,2024-07-07,88.1011,55.0,,0.0014454005167958655,0.0014454005167958655,,,,,,,,,,,,,0.0,3.888888888892161e-05,0.9999611111111111,0.9999611111111111,,,,0.8500669035314384,0.6143945796078221,0.5,0.5,0.9999416666666666,0.5285840615686221
apple_health_user,apple_health_daily,apple_health_wearable_activity,2024-07-08,73.38809193333333,55.0,,0.0013964423076923077,0.0013964423076923077,,,,,,,,,,,,,0.0,0.3300924848717949,0.6699075151282051,0.6699075151282051,,,,0.6583264239031339,0.6770990989152545,0.5,0.5,0.5048612726923076,0.42049009290189054
apple_health_user,apple_health_daily,apple_health_wearable_activity,2024-07-09,93.3417,55.0,,0.0014420079787234043,0.0014420079787234043,,,,,,,,,,,,,0.0,4.062500000001634e-05,0.999959375,0.999959375,,,,0.8791819001182034,0.5920808539564877,0.5,0.5,0.9999390625,0.5230049791141219
apple_health_user,apple_health_daily,apple_health_wearable_activity,2024-07-10,96.0826,55.0,,0.0014603841991341993,0.0014603841991341993,,,,,,,,,,,,,0.0,6.818181818180058e-05,0.9999318181818182,0.9999318181818182,,,,0.8943938113275615,0.5803902908364644,0.5,0.5,0.9998977272727273,0.520072004527298
apple_health_user,apple_health_daily,apple_health_wearable_activity,2024-07-11,91.94003333333333,55.0,,0.0014936440677966103,0.0014936440677966103,,,,,,,,,,,,,0.0,9.999999999998899e-05,0.9999,0.9999,,,,0.8713578593848085,0.5979980901968804,0.5,0.5,0.99985,0.52446202254922
apple_health_user,apple_health_daily,apple_health_wearable_activity,2024-07-12,93.5123,55.0,,0.0014896107506950878,0.0014896107506950878,,,,,,,,,,,,,0.0,8.653846153849898e-05,0.9999134615384615,0.9999134615384615,,,,0.8800985058181444,0.5913066267944691,0.5,0.5,0.9998701923076923,0.5227942047755403
apple_health_user,apple_health_daily,apple_health_wearable_activity,2024-07-13,80.69273333333334,55.0,,0.0015350520833333334,0.0015350520833333334,,,,,,,,,,,,,0.0,0.00011333333333340967,0.9998866666666666,0.9998866666666666,,,,0.8088546122685184,0.6458532704243262,0.5,0.5,0.9998299999999999,0.5364208176060815
apple_health_user,apple_health_daily,apple_health_wearable_activity,2024-07-14,71.53706666666668,55.0,,0.0015856666666666666,0.0015856666666666666,,,,,,,,,,,,,0.0,0.00014166666666670658,0.9998583333333333,0.9998583333333333,,,,0.7579634814814815,0.6847919869751431,0.5,0.5,0.9997874999999999,0.5461448717437858
apple_health_user,apple_health_daily,apple_health_wearable_activity,2024-07-15,77.21451502222223,55.0,,0.0014364625850340135,0.0014364625850340135,,,,,,,,,,,,,0.0,0.33024623111111107,0.6697537688888889,0.6697537688888889,,,,0.6795197411136306,0.6607641290216156,0.5,0.5,0.5046306533333333,0.4163486955887372
apple_health_user,apple_health_daily,apple_health_wearable_activity,2024-07-16,93.61653333333334,55.0,,0.001449699300699301,0.001449699300699301,,,,,,,,,,,,,0.0,4.615384615380691e-05,0.9999538461538462,0.9999538461538462,,,,0.8807043452473452,0.5909027632987084,0.5,0.5,0.9999307692307693,0.5227083831323694
apple_health_user,apple_health_daily,apple_health_wearable_activity,2024-07-17,104.6325,55.0,,0.0016193055555555555,0.0016193055555555555,,,,,,,,,,,,,0.0,0.00021874999999993427,0.9997812500000001,0.9997812500000001,,,,0.9417900925925927,0.5438211568525226,0.5,0.5,0.9996718750000001,0.5108732579631308
apple_health_user,apple_health_daily,apple_health_wearable_activity,2024-07-18,98.88843333333332,55.0,,0.0014523113506658214,0.0014523113506658214,,,,,,,,,,,,,0.0,8.026315789466665e-05,0.9999197368421053,0.9999197368421053,,,,0.9099804381267762,0.5684497262719699,0.5,0.5,0.999879605263158,0.5170823328837819
apple_health_user,apple_health_daily,apple_health_wearable_activity,2024-07-19,92.6242,55.0,,0.0014485518292682927,0.0014485518292682927,,,,,,,,,,,,,0.0,6.562499999995808e-05,0.999934375,0.999934375,,,,0.875185274390244,0.5951297712765268,0.5,0.5,0.9999015625000001,0.5237578334441317
apple_health_user,apple_health_daily,apple_health_wearable_activity,2024-07-20,78.43873333333333,55.0,,0.0014516908212560391,0.0014516908212560391,,,,,,,,,,,,,0.0,2.777777777773771e-05,0.9999722222222223,0.9999722222222223,,,,0.796388695652174,0.6555355202330885,0.5,0.5,0.9999583333333334,0.5388734633916055
apple_health_user,apple_health_daily,apple_health_wearable_activity,2024-07-21,64.02193333333334,55.0,,0.0014199999999999998,0.0014199999999999998,,,,,,,,,,,,,0.0,0.0,1.0,1.0,,,,0.7163151851851852,0.7169613235907477,0.5,0.5,1.0,0.5542403308976869
apple_health_user,apple_health_daily,apple_health_wearable_activity,2024-07-22,73.55068244444445,55.0,,0.002383488372093023,0.002383488372093023,,,,,,,,,,,,,0.0,0.3309293666666666,0.6690706333333334,0.6690706333333334,,,,0.658621728567327,0.6754171045239937,0.5,0.5,0.5036059500000001,0.4197557636309984
apple_health_user,apple_health_daily,apple_health_wearable_activity,2024-07-23,74.5521,55.0,,0.00157925,0.00157925,,,,,,,,,,,,,0.0,0.00019374999999999254,0.99980625,0.99980625,,,,0.7746984444444444,0.6719588824683291,0.5,0.5,0.999709375,0.5429170643670823
apple_health_user,apple_health_daily,apple_health_wearable_activity,2024-07-24,93.37316666666666,55.0,,0.0014575947187141218,0.0014575947187141218,,,,,,,,,,,,,0.0,5.1923076923143796e-05,0.9999480769230769,0.9999480769230769,,,,0.8793477533273801,0.591931225868139,0.5,0.5,0.9999221153846153,0.5229633353131886
apple_health_user,apple_health_daily,apple_health_wearable_activity,2024-07-25,95.31136666666666,55.0,,0.0014641588067558677,0.0014641588067558677,,,,,,,,,,,,,0.0,7.44680851063606e-05,0.9999255319148936,0.9999255319148936,,,,0.8901058280730828,0.5836708082963193,0.5,0.5,0.9998882978723405,0.520889776542165
apple_health_user,apple_health_daily,apple_health_wearable_activity,2024-07-26,76.21613333333333,55.0,,0.0018826648351648353,0.0018826648351648353,,,,,,,,,,,,,0.0,0.00044285714285718925,0.9995571428571428,0.9995571428571428,,,,0.7837589000814001,0.6645683859648985,0.5,0.5,0.9993357142857142,0.5409760250626532
apple_health_user,apple_health_daily,apple_health_wearable_activity,2024-07-27,96.9945,55.0,,0.001532431752873563,0.001532431752873563,,,,,,,,,,,,,0.0,0.00011982758620687761,0.9998801724137931,0.9998801724137931,,,,0.8994186913314177,0.5764347250419919,0.5,0.5,0.9998202586206897,0.5190637459156704
apple_health_user,apple_health_daily,apple_health_wearable_activity,2024-07-28,87.13573333333333,55.0,,0.0014931164570803719,0.0014931164570803719,,,,,,,,,,,,,0.0,8.870967741936298e-05,0.9999112903225806,0.9999112903225806,,,,0.8446712431403519,0.618457759943424,0.5,0.5,0.999866935483871,0.5295811738568237
apple_health_user,apple_health_daily,apple_health_wearable_activity,2024-07-29,83.82935022222222,55.0,,0.001626432969215491,0.001626432969215491,,,,,,,,,,,,,0.0,0.33032597987421386,0.6696740201257861,0.6696740201257861,,,,0.716178919175647,0.632404350838049,0.5,0.5,0.5045110301886793,0.4092288452566821
apple_health_user,apple_health_daily,apple_health_wearable_activity,2024-07-30,73.1574,55.0,,0.0017930184331797234,0.0017930184331797234,,,,,,,,,,,,,0.0,0.000367857142857142,0.9996321428571429,0.9996321428571429,,,,0.7668208192524322,0.6776838989813553,0.5,0.5,0.9994482142857143,0.5442830283167673
apple_health_user,apple_health_daily,apple_health_wearable_activity,2024-07-31,84.392,55.0,,0.00156626254180602,0.00156626254180602,,,,,,,,,,,,,0.0,0.0001461538461537959,0.9998538461538462,0.9998538461538462,,,,0.8293847500929022,0.6300686295572195,0.5,0.5,0.9997807692307693,0.5324623496969971
apple_health_user,apple_health_daily,apple_health_wearable_activity,2024-08-01,84.93936666666667,55.0,,0.0014220212765957447,0.0014220212765957447,,,,,,,,,,,,,0.0,2.999999999997449e-05,0.99997,0.99997,,,,0.8325124743892829,0.627882280010894,0.5,0.5,0.999955,0.5319593200027235
apple_health_user,apple_health_daily,apple_health_wearable_activity,2024-08-02,95.6674,55.0,,0.0014353301886792453,0.0014353301886792453,,,,,,,,,,,,,0.0,3.7500000000023626e-05,0.9999625,0.9999625,,,,0.8921057232704402,0.5821835414416726,0.5,0.5,0.9999437499999999,0.5205318228604181
apple_health_user,apple_health_daily,apple_health_wearable_activity,2024-08-03,95.37073333333333,55.0,,0.0014134064171122996,0.0014134064171122996,,,,,,,,,,,,,0.0,2.0588235294161095e-05,0.9999794117647058,0.9999794117647058,,,,0.8904705203010498,0.5834688787823007,0.5,0.5,0.9999691176470588,0.5208594991073399
apple_health_user,apple_health_daily,apple_health_wearable_activity,2024-08-04,87.29893333333334,55.0,,0.0014027503974562798,0.0014027503974562798,,,,,,,,,,,,,0.0,2.0588235294161095e-05,0.9999794117647058,0.9999794117647058,,,,0.8456307389742683,0.6178533717850543,0.5,0.5,0.9999691176470588,0.5294556223580282
apple_health_user,apple_health_daily,apple_health_wearable_activity,2024-08-05,74.76155535555556,55.0,,0.0014566477272727272,0.0014566477272727272,,,,,,,,,,,,,0.0,0.33012485181818185,0.6698751481818181,0.6698751481818181,,,,0.6659259187934904,0.6711898352756744,0.5,0.5,0.5048127222727272,0.4190006393871004
apple_health_user,apple_health_daily,apple_health_wearable_activity,2024-08-06,95.39126666666667,55.0,,0.0015172222222222219,0.0015172222222222219,,,,,,,,,,,,,0.0,0.00011388888888896886,0.999886111111111,0.999886111111111,,,,0.8905188888888889,0.5832773528538183,0.5,0.5,0.9998291666666665,0.5207766298801212
apple_health_user,apple_health_daily,apple_health_wearable_activity,2024-08-07,94.80116666666666,55.0,,0.0016734772978959029,0.0016734772978959029,,,,,,,,,,,,,0.0,0.0002595238095237651,0.9997404761904762,0.9997404761904762,,,,0.8871399255567859,0.5856336376435879,0.5,0.5,0.9996107142857144,0.5213110879823255
apple_health_user,apple_health_daily,apple_health_wearable_activity,2024-08-08,89.1309,55.0,,0.0014129979360165117,0.0014129979360165117,,,,,,,,,,,,,0.0,1.7647058823566653e-05,0.9999823529411764,0.9999823529411764,,,,0.8558058961128312,0.6100416565216866,0.5,0.5,0.9999735294117647,0.5275037964833629
apple_health_user,apple_health_daily,apple_health_wearable_activity,2024-08-09,94.69216666666667,55.0,,0.0014545054945054945,0.0014545054945054945,,,,,,,,,,,,,0.0,7.142857142850012e-05,0.9999285714285715,0.9999285714285715,,,,0.886670059015059,0.5863173535687696,0.5,0.5,0.9998928571428572,0.5215525526779067
apple_health_user,apple_health_daily,apple_health_wearable_activity,2024-08-10,103.27186666666667,55.0,,0.0014551869824016564,0.0014551869824016564,,,,,,,,,,,,,0.0,7.246376811598232e-05,0.999927536231884,0.999927536231884,,,,0.9343344867868645,0.5497799656846525,0.5,0.5,0.999891304347826,0.5124178175081195
apple_health_user,apple_health_daily,apple_health_wearable_activity,2024-08-11,90.18053333333333,55.0,,0.0016761666666666667,0.0016761666666666667,,,,,,,,,,,,,0.0,0.00024999999999997247,0.99975,0.99975,,,,0.8614720185185186,0.605307936464224,0.5,0.5,0.999625,0.526233234116056
apple_health_user,apple_health_daily,apple_health_wearable_activity,2024-08-12,82.83528597777777,55.0,,0.0015296291560102301,0.0015296291560102301,,,,,,,,,,,,,0.0,0.3301516749275363,0.6698483250724637,0.6698483250724637,,,,0.7107467096264721,0.6367346339252516,0.5,0.5,0.5047724876086956,0.4103767803834868
apple_health_user,apple_health_daily,apple_health_wearable_activity,2024-08-13,57.8431,55.0,,0.0028899999999999998,0.0028899999999999998,,,,,,,,,,,,,0.0,0.0,1.0,1.0,,,,0.6814983333333333,0.7418001168161379,0.5,0.5,1.0,0.5604500292040344
apple_health_user,apple_health_daily,apple_health_wearable_activity,2024-08-14,90.21533333333333,55.0,,0.0017655072463768119,0.0017655072463768119,,,,,,,,,,,,,0.0,0.0003450000000000397,0.999655,0.999655,,,,0.8616039049919485,0.6050701685534308,0.5,0.5,0.9994824999999999,0.5261381671383577
apple_health_user,apple_health_daily,apple_health_wearable_activity,2024-08-15,94.3501,55.0,,0.0014253628447024672,0.0014253628447024672,,,,,,,,,,,,,0.0,1.9230769230826894e-05,0.9999807692307692,0.9999807692307692,,,,0.8847968021286888,0.5878032646547791,0.5,0.5,0.9999711538461538,0.5219436046252333
apple_health_user,apple_health_daily,apple_health_wearable_activity,2024-08-16,95.11756666666668,55.0,,0.0014623275862068964,0.0014623275862068964,,,,,,,,,,,,,0.0,8.000000000008001e-05,0.9999199999999999,0.9999199999999999,,,,0.8890279278416348,0.5844979427369311,0.5,0.5,0.9998799999999999,0.5210944856842328
apple_health_user,apple_health_daily,apple_health_wearable_activity,2024-08-17,89.56763333333333,55.0,,0.0014578048780487806,0.0014578048780487806,,,,,,,,,,,,,0.0,4.999999999999449e-05,0.99995,0.99995,,,,0.8582064724480577,0.6081369020099101,0.5,0.5,0.999925,0.5270154755024775
apple_health_user,apple_health_daily,apple_health_wearable_activity,2024-08-18,60.86096666666667,55.0,,0.0019658333333333333,0.0019658333333333333,,,,,,,,,,,,,0.0,0.0004999999999999449,0.9995,0.9995,,,,0.6984056481481482,0.7298750727680701,0.5,0.5,0.9992500000000001,0.5572812681920175
apple_health_user,apple_health_daily,apple_health_wearable_activity,2024-08-19,74.55917077777778,55.0,,0.0014307291666666667,0.0014307291666666667,,,,,,,,,,,,,0.0,0.33014345,0.66985655,0.66985655,,,,0.6648040001543211,0.672077676899639,0.5,0.5,0.504784825,0.41921562547490976
apple_health_user,apple_health_daily,apple_health_wearable_activity,2024-08-20,85.40016666666666,55.0,,0.00149484375,0.00149484375,,,,,,,,,,,,,0.0,0.00010624999999997442,0.99989375,0.99989375,,,,0.8350227835648149,0.6258469493839345,0.5,0.5,0.999840625,0.5314218935959836
apple_health_user,apple_health_daily,apple_health_wearable_activity,2024-08-21,95.6089,55.0,,0.00154663890739507,0.00154663890739507,,,,,,,,,,,,,0.0,0.00013815789473681228,0.9998618421052632,0.9998618421052632,,,,0.8917100677326228,0.5823210671297135,0.5,0.5,0.9997927631578948,0.5205284575719021
apple_health_user,apple_health_daily,apple_health_wearable_activity,2024-08-22,70.36253333333333,55.0,,0.00140775,0.00140775,,,,,,,,,,,,,0.0,2.4999999999941735e-05,0.9999750000000001,0.9999750000000001,,,,0.7515364907407408,0.6899721216447643,0.5,0.5,0.9999625000000001,0.547483655411191
apple_health_user,apple_health_daily,apple_health_wearable_activity,2024-08-23,90.35353333333333,55.0,,0.0014818867924528299,0.0014818867924528299,,,,,,,,,,,,,0.0,7.00000000000145e-05,0.99993,0.99993,,,,0.862557889587701,0.6047659978130941,0.5,0.5,0.999895,0.5261652494532736
apple_health_user,apple_health_daily,apple_health_wearable_activity,2024-08-24,97.75256666666667,55.0,,0.002205071715433161,0.002205071715433161,,,,,,,,,,,,,0.0,0.0007690476190476137,0.9992309523809524,0.9992309523809524,,,,0.9031895528144324,0.5725321119785116,0.5,0.5,0.9988464285714286,0.517844635137485
apple_health_user,apple_health_daily,apple_health_wearable_activity,2024-08-25,84.18936666666667,55.0,,0.0015949468085106385,0.0015949468085106385,,,,,,,,,,,,,0.0,0.0001774999999999416,0.9998225000000001,0.9998225000000001,,,,0.828238999211978,0.6309027863040123,0.5,0.5,0.9997337500000001,0.5326591340760031
apple_health_user,apple_health_daily,apple_health_wearable_activity,2024-08-26,83.50872848888889,55.0,,0.0014848704268292682,0.0014848704268292682,,,,,,,,,,,,,0.0,0.3300791316666666,0.6699208683333334,0.6699208683333334,,,,0.714527157573773,0.6339116495136903,0.5,0.5,0.5048813025000001,0.40969823800342264
apple_health_user,apple_health_daily,apple_health_wearable_activity,2024-08-27,94.7975,55.0,,0.0014962091503267973,0.0014962091503267973,,,,,,,,,,,,,0.0,0.00011176470588236675,0.9998882352941176,0.9998882352941176,,,,0.8872278976034859,0.5858269792937654,0.5,0.5,0.9998323529411764,0.5214148330587354
apple_health_user,apple_health_daily,apple_health_wearable_activity,2024-08-28,84.8344,55.0,,0.001572307692307692,0.001572307692307692,,,,,,,,,,,,,0.0,0.0001666666666666483,0.9998333333333334,0.9998333333333334,,,,0.8318336752136752,0.6281786056640193,0.5,0.5,0.99975,0.5319821514160048
apple_health_user,apple_health_daily,apple_health_wearable_activity,2024-08-29,103.55553333333333,55.0,,0.0015281539670070699,0.0015281539670070699,,,,,,,,,,,,,0.0,0.0001326315789473842,0.9998673684210526,0.9998673684210526,,,,0.9358660344476449,0.54849881354965,0.5,0.5,0.9998010526315789,0.5120749665453073
apple_health_user,apple_health_daily,apple_health_wearable_activity,2024-08-30,93.39789999999999,55.0,,0.001420727272727273,0.001420727272727273,,,,,,,,,,,,,0.0,1.8181818181806086e-05,0.9999818181818182,0.9999818181818182,,,,0.879508696969697,0.5918628617203938,0.5,0.5,0.9999727272727272,0.5229588972482803
apple_health_user,apple_health_daily,apple_health_wearable_activity,2024-08-31,94.62780000000001,55.0,,0.001474384057971014,0.001474384057971014,,,,,,,,,,,,,0.0,6.250000000007638e-05,0.9999374999999999,0.9999374999999999,,,,0.8863088164251208,0.5865715293774723,0.5,0.5,0.9999062499999999,0.5216194448443681
apple_health_user,apple_health_daily,apple_health_wearable_activity,2024-09-01,81.71383333333333,55.0,,0.0014049999999999998,0.0014049999999999998,,,,,,,,,,,,,0.0,0.0,1.0,1.0,,,,0.8146085185185186,0.6416352986764392,0.5,0.5,1.0,0.5354088246691098
apple_health_user,apple_health_daily,apple_health_wearable_activity,2024-09-02,82.95782304444444,55.0,,0.001539390909090909,0.001539390909090909,,,,,,,,,,,,,0.0,0.3301464172727272,0.6698535827272728,0.6698535827272728,,,,0.711425969741863,0.6362030220535007,0.5,0.5,0.5047803740909091,0.4102458490361025
apple_health_user,apple_health_daily,apple_health_wearable_activity,2024-09-03,92.57856666666666,55.0,,0.0016497101449275363,0.0016497101449275363,,,,,,,,,,,,,0.0,0.00024999999999997247,0.99975,0.99975,,,,0.8748032447665057,0.5951224219519992,0.5,0.5,0.999625,0.5236868554879998
apple_health_user,apple_health_daily,apple_health_wearable_activity,2024-09-04,95.46396666666666,55.0,,0.0014689399869536857,0.0014689399869536857,,,,,,,,,,,,,0.0,5.476190476194631e-05,0.999945238095238,0.999945238095238,,,,0.8909585808509096,0.5830161667086409,0.5,0.5,0.9999178571428571,0.5207335059628745
apple_health_user,apple_health_daily,apple_health_wearable_activity,2024-09-05,93.95830000000001,55.0,,0.0019780409356725146,0.0019780409356725146,,,,,,,,,,,,,0.0,0.0005777777777777882,0.9994222222222222,0.9994222222222222,,,,0.8822497270955165,0.5889176382600428,0.5,0.5,0.9991333333333333,0.5220127428983441
apple_health_user,apple_health_daily,apple_health_wearable_activity,2024-09-06,84.4183,55.0,,0.001508930205949657,0.001508930205949657,,,,,,,,,,,,,0.0,8.695652173917878e-05,0.9999130434782608,0.9999130434782608,,,,0.8295697044241037,0.6300141116272336,0.5,0.5,0.9998695652173912,0.5324709192111562
apple_health_user,apple_health_daily,apple_health_wearable_activity,2024-09-07,89.27136666666667,55.0,,0.0014206782945736433,0.0014206782945736433,,,,,,,,,,,,,0.0,2.916666666674672e-05,0.9999708333333333,0.9999708333333333,,,,0.8565798664944012,0.6094357781229301,0.5,0.5,0.9999562499999999,0.5273480070307325
apple_health_user,apple_health_daily,apple_health_wearable_activity,2024-09-08,73.52526666666667,55.0,,0.001808456221198157,0.001808456221198157,,,,,,,,,,,,,0.0,0.0003607142857142698,0.9996392857142857,0.9996392857142857,,,,0.7688617579791773,0.676101858784659,0.5,0.5,0.9994589285714286,0.543890196839022
apple_health_user,apple_health_daily,apple_health_wearable_activity,2024-09-09,80.63402982222223,55.0,,0.0015583405172413791,0.0015583405172413791,,,,,,,,,,,,,0.0,0.3302294566666667,0.6697705433333333,0.6697705433333333,,,,0.6984820110621541,0.646079910951419,0.5,0.5,0.504655815,0.41268393148785476
apple_health_user,apple_health_daily,apple_health_wearable_activity,2024-09-10,93.66663333333334,55.0,,0.001404830508474576,0.001404830508474576,,,,,,,,,,,,,0.0,0.0,1.0,1.0,,,,0.8810130194601381,0.5907343971098995,0.5,0.5,1.0,0.5226835992774749
apple_health_user,apple_health_daily,apple_health_wearable_activity,2024-09-11,93.243,55.0,,0.0015409518716577543,0.0015409518716577543,,,,,,,,,,,,,0.0,0.00017058823529414457,0.9998294117647059,0.9998294117647059,,,,0.8785572644087938,0.5924019684296475,0.5,0.5,0.9997441176470587,0.5230365215191766
apple_health_user,apple_health_daily,apple_health_wearable_activity,2024-09-12,93.4858,55.0,,0.0013994272727272726,0.0013994272727272726,,,,,,,,,,,,,0.0,2.2727272727340875e-05,0.9999772727272727,0.9999772727272727,,,,0.8800026151515151,0.5915098941854603,0.5,0.5,0.999965909090909,0.5228689508190923
apple_health_user,apple_health_daily,apple_health_wearable_activity,2024-09-13,100.47673333333334,55.0,,0.001474976293103448,0.001474976293103448,,,,,,,,,,,,,0.0,7.241379310340967e-05,0.9999275862068966,0.9999275862068966,,,,0.9187993884897829,0.5616632174357294,0.5,0.5,0.9998913793103449,0.5153886491865185
apple_health_user,apple_health_daily,apple_health_wearable_activity,2024-09-14,90.2736,55.0,,0.0013984848484848483,0.0013984848484848483,,,,,,,,,,,,,0.0,1.666666666666483e-05,0.9999833333333333,0.9999833333333333,,,,0.862159393939394,0.60519001228641,0.5,0.5,0.9999750000000001,0.5262912530716025
apple_health_user,apple_health_daily,apple_health_wearable_activity,2024-09-15,68.66846666666667,55.0,,0.0015164285714285713,0.0015164285714285713,,,,,,,,,,,,,0.0,9.999999999998899e-05,0.9999,0.9999,,,,0.7420637830687831,0.6970773548875484,0.5,0.5,0.99985,0.5492318387218871
apple_health_user,apple_health_daily,apple_health_wearable_activity,2024-09-16,78.82954044444445,55.0,,0.0015009946236559139,0.0015009946236559139,,,,,,,,,,,,,0.0,0.3302039555555556,0.6697960444444444,0.6697960444444444,,,,0.6884846857427319,0.6538218343143904,0.5,0.5,0.5046940666666666,0.4146289752452643
apple_health_user,apple_health_daily,apple_health_wearable_activity,2024-09-17,89.66946666666666,55.0,,0.0014244920634920635,0.0014244920634920635,,,,,,,,,,,,,0.0,2.777777777773771e-05,0.9999722222222223,0.9999722222222223,,,,0.8587907248677249,0.6077366432082089,0.5,0.5,0.9999583333333334,0.5269237441353856
apple_health_user,apple_health_daily,apple_health_wearable_activity,2024-09-18,77.376,55.0,,0.0016207088122605364,0.0016207088122605364,,,,,,,,,,,,,0.0,0.00022777777777771568,0.9997722222222223,0.9997722222222223,,,,0.7903616155810984,0.6598917209865132,0.5,0.5,0.9996583333333334,0.5398875135799617
apple_health_user,apple_health_daily,apple_health_wearable_activity,2024-09-19,67.29693333333333,55.0,,0.0014326666666666667,0.0014326666666666667,,,,,,,,,,,,,0.0,4.166666666671759e-05,0.9999583333333333,0.9999583333333333,,,,0.7344915185185185,0.7030020167091731,0.5,0.5,0.9999374999999999,0.5507348791772932
apple_health_user,apple_health_daily,apple_health_wearable_activity,2024-09-20,66.44126666666666,55.0,,0.0015053333333333333,0.0015053333333333333,,,,,,,,,,,,,0.0,0.00012499999999993072,0.9998750000000001,0.9998750000000001,,,,0.7296858148148148,0.706573023599112,0.5,0.5,0.9998125000000001,0.551596380899778
apple_health_user,apple_health_daily,apple_health_wearable_activity,2024-09-21,77.0363,55.0,,0.0015621124620060788,0.0015621124620060788,,,,,,,,,,,,,0.0,0.00014285714285722229,0.9998571428571428,0.9998571428571428,,,,0.7885222323539344,0.661397083569706,0.5,0.5,0.9997857142857142,0.540295699463855
apple_health_user,apple_health_daily,apple_health_wearable_activity,2024-09-22,94.29023333333333,55.0,,0.0014112962962962963,0.0014112962962962963,,,,,,,,,,,,,0.0,4.0000000000040004e-05,0.99996,0.99996,,,,0.8844619753086419,0.5880723101882125,0.5,0.5,0.9999399999999999,0.5220030775470531
apple_health_user,apple_health_daily,apple_health_wearable_activity,2024-09-23,66.44239822222222,55.0,,0.001488560606060606,0.001488560606060606,,,,,,,,,,,,,0.0,0.33024928888888894,0.6697507111111111,0.6697507111111111,,,,0.6196562625140292,0.7065850210178896,0.5,0.5,0.5046260666666667,0.427802771921139
apple_health_user,apple_health_daily,apple_health_wearable_activity,2024-09-24,98.16593333333333,55.0,,0.0014421250000000003,0.0014421250000000003,,,,,,,,,,,,,0.0,7.249999999991985e-05,0.9999275000000001,0.9999275000000001,,,,0.9059725324074074,0.5715367096412419,0.5,0.5,0.9998912500000001,0.5178569899103105
apple_health_user,apple_health_daily,apple_health_wearable_activity,2024-09-25,60.982,55.0,,0.0013914285714285715,0.0013914285714285715,,,,,,,,,,,,,0.0,0.0,1.0,1.0,,,,0.6994361904761904,0.7299355435849482,0.5,0.5,1.0,0.557483885896237
apple_health_user,apple_health_daily,apple_health_wearable_activity,2024-09-26,99.66443333333333,55.0,,0.0014251044826424,0.0014251044826424,,,,,,,,,,,,,0.0,3.405797101452279e-05,0.9999659420289855,0.9999659420289855,,,,0.9143160199228552,0.5651724028640199,0.5,0.5,0.9999489130434782,0.5162803289768745
apple_health_user,apple_health_daily,apple_health_wearable_activity,2024-09-27,65.93826666666666,55.0,,0.001547738095238095,0.001547738095238095,,,,,,,,,,,,,0.0,0.00014166666666670658,0.9998583333333333,0.9998583333333333,,,,0.7268716798941798,0.7086725376026122,0.5,0.5,0.9997874999999999,0.5521150094006531
apple_health_user,apple_health_daily,apple_health_wearable_activity,2024-09-28,82.42536666666666,55.0,,0.00164734375,0.00164734375,,,,,,,,,,,,,0.0,0.0002562500000000689,0.9997437499999999,0.9997437499999999,,,,0.8183952835648148,0.6383622584257107,0.5,0.5,0.9996156249999999,0.5344944708564277
apple_health_user,apple_health_daily,apple_health_wearable_activity,2024-09-29,95.32963333333333,55.0,,0.0014172832722832726,0.0014172832722832726,,,,,,,,,,,,,0.0,2.3076923076903455e-05,0.9999769230769231,0.9999769230769231,,,,0.8902400651200651,0.5836400164891986,0.5,0.5,0.9999653846153846,0.5209013502761458
apple_health_user,apple_health_daily,apple_health_wearable_activity,2024-09-30,82.36802733333334,55.0,,0.0013613324299909667,0.0013613324299909667,,,,,,,,,,,,,0.0,0.3300512728395062,0.6699487271604938,0.6699487271604938,,,,0.7082403945397973,0.6388931901821273,0.5,0.5,0.5049230907407407,0.41095407023071706
apple_health_user,apple_health_daily,apple_health_wearable_activity,2024-10-01,94.72276666666667,55.0,,0.0014162037037037038,0.0014162037037037038,,,,,,,,,,,,,0.0,4.4444444444513564e-05,0.9999555555555555,0.9999555555555555,,,,0.8868618209876543,0.5862254442439446,0.5,0.5,0.9999333333333332,0.5215396943943195
apple_health_user,apple_health_daily,apple_health_wearable_activity,2024-10-02,67.52376666666666,55.0,,0.0014879999999999997,0.0014879999999999997,,,,,,,,,,,,,0.0,4.999999999999449e-05,0.99995,0.99995,,,,0.7357304814814815,0.701980568977916,0.5,0.5,0.999925,0.550476392244479
apple_health_user,apple_health_daily,apple_health_wearable_activity,2024-10-03,62.4015,55.0,,0.00155375,0.00155375,,,,,,,,,,,,,0.0,9.999999999998899e-05,0.9999,0.9999,,,,0.707234861111111,0.7237278524925164,0.5,0.5,0.99985,0.5558944631231291
apple_health_user,apple_health_daily,apple_health_wearable_activity,2024-10-04,76.7007,55.0,,0.0014392156862745099,0.0014392156862745099,,,,,,,,,,,,,0.0,5.588235294118338e-05,0.9999441176470588,0.9999441176470588,,,,0.7867277450980392,0.6629494531892379,0.5,0.5,0.9999161764705882,0.5407164074149565
apple_health_user,apple_health_daily,apple_health_wearable_activity,2024-10-05,89.98403333333333,55.0,,0.00153421568627451,0.00153421568627451,,,,,,,,,,,,,0.0,0.00013823529411771673,0.9998617647058823,0.9998617647058823,,,,0.8604649237472767,0.6062870514273015,0.5,0.5,0.9997926470588234,0.5265199246215313
apple_health_user,apple_health_daily,apple_health_wearable_activity,2024-10-06,93.06526666666667,55.0,,0.0014914331501831501,0.0014914331501831501,,,,,,,,,,,,,0.0,8.095238095240376e-05,0.9999190476190476,0.9999190476190476,,,,0.8776162418599919,0.5932084938453047,0.5,0.5,0.9998785714285714,0.5232717663184691
apple_health_user,apple_health_daily,apple_health_wearable_activity,2024-10-07,77.62888846666667,55.0,,0.0015123899371069182,0.0015123899371069182,,,,,,,,,,,,,0.0,0.33013185888888896,0.669868141111111,0.669868141111111,,,,0.681834630761705,0.658923393246077,0.5,0.5,0.5048022116666666,0.41593140122818584
apple_health_user,apple_health_daily,apple_health_wearable_activity,2024-10-08,96.60919999999999,55.0,,0.0016433845577211394,0.0016433845577211394,,,,,,,,,,,,,0.0,0.00024827586206899177,0.999751724137931,0.999751724137931,,,,0.8971983354156254,0.5779642873530256,0.5,0.5,0.9996275862068965,0.5193979683899805
apple_health_user,apple_health_daily,apple_health_wearable_activity,2024-10-09,87.54413333333333,55.0,,0.0014500173611111111,0.0014500173611111111,,,,,,,,,,,,,0.0,6.111111111106737e-05,0.9999388888888889,0.9999388888888889,,,,0.8469636979166667,0.6167617967471059,0.5,0.5,0.9999083333333334,0.5291675325201098
apple_health_user,apple_health_daily,apple_health_wearable_activity,2024-10-10,89.5876,55.0,,0.0014006565656565658,0.0014006565656565658,,,,,,,,,,,,,0.0,1.9444444444460807e-05,0.9999805555555555,0.9999805555555555,,,,0.8583466329966329,0.6081091701185083,0.5,0.5,0.9999708333333333,0.5270200008629604
apple_health_user,apple_health_daily,apple_health_wearable_activity,2024-10-11,88.038,55.0,,0.0017370416666666665,0.0017370416666666665,,,,,,,,,,,,,0.0,0.00029166666666669006,0.9997083333333333,0.9997083333333333,,,,0.8495348750000001,0.6143708950783756,0.5,0.5,0.9995624999999999,0.5284833487695939
apple_health_user,apple_health_daily,apple_health_wearable_activity,2024-10-12,92.09936666666667,55.0,,0.0014561244019138757,0.0014561244019138757,,,,,,,,,,,,,0.0,5.454545454552928e-05,0.9999454545454545,0.9999454545454545,,,,0.8722707026404395,0.5973571850391132,0.5,0.5,0.9999181818181817,0.5243188417143237
apple_health_user,apple_health_daily,apple_health_wearable_activity,2024-10-13,83.64773333333333,55.0,,0.0015238636363636361,0.0015238636363636361,,,,,,,,,,,,,0.0,0.00013636363636360116,0.9998636363636364,0.9998636363636364,,,,0.8252673316498317,0.6332806023679673,0.5,0.5,0.9997954545454546,0.5332690142283555
apple_health_user,apple_health_daily,apple_health_wearable_activity,2024-10-14,56.863836955555556,55.0,,0.0026933333333333336,0.0026933333333333336,,,,,,,,,,,,,0.0,0.495197965,0.504802035,0.504802035,,,,0.511057550308642,0.7461674903201404,0.5,0.5,0.2572030525,0.37584263570503507
apple_health_user,apple_health_daily,apple_health_wearable_activity,2024-10-15,97.05546666666666,55.0,,0.001440752314814815,0.001440752314814815,,,,,,,,,,,,,0.0,4.814814814813051e-05,0.9999518518518519,0.9999518518518519,,,,0.8998118479938272,0.5762670149344217,0.5,0.5,0.9999277777777777,0.5190486981780499
apple_health_user,apple_health_daily,apple_health_wearable_activity,2024-10-16,58.40023333333333,55.0,,0.001965,0.001965,,,,,,,,,,,,,0.0,0.0004999999999999449,0.9995,0.9995,,,,0.6847351851851853,0.740354956125235,0.5,0.5,0.9992500000000001,0.5599012390313087
apple_health_user,apple_health_daily,apple_health_wearable_activity,2024-10-17,89.72703333333334,55.0,,0.0014084615384615386,0.0014084615384615386,,,,,,,,,,,,,0.0,2.4999999999941735e-05,0.9999750000000001,0.9999750000000001,,,,0.859116809116809,0.6075075672391392,0.5,0.5,0.9999625000000001,0.5268675168097848
apple_health_user,apple_health_daily,apple_health_wearable_activity,2024-10-18,65.9756,55.0,,0.0014696666666666669,0.0014696666666666669,,,,,,,,,,,,,0.0,8.999999999992347e-05,0.9999100000000001,0.9999100000000001,,,,0.7271223333333333,0.7085918269456171,0.5,0.5,0.9998650000000001,0.5521142067364043
apple_health_user,apple_health_daily,apple_health_wearable_activity,2024-10-19,94.2895,55.0,,0.0014535396825396825,0.0014535396825396825,,,,,,,,,,,,,0.0,7.142857142850012e-05,0.9999285714285715,0.9999285714285715,,,,0.8844333439153439,0.5880330803304207,0.5,0.5,0.9998928571428572,0.5219814843683195
apple_health_user,apple_health_daily,apple_health_wearable_activity,2024-10-20,95.29936666666666,55.0,,0.0014294262295081969,0.0014294262295081969,,,,,,,,,,,,,0.0,4.500000000007276e-05,0.9999549999999999,0.9999549999999999,,,,0.8900605616272009,0.5837567328756736,0.5,0.5,0.9999324999999999,0.5209223082189184
apple_health_user,apple_health_daily,apple_health_wearable_activity,2024-10-21,57.74728708888889,55.0,,0.0027,0.0027,,,,,,,,,,,,,0.0,0.49510004500000004,0.504899955,0.504899955,,,,0.5159960243827161,0.7423986286262877,0.5,0.5,0.25734993249999993,0.3749371402815719
apple_health_user,apple_health_daily,apple_health_wearable_activity,2024-10-22,96.32123333333334,55.0,,0.0013746875,0.0013746875,,,,,,,,,,,,,0.0,2.0000000000020002e-05,0.99998,0.99998,,,,0.8957641782407407,0.5794599879189739,0.5,0.5,0.99997,0.5198574969797435
apple_health_user,apple_health_daily,apple_health_wearable_activity,2024-10-23,61.35556666666667,55.0,,0.0024915384615384617,0.0024915384615384617,,,,,,,,,,,,,0.0,0.0009250000000000647,0.9990749999999999,0.9990749999999999,,,,0.7008365242165242,0.7272417493830485,0.5,0.5,0.9986124999999999,0.5564635623457621
apple_health_user,apple_health_daily,apple_health_wearable_activity,2024-10-24,93.31526666666667,55.0,,0.001465625,0.001465625,,,,,,,,,,,,,0.0,7.916666666663019e-05,0.9999208333333334,0.9999208333333334,,,,0.8790143287037037,0.5921697422971042,0.5,0.5,0.99988125,0.5230127480742761
apple_health_user,apple_health_daily,apple_health_wearable_activity,2024-10-25,62.1396,55.0,,0.0012912499999999999,0.0012912499999999999,,,,,,,,,,,,,0.0,0.0,1.0,1.0,,,,0.7059006944444445,0.7251063348968675,0.5,0.5,1.0,0.5562765837242168
apple_health_user,apple_health_daily,apple_health_wearable_activity,2024-10-26,86.83653333333334,55.0,,0.0014382954545454543,0.0014382954545454543,,,,,,,,,,,,,0.0,4.0000000000040004e-05,0.99996,0.99996,,,,0.8430435311447811,0.6197868679074967,0.5,0.5,0.9999399999999999,0.5299317169768742
apple_health_user,apple_health_daily,apple_health_wearable_activity,2024-10-27,94.9564,55.0,,0.0015003345070422535,0.0015003345070422535,,,,,,,,,,,,,0.0,0.00010624999999997442,0.99989375,0.99989375,,,,0.8881111384976527,0.5851461666393021,0.5,0.5,0.999840625,0.5212466979098256
apple_health_user,apple_health_daily,apple_health_wearable_activity,2024-10-28,82.94047411111112,55.0,,0.0014370483870967741,0.0014370483870967741,,,,,,,,,,,,,0.0,0.33005128333333333,0.6699487166666667,0.6699487166666667,,,,0.7113954122660294,0.6363795100974948,0.5,0.5,0.504923075,0.41032564627437373
apple_health_user,apple_health_daily,apple_health_wearable_activity,2024-10-29,99.1136,55.0,,0.0016617609797297296,0.0016617609797297296,,,,,,,,,,,,,0.0,0.00022972972972978845,0.9997702702702702,0.9997702702702702,,,,0.9111117253190691,0.5672808607192751,0.5,0.5,0.9996554054054053,0.5167340665311702
apple_health_user,apple_health_daily,apple_health_wearable_activity,2024-10-30,61.905433333333335,55.0,,0.0019161111111111115,0.0019161111111111115,,,,,,,,,,,,,0.0,0.00045000000000006146,0.9995499999999999,0.9995499999999999,,,,0.7042414814814815,0.725477056077958,0.5,0.5,0.9993249999999999,0.5562005140194894
apple_health_user,apple_health_daily,apple_health_wearable_activity,2024-10-31,75.771,55.0,,0.0015575490196078434,0.0015575490196078434,,,,,,,,,,,,,0.0,9.166666666660106e-05,0.9999083333333334,0.9999083333333334,,,,0.7815113725490196,0.6667899465732605,0.5,0.5,0.9998625000000001,0.5416631116433152
apple_health_user,apple_health_daily,apple_health_wearable_activity,2024-11-01,92.72423333333333,55.0,,0.0013953846153846152,0.0013953846153846152,,,,,,,,,,,,,0.0,0.0,1.0,1.0,,,,0.8757806125356126,0.5947570835918443,0.5,0.5,1.0,0.523689270897961
apple_health_user,apple_health_daily,apple_health_wearable_activity,2024-11-02,94.6153,55.0,,0.0014333333333333333,0.0014333333333333333,,,,,,,,,,,,,0.0,3.7500000000023626e-05,0.9999625,0.9999625,,,,0.8862613888888888,0.5866659177161201,0.5,0.5,0.9999437499999999,0.52165241692903
apple_health_user,apple_health_daily,apple_health_wearable_activity,2024-11-03,94.74196666666666,55.0,,0.001445859259259259,0.001445859259259259,,,,,,,,,,,,,0.0,5.925925925920339e-05,0.9999407407407408,0.9999407407407408,,,,0.8869536641975309,0.5861139485878484,0.5,0.5,0.9999111111111112,0.52150626492474
apple_health_user,apple_health_daily,apple_health_wearable_activity,2024-11-04,77.02804664444444,55.0,,0.0014560544217687077,0.0014560544217687077,,,,,,,,,,,,,0.0,0.33016440777777767,0.6698355922222223,0.6698355922222223,,,,0.6785045495137315,0.6615385631788274,0.5,0.5,0.5047533883333335,0.4165729878780402
apple_health_user,apple_health_daily,apple_health_wearable_activity,2024-11-05,95.60603333333333,55.0,,0.0016028070175438595,0.0016028070175438595,,,,,,,,,,,,,0.0,0.000180000000000069,0.9998199999999999,0.9998199999999999,,,,0.8916614717348926,0.5822769613072831,0.5,0.5,0.9997299999999999,0.5205017403268208
apple_health_user,apple_health_daily,apple_health_wearable_activity,2024-11-06,56.5457,55.0,,0.5,0.5,,,,,,,,,,,,,5.081999999999997,0.050819999999999976,0.94918,0.94918,,,,0.4916472222222222,0.2489279920689583,0.5,0.5,0.89836,0.4118219980172395
apple_health_user,apple_health_daily,apple_health_wearable_activity,2024-11-07,86.84083333333334,55.0,,0.0016602046783625731,0.0016602046783625731,,,,,,,,,,,,,0.0,0.0002388888888888996,0.9997611111111111,0.9997611111111111,,,,0.8429271539961013,0.6195460725431439,0.5,0.5,0.9996416666666667,0.5297969348024527
apple_health_user,apple_health_daily,apple_health_wearable_activity,2024-11-08,95.49546666666666,55.0,,0.0014235714285714283,0.0014235714285714283,,,,,,,,,,,,,0.0,4.999999999999449e-05,0.99995,0.99995,,,,0.891150291005291,0.5829275097931025,0.5,0.5,0.999925,0.5207131274482756
apple_health_user,apple_health_daily,apple_health_wearable_activity,2024-11-09,79.45626666666666,55.0,,0.001407557603686636,0.001407557603686636,,,,,,,,,,,,,0.0,2.142857142861665e-05,0.9999785714285714,0.9999785714285714,,,,0.8020584860897765,0.6512465958311562,0.5,0.5,0.9999678571428571,0.5378036132435033
apple_health_user,apple_health_daily,apple_health_wearable_activity,2024-11-10,96.25333333333333,55.0,,0.001451673076923077,0.001451673076923077,,,,,,,,,,,,,0.0,5.6000000000056005e-05,0.9999439999999999,0.9999439999999999,,,,0.8953492941595442,0.5796719555749964,0.5,0.5,0.9999159999999999,0.519896988893749
apple_health_user,apple_health_daily,apple_health_wearable_activity,2024-11-11,57.94899768888889,55.0,,0.0016300000000000002,0.0016300000000000002,,,,,,,,,,,,,0.0,0.33020152,0.66979848,0.66979848,,,,0.5724394804938272,0.7426124132390186,0.5,0.5,0.50469772,0.43682753330975466
apple_health_user,apple_health_daily,apple_health_wearable_activity,2024-11-12,91.46683333333334,55.0,,0.0013621513157894738,0.0013621513157894738,,,,,,,,,,,,,0.0,1.0526315789460838e-05,0.9999894736842105,0.9999894736842105,,,,0.8688026259746588,0.6001450484861572,0.5,0.5,0.9999842105263158,0.5250323147531183
apple_health_user,apple_health_daily,apple_health_wearable_activity,2024-11-13,83.24616666666667,55.0,,0.0014335810810810808,0.0014335810810810808,,,,,,,,,,,,,0.0,6.250000000007638e-05,0.9999374999999999,0.9999374999999999,,,,0.823091121121121,0.6350811927739577,0.5,0.5,0.9999062499999999,0.5337468606934894
apple_health_user,apple_health_daily,apple_health_wearable_activity,2024-11-14,86.31993333333334,55.0,,0.0014609103641456584,0.0014609103641456584,,,,,,,,,,,,,0.0,6.071428571430282e-05,0.9999392857142857,0.9999392857142857,,,,0.8401590880796763,0.6219641386856365,0.5,0.5,0.9999089285714285,0.5304682668142663
apple_health_user,apple_health_daily,apple_health_wearable_activity,2024-11-15,76.86846666666666,55.0,,0.0015778571428571426,0.0015778571428571426,,,,,,,,,,,,,0.0,0.00017500000000003624,0.999825,0.999825,,,,0.7875738624338623,0.6620960173937007,0.5,0.5,0.9997375,0.5404583793484252
apple_health_user,apple_health_daily,apple_health_wearable_activity,2024-11-16,73.56393333333334,55.0,,0.0013924242424242423,0.0013924242424242423,,,,,,,,,,,,,0.0,0.0,1.0,1.0,,,,0.7693354882154883,0.6763543057126762,0.5,0.5,1.0,0.5440885764281691
apple_health_user,apple_health_daily,apple_health_wearable_activity,2024-11-17,65.57116666666667,55.0,,0.001847307692307692,0.001847307692307692,,,,,,,,,,,,,0.0,0.00045000000000006146,0.9995499999999999,0.9995499999999999,,,,0.7246296011396011,0.7099354899466654,0.5,0.5,0.9993249999999999,0.5523151224866663
apple_health_user,apple_health_daily,apple_health_wearable_activity,2024-11-18,74.99735555555556,55.0,,0.0014418918918918918,0.0014418918918918918,,,,,,,,,,,,,0.0,0.3300333333333333,0.6699666666666667,0.6699666666666667,,,,0.6672713446780113,0.6702004727308297,0.5,0.5,0.50495,0.4187876181827075
apple_health_user,apple_health_daily,apple_health_wearable_activity,2024-11-19,85.1848,55.0,,0.0014159196617336152,0.0014159196617336152,,,,,,,,,,,,,0.0,7.045454545462349e-05,0.9999295454545454,0.9999295454545454,,,,0.8338645419309373,0.6268432180812503,0.5,0.5,0.9998943181818181,0.5316843840657671
apple_health_user,apple_health_daily,apple_health_wearable_activity,2024-11-20,75.01093333333333,55.0,,0.0014578846153846154,0.0014578846153846154,,,,,,,,,,,,,0.0,0.00011249999999995985,0.9998875,0.9998875,,,,0.777315056980057,0.6701266175499454,0.5,0.5,0.9998312500000001,0.5424894668874864
apple_health_user,apple_health_daily,apple_health_wearable_activity,2024-11-21,82.69133333333333,55.0,,0.0014430555555555553,0.0014430555555555553,,,,,,,,,,,,,0.0,4.999999999999449e-05,0.99995,0.99995,,,,0.8200097222222222,0.6374344548927967,0.5,0.5,0.999925,0.5343398637231992
apple_health_user,apple_health_daily,apple_health_wearable_activity,2024-11-22,73.37713333333333,55.0,,0.0013811538461538462,0.0013811538461538462,,,,,,,,,,,,,0.0,0.0,1.0,1.0,,,,0.7683014672364673,0.6771610942262227,0.5,0.5,1.0,0.5442902735565557
apple_health_user,apple_health_daily,apple_health_wearable_activity,2024-11-23,68.03266666666667,55.0,,0.0015068518518518517,0.0015068518518518517,,,,,,,,,,,,,0.0,9.999999999998899e-05,0.9999,0.9999,,,,0.7385347530864198,0.6997945145699734,0.5,0.5,0.99985,0.5499111286424934
apple_health_user,apple_health_daily,apple_health_wearable_activity,2024-11-24,79.36383333333333,55.0,,0.0013830555555555556,0.0013830555555555556,,,,,,,,,,,,,0.0,2.222222222214576e-05,0.9999777777777779,0.9999777777777779,,,,0.8015528703703705,0.6516647892318407,0.5,0.5,0.9999666666666668,0.5379078639746269
apple_health_user,apple_health_daily,apple_health_wearable_activity,2024-11-25,70.65131111111111,55.0,,0.001388482142857143,0.001388482142857143,,,,,,,,,,,,,0.0,0.3300119047619048,0.6699880952380952,0.6699880952380952,,,,0.6431515994268078,0.6887616774669716,0.5,0.5,0.5049821428571428,0.4234359550810286
apple_health_user,apple_health_daily,apple_health_wearable_activity,2024-11-26,96.91226666666667,55.0,,0.0014422394755003447,0.0014422394755003447,,,,,,,,,,,,,0.0,7.065217391311052e-05,0.9999293478260869,0.9999293478260869,,,,0.8990082953761215,0.5768753419941418,0.5,0.5,0.9998940217391303,0.519192340933318
apple_health_user,apple_health_daily,apple_health_wearable_activity,2024-11-27,87.61666666666666,55.0,,0.0015179278074866312,0.0015179278074866312,,,,,,,,,,,,,0.0,0.00010454545454541275,0.9998954545454546,0.9998954545454546,,,,0.8473295459496931,0.6163848268267667,0.5,0.5,0.9998431818181819,0.5290570021612371
apple_health_user,apple_health_daily,apple_health_wearable_activity,2024-11-28,85.9986,55.0,,0.001554872813990461,0.001554872813990461,,,,,,,,,,,,,0.0,0.00016176470588236125,0.9998382352941176,0.9998382352941176,,,,0.8383088986044869,0.6232383329038269,0.5,0.5,0.9997573529411765,0.5307489214612509
apple_health_user,apple_health_daily,apple_health_wearable_activity,2024-11-29,74.44646666666667,55.0,,0.0014113793103448275,0.0014113793103448275,,,,,,,,,,,,,0.0,0.0,1.0,1.0,,,,0.7742321328224776,0.6725770279989819,0.5,0.5,1.0,0.5431442569997454
apple_health_user,apple_health_daily,apple_health_wearable_activity,2024-11-30,63.120733333333334,55.0,,0.0014096153846153842,0.0014096153846153842,,,,,,,,,,,,,0.0,0.0,1.0,1.0,,,,0.7113119800569802,0.720809500774936,0.5,0.5,1.0,0.555202375193734
apple_health_user,apple_health_daily,apple_health_wearable_activity,2024-12-01,87.2041,55.0,,0.0013969565217391306,0.0013969565217391306,,,,,,,,,,,,,0.0,0.0,1.0,1.0,,,,0.8451126811594203,0.6182630289889729,0.5,0.5,1.0,0.5295657572472432
apple_health_user,apple_health_daily,apple_health_wearable_activity,2024-12-02,74.94037777777778,55.0,,0.0015050490196078432,0.0015050490196078432,,,,,,,,,,,,,0.0,0.3300777777777778,0.6699222222222222,0.6699222222222222,,,,0.6669189342774148,0.670379792290732,0.5,0.5,0.5048833333333334,0.4188157814060163
apple_health_user,apple_health_daily,apple_health_wearable_activity,2024-12-03,69.0062,55.0,,0.001418409090909091,0.001418409090909091,,,,,,,,,,,,,0.0,2.4999999999941735e-05,0.9999750000000001,0.9999750000000001,,,,0.7439977525252526,0.6957373887046973,0.5,0.5,0.9999625000000001,0.5489249721761743
apple_health_user,apple_health_daily,apple_health_wearable_activity,2024-12-04,84.43666666666667,55.0,,0.0014102579365079364,0.0014102579365079364,,,,,,,,,,,,,0.0,1.4285714285744433e-05,0.9999857142857143,0.9999857142857143,,,,0.8297288558201058,0.6300348248158847,0.5,0.5,0.9999785714285714,0.532503349061114
apple_health_user,apple_health_daily,apple_health_wearable_activity,2024-12-05,90.37136666666666,55.0,,0.0015123913043478257,0.0015123913043478257,,,,,,,,,,,,,0.0,0.00012999999999996348,0.99987,0.99987,,,,0.8626267954911434,0.6046594709608641,0.5,0.5,0.999805,0.526116117740216
apple_health_user,apple_health_daily,apple_health_wearable_activity,2024-12-06,85.89543333333333,55.0,,0.001478673469387755,0.001478673469387755,,,,,,,,,,,,,0.0,8.999999999992347e-05,0.9999100000000001,0.9999100000000001,,,,0.8377850718065004,0.6237540654202091,0.5,0.5,0.9998650000000001,0.5309047663550523
apple_health_user,apple_health_daily,apple_health_wearable_activity,2024-12-07,68.25280000000001,55.0,,0.0014271875,0.0014271875,,,,,,,,,,,,,0.0,0.0,1.0,1.0,,,,0.7398176041666668,0.698936946048845,0.5,0.5,1.0,0.5497342365122113
apple_health_user,apple_health_daily,apple_health_wearable_activity,2024-12-08,87.5058,55.0,,0.0014515853658536586,0.0014515853658536586,,,,,,,,,,,,,0.0,3.500000000000725e-05,0.999965,0.999965,,,,0.8467589159891599,0.6169234674156499,0.5,0.5,0.9999475,0.5292177418539125
apple_health_user,apple_health_daily,apple_health_wearable_activity,2024-12-09,58.85613333333333,55.0,,0.0013700000000000001,0.0013700000000000001,,,,,,,,,,,,,0.0,0.33000000000000007,0.6699999999999999,0.6699999999999999,,,,0.577632962962963,0.7390100437684638,0.5,0.5,0.5049999999999999,0.43600251094211595
apple_health_user,apple_health_daily,apple_health_wearable_activity,2024-12-10,95.10843333333334,55.0,,0.0014292968749999998,0.0014292968749999998,,,,,,,,,,,,,0.0,3.906249999996447e-05,0.9999609375,0.9999609375,,,,0.8890018431712963,0.584569953326361,0.5,0.5,0.99994140625,0.5211278398940903
apple_health_user,apple_health_daily,apple_health_wearable_activity,2024-12-11,89.23683333333332,55.0,,0.0015535569105691056,0.0015535569105691056,,,,,,,,,,,,,0.0,0.00015416666666667744,0.9998458333333333,0.9998458333333333,,,,0.8563020551038844,0.6094496158694378,0.5,0.5,0.99976875,0.5273045914673594
apple_health_user,apple_health_daily,apple_health_wearable_activity,2024-12-12,61.15643333333333,55.0,,0.0016096666666666666,0.0016096666666666666,,,,,,,,,,,,,0.0,0.0001666666666666483,0.9998333333333334,0.9998333333333334,,,,0.7002769629629629,0.7289739150196606,0.5,0.5,0.99975,0.5571809787549151
apple_health_user,apple_health_daily,apple_health_wearable_activity,2024-12-13,78.2467,55.0,,0.0015140374331550801,0.0015140374331550801,,,,,,,,,,,,,0.0,0.00012727272727275363,0.9998727272727272,0.9998727272727272,,,,0.7952678966131908,0.6562907873121253,0.5,0.5,0.9998090909090909,0.539024969555304
apple_health_user,apple_health_daily,apple_health_wearable_activity,2024-12-14,67.01553333333334,55.0,,0.0015105944055944056,0.0015105944055944056,,,,,,,,,,,,,0.0,8.636363636371769e-05,0.9999136363636363,0.9999136363636363,,,,0.7328873102823102,0.7041222308122643,0.5,0.5,0.9998704545454544,0.5509981713394296
apple_health_user,apple_health_daily,apple_health_wearable_activity,2024-12-15,68.7675,55.0,,0.0013926666666666668,0.0013926666666666668,,,,,,,,,,,,,0.0,4.166666666671759e-05,0.9999583333333333,0.9999583333333333,,,,0.7426746666666667,0.696779703182652,0.5,0.5,0.9999374999999999,0.549179300795663
apple_health_user,apple_health_daily,apple_health_wearable_activity,2024-12-16,56.66773775555556,55.0,,0.00294,0.00294,,,,,,,,,,,,,0.0,0.495010445,0.504989555,0.504989555,,,,0.5099483947530864,0.7467552746233271,0.5,0.5,0.25748433249999997,0.3760599017808318
apple_health_user,apple_health_daily,apple_health_wearable_activity,2024-12-17,96.29429999999999,55.0,,0.0014094886877828057,0.0014094886877828057,,,,,,,,,,,,,0.0,2.941176470594442e-05,0.9999705882352941,0.9999705882352941,,,,0.8955998109602815,0.5795397923882315,0.5,0.5,0.9999558823529411,0.5198739186852932
apple_health_user,apple_health_daily,apple_health_wearable_activity,2024-12-18,80.15923333333333,55.0,,0.001633368421052632,0.001633368421052632,,,,,,,,,,,,,0.0,0.00019736842105255725,0.9998026315789474,0.9998026315789474,,,,0.80582993957115,0.6480266125220114,0.5,0.5,0.9997039473684212,0.5369326399726082
apple_health_user,apple_health_daily,apple_health_wearable_activity,2024-12-19,83.52590000000001,55.0,,0.0014935416666666667,0.0014935416666666667,,,,,,,,,,,,,0.0,8.43750000000254e-05,0.999915625,0.999915625,,,,0.8246179166666666,0.6338298308378914,0.5,0.5,0.9998734375,0.5334258170844728
apple_health_user,apple_health_daily,apple_health_wearable_activity,2024-12-20,97.34873333333334,55.0,,0.0014040547263681588,0.0014040547263681588,,,,,,,,,,,,,0.0,3.166666666665208e-05,0.9999683333333333,0.9999683333333333,,,,0.9014588336097291,0.5750549296561241,0.5,0.5,0.9999525,0.5187518574140311
apple_health_user,apple_health_daily,apple_health_wearable_activity,2024-12-21,97.41376666666666,55.0,,0.0015605911330049261,0.0015605911330049261,,,,,,,,,,,,,0.0,0.00012380952380952603,0.9998761904761905,0.9998761904761905,,,,0.9017372368180988,0.5746210431019922,0.5,0.5,0.9998142857142858,0.5186088322040695
apple_health_user,apple_health_daily,apple_health_wearable_activity,2024-12-22,77.8937,55.0,,0.001497681818181818,0.001497681818181818,,,,,,,,,,,,,0.0,0.00014318181818184783,0.9998568181818182,0.9998568181818182,,,,0.7933069343434344,0.6578104379217828,0.5,0.5,0.9997852272727272,0.5393989162986275
apple_health_user,apple_health_daily,apple_health_wearable_activity,2024-12-23,78.31173333333334,55.0,,0.0015557598371777471,0.0015557598371777471,,,,,,,,,,,,,0.0,0.3300939393939394,0.6699060606060606,0.6699060606060606,,,,0.6856263965525905,0.6559720120354817,0.5,0.5,0.5048590909090909,0.4152077757361432
apple_health_user,apple_health_daily,apple_health_wearable_activity,2024-12-24,93.28223333333334,55.0,,0.0015318017057569296,0.0015318017057569296,,,,,,,,,,,,,0.0,0.00012142857142860564,0.9998785714285714,0.9998785714285714,,,,0.8787946639816789,0.5922440668984179,0.5,0.5,0.9998178571428571,0.5230154810103187
apple_health_user,apple_health_daily,apple_health_wearable_activity,2024-12-25,64.25416666666666,55.0,,0.0014787662337662339,0.0014787662337662339,,,,,,,,,,,,,0.0,9.285714285711677e-05,0.9999071428571429,0.9999071428571429,,,,0.7175548292448292,0.7159134381377953,0.5,0.5,0.9998607142857143,0.5539435381058774
apple_health_user,apple_health_daily,apple_health_wearable_activity,2024-12-26,85.63550000000001,55.0,,0.0017991489361702125,0.0017991489361702125,,,,,,,,,,,,,0.0,0.0003750000000000142,0.999625,0.999625,,,,0.8361391725768321,0.6245396878635647,0.5,0.5,0.9994375,0.5309942969658912
apple_health_user,apple_health_daily,apple_health_wearable_activity,2024-12-27,81.05080000000001,55.0,,0.0018261068943706516,0.0018261068943706516,,,,,,,,,,,,,0.0,0.0003903225806451971,0.9996096774193548,0.9996096774193548,,,,0.8106545235083281,0.6440366329403189,0.5,0.5,0.9994145161290322,0.5358627872673378
apple_health_user,apple_health_daily,apple_health_wearable_activity,2024-12-28,83.27303333333333,55.0,,0.0016876821862348177,0.0016876821862348177,,,,,,,,,,,,,0.0,0.00027307692307698694,0.999726923076923,0.999726923076923,,,,0.8230854877043035,0.634712021890231,0.5,0.5,0.9995903846153845,0.5335756016264038
apple_health_user,apple_health_daily,apple_health_wearable_activity,2024-12-29,91.7724,55.0,,0.0017301488095238095,0.0017301488095238095,,,,,,,,,,,,,0.0,0.0003178571428571475,0.9996821428571429,0.9996821428571429,,,,0.8702751091269842,0.5984748406697968,0.5,0.5,0.9995232142857142,0.5244995137388777
apple_health_user,apple_health_daily,apple_health_wearable_activity,2024-12-30,81.25978353333333,55.0,,0.0015116153846153845,0.0015116153846153845,,,,,,,,,,,,,0.0,0.3302158300000001,0.6697841699999999,0.6697841699999999,,,,0.7019785378347577,0.6434619810795315,0.5,0.5,0.5046762549999999,0.41203455901988284
apple_health_user,apple_health_daily,apple_health_wearable_activity,2024-12-31,72.37143333333333,55.0,,0.0015674404761904762,0.0015674404761904762,,,,,,,,,,,,,0.0,0.00015625000000007994,0.9998437499999999,0.9998437499999999,,,,0.7626000661375661,0.6812571048320104,0.5,0.5,0.9997656249999999,0.5452556824580026
apple_health_user,apple_health_daily,apple_health_wearable_activity,2025-01-01,82.21446666666667,55.0,,0.0013871875,0.0013871875,,,,,,,,,,,,,0.0,5.000000000032756e-06,0.999995,0.999995,,,,0.8173940856481482,0.6395212072014739,0.5,0.5,0.9999925,0.5348784268003685
apple_health_user,apple_health_daily,apple_health_wearable_activity,2025-01-02,62.933366666666664,55.0,,0.0015365624999999997,0.0015365624999999997,,,,,,,,,,,,,0.0,0.00012499999999993072,0.9998750000000001,0.9998750000000001,,,,0.7101870717592593,0.7214801270593484,0.5,0.5,0.9998125000000001,0.5553231567648371
apple_health_user,apple_health_daily,apple_health_wearable_activity,2025-01-03,85.9354,55.0,,0.0014710317460317462,0.0014710317460317462,,,,,,,,,,,,,0.0,8.214285714291947e-05,0.9999178571428571,0.9999178571428571,,,,0.8380122751322752,0.6235915286363354,0.5,0.5,0.9998767857142856,0.5308670785876553
apple_health_user,apple_health_daily,apple_health_wearable_activity,2025-01-04,72.0539,55.0,,0.0014359285714285713,0.0014359285714285713,,,,,,,,,,,,,0.0,2.142857142861665e-05,0.9999785714285714,0.9999785714285714,,,,0.7609247698412699,0.6827411748768676,0.5,0.5,0.9999678571428571,0.5456772580049312
apple_health_user,apple_health_daily,apple_health_wearable_activity,2025-01-05,62.1536,55.0,,0.0014521428571428571,0.0014521428571428571,,,,,,,,,,,,,0.0,8.999999999992347e-05,0.9999100000000001,0.9999100000000001,,,,0.7058948412698413,0.7248854063729511,0.5,0.5,0.9998650000000001,0.5561876015932379
apple_health_user,apple_health_daily,apple_health_wearable_activity,2025-01-06,80.92023422222222,55.0,,0.0014583219178082192,0.0014583219178082192,,,,,,,,,,,,,0.0,0.33007813333333347,0.6699218666666665,0.6699218666666665,,,,0.700155816150854,0.6449613853395724,0.5,0.5,0.5048827999999999,0.412461046334893
apple_health_user,apple_health_daily,apple_health_wearable_activity,2025-01-07,73.941,55.0,,0.001466893939393939,0.001466893939393939,,,,,,,,,,,,,0.0,6.666666666665932e-05,0.9999333333333333,0.9999333333333333,,,,0.7713832575757577,0.6746739025064481,0.5,0.5,0.9999,0.543643475626612
apple_health_user,apple_health_daily,apple_health_wearable_activity,2025-01-08,70.19136666666667,55.0,,0.001374791666666667,0.001374791666666667,,,,,,,,,,,,,0.0,2.0833333333358794e-05,0.9999791666666666,0.9999791666666666,,,,0.7505979398148148,0.6907340796044072,0.5,0.5,0.99996875,0.5476757074011018
apple_health_user,apple_health_daily,apple_health_wearable_activity,2025-01-09,79.10016666666667,55.0,,0.0014672822299651566,0.0014672822299651566,,,,,,,,,,,,,0.0,7.142857142850012e-05,0.9999285714285715,0.9999285714285715,,,,0.8000435778810169,0.6527031705824768,0.5,0.5,0.9998928571428572,0.5381490069313335
apple_health_user,apple_health_daily,apple_health_wearable_activity,2025-01-10,83.79923333333333,55.0,,0.0014738068181818181,0.0014738068181818181,,,,,,,,,,,,,0.0,6.818181818180058e-05,0.9999318181818182,0.9999318181818182,,,,0.8261484111952861,0.632685625121168,0.5,0.5,0.9998977272727273,0.5331458380984738
apple_health_user,apple_health_daily,apple_health_wearable_activity,2025-01-11,93.6641,55.0,,0.0014096477710511836,0.0014096477710511836,,,,,,,,,,,,,0.0,1.5217391304389594e-05,0.9999847826086956,0.9999847826086956,,,,0.8809922671681036,0.590740355589939,0.5,0.5,0.9999771739130434,0.5226793823757456
apple_health_user,apple_health_daily,apple_health_wearable_activity,2025-01-12,94.3721,55.0,,0.0014393229813664595,0.0014393229813664595,,,,,,,,,,,,,0.0,3.260869565213653e-05,0.9999673913043479,0.9999673913043479,,,,0.884909911663216,0.5876955812389126,0.5,0.5,0.9999510869565218,0.5219116670488586
apple_health_user,apple_health_daily,apple_health_wearable_activity,2025-01-13,73.71664635555555,55.0,,0.0013991463414634148,0.0013991463414634148,,,,,,,,,,,,,0.0,0.3301151533333333,0.6698848466666667,0.6698848466666667,,,,0.6601432687503764,0.6756972368749348,0.5,0.5,0.50482727,0.42013112671873376
apple_health_user,apple_health_daily,apple_health_wearable_activity,2025-01-14,93.53616666666667,55.0,,0.0014454794520547946,0.0014454794520547946,,,,,,,,,,,,,0.0,5.500000000002725e-05,0.999945,0.999945,,,,0.8802563216641298,0.5912492360121183,0.5,0.5,0.9999175,0.5227916840030296
apple_health_user,apple_health_daily,apple_health_wearable_activity,2025-01-15,76.16550000000001,55.0,,0.0014135937500000001,0.0014135937500000001,,,,,,,,,,,,,0.0,0.0,1.0,1.0,,,,0.7837815798611111,0.6652542939205713,0.5,0.5,1.0,0.5413135734801429
apple_health_user,apple_health_daily,apple_health_wearable_activity,2025-01-16,96.7322,55.0,,0.0015424278846153843,0.0015424278846153843,,,,,,,,,,,,,0.0,0.00017031249999999165,0.9998296875,0.9998296875,,,,0.8979413087606837,0.5775417091737081,0.5,0.5,0.99974453125,0.519321560105927
apple_health_user,apple_health_daily,apple_health_wearable_activity,2025-01-17,85.09113333333333,55.0,,0.0014088558352402748,0.0014088558352402748,,,,,,,,,,,,,0.0,1.8421052631500956e-05,0.9999815789473685,0.9999815789473685,,,,0.8333638706670058,0.6272491802669888,0.5,0.5,0.9999723684210527,0.5318053871720104
apple_health_user,apple_health_daily,apple_health_wearable_activity,2025-01-18,96.51773333333333,55.0,,0.0014495964691046664,0.0014495964691046664,,,,,,,,,,,,,0.0,7.115384615385967e-05,0.9999288461538461,0.9999288461538461,,,,0.8968138239689879,0.5785480885514596,0.5,0.5,0.9998932692307692,0.5196103394455571
apple_health_user,apple_health_daily,apple_health_wearable_activity,2025-01-19,96.65643333333333,55.0,,0.001504618226600985,0.001504618226600985,,,,,,,,,,,,,0.0,9.642857142855288e-05,0.9999035714285714,0.9999035714285714,,,,0.8975576140302864,0.5779022695387942,0.5,0.5,0.9998553571428572,0.5194394066704129
apple_health_user,apple_health_daily,apple_health_wearable_activity,2025-01-20,79.42053333333332,55.0,,0.0014167441860465117,0.0014167441860465117,,,,,,,,,,,,,0.0,0.33000666666666667,0.6699933333333333,0.6699933333333333,,,,0.6918618260120586,0.6513895560803507,0.5,0.5,0.50499,0.41409488902008773
apple_health_user,apple_health_daily,apple_health_wearable_activity,2025-01-21,94.98126666666667,55.0,,0.0014182738095238096,0.0014182738095238096,,,,,,,,,,,,,0.0,1.0416666666679397e-05,0.9999895833333333,0.9999895833333333,,,,0.8883085846560848,0.5851225449560378,0.5,0.5,0.9999843749999999,0.5212767299890094
apple_health_user,apple_health_daily,apple_health_wearable_activity,2025-01-22,87.00276666666667,55.0,,0.0014314772727272728,0.0014314772727272728,,,,,,,,,,,,,0.0,2.4999999999941735e-05,0.9999750000000001,0.9999750000000001,,,,0.8439743223905724,0.6190857980818287,0.5,0.5,0.9999625000000001,0.5297620745204572
apple_health_user,apple_health_daily,apple_health_wearable_activity,2025-01-23,96.1473,55.0,,0.0015550974025974025,0.0015550974025974025,,,,,,,,,,,,,0.0,0.00014545454545455971,0.9998545454545454,0.9998545454545454,,,,0.894695927128427,0.5800198070593411,0.5,0.5,0.9997818181818181,0.5199504063102898
apple_health_user,apple_health_daily,apple_health_wearable_activity,2025-01-24,100.8115,55.0,,0.001563441039307129,0.001563441039307129,,,,,,,,,,,,,0.0,0.0001789473684210563,0.9998210526315789,0.9998210526315789,,,,0.9205942038640905,0.5601489177517425,0.5,0.5,0.9997315789473684,0.5149701241747777
apple_health_user,apple_health_daily,apple_health_wearable_activity,2025-01-25,99.13136666666666,55.0,,0.001571554054054054,0.001571554054054054,,,,,,,,,,,,,0.0,0.00018513513513518376,0.9998148648648648,0.9998148648648648,,,,0.9112553628628629,0.5672956417494548,0.5,0.5,0.9997222972972972,0.5167544847616881
apple_health_user,apple_health_daily,apple_health_wearable_activity,2025-01-26,98.89636666666667,55.0,,0.001524201016374929,0.001524201016374929,,,,,,,,,,,,,0.0,0.00013043478260876817,0.9998695652173912,0.9998695652173912,,,,0.9099838251040424,0.5683438663222529,0.5,0.5,0.9998043478260868,0.517037053537085
apple_health_user,apple_health_daily,apple_health_wearable_activity,2025-01-27,80.79512079999999,55.0,,0.0014203191489361707,0.0014203191489361707,,,,,,,,,,,,,0.0,0.3300446533333333,0.6699553466666667,0.6699553466666667,,,,0.699484569172577,0.6455322827741764,0.5,0.5,0.50493302,0.4126163256935441
apple_health_user,apple_health_daily,apple_health_wearable_activity,2025-01-28,87.90343333333334,55.0,,0.0014979999999999998,0.0014979999999999998,,,,,,,,,,,,,0.0,0.00010333333333334416,0.9998966666666667,0.9998966666666667,,,,0.8489297407407408,0.6151836086369504,0.5,0.5,0.999845,0.5287571521592376
apple_health_user,apple_health_daily,apple_health_wearable_activity,2025-01-29,90.07743333333333,55.0,,0.0014553508771929825,0.0014553508771929825,,,,,,,,,,,,,0.0,4.999999999999449e-05,0.99995,0.99995,,,,0.8610395126705653,0.6059683759640293,0.5,0.5,0.999925,0.5264733439910073
apple_health_user,apple_health_daily,apple_health_wearable_activity,2025-01-30,87.98906666666667,55.0,,0.0015010924369747902,0.0015010924369747902,,,,,,,,,,,,,0.0,0.00010952380952389262,0.9998904761904761,0.9998904761904761,,,,0.849402387177093,0.6148158381222576,0.5,0.5,0.9998357142857142,0.5286628881019929
apple_health_user,apple_health_daily,apple_health_wearable_activity,2025-01-31,89.21610000000001,55.0,,0.0014415116279069766,0.0014415116279069766,,,,,,,,,,,,,0.0,5.500000000002725e-05,0.999945,0.999945,,,,0.8562572739018087,0.6096502442843416,0.5,0.5,0.9999175,0.5273919360710854
apple_health_user,apple_health_daily,apple_health_wearable_activity,2025-02-01,76.7623,55.0,,0.0015616176470588236,0.0015616176470588236,,,,,,,,,,,,,0.0,0.00011249999999995985,0.9998875,0.9998875,,,,0.7870102941176471,0.662564410332289,0.5,0.5,0.9998312500000001,0.5405989150830723
apple_health_user,apple_health_daily,apple_health_wearable_activity,2025-02-02,79.5551,55.0,,0.0016098076923076925,0.0016098076923076925,,,,,,,,,,,,,0.0,0.00014999999999998348,0.99985,0.99985,,,,0.8024972863247863,0.6506229397282168,0.5,0.5,0.9997750000000001,0.5375994849320542
apple_health_user,apple_health_daily,apple_health_wearable_activity,2025-02-03,78.11216666666667,55.0,,0.0015684740259740261,0.0015684740259740261,,,,,,,,,,,,,0.0,0.0001295454545454655,0.9998704545454545,0.9998704545454545,,,,0.794501586099086,0.6568091207910427,0.5,0.5,0.9998056818181817,0.5391537006523062
apple_health_user,apple_health_daily,apple_health_wearable_activity,2025-02-04,78.8315,55.0,,0.0014711039794608471,0.0014711039794608471,,,,,,,,,,,,,0.0,6.842105263160647e-05,0.9999315789473684,0.9999315789473684,,,,0.7985507138781914,0.6538434575717889,0.5,0.5,0.9998973684210526,0.5384352064982103
apple_health_user,apple_health_daily,apple_health_wearable_activity,2025-02-05,70.00046666666667,55.0,,0.001823894230769231,0.001823894230769231,,,,,,,,,,,,,0.0,0.0003906249999999778,0.999609375,0.999609375,,,,0.7492644195156695,0.6910967630410287,0.5,0.5,0.9994140625000001,0.5476277063852573
apple_health_user,apple_health_daily,apple_health_wearable_activity,2025-10-31,68.09676937777778,55.0,,0.0015855,0.0015855,,,,,,,,,,,,,0.0,0.3302818066666666,0.6697181933333334,0.6697181933333334,,,,0.6288040609876543,0.6994426810019568,0.5,0.5,0.5045772900000001,0.4260049927504892
apple_health_user,apple_health_daily,apple_health_wearable_activity,2025-11-01,97.86283333333333,55.0,,0.0014744005102040817,0.0014744005102040817,,,,,,,,,,,,,0.0,8.87755102041421e-05,0.9999112244897959,0.9999112244897959,,,,0.9042724598450492,0.5727951037571739,0.5,0.5,0.9998668367346938,0.5181654851229669
apple_health_user,apple_health_daily,apple_health_wearable_activity,2025-11-02,85.33673333333333,55.0,,0.001446590909090909,0.001446590909090909,,,,,,,,,,,,,0.0,4.999999999999449e-05,0.99995,0.99995,,,,0.8347052104377104,0.6261654583962529,0.5,0.5,0.999925,0.5315226145990632
apple_health_user,apple_health_daily,apple_health_wearable_activity,2025-11-03,95.72016666666667,55.0,,0.0016271765498652294,0.0016271765498652294,,,,,,,,,,,,,0.0,0.0002482142857143099,0.9997517857142857,0.9997517857142857,,,,0.8922646845362884,0.5817664911835371,0.5,0.5,0.9996276785714285,0.5203485424387414
apple_health_user,apple_health_daily,apple_health_wearable_activity,2025-11-04,94.4058,55.0,,0.0013794736842105263,0.0013794736842105263,,,,,,,,,,,,,0.0,5.263157894730419e-06,0.9999947368421053,0.9999947368421053,,,,0.8851261988304094,0.587612073842102,0.5,0.5,0.999992105263158,0.521901044776315
apple_health_user,apple_health_daily,apple_health_wearable_activity,2025-11-05,95.20733333333334,55.0,,0.0014949038461538463,0.0014949038461538463,,,,,,,,,,,,,0.0,0.00011499999999997623,0.999885,0.999885,,,,0.8895041061253561,0.5840830102350086,0.5,0.5,0.9998275000000001,0.5209776275587522
apple_health_user,apple_health_daily,apple_health_wearable_activity,2025-11-06,96.86003333333333,55.0,,0.001412510351966874,0.001412510351966874,,,,,,,,,,,,,0.0,1.739130434774694e-05,0.9999826086956523,0.9999826086956523,,,,0.8987457735219692,0.5771275840596058,0.5,0.5,0.9999739130434784,0.5192753742757711
apple_health_user,apple_health_daily,apple_health_wearable_activity,2025-11-07,81.81908888888888,55.0,,0.0015510639745916516,0.0015510639745916516,,,,,,,,,,,,,0.0,0.3300954022988506,0.6699045977011494,0.6699045977011494,,,,0.7051127828471242,0.641040625091468,0.5,0.5,0.5048568965517242,0.4114743804107981
apple_health_user,apple_health_daily,apple_health_wearable_activity,2025-11-08,98.5709,55.0,,0.0014330494505494507,0.0014330494505494507,,,,,,,,,,,,,0.0,4.285714285712228e-05,0.9999571428571429,0.9999571428571429,,,,0.9082352533577533,0.5698212556759767,0.5,0.5,0.9999357142857144,0.5174392424904228
apple_health_user,apple_health_daily,apple_health_wearable_activity,2025-11-09,94.81683333333334,55.0,,0.0015021059113300493,0.0015021059113300493,,,,,,,,,,,,,0.0,9.107142857145423e-05,0.9999089285714285,0.9999089285714285,,,,0.8873402371829959,0.5857387361473623,0.5,0.5,0.9998633928571428,0.5214005322511263
apple_health_user,apple_health_daily,apple_health_wearable_activity,2025-11-10,76.95706666666666,55.0,,0.0021178449502133713,0.0021178449502133713,,,,,,,,,,,,,0.0,0.0006947368421053035,0.9993052631578947,0.9993052631578947,,,,0.7877128431062642,0.6611773278182983,0.5,0.5,0.998957894736842,0.5400338056387851
apple_health_user,apple_health_daily,apple_health_wearable_activity,2025-11-11,96.76343333333332,55.0,,0.0015577231329690342,0.0015577231329690342,,,,,,,,,,,,,0.0,0.00015444444444445704,0.9998455555555555,0.9998455555555555,,,,0.8981150182149363,0.5773933669831417,0.5,0.5,0.9997683333333334,0.5192904250791188
apple_health_user,apple_health_daily,apple_health_wearable_activity,2025-11-12,91.74860000000001,55.0,,0.001517222222222222,0.001517222222222222,,,,,,,,,,,,,0.0,0.00012083333333334778,0.9998791666666667,0.9998791666666667,,,,0.8702795370370371,0.5987896710085111,0.5,0.5,0.99981875,0.5246521052521278
apple_health_user,apple_health_daily,apple_health_wearable_activity,2025-11-13,94.07266666666666,55.0,,0.0015801877934272298,0.0015801877934272298,,,,,,,,,,,,,0.0,0.0001666666666666483,0.9998333333333334,0.9998333333333334,,,,0.8831547522170058,0.5888294903727248,0.5,0.5,0.99975,0.5221448725931812
apple_health_user,apple_health_daily,apple_health_wearable_activity,2025-11-14,82.20085395555554,55.0,,0.0014190217391304347,0.0014190217391304347,,,,,,,,,,,,,0.0,0.3301850266666667,0.6698149733333333,0.6698149733333333,,,,0.7072478391733763,0.639547260350618,0.5,0.5,0.50472246,0.41106743008765445
apple_health_user,apple_health_daily,apple_health_wearable_activity,2025-11-15,88.78453333333334,55.0,,0.001414861111111111,0.001414861111111111,,,,,,,,,,,,,0.0,6.111111111106737e-05,0.9999388888888889,0.9999388888888889,,,,0.8538665277777778,0.6115147930790855,0.5,0.5,0.9999083333333334,0.5278557816031048
apple_health_user,apple_health_daily,apple_health_wearable_activity,2025-11-16,91.4134,55.0,,0.0014375236864771748,0.0014375236864771748,,,,,,,,,,,,,0.0,5.7407407407339406e-05,0.9999425925925927,0.9999425925925927,,,,0.8684650229687051,0.6002970271373207,0.5,0.5,0.999913888888889,0.5250527290065524
apple_health_user,apple_health_daily,apple_health_wearable_activity,2025-11-17,80.65116666666667,55.0,,0.0015001801801801805,0.0015001801801801805,,,,,,,,,,,,,0.0,6.666666666665932e-05,0.9999333333333333,0.9999333333333333,,,,0.8086508658658659,0.6460652445201512,0.5,0.5,0.9999,0.5364913111300378
apple_health_user,apple_health_daily,apple_health_wearable_activity,2025-11-18,95.53763333333333,55.0,,0.001418125,0.001418125,,,,,,,,,,,,,0.0,3.035714285715141e-05,0.9999696428571428,0.9999696428571428,,,,0.8913929133597884,0.5827534033170361,0.5,0.5,0.9999544642857143,0.5206769669006877
apple_health_user,apple_health_daily,apple_health_wearable_activity,2025-11-19,72.3052,55.0,,0.0014583333333333332,0.0014583333333333332,,,,,,,,,,,,,0.0,3.571428571436108e-05,0.9999642857142856,0.9999642857142856,,,,0.7623086507936508,0.6816485495264479,0.5,0.5,0.9999464285714285,0.5453987445244691
apple_health_user,apple_health_daily,apple_health_wearable_activity,2025-11-20,83.91086666666666,55.0,,0.0014855932203389828,0.0014855932203389828,,,,,,,,,,,,,0.0,9.999999999998899e-05,0.9999,0.9999,,,,0.8267540615191461,0.6321984169728629,0.5,0.5,0.99985,0.5330121042432157
apple_health_user,apple_health_daily,apple_health_wearable_activity,2025-11-21,82.5667042,55.0,,0.0013995535714285713,0.0013995535714285713,,,,,,,,,,,,,0.0,0.33007397761904755,0.6699260223809524,0.6699260223809524,,,,0.7093238462698412,0.638008803433971,0.5,0.5,0.5048890335714287,0.4107244592513499
apple_health_user,apple_health_daily,apple_health_wearable_activity,2025-11-22,94.98653333333334,55.0,,0.0015782316017316019,0.0015782316017316019,,,,,,,,,,,,,0.0,0.00018030303030303063,0.999819696969697,0.999819696969697,,,,0.8882278958633959,0.5849397448712301,0.5,0.5,0.9997295454545454,0.5211673225814439
apple_health_user,apple_health_daily,apple_health_wearable_activity,2025-11-23,90.5582,55.0,,0.0014987209302325581,0.0014987209302325581,,,,,,,,,,,,,0.0,9.999999999998899e-05,0.9999,0.9999,,,,0.863679315245478,0.6038775458438085,0.5,0.5,0.99985,0.5259318864609521
apple_health_user,apple_health_daily,apple_health_wearable_activity,2025-11-24,66.44283333333334,55.0,,0.0015143452380952382,0.0015143452380952382,,,,,,,,,,,,,0.0,7.142857142850012e-05,0.9999285714285715,0.9999285714285715,,,,0.7297093716931217,0.7065573167013188,0.5,0.5,0.9998928571428572,0.5516125434610439
apple_health_user,apple_health_daily,apple_health_wearable_activity,2025-11-25,62.48433333333333,55.0,,0.0015741666666666664,0.0015741666666666664,,,,,,,,,,,,,0.0,0.00016250000000006537,0.9998374999999999,0.9998374999999999,,,,0.7076674074074075,0.7233546367094983,0.5,0.5,0.9997562499999999,0.5557777216773745
apple_health_user,apple_health_daily,apple_health_wearable_activity,2025-11-26,73.80383333333333,55.0,,0.0015160369318181815,0.0015160369318181815,,,,,,,,,,,,,0.0,8.18181818181829e-05,0.9999181818181818,0.9999181818181818,,,,0.7705997890361953,0.6752087573578951,0.5,0.5,0.9998772727272727,0.5437715075212919
apple_health_user,apple_health_daily,apple_health_wearable_activity,2025-11-27,96.01506666666667,55.0,,0.0015426920750151243,0.0015426920750151243,,,,,,,,,,,,,0.0,0.00014655172413791107,0.9998534482758621,0.9998534482758621,,,,0.8939650668817638,0.5805953609608739,0.5,0.5,0.9997801724137931,0.5200938833436668
apple_health_user,apple_health_daily,apple_health_wearable_activity,2025-11-28,83.58774311111111,55.0,,0.001603271221532091,0.001603271221532091,,,,,,,,,,,,,0.0,0.33030899047619044,0.6696910095238096,0.6696910095238096,,,,0.7148500411624875,0.6334564579079394,0.5,0.5,0.5045365142857143,0.4094982430484134
apple_health_user,apple_health_daily,apple_health_wearable_activity,2025-11-29,83.5025,55.0,,0.0014267073170731704,0.0014267073170731704,,,,,,,,,,,,,0.0,5.500000000002725e-05,0.999945,0.999945,,,,0.8245199864498645,0.6339964872764042,0.5,0.5,0.9999175,0.5334784968191011
apple_health_user,apple_health_daily,apple_health_wearable_activity,2025-11-30,90.46363333333332,55.0,,0.0013810504201680674,0.0013810504201680674,,,,,,,,,,,,,0.0,1.1764705882377768e-05,0.9999882352941176,0.9999882352941176,,,,0.8632225801431682,0.6043982337499322,0.5,0.5,0.9999823529411764,0.5260951466727771
apple_health_user,apple_health_daily,apple_health_wearable_activity,2025-12-01,91.74146666666667,55.0,,0.0015169333333333334,0.0015169333333333334,,,,,,,,,,,,,0.0,0.00010833333333337691,0.9998916666666666,0.9998916666666666,,,,0.8702441703703704,0.5988203379887721,0.5,0.5,0.9998374999999999,0.524664459497193
apple_health_user,apple_health_daily,apple_health_wearable_activity,2025-12-02,82.96583333333334,55.0,,0.001490340909090909,0.001490340909090909,,,,,,,,,,,,,0.0,0.00010909090909083652,0.9998909090909092,0.9998909090909092,,,,0.8214992634680135,0.6362180871891502,0.5,0.5,0.9998363636363637,0.5340136127063785
apple_health_user,apple_health_daily,apple_health_wearable_activity,2025-12-03,91.12496666666667,55.0,,0.0017051446654611216,0.0017051446654611216,,,,,,,,,,,,,0.0,0.0002857142857142225,0.9997142857142858,0.9997142857142858,,,,0.8666973062755341,0.6012570083419422,0.5,0.5,0.9995714285714287,0.5252071092283427
apple_health_user,apple_health_daily,apple_health_wearable_activity,2025-12-04,93.49463333333333,55.0,,0.002031128148959474,0.002031128148959474,,,,,,,,,,,,,0.0,0.0006272727272726986,0.9993727272727273,0.9993727272727273,,,,0.8796396071153301,0.590838940914076,0.5,0.5,0.999059090909091,0.5224745079557918
apple_health_user,apple_health_daily,apple_health_wearable_activity,2025-12-05,80.10899335555555,55.0,,0.001561049543676662,0.001561049543676662,,,,,,,,,,,,,0.0,0.3302352674358975,0.6697647325641025,0.6697647325641025,,,,0.6955623018710062,0.6483130658973798,0.5,0.5,0.5046470988461538,0.4132400411858834
apple_health_user,apple_health_daily,apple_health_wearable_activity,2025-12-06,91.06186666666667,55.0,,0.0015143499999999998,0.0015143499999999998,,,,,,,,,,,,,0.0,0.00011874999999994529,0.99988125,0.99988125,,,,0.8664660037037036,0.6017170087441635,0.5,0.5,0.9998218750000001,0.5253847209360409
apple_health_user,apple_health_daily,apple_health_wearable_activity,2025-12-07,74.91263333333333,55.0,,0.0016536363636363636,0.0016536363636363636,,,,,,,,,,,,,0.0,0.00023333333333330764,0.9997666666666667,0.9997666666666667,,,,0.7766634175084176,0.6703489701117555,0.5,0.5,0.99965,0.5424997425279389
apple_health_user,apple_health_daily,apple_health_wearable_activity,2025-12-08,70.5036,55.0,,0.0015259615384615385,0.0015259615384615385,,,,,,,,,,,,,0.0,0.00012499999999993072,0.9998750000000001,0.9998750000000001,,,,0.7522474572649575,0.6892528707766072,0.5,0.5,0.9998125000000001,0.5472663426941518
apple_health_user,apple_health_daily,apple_health_wearable_activity,2025-12-09,72.15090000000001,55.0,,0.0015804323308270677,0.0015804323308270677,,,,,,,,,,,,,0.0,0.0002071428571428502,0.9997928571428571,0.9997928571428571,,,,0.7613535860484545,0.6821832218803214,0.5,0.5,0.9996892857142857,0.5454681268986518
apple_health_user,apple_health_daily,apple_health_wearable_activity,2025-12-10,102.12296666666666,55.0,,0.0017412765121759622,0.0017412765121759622,,,,,,,,,,,,,0.0,0.00035522388059705534,0.999644776119403,0.999644776119403,,,,0.9277620924616682,0.5543857330533166,0.5,0.5,0.9994671641791044,0.5134632243081052
apple_health_user,apple_health_daily,apple_health_wearable_activity,2025-12-11,68.2493,55.0,,0.0013817999999999999,0.0013817999999999999,,,,,,,,,,,,,0.0,0.0,1.0,1.0,,,,0.739813288888889,0.6989973558368376,0.5,0.5,1.0,0.5497493389592094
apple_health_user,apple_health_daily,apple_health_wearable_activity,2025-12-12,65.25633333333333,55.0,,0.0015355952380952382,0.0015355952380952382,,,,,,,,,,,,,0.0,0.33008095238095236,0.6699190476190476,0.6699190476190476,,,,0.6131074470899471,0.7115887291473952,0.5,0.5,0.5048785714285715,0.42911682514399163
apple_health_user,apple_health_daily,apple_health_wearable_activity,2025-12-13,74.19666666666667,55.0,,0.0014241666666666665,0.0014241666666666665,,,,,,,,,,,,,0.0,6.666666666665932e-05,0.9999333333333333,0.9999333333333333,,,,0.7728178703703703,0.673627982353092,0.5,0.5,0.9999,0.543381995588273
apple_health_user,apple_health_daily,apple_health_wearable_activity,2025-12-14,60.267266666666664,55.0,,0.0017400000000000002,0.0017400000000000002,,,,,,,,,,,,,0.0,0.0003500000000000725,0.9996499999999999,0.9996499999999999,,,,0.6952325925925926,0.7326297658869206,0.5,0.5,0.9994749999999999,0.5580261914717302
apple_health_user,apple_health_daily,apple_health_wearable_activity,2025-12-15,65.09756666666667,55.0,,0.0014413636363636362,0.0014413636363636362,,,,,,,,,,,,,0.0,0.0,1.0,1.0,,,,0.7222838047138048,0.7123593135479435,0.5,0.5,1.0,0.5530898283869858
apple_health_user,apple_health_daily,apple_health_wearable_activity,2025-12-16,68.98233333333333,55.0,,0.002043888888888889,0.002043888888888889,,,,,,,,,,,,,0.0,0.0005777777777777882,0.9994222222222222,0.9994222222222222,,,,0.7434724074074074,0.6952119257679792,0.5,0.5,0.9991333333333333,0.5485863147753282
apple_health_user,apple_health_daily,apple_health_wearable_activity,2025-12-17,79.9984,55.0,,0.0015799999999999998,0.0015799999999999998,,,,,,,,,,,,,0.0,0.00017500000000003624,0.999825,0.999825,,,,0.8049616666666667,0.6487650288520515,0.5,0.5,0.9997375,0.5371256322130129
apple_health_user,apple_health_daily,apple_health_wearable_activity,2025-12-18,73.09636666666667,55.0,,0.00151625,0.00151625,,,,,,,,,,,,,0.0,0.00015625000000007994,0.9998437499999999,0.9998437499999999,,,,0.766644537037037,0.678221294840851,0.5,0.5,0.9997656249999999,0.5444967299602127
apple_health_user,apple_health_daily,apple_health_wearable_activity,2025-12-19,62.10549953333334,55.0,,0.0014246428571428572,0.0014246428571428572,,,,,,,,,,,,,0.0,0.3302038966666666,0.6697961033333334,0.6697961033333334,,,,0.5955988175661376,0.7251178137054288,0.5,0.5,0.5046941550000001,0.43245299217635724
apple_health_user,apple_health_daily,apple_health_wearable_activity,2025-12-20,85.1162,55.0,,0.0014567922077922076,0.0014567922077922076,,,,,,,,,,,,,0.0,4.6428571428558385e-05,0.9999535714285714,0.9999535714285714,,,,0.8334778152958154,0.6270943732257692,0.5,0.5,0.9999303571428572,0.5317561825921566
apple_health_user,apple_health_daily,apple_health_wearable_activity,2025-12-21,82.28693333333334,55.0,,0.0015893333333333337,0.0015893333333333337,,,,,,,,,,,,,0.0,0.00019999999999997797,0.9998,0.9998,,,,0.8176642962962962,0.6390099382341207,0.5,0.5,0.9997,0.5346774845585301
apple_health_user,apple_health_daily,apple_health_wearable_activity,2025-12-22,74.73753333333333,55.0,,0.0017358510638297872,0.0017358510638297872,,,,,,,,,,,,,0.0,0.0003500000000000725,0.9996499999999999,0.9996499999999999,,,,0.7756243459416864,0.6710122069573221,0.5,0.5,0.9994749999999999,0.5426218017393305
apple_health_user,apple_health_daily,apple_health_wearable_activity,2025-12-23,80.60653333333333,55.0,,0.0016159469696969697,0.0016159469696969697,,,,,,,,,,,,,0.0,0.00017083333333334227,0.9998291666666667,0.9998291666666667,,,,0.8083295917508417,0.6461392493102771,0.5,0.5,0.9997437499999999,0.5364707498275693
apple_health_user,apple_health_daily,apple_health_wearable_activity,2025-12-24,74.57343333333333,55.0,,0.0013900000000000004,0.0013900000000000004,,,,,,,,,,,,,0.0,0.0,1.0,1.0,,,,0.7749446296296295,0.6720577743421391,0.5,0.5,1.0,0.5430144435855347
apple_health_user,apple_health_daily,apple_health_wearable_activity,2025-12-25,70.0575,55.0,,0.0015594642857142858,0.0015594642857142858,,,,,,,,,,,,,0.0,0.000140000000000029,0.99986,0.99986,,,,0.7497529563492064,0.6911190008476706,0.5,0.5,0.99979,0.5477272502119177
apple_health_user,apple_health_daily,apple_health_wearable_activity,2025-12-26,78.19147215555556,55.0,,0.0013965580182529335,0.0013965580182529335,,,,,,,,,,,,,0.0,0.3300472874358974,0.6699527125641026,0.6699527125641026,,,,0.6850268968239254,0.6566437590146136,0.5,0.5,0.5049290688461539,0.4153932069651919
apple_health_user,apple_health_daily,apple_health_wearable_activity,2025-12-27,76.1554,55.0,,0.0016569541375872382,0.0016569541375872382,,,,,,,,,,,,,0.0,0.00017941176470581688,0.9998205882352942,0.9998205882352942,,,,0.7835845446992357,0.6650533143389641,0.5,0.5,0.9997308823529413,0.5411960491729764
apple_health_user,apple_health_daily,apple_health_wearable_activity,2025-12-28,60.41186666666667,55.0,,0.0029628571428571425,0.0029628571428571425,,,,,,,,,,,,,0.0,0.0,1.0,1.0,,,,0.6957449735449736,0.7307879625593099,0.5,0.5,1.0,0.5576969906398275
apple_health_user,apple_health_daily,apple_health_wearable_activity,2025-12-29,71.77346666666666,55.0,,0.0015527873563218391,0.0015527873563218391,,,,,,,,,,,,,0.0,0.0001291666666667357,0.9998708333333333,0.9998708333333333,,,,0.7592919412515964,0.6838182405783725,0.5,0.5,0.9998062499999999,0.545906122644593
apple_health_user,apple_health_daily,apple_health_wearable_activity,2025-12-30,96.11573333333334,55.0,,0.0014336363636363637,0.0014336363636363637,,,,,,,,,,,,,0.0,3.399999999997849e-05,0.999966,0.999966,,,,0.8945981952861953,0.5802760094255819,0.5,0.5,0.999949,0.5200562523563954
apple_health_user,apple_health_daily,apple_health_wearable_activity,2025-12-31,68.23296666666667,55.0,,0.0014079323308270675,0.0014079323308270675,,,,,,,,,,,,,0.0,7.1428571428722165e-06,0.9999928571428571,0.9999928571428571,,,,0.7397114564188249,0.6990407114438698,0.5,0.5,0.9999892857142857,0.5497574992895389
apple_health_user,apple_health_daily,apple_health_wearable_activity,2026-01-01,70.94873333333334,55.0,,0.0015098913043478262,0.0015098913043478262,,,,,,,,,,,,,0.0,0.00011249999999995985,0.9998875,0.9998875,,,,0.7547299436392914,0.6873733796122551,0.5,0.5,0.9998312500000001,0.5468011574030638
apple_health_user,apple_health_daily,apple_health_wearable_activity,2026-01-02,68.71938653333333,55.0,,0.001576547619047619,0.001576547619047619,,,,,,,,,,,,,0.0,0.33033577999999997,0.66966422,0.66966422,,,,0.6322480382010582,0.6968002376186039,0.5,0.5,0.50449633,0.42532414190465095
apple_health_user,apple_health_daily,apple_health_wearable_activity,2026-01-03,73.95433333333334,55.0,,0.0014416666666666668,0.0014416666666666668,,,,,,,,,,,,,0.0,3.124999999992717e-05,0.9999687500000001,0.9999687500000001,,,,0.7714775462962963,0.6746424150161979,0.5,0.5,0.9999531250000001,0.5436488850040495
apple_health_user,apple_health_daily,apple_health_wearable_activity,2026-01-04,83.15236666666667,55.0,,0.001448071895424837,0.001448071895424837,,,,,,,,,,,,,0.0,2.777777777773771e-05,0.9999722222222223,0.9999722222222223,,,,0.8225767538126361,0.6354661123106835,0.5,0.5,0.9999583333333334,0.5338561114110042
apple_health_user,apple_health_daily,apple_health_wearable_activity,2026-01-05,74.29543333333334,55.0,,0.0014990322580645161,0.0014990322580645161,,,,,,,,,,,,,0.0,7.500000000004725e-05,0.999925,0.999925,,,,0.7733388410991636,0.6731323244700113,0.5,0.5,0.9998874999999999,0.5432549561175027
apple_health_user,apple_health_daily,apple_health_wearable_activity,2026-01-06,87.69553333333333,55.0,,0.001435294117647059,0.001435294117647059,,,,,,,,,,,,,0.0,3.333333333332966e-05,0.9999666666666667,0.9999666666666667,,,,0.8478189760348585,0.6161318202909796,0.5,0.5,0.99995,0.5290204550727449
apple_health_user,apple_health_daily,apple_health_wearable_activity,2026-01-07,78.72986666666667,55.0,,0.001448375,0.001448375,,,,,,,,,,,,,0.0,4.999999999999449e-05,0.99995,0.99995,,,,0.7979998009259259,0.654299051568952,0.5,0.5,0.999925,0.538556012892238
apple_health_user,apple_health_daily,apple_health_wearable_activity,2026-01-08,75.68643333333333,55.0,,0.0014103750000000002,0.0014103750000000002,,,,,,,,,,,,,0.0,0.0,1.0,1.0,,,,0.7811211712962963,0.6672976293181985,0.5,0.5,1.0,0.5418244073295496
apple_health_user,apple_health_daily,apple_health_wearable_activity,2026-01-09,70.48650413333334,55.0,,0.0014508823529411764,0.0014508823529411764,,,,,,,,,,,,,0.0,0.33016382,0.66983618,0.66983618,,,,0.6421645666230936,0.6894009472083238,0.5,0.5,0.5047542700000001,0.4235388043020809
apple_health_user,apple_health_daily,apple_health_wearable_activity,2026-01-10,77.99533333333333,55.0,,0.0020050000000000007,0.0020050000000000007,,,,,,,,,,,,,0.0,0.0005749999999999922,0.999425,0.999425,,,,0.7935585185185184,0.6568690000304055,0.5,0.5,0.9991375,0.5390016250076014
apple_health_user,apple_health_daily,apple_health_wearable_activity,2026-01-11,74.4145,55.0,,0.0015249999999999999,0.0015249999999999999,,,,,,,,,,,,,0.0,9.999999999998899e-05,0.9999,0.9999,,,,0.7739833333333334,0.6725992433685837,0.5,0.5,0.99985,0.5431123108421458
apple_health_user,apple_health_daily,apple_health_wearable_activity,2026-01-12,80.91026666666667,55.0,,0.0018072222222222222,0.0018072222222222222,,,,,,,,,,,,,0.0,0.00037222222222221824,0.9996277777777778,0.9996277777777778,,,,0.8098861111111111,0.6446540285631304,0.5,0.5,0.9994416666666667,0.5360239238074493
apple_health_user,apple_health_daily,apple_health_wearable_activity,2026-01-13,62.8431,55.0,,0.0017356521739130433,0.0017356521739130433,,,,,,,,,,,,,0.0,0.0002750000000000252,0.999725,0.999725,,,,0.7095692270531401,0.7216649230541263,0.5,0.5,0.9995875,0.5553131057635317
apple_health_user,apple_health_daily,apple_health_wearable_activity,2026-01-14,76.07853333333333,55.0,,0.0019554667519181587,0.0019554667519181587,,,,,,,,,,,,,0.0,0.00047826086956526126,0.9995217391304347,0.9995217391304347,,,,0.7829583870891351,0.6650813659872828,0.5,0.5,0.9992826086956521,0.5410909936707338
apple_health_user,apple_health_daily,apple_health_wearable_activity,2026-01-15,96.50656666666667,55.0,,0.001624328358208955,0.001624328358208955,,,,,,,,,,,,,0.0,0.0002249999999999197,0.9997750000000001,0.9997750000000001,,,,0.8966422609176341,0.5784204575668094,0.5,0.5,0.9996625000000001,0.5195207393917024
apple_health_user,apple_health_daily,apple_health_wearable_activity,2026-01-16,62.483452666666665,55.0,,0.0017320995670995671,0.0017320995670995671,,,,,,,,,,,,,0.0,0.33041750606060605,0.669582493939394,0.669582493939394,,,,0.5975248684944685,0.7232000452156762,0.5,0.5,0.5043737409090909,0.43189344653119177
apple_health_user,apple_health_daily,apple_health_wearable_activity,2026-01-17,73.29266666666666,55.0,,0.0016110512129380054,0.0016110512129380054,,,,,,,,,,,,,0.0,0.00012142857142860564,0.9998785714285714,0.9998785714285714,,,,0.767715099331137,0.6772903034259891,0.5,0.5,0.9998178571428571,0.5442770401422116
apple_health_user,apple_health_daily,apple_health_wearable_activity,2026-01-18,92.7921,55.0,,0.0014887434449374747,0.0014887434449374747,,,,,,,,,,,,,0.0,7.702702702705455e-05,0.999922972972973,0.999922972972973,,,,0.8761008542871229,0.5943744724260983,0.5,0.5,0.9998844594594594,0.5235647329713894
apple_health_user,apple_health_daily,apple_health_wearable_activity,2026-01-19,58.4842,55.0,,0.0029049999999999996,0.0029049999999999996,,,,,,,,,,,,,0.0,0.0,1.0,1.0,,,,0.6850550000000001,0.7390549497291701,0.5,0.5,1.0,0.5597637374322926
apple_health_user,apple_health_daily,apple_health_wearable_activity,2026-01-20,79.70206666666667,55.0,,0.0016445900621118008,0.0016445900621118008,,,,,,,,,,,,,0.0,0.0001913043478261045,0.9998086956521739,0.9998086956521739,,,,0.8032884055670578,0.6499622088565167,0.5,0.5,0.9997130434782608,0.5374188130836943
apple_health_user,apple_health_daily,apple_health_wearable_activity,2026-01-21,77.21916666666667,55.0,,0.001459152960526316,0.001459152960526316,,,,,,,,,,,,,0.0,7.368421052633689e-05,0.9999263157894737,0.9999263157894737,,,,0.7895955357577972,0.6607215708403499,0.5,0.5,0.9998894736842106,0.5401527611311401
apple_health_user,apple_health_daily,apple_health_wearable_activity,2026-01-22,69.98336666666667,55.0,,0.0015882812499999996,0.0015882812499999996,,,,,,,,,,,,,0.0,0.00015500000000001624,0.999845,0.999845,,,,0.7493264988425926,0.6914058065217666,0.5,0.5,0.9997674999999999,0.5477933266304417
apple_health_user,apple_health_daily,apple_health_wearable_activity,2026-01-23,61.62528617777778,55.0,,0.0014108333333333336,0.0014108333333333336,,,,,,,,,,,,,0.0,0.33014486,0.66985514,0.66985514,,,,0.592955247654321,0.7271766504799622,0.5,0.5,0.50478271,0.43298984011999053
apple_health_user,apple_health_daily,apple_health_wearable_activity,2026-01-24,63.11776666666667,55.0,,0.0015141346153846153,0.0015141346153846153,,,,,,,,,,,,,0.0,9.375000000000355e-05,0.99990625,0.99990625,,,,0.7112294088319088,0.720717344492421,0.5,0.5,0.999859375,0.5551441798731053
apple_health_user,apple_health_daily,apple_health_wearable_activity,2026-01-25,61.09623333333333,55.0,,0.0029200000000000003,0.0029200000000000003,,,,,,,,,,,,,0.0,0.0,1.0,1.0,,,,0.6995612962962964,0.727916551054989,0.5,0.5,1.0,0.5569791377637472
apple_health_user,apple_health_daily,apple_health_wearable_activity,2026-01-26,70.83606666666667,55.0,,0.0015917105263157892,0.0015917105263157892,,,,,,,,,,,,,0.0,0.00013421052631579222,0.9998657894736842,0.9998657894736842,,,,0.7540695077972709,0.6877711402302946,0.5,0.5,0.9997986842105263,0.5468924561102052
apple_health_user,apple_health_daily,apple_health_wearable_activity,2026-01-27,90.3815,55.0,,0.0014397532116294791,0.0014397532116294791,,,,,,,,,,,,,0.0,3.965517241377725e-05,0.9999603448275862,0.9999603448275862,,,,0.8627374194275411,0.604689144265526,0.5,0.5,0.9999405172413793,0.5261574153767263
apple_health_user,apple_health_daily,apple_health_wearable_activity,2026-01-28,58.65886666666667,55.0,,0.0028199999999999996,0.0028199999999999996,,,,,,,,,,,,,0.0,0.0,1.0,1.0,,,,0.6860537037037037,0.7383963507477065,0.5,0.5,1.0,0.5595990876869266
apple_health_user,apple_health_daily,apple_health_wearable_activity,2026-01-29,77.0254,55.0,,0.0013685044642857145,0.0013685044642857145,,,,,,,,,,,,,0.0,1.4285714285744433e-05,0.9999857142857143,0.9999857142857143,,,,0.7885690699404763,0.6616376105709485,0.5,0.5,0.9999785714285714,0.54040404549988
apple_health_user,apple_health_daily,apple_health_wearable_activity,2026-01-30,62.72321866666667,55.0,,0.0015658041958041958,0.0015658041958041958,,,,,,,,,,,,,0.0,0.3301792848484849,0.6698207151515151,0.6698207151515151,,,,0.5989917406889407,0.7223457261874577,0.5,0.5,0.5047310727272727,0.43176919972868255
apple_health_user,apple_health_daily,apple_health_wearable_activity,2026-01-31,94.88623333333334,55.0,,0.0014981655052264805,0.0014981655052264805,,,,,,,,,,,,,0.0,0.00012195121951219523,0.9998780487804878,0.9998780487804878,,,,0.8877168129436056,0.5854471464338218,0.5,0.5,0.9998170731707317,0.5213160549011384
apple_health_user,apple_health_daily,apple_health_wearable_activity,2026-02-01,89.42216666666667,55.0,,0.0014392245989304812,0.0014392245989304812,,,,,,,,,,,,,0.0,3.863636363643508e-05,0.9999613636363636,0.9999613636363636,,,,0.8574083056050702,0.6087750010815657,0.5,0.5,0.9999420454545453,0.5271792616340277
apple_health_user,apple_health_daily,apple_health_wearable_activity,2026-02-02,83.85426666666666,55.0,,0.0013254651162790696,0.0013254651162790696,,,,,,,,,,,,,0.0,1.0000000000065512e-05,0.9999899999999999,0.9999899999999999,,,,0.8265229931093886,0.6325999911227012,0.5,0.5,0.9999849999999999,0.5331462477806752
apple_health_user,apple_health_daily,apple_health_wearable_activity,2026-02-03,81.33296666666666,55.0,,0.0014414069264069261,0.0014414069264069261,,,,,,,,,,,,,0.0,1.4285714285744433e-05,0.9999857142857143,0.9999857142857143,,,,0.812475695045695,0.6432207205021376,0.5,0.5,0.9999785714285714,0.5357998229826773
apple_health_user,apple_health_daily,apple_health_wearable_activity,2026-02-04,65.9277,55.0,,0.0015553125,0.0015553125,,,,,,,,,,,,,0.0,8.125000000003268e-05,0.99991875,0.99991875,,,,0.7268305902777779,0.7087099418005697,0.5,0.5,0.999878125,0.5521470167001424
apple_health_user,apple_health_daily,apple_health_wearable_activity,2026-02-05,87.04176666666666,55.0,,0.0014513978494623656,0.0014513978494623656,,,,,,,,,,,,,0.0,0.00010806451612910273,0.9998919354838709,0.9998919354838709,,,,0.8441566606929509,0.618899744189806,0.5,0.5,0.9998379032258063,0.5296844118539031
apple_health_user,apple_health_daily,apple_health_wearable_activity,2026-02-06,81.015751,55.0,,0.0015446481876332625,0.0015446481876332625,,,,,,,,,,,,,0.0,0.3302260547619048,0.6697739452380952,0.6697739452380952,,,,0.700608382350154,0.644468076775829,0.5,0.5,0.5046609178571428,0.4122822486582429
apple_health_user,apple_health_daily,apple_health_wearable_activity,2026-02-07,90.21486666666667,55.0,,0.0015297109577221742,0.0015297109577221742,,,,,,,,,,,,,0.0,0.00018684210526309641,0.9998131578947369,0.9998131578947369,,,,0.8617326304604864,0.6053085626655085,0.5,0.5,0.9997197368421054,0.5262570748769034
apple_health_user,apple_health_daily,apple_health_wearable_activity,2026-02-08,58.448366666666665,55.0,,0.002595,0.002595,,,,,,,,,,,,,0.0,0.0,1.0,1.0,,,,0.6849592592592592,0.7395183488449464,0.5,0.5,1.0,0.5598795872112365
apple_health_user,apple_health_daily,apple_health_wearable_activity,2026-02-09,90.89386666666667,55.0,,0.0013570270270270271,0.0013570270270270271,,,,,,,,,,,,,0.0,2.7027027027060058e-05,0.9999729729729729,0.9999729729729729,,,,0.8656156856856857,0.6025901680774417,0.5,0.5,0.9999594594594594,0.5256374068842253
apple_health_user,apple_health_daily,apple_health_wearable_activity,2026-02-10,75.0562,55.0,,0.0014774999999999999,0.0014774999999999999,,,,,,,,,,,,,0.0,6.250000000007638e-05,0.9999374999999999,0.9999374999999999,,,,0.7775766666666666,0.6699141830021277,0.5,0.5,0.9999062499999999,0.5424551082505319
apple_health_user,apple_health_daily,apple_health_wearable_activity,2026-02-11,63.069,55.0,,0.002207333333333333,0.002207333333333333,,,,,,,,,,,,,0.0,0.0007833333333333581,0.9992166666666666,0.9992166666666666,,,,0.7104975555555555,0.7202300241002573,0.5,0.5,0.998825,0.5547637560250643
apple_health_user,apple_health_daily,apple_health_wearable_activity,2026-02-12,95.4058,55.0,,0.001610507662835249,0.001610507662835249,,,,,,,,,,,,,0.0,0.00021111111111116188,0.9997888888888888,0.9997888888888888,,,,0.8905361270753511,0.5831219355914031,0.5,0.5,0.9996833333333333,0.5207013172311841
apple_health_user,apple_health_daily,apple_health_wearable_activity,2026-02-13,82.74542222222223,55.0,,0.0016269161958568736,0.0016269161958568736,,,,,,,,,,,,,0.0,0.3301490740740741,0.6698509259259259,0.6698509259259259,,,,0.7102159044779243,0.637019780340692,0.5,0.5,0.5047763888888888,0.4104490423073952
apple_health_user,apple_health_daily,apple_health_wearable_activity,2026-02-14,90.08376666666666,55.0,,0.0018454264392324092,0.0018454264392324092,,,,,,,,,,,,,0.0,0.00035714285714283367,0.9996428571428572,0.9996428571428572,,,,0.8608422917160231,0.6055503198850622,0.5,0.5,0.9994642857142857,0.526253651399837
apple_health_user,apple_health_daily,apple_health_wearable_activity,2026-02-15,58.190933333333334,55.0,,0.0029866666666666665,0.0029866666666666665,,,,,,,,,,,,,11.942133333333327,0.11942133333333327,0.8805786666666667,0.8805786666666667,,,,0.6435914074074075,0.7402219494959139,0.5,0.5,0.7611573333333335,0.5003448207073118
apple_health_user,apple_health_daily,apple_health_wearable_activity,2026-02-16,67.80306666666667,55.0,,0.0016324999999999998,0.0016324999999999998,,,,,,,,,,,,,0.0,0.00019374999999999254,0.99980625,0.99980625,,,,0.7371860648148147,0.7006462940917539,0.5,0.5,0.999709375,0.5500889172729385
apple_health_user,apple_health_daily,apple_health_wearable_activity,2026-02-17,82.27996666666667,55.0,,0.001548125,0.001548125,,,,,,,,,,,,,0.0,0.00014374999999999805,0.99985625,0.99985625,,,,0.8176580787037038,0.6390809208558886,0.5,0.5,0.999784375,0.5347163239639722
apple_health_user,apple_health_daily,apple_health_wearable_activity,2026-02-18,85.45626666666666,55.0,,0.0017096960784313724,0.0017096960784313724,,,,,,,,,,,,,0.0,0.0003235294117647225,0.9996764705882353,0.9996764705882353,,,,0.8351904063180827,0.6253926385715387,0.5,0.5,0.9995147058823529,0.5312268361134729
apple_health_user,apple_health_daily,apple_health_wearable_activity,2026-02-19,86.40343333333334,55.0,,0.0013956944444444446,0.0013956944444444446,,,,,,,,,,,,,0.0,2.999999999997449e-05,0.99997,0.99997,,,,0.8406549537037037,0.6216739382036746,0.5,0.5,0.999955,0.5304072345509186
apple_health_user,apple_health_daily,apple_health_wearable_activity,2026-02-20,59.65805968888889,55.0,,0.0015339285714285715,0.0015339285714285715,,,,,,,,,,,,,0.0,0.3301154866666667,0.6698845133333333,0.6698845133333333,,,,0.5819949709700176,0.7354306824929308,0.5,0.5,0.50482677,0.4350643631232327
apple_health_user,apple_health_daily,apple_health_wearable_activity,2026-02-21,60.12493333333333,55.0,,0.0017865000000000001,0.0017865000000000001,,,,,,,,,,,,,0.0,0.0003500000000000725,0.9996499999999999,0.9996499999999999,,,,0.6944263518518518,0.733189272855416,0.5,0.5,0.9994749999999999,0.558166068213854
apple_health_user,apple_health_daily,apple_health_wearable_activity,2026-02-22,77.7738,55.0,,0.0013975575447570335,0.0013975575447570335,,,,,,,,,,,,,0.0,2.608695652173143e-05,0.9999739130434783,0.9999739130434783,,,,0.7927132296106848,0.6584214163148636,0.5,0.5,0.9999608695652173,0.5395955714700202
apple_health_user,apple_health_daily,apple_health_wearable_activity,2026-02-23,63.71196666666667,55.0,,0.5,0.5,,,,,,,,,,,,,33.416666666666664,0.3341666666666666,0.6658333333333334,0.6658333333333334,,,,0.4370109259259259,0.21841040188373598,0.5,0.5,0.3316666666666668,0.2625192671376007
apple_health_user,apple_health_daily,apple_health_wearable_activity,2026-02-24,64.2996,55.0,,0.0016264285714285712,0.0016264285714285712,,,,,,,,,,,,,0.0,0.0001875000000000071,0.9998125,0.9998125,,,,0.7177264682539682,0.7155719153484653,0.5,0.5,0.99971875,0.5538226663371163
apple_health_user,apple_health_daily,apple_health_wearable_activity,2026-02-25,98.56726666666668,55.0,,0.0014802284946236557,0.0014802284946236557,,,,,,,,,,,,,0.0,0.00010564516129030199,0.9998943548387097,0.9998943548387097,,,,0.9081784124850657,0.5697894270486528,0.5,0.5,0.9998415322580645,0.5174077398266793
apple_health_user,apple_health_daily,apple_health_wearable_activity,2026-02-26,62.3934,55.0,,0.0015683333333333333,0.0015683333333333333,,,,,,,,,,,,,0.0,0.00013333333333331865,0.9998666666666667,0.9998666666666667,,,,0.7071738888888889,0.7237477252994763,0.5,0.5,0.9998,0.5558869313248691
apple_health_user,apple_health_daily,apple_health_wearable_activity,2026-02-27,73.00762222222222,55.0,,0.0015793995098039217,0.0015793995098039217,,,,,,,,,,,,,0.0,0.33010196078431375,0.6698980392156862,0.6698980392156862,,,,0.6561485589143065,0.6785359005815944,0.5,0.5,0.5048470588235294,0.42084573985128093
apple_health_user,apple_health_daily,apple_health_wearable_activity,2026-02-28,96.39346666666665,55.0,,0.0015144423076923076,0.0015144423076923076,,,,,,,,,,,,,0.0,0.00014374999999999805,0.99985625,0.99985625,,,,0.8960776396011395,0.5790122651706868,0.5,0.5,0.999784375,0.5196991600426717
apple_health_user,apple_health_daily,apple_health_wearable_activity,2026-03-01,67.32616666666667,55.0,,0.0013953124999999999,0.0013953124999999999,,,,,,,,,,,,,0.0,0.0,1.0,1.0,,,,0.7346802662037036,0.7029149772649496,0.5,0.5,1.0,0.5507287443162374
apple_health_user,apple_health_daily,apple_health_wearable_activity,2026-03-02,91.59283333333333,55.0,,0.0014007936507936512,0.0014007936507936512,,,,,,,,,,,,,0.0,4.5238095238042675e-05,0.999954761904762,0.999954761904762,,,,0.8694781746031746,0.5995697343326064,0.5,0.5,0.9999321428571429,0.5248754692974373
apple_health_user,apple_health_daily,apple_health_wearable_activity,2026-03-03,63.66063333333334,55.0,,0.0015078846153846156,0.0015078846153846156,,,,,,,,,,,,,0.0,0.00011249999999995985,0.9998875,0.9998875,,,,0.714241168091168,0.7184118096731229,0.5,0.5,0.9998312500000001,0.5545607649182808
apple_health_user,apple_health_daily,apple_health_wearable_activity,2026-03-04,56.29966666666667,55.0,,0.003015,0.003015,,,,,,,,,,,,,5.827999999999999,0.05828,0.94172,0.94172,,,,0.6534553703703704,0.7482475134049751,0.5,0.5,0.88344,0.5329218783512437
apple_health_user,apple_health_daily,apple_health_wearable_activity,2026-03-05,79.88293333333333,55.0,,0.0014055176767676768,0.0014055176767676768,,,,,,,,,,,,,0.0,2.9545454545476524e-05,0.9999704545454545,0.9999704545454545,,,,0.8044268308080808,0.6494316784448406,0.5,0.5,0.9999556818181818,0.5373468400657556
apple_health_user,apple_health_daily,apple_health_wearable_activity,2026-03-06,77.59050215555555,55.0,,0.0014210346638655461,0.0014210346638655461,,,,,,,,,,,,,0.0,0.3301379488235293,0.6698620511764707,0.6698620511764707,,,,0.6816497952572882,0.6591784533944974,0.5,0.5,0.504793076764706,0.4159928825398008
apple_health_user,apple_health_daily,apple_health_wearable_activity,2026-03-07,81.71663333333333,55.0,,0.0014979880952380952,0.0014979880952380952,,,,,,,,,,,,,0.0,9.523809523814819e-05,0.9999047619047619,0.9999047619047619,,,,0.814561332010582,0.6415301460006437,0.5,0.5,0.9998571428571428,0.5353468222144466
apple_health_user,apple_health_daily,apple_health_wearable_activity,2026-03-08,93.1368,55.0,,0.0014203846153846157,0.0014203846153846157,,,,,,,,,,,,,0.0,6.53846153846338e-05,0.9999346153846154,0.9999346153846154,,,,0.8780425213675214,0.59297510120295,0.5,0.5,0.999901923076923,0.5232192560699682
apple_health_user,apple_health_daily,apple_health_wearable_activity,2026-03-09,83.58973333333333,55.0,,0.0013892307692307693,0.0013892307692307693,,,,,,,,,,,,,0.0,1.9230769230826894e-05,0.9999807692307692,0.9999807692307692,,,,0.8250290313390313,0.6336625771774682,0.5,0.5,0.9999711538461538,0.5334084327559054
apple_health_user,apple_health_daily,apple_health_wearable_activity,2026-03-10,88.40876666666668,55.0,,0.0013971944444444448,0.0013971944444444448,,,,,,,,,,,,,0.0,1.87499999999563e-05,0.99998125,0.99998125,,,,0.8517989444444445,0.6131327101234606,0.5,0.5,0.9999718750000001,0.5282761462808652
apple_health_user,apple_health_daily,apple_health_wearable_activity,2026-03-11,70.16816666666666,55.0,,0.0013898809523809521,0.0013898809523809521,,,,,,,,,,,,,0.0,1.2499999999970868e-05,0.9999875,0.9999875,,,,0.7504667989417989,0.6908177485908193,0.5,0.5,0.99998125,0.5476997496477048
apple_health_user,apple_health_daily,apple_health_wearable_activity,2026-03-12,84.86563333333334,55.0,,0.0014725148809523812,0.0014725148809523812,,,,,,,,,,,,,0.0,7.67857142857098e-05,0.9999232142857143,0.9999232142857143,,,,0.8320704183201059,0.628145649517621,0.5,0.5,0.9998848214285714,0.532007617736548
apple_health_user,apple_health_daily,apple_health_wearable_activity,2026-03-13,58.427,55.0,,0.001947,0.001947,,,,,,,,,,,,,0.0,0.33033333333333337,0.6696666666666666,0.6696666666666666,,,,0.5749454444444444,0.7402590167177986,0.5,0.5,0.5045,0.4361897541794496
apple_health_user,apple_health_daily,apple_health_wearable_activity,2026-03-14,94.93823333333333,55.0,,0.0017351111111111109,0.0017351111111111109,,,,,,,,,,,,,0.0,0.0003361111111110926,0.9996638888888889,0.9996638888888889,,,,0.8878553333333333,0.5849881450152916,0.5,0.5,0.9994958333333334,0.5211209945871562
apple_health_user,apple_health_daily,apple_health_wearable_activity,2026-03-15,96.1043,55.0,,0.0014936965811965812,0.0014936965811965812,,,,,,,,,,,,,0.0,9.230769230761382e-05,0.9999076923076924,0.9999076923076924,,,,0.8944952207977209,0.5802644826204504,0.5,0.5,0.9998615384615386,0.5200315052704972
apple_health_user,apple_health_daily,apple_health_wearable_activity,2026-03-16,89.13533333333334,55.0,,0.0013856046863189723,0.0013856046863189723,,,,,,,,,,,,,0.0,2.4074074074009744e-05,0.999975925925926,0.999975925925926,,,,0.8558375144872764,0.6100502413206549,0.5,0.5,0.999963888888889,0.5275035325523859
apple_health_user,apple_health_daily,apple_health_wearable_activity,2026-03-17,82.70886666666667,55.0,,0.0014059302325581395,0.0014059302325581395,,,,,,,,,,,,,0.0,4.500000000007276e-05,0.9999549999999999,0.9999549999999999,,,,0.820121171403962,0.6373970105335443,0.5,0.5,0.9999324999999999,0.534332377633386
apple_health_user,apple_health_daily,apple_health_wearable_activity,2026-03-18,72.3832,55.0,,0.0019454411764705882,0.0019454411764705882,,,,,,,,,,,,,0.0,0.00044749999999993406,0.9995525000000001,0.9995525000000001,,,,0.7624423529411765,0.6808280169958271,0.5,0.5,0.9993287500000001,0.5450391917489568
apple_health_user,apple_health_daily,apple_health_wearable_activity,2026-03-19,83.56433333333334,55.0,,0.0015603316953316955,0.0015603316953316955,,,,,,,,,,,,,0.0,0.0001818181818181719,0.9998181818181818,0.9998181818181818,,,,0.8247766907816908,0.6335991992936293,0.5,0.5,0.9997272727272728,0.5333316180052255
apple_health_user,apple_health_daily,apple_health_wearable_activity,2026-03-20,82.50513113333332,55.0,,0.0015334309764309763,0.0015334309764309763,,,,,,,,,,,,,0.0,0.33015917246913584,0.6698408275308642,0.6698408275308642,,,,0.7089087495922185,0.6381367886742764,0.5,0.5,0.5047612412962963,0.4107245074926431
apple_health_user,apple_health_daily,apple_health_wearable_activity,2026-03-21,77.11966666666666,55.0,,0.0016291917293233082,0.0016291917293233082,,,,,,,,,,,,,0.0,0.0001964285714286529,0.9998035714285713,0.9998035714285713,,,,0.788945163603453,0.6609748131646145,0.5,0.5,0.999705357142857,0.5401700425768678
apple_health_user,apple_health_daily,apple_health_wearable_activity,2026-03-22,66.94183333333334,55.0,,0.0015080555555555555,0.0015080555555555555,,,,,,,,,,,,,0.0,7.500000000004725e-05,0.999925,0.999925,,,,0.7324825,0.7044386281341029,0.5,0.5,0.9998874999999999,0.5510815320335256
apple_health_user,apple_health_daily,apple_health_wearable_activity,2026-03-23,89.1246,55.0,,0.0015102668621700883,0.0015102668621700883,,,,,,,,,,,,,0.0,0.00011290322580648215,0.9998870967741935,0.9998870967741935,,,,0.8557067210817856,0.6099709643364519,0.5,0.5,0.9998306451612903,0.5274504023744355
apple_health_user,apple_health_daily,apple_health_wearable_activity,2026-03-24,60.34786666666667,55.0,,0.0013986363636363636,0.0013986363636363636,,,,,,,,,,,,,0.0,0.0,1.0,1.0,,,,0.6959108249158249,0.7326287777872194,0.5,0.5,1.0,0.5581571944468049
apple_health_user,apple_health_daily,apple_health_wearable_activity,2026-03-25,83.57903333333334,55.0,,0.0014104638009049774,0.0014104638009049774,,,,,,,,,,,,,0.0,2.884615384612932e-05,0.9999711538461539,0.9999711538461539,,,,0.8249593040891572,0.6336868551845908,0.5,0.5,0.9999567307692308,0.5334108964884554
apple_health_user,apple_health_daily,apple_health_wearable_activity,2026-03-26,90.34676666666667,55.0,,0.00138925431711146,0.00138925431711146,,,,,,,,,,,,,0.0,2.884615384612932e-05,0.9999711538461539,0.9999711538461539,,,,0.8625648924356067,0.6048876860223518,0.5,0.5,0.9999567307692308,0.5262111041978956
apple_health_user,apple_health_daily,apple_health_wearable_activity,2026-03-27,73.06081333333333,55.0,,0.0014669444444444441,0.0014669444444444441,,,,,,,,,,,,,0.0,0.3301286666666666,0.6698713333333334,0.6698713333333334,,,,0.6564726481481482,0.6784221321439244,0.5,0.5,0.504807,0.42080728303598114
apple_health_user,apple_health_daily,apple_health_wearable_activity,2026-03-28,94.9296,55.0,,0.0015733252818035427,0.0015733252818035427,,,,,,,,,,,,,0.0,0.0001796296296296962,0.9998203703703703,0.9998203703703703,,,,0.8879134594739666,0.5851871148408043,0.5,0.5,0.9997305555555555,0.5212294175990899
apple_health_user,apple_health_daily,apple_health_wearable_activity,2026-03-29,83.39296666666667,55.0,,0.0014337771739130435,0.0014337771739130435,,,,,,,,,,,,,0.0,4.565217391305776e-05,0.9999543478260869,0.9999543478260869,,,,0.8239122272544283,0.6344558474805675,0.5,0.5,0.9999315217391305,0.5335968423049244
apple_health_user,apple_health_daily,apple_health_wearable_activity,2026-03-30,93.7782,55.0,,0.0014739961389961392,0.0014739961389961392,,,,,,,,,,,,,0.0,5.892857142852925e-05,0.9999410714285715,0.9999410714285715,,,,0.8815901362076363,0.5901899450681076,0.5,0.5,0.9999116071428572,0.5225253880527412
apple_health_user,apple_health_daily,apple_health_wearable_activity,2026-03-31,93.59163333333333,55.0,,0.0016804306220095692,0.0016804306220095692,,,,,,,,,,,,,0.0,0.000263157894736854,0.9997368421052631,0.9997368421052631,,,,0.8804167667907142,0.5907774713724004,0.5,0.5,0.9996052631578947,0.5225956836325738
apple_health_user,apple_health_daily,apple_health_wearable_activity,2026-04-01,75.5415,55.0,,0.001470714285714286,0.001470714285714286,,,,,,,,,,,,,0.0,4.0000000000040004e-05,0.99996,0.99996,,,,0.7802825396825397,0.6678543332842999,0.5,0.5,0.9999399999999999,0.541948583321075
apple_health_user,apple_health_daily,apple_health_wearable_activity,2026-04-02,64.97266666666667,55.0,,0.0017015151515151518,0.0017015151515151518,,,,,,,,,,,,,0.0,0.00023333333333330764,0.9997666666666667,0.9997666666666667,,,,0.7214254208754208,0.7126303758616233,0.5,0.5,0.99965,0.5530700939654059
apple_health_user,apple_health_daily,apple_health_wearable_activity,2026-04-03,71.72694335555556,55.0,,0.001441086956521739,0.001441086956521739,,,,,,,,,,,,,0.0,0.33004353666666664,0.6699564633333334,0.6699564633333334,,,,0.6490992552120236,0.6841283499946694,0.5,0.5,0.504934695,0.4222657612486673
apple_health_user,apple_health_daily,apple_health_wearable_activity,2026-04-04,76.24340000000001,55.0,,0.001535288248337029,0.001535288248337029,,,,,,,,,,,,,0.0,0.00012272727272732986,0.9998772727272727,0.9998772727272727,,,,0.7841328837152007,0.6648005467086854,0.5,0.5,0.999815909090909,0.5411541139498987
apple_health_user,apple_health_daily,apple_health_wearable_activity,2026-04-05,82.80969999999999,55.0,,0.0014970536635706914,0.0014970536635706914,,,,,,,,,,,,,0.0,8.421052631579773e-05,0.9999157894736842,0.9999157894736842,,,,0.8206379119367045,0.6368762518036994,0.5,0.5,0.9998736842105262,0.5341874840035564
apple_health_user,apple_health_daily,apple_health_wearable_activity,2026-04-06,96.8945,55.0,,0.0014824853610930387,0.0014824853610930387,,,,,,,,,,,,,0.0,8.965517241377174e-05,0.9999103448275862,0.9999103448275862,,,,0.8988898420443867,0.5769106513624993,0.5,0.5,0.9998655172413793,0.5191940421509696
apple_health_user,apple_health_daily,apple_health_wearable_activity,2026-04-07,83.21506666666667,55.0,,0.0016302734778121776,0.0016302734778121776,,,,,,,,,,,,,0.0,0.00023684210526320193,0.9997631578947368,0.9997631578947368,,,,0.822794665176012,0.6350164306430639,0.5,0.5,0.9996447368421052,0.5336652918712923
apple_health_user,apple_health_daily,apple_health_wearable_activity,2026-04-08,68.2483,55.0,,0.0014795833333333338,0.0014795833333333338,,,,,,,,,,,,,0.0,5.624999999997993e-05,0.99994375,0.99994375,,,,0.739756388888889,0.6989035778302924,0.5,0.5,0.9999156250000001,0.5497048007075731
apple_health_user,apple_health_daily,apple_health_wearable_activity,2026-04-09,78.01143333333333,55.0,,0.0014315102639296188,0.0014315102639296188,,,,,,,,,,,,,0.0,5.909090909095305e-05,0.999940909090909,0.999940909090909,,,,0.7940110959052894,0.6573754126904809,0.5,0.5,0.9999113636363636,0.5393216940817112
apple_health_user,apple_health_daily,apple_health_wearable_activity,2026-04-10,75.3708118,55.0,,0.0013814393939393938,0.0013814393939393938,,,,,,,,,,,,,0.0,0.330102581111111,0.669897418888889,0.669897418888889,,,,0.6693431698316498,0.6686707160632513,0.5,0.5,0.5048461283333334,0.4183792110991462
apple_health_user,apple_health_daily,apple_health_wearable_activity,2026-04-11,96.66713333333334,55.0,,0.001505089285714286,0.001505089285714286,,,,,,,,,,,,,0.0,0.0001322916666666174,0.9998677083333334,0.9998677083333334,,,,0.8976049470899472,0.5778562312449436,0.5,0.5,0.9998015625000001,0.519414448436236
apple_health_user,apple_health_daily,apple_health_wearable_activity,2026-04-12,80.89363333333333,55.0,,0.0015043659043659043,0.0015043659043659043,,,,,,,,,,,,,0.0,0.00011923076923081588,0.9998807692307692,0.9998807692307692,,,,0.8099789862939862,0.6450285021836627,0.5,0.5,0.9998211538461538,0.5362124140074541
apple_health_user,apple_health_daily,apple_health_wearable_activity,2026-04-13,70.95586666666667,55.0,,0.0023484615384615384,0.0023484615384615384,,,,,,,,,,,,,0.0,0.0009099999999999664,0.99909,0.99909,,,,0.7542242165242166,0.6865022608199647,0.5,0.5,0.998635,0.5462843152049912
apple_health_user,apple_health_daily,apple_health_wearable_activity,2026-04-14,64.4886,55.0,,0.0022254166666666663,0.0022254166666666663,,,,,,,,,,,,,0.0,0.0007300000000000084,0.99927,0.99927,,,,0.7183959722222223,0.7141665187117952,0.5,0.5,0.9989049999999999,0.5532678796779488
apple_health_user,apple_health_daily,apple_health_wearable_activity,2026-04-15,85.05863333333333,55.0,,0.0015313215488215487,0.0015313215488215487,,,,,,,,,,,,,0.0,0.00013030303030303614,0.999869696969697,0.999869696969697,,,,0.833105199214366,0.6272647989144912,0.5,0.5,0.9998045454545454,0.5317673360922591
apple_health_user,apple_health_daily,apple_health_wearable_activity,2026-04-16,91.4049,55.0,,0.0014877344877344875,0.0014877344877344875,,,,,,,,,,,,,0.0,7.42424242423656e-05,0.9999257575757576,0.9999257575757576,,,,0.8683954521404521,0.6002828836326279,0.5,0.5,0.9998886363636365,0.5250428799990661
apple_health_user,apple_health_daily,apple_health_wearable_activity,2026-04-17,74.20266939999999,55.0,,0.0015835119047619048,0.0015835119047619048,,,,,,,,,,,,,0.0,0.33018689888888886,0.6698131011111111,0.6698131011111111,,,,0.6627580264021163,0.673442661864037,0.5,0.5,0.5047196516666668,0.419540578382676
apple_health_user,apple_health_daily,apple_health_wearable_activity,2026-04-18,95.7821,55.0,,0.0015327582417582418,0.0015327582417582418,,,,,,,,,,,,,0.0,0.0001371428571428357,0.9998628571428572,0.9998628571428572,,,,0.8926772551892551,0.5815974104815814,0.5,0.5,0.9997942857142857,0.5203479240489668
apple_health_user,apple_health_daily,apple_health_wearable_activity,2026-04-19,102.94813333333335,55.0,,0.0014694128787878786,0.0014694128787878786,,,,,,,,,,,,,0.0,0.0001031249999999817,0.999896875,0.999896875,,,,0.932521005892256,0.5511443233237119,0.5,0.5,0.9998453125,0.512747408955928
apple_health_user,apple_health_daily,apple_health_wearable_activity,2026-04-20,97.26876666666666,55.0,,0.0017594229217110576,0.0017594229217110576,,,,,,,,,,,,,0.0,0.000379761904761855,0.9996202380952381,0.9996202380952381,,,,0.9007800865393238,0.5750391798825781,0.5,0.5,0.9994303571428572,0.5186173842563588
apple_health_user,apple_health_daily,apple_health_wearable_activity,2026-04-21,67.0151,55.0,,0.001521449275362319,0.001521449275362319,,,,,,,,,,,,,0.0,6.666666666665932e-05,0.9999333333333333,0.9999333333333333,,,,0.7328878502415459,0.7041131931898488,0.5,0.5,0.9999,0.5510032982974622
apple_health_user,apple_health_daily,apple_health_wearable_activity,2026-04-22,86.11436666666667,55.0,,0.0015495854732208367,0.0015495854732208367,,,,,,,,,,,,,0.0,0.00012586206896547658,0.9998741379310345,0.9998741379310345,,,,0.8389657767451971,0.6227506408804155,0.5,0.5,0.9998112068965518,0.5306404619442417
apple_health_user,apple_health_daily,apple_health_wearable_activity,2026-04-23,82.87886666666667,55.0,,0.001451382575757576,0.001451382575757576,,,,,,,,,,,,,0.0,7.575757575750686e-05,0.9999242424242425,0.9999242424242425,,,,0.8210402125420876,0.6366274944718082,0.5,0.5,0.9998863636363637,0.534128464527043
apple_health_user,apple_health_daily,apple_health_wearable_activity,2026-04-24,81.2327388,55.0,,0.0015829464285714286,0.0015829464285714286,,,,,,,,,,,,,0.0,0.33017125809523806,0.6698287419047619,0.6698287419047619,,,,0.7018193696031747,0.6435056355075801,0.5,0.5,0.5047431128571429,0.4120621870911807
apple_health_user,apple_health_daily,apple_health_wearable_activity,2026-04-25,95.09960000000001,55.0,,0.0014397020202020197,0.0014397020202020197,,,,,,,,,,,,,0.0,4.8611111111096506e-05,0.9999513888888889,0.9999513888888889,,,,0.8889461178451179,0.584597138044021,0.5,0.5,0.9999270833333334,0.5211310553443386
apple_health_user,apple_health_daily,apple_health_wearable_activity,2026-04-26,72.46993333333333,55.0,,0.0015075084175084174,0.0015075084175084174,,,,,,,,,,,,,0.0,0.00010454545454541275,0.9998954545454546,0.9998954545454546,,,,0.7631845005611672,0.6808977292168973,0.5,0.5,0.9998431818181819,0.5451852277587698
apple_health_user,apple_health_daily,apple_health_wearable_activity,2026-04-27,94.6617,55.0,,0.001552750582750583,0.001552750582750583,,,,,,,,,,,,,0.0,0.00017121212121207208,0.9998287878787879,0.9998287878787879,,,,0.8864347902097901,0.5863485965909592,0.5,0.5,0.9997431818181819,0.5215229446022853
apple_health_user,apple_health_daily,apple_health_wearable_activity,2026-04-28,64.9328,55.0,,0.0014909375,0.0014909375,,,,,,,,,,,,,0.0,5.999999999994898e-05,0.99994,0.99994,,,,0.7213319097222223,0.7130112711804355,0.5,0.5,0.9999100000000001,0.5532303177951089
apple_health_user,apple_health_daily,apple_health_wearable_activity,2026-04-29,89.47936666666666,55.0,,0.0017074410669975185,0.0017074410669975185,,,,,,,,,,,,,0.0,0.0003258064516129533,0.999674193548387,0.999674193548387,,,,0.8575409545308336,0.6082625036031302,0.5,0.5,0.9995112903225806,0.5269434484814277
apple_health_user,apple_health_daily,apple_health_wearable_activity,2026-04-30,86.14456666666666,55.0,,0.0014246046511627907,0.0014246046511627907,,,,,,,,,,,,,0.0,4.599999999999049e-05,0.999954,0.999954,,,,0.8392018354866494,0.6227473384174638,0.5,0.5,0.999931,0.530669584604366
apple_health_user,apple_health_daily,apple_health_wearable_activity,2026-05-01,60.089276355555555,55.0,,0.0014587500000000002,0.0014587500000000002,,,,,,,,,,,,,0.0,0.3300379866666666,0.6699620133333334,0.6699620133333334,,,,0.5844415119753087,0.733669716918048,0.5,0.5,0.50494302,0.43465318422951205
apple_health_user,apple_health_daily,apple_health_wearable_activity,2026-05-02,81.3958,55.0,,0.00151671834625323,0.00151671834625323,,,,,,,,,,,,,0.0,0.00010555555555558094,0.9998944444444444,0.9998944444444444,,,,0.8127692420327305,0.6428776379548219,0.5,0.5,0.9998416666666666,0.5356798261553721
apple_health_user,apple_health_daily,apple_health_wearable_activity,2026-05-03,59.90636666666667,55.0,,0.002895,0.002895,,,,,,,,,,,,,0.0,0.0,1.0,1.0,,,,0.6929592592592592,0.7330086702214205,0.5,0.5,1.0,0.5582521675553551
apple_health_user,apple_health_daily,apple_health_wearable_activity,2026-05-04,90.89776666666667,55.0,,0.0014219444444444444,0.0014219444444444444,,,,,,,,,,,,,0.0,4.500000000007276e-05,0.9999549999999999,0.9999549999999999,,,,0.8656097222222222,0.6025084744029989,0.5,0.5,0.9999324999999999,0.5256102436007497
apple_health_user,apple_health_daily,apple_health_wearable_activity,2026-05-05,66.75873333333334,55.0,,0.0015951567398119122,0.0015951567398119122,,,,,,,,,,,,,0.0,0.00013636363636360116,0.9998636363636364,0.9998636363636364,,,,0.7314157895042378,0.7051310338922435,0.5,0.5,0.9997954545454546,0.5512316221094246
apple_health_user,apple_health_daily,apple_health_wearable_activity,2026-05-06,94.79613333333333,55.0,,0.0014994447098160971,0.0014994447098160971,,,,,,,,,,,,,0.0,8.773584905652498e-05,0.9999122641509435,0.9999122641509435,,,,0.8872272361100054,0.5858295553151209,0.5,0.5,0.9998683962264152,0.521424487885384
apple_health_user,apple_health_daily,apple_health_wearable_activity,2026-05-07,56.29396666666667,55.0,,0.5,0.5,,,,,,,,,,,,,50.0,0.5,0.5,0.5,,,,0.340522037037037,0.25,0.5,0.5,0.0,0.1875
apple_health_user,apple_health_daily,apple_health_wearable_activity,2026-05-08,61.71250102222222,55.0,,0.001413529411764706,0.001413529411764706,,,,,,,,,,,,,0.0,0.3300386866666667,0.6699613133333333,0.6699613133333333,,,,0.5934742669862019,0.7268025424753735,0.5,0.5,0.50494197,0.4329361281188433
apple_health_user,apple_health_daily,apple_health_wearable_activity,2026-05-09,84.12783333333334,55.0,,0.001458737373737374,0.001458737373737374,,,,,,,,,,,,,0.0,5.555555555547542e-05,0.9999444444444445,0.9999444444444445,,,,0.8279831986531988,0.631301388484671,0.5,0.5,0.9999166666666668,0.5328045137878344
apple_health_user,apple_health_daily,apple_health_wearable_activity,2026-05-10,65.9803,55.0,,0.0020930555555555555,0.0020930555555555555,,,,,,,,,,,,,0.0,0.0005999999999999339,0.9994000000000001,0.9994000000000001,,,,0.7267706481481482,0.7079468090080011,0.5,0.5,0.9991000000000001,0.5517617022520003
apple_health_user,apple_health_daily,apple_health_wearable_activity,2026-05-11,67.63173333333333,55.0,,0.0015133441558441557,0.0015133441558441557,,,,,,,,,,,,,0.0,7.857142857137234e-05,0.9999214285714286,0.9999214285714286,,,,0.7363123244348245,0.7014953824946707,0.5,0.5,0.9998821428571429,0.5503443813379534
apple_health_user,apple_health_daily,apple_health_wearable_activity,2026-05-12,90.0797,55.0,,0.0014119615384615386,0.0014119615384615386,,,,,,,,,,,,,0.0,3.599999999992498e-05,0.9999640000000001,0.9999640000000001,,,,0.8610712350427351,0.606002225032068,0.5,0.5,0.9999460000000001,0.5264870562580171
apple_health_user,apple_health_daily,apple_health_wearable_activity,2026-05-13,89.48273333333333,55.0,,0.0013972867513611616,0.0013972867513611616,,,,,,,,,,,,,0.0,3.965517241377725e-05,0.9999603448275862,0.9999603448275862,,,,0.8577584267661491,0.6085591239956806,0.5,0.5,0.9999405172413793,0.527124910309265
apple_health_user,apple_health_daily,apple_health_wearable_activity,2026-05-14,87.3797,55.0,,0.0013983241758241758,0.0013983241758241758,,,,,,,,,,,,,0.0,1.4285714285744433e-05,0.9999857142857143,0.9999857142857143,,,,0.846083018925519,0.6175138641257774,0.5,0.5,0.9999785714285714,0.5293731088885871
apple_health_user,apple_health_daily,apple_health_wearable_activity,2026-05-15,78.49451928888888,55.0,,0.0014578069053708441,0.0014578069053708441,,,,,,,,,,,,,0.0,0.33010027764705885,0.6698997223529412,0.6698997223529412,,,,0.6866724123096839,0.6552918234822673,0.5,0.5,0.5048495835294118,0.4150353517529197
apple_health_user,apple_health_daily,apple_health_wearable_activity,2026-05-16,81.6247,55.0,,0.0015008123249299723,0.0015008123249299723,,,,,,,,,,,,,0.0,8.571428571424455e-05,0.9999142857142858,0.9999142857142858,,,,0.8140528244631186,0.6419188131176325,0.5,0.5,0.9998714285714286,0.5354475604222653
apple_health_user,apple_health_daily,apple_health_wearable_activity,2026-05-17,75.48866666666666,55.0,,0.00144426267281106,0.00144426267281106,,,,,,,,,,,,,0.0,3.571428571436108e-05,0.9999642857142856,0.9999642857142856,,,,0.7799992669397507,0.6681058444566964,0.5,0.5,0.9999464285714285,0.5420130682570312
apple_health_user,apple_health_daily,apple_health_wearable_activity,2026-05-18,89.89226666666667,55.0,,0.001498846153846154,0.001498846153846154,,,,,,,,,,,,,0.0,0.00011153846153844071,0.9998884615384616,0.9998884615384616,,,,0.8599757977207977,0.6067133014461731,0.5,0.5,0.9998326923076923,0.5266364984384664
apple_health_user,apple_health_daily,apple_health_wearable_activity,2026-05-19,79.71933333333334,55.0,,0.0014576388888888887,0.0014576388888888887,,,,,,,,,,,,,0.0,4.999999999999449e-05,0.99995,0.99995,,,,0.80349375,0.6500761138761917,0.5,0.5,0.999925,0.5375002784690479
apple_health_user,apple_health_daily,apple_health_wearable_activity,2026-05-20,92.63956666666667,55.0,,0.0014067424242424245,0.0014067424242424245,,,,,,,,,,,,,0.0,2.083333333402493e-06,0.9999979166666666,0.9999979166666666,,,,0.8753057617845118,0.5951062498904428,0.5,0.5,0.9999968749999999,0.5237757812226107
apple_health_user,apple_health_daily,apple_health_wearable_activity,2026-05-21,94.5783,55.0,,0.0015103373015873014,0.0015103373015873014,,,,,,,,,,,,,0.0,0.00011874999999994529,0.99988125,0.99988125,,,,0.886003082010582,0.5867462790952592,0.5,0.5,0.9998218750000001,0.5216420385238149
apple_health_user,apple_health_daily,apple_health_wearable_activity,2026-05-22,81.47511404444444,55.0,,0.0014951494565217391,0.0014951494565217391,,,,,,,,,,,,,0.0,0.3301995646376811,0.6698004353623189,0.6698004353623189,,,,0.7031857288821793,0.6425615033497786,0.5,0.5,0.5047006530434783,0.41181553909831425
apple_health_user,apple_health_daily,apple_health_wearable_activity,2026-05-23,82.87906666666666,55.0,,0.00144375,0.00144375,,,,,,,,,,,,,0.0,3.888888888892161e-05,0.9999611111111111,0.9999611111111111,,,,0.8210561574074074,0.6366342951085121,0.5,0.5,0.9999416666666666,0.5341439904437947
apple_health_user,apple_health_daily,apple_health_wearable_activity,2026-05-24,80.51843333333333,55.0,,0.0016015873015873018,0.0016015873015873018,,,,,,,,,,,,,0.0,0.0001694444444444443,0.9998305555555556,0.9998305555555556,,,,0.8078453968253969,0.6465288205440708,0.5,0.5,0.9997458333333333,0.5365686634693511
apple_health_user,apple_health_daily,apple_health_wearable_activity,2026-05-25,89.6515,55.0,,0.001504078947368421,0.001504078947368421,,,,,,,,,,,,,0.0,9.749999999997261e-05,0.9999025,0.9999025,,,,0.8586411403508772,0.6077333614183146,0.5,0.5,0.99985375,0.5268967778545787
apple_health_user,apple_health_daily,apple_health_wearable_activity,2026-05-26,97.7043,55.0,,0.0015071031746031745,0.0015071031746031745,,,,,,,,,,,,,0.0,0.00012638888888893973,0.9998736111111111,0.9998736111111111,,,,0.9033682804232804,0.5734374315836746,0.5,0.5,0.9998104166666666,0.5183119620625853
apple_health_user,apple_health_daily,apple_health_wearable_activity,2026-05-27,93.9127,55.0,,0.0014603461538461539,0.0014603461538461539,,,,,,,,,,,,,0.0,7.40000000000185e-05,0.999926,0.999926,,,,0.8823368846153846,0.5896308613275871,0.5,0.5,0.999889,0.5223799653318968
apple_health_user,apple_health_daily,apple_health_wearable_activity,2026-05-28,93.4368,55.0,,0.001412838137472284,0.001412838137472284,,,,,,,,,,,,,0.0,2.9545454545476524e-05,0.9999704545454545,0.9999704545454545,,,,0.8797236499137719,0.5917051153955022,0.5,0.5,0.9999556818181818,0.522915199303421
apple_health_user,apple_health_daily,apple_health_wearable_activity,2026-05-29,89.06343333333334,55.0,,0.001610980113636364,0.001610980113636364,,,,,,,,,,,,,0.0,0.0002136363636363603,0.9997863636363636,0.9997863636363636,,,,0.8552997574705387,0.6101304689416026,0.5,0.5,0.9996795454545455,0.5274525035990371
apple_health_user,apple_health_daily,apple_health_wearable_activity,2026-05-30,76.90656666666666,55.0,,0.0014876470588235297,0.0014876470588235297,,,,,,,,,,,,,0.0,8.750000000001812e-05,0.9999125,0.9999125,,,,0.787844765795207,0.6620242119667485,0.5,0.5,0.99986875,0.5404732404916872
apple_health_user,apple_health_daily,apple_health_wearable_activity,2026-05-31,94.86796666666667,55.0,,0.0014083801020408164,0.0014083801020408164,,,,,,,,,,,,,0.0,1.5625000000074607e-05,0.9999843749999999,0.9999843749999999,,,,0.8876807020030234,0.5856149530192658,0.5,0.5,0.9999765624999999,0.5213978788798164
apple_health_user,apple_health_daily,apple_health_wearable_activity,2026-06-01,62.15103333333333,55.0,,0.0017309090909090907,0.0017309090909090907,,,,,,,,,,,,,0.0,0.00029999999999996696,0.9997,0.9997,,,,0.70571765993266,0.7246168485270055,0.5,0.5,0.99955,0.5560417121317514
