participant_id,session_id,task_id,timestamp,heart_rate,hrv,gsr,mental_demand,effort,frustration,latency_ms,fps,tracking_error,task_completion_time,error_rate,success_rate,ownership_score,agency_score,presence_score,telepresence_quality
clinician_01,assistant,nasa_tlx_assistant,2026-01-01 00:00:00,,,,5.0,3.0,3.0,,,,,,0.8947368421052632,,,,0.8947368421052632
clinician_02,assistant,nasa_tlx_assistant,2026-01-01 00:00:00,,,,2.0,2.0,1.0,,,,,,0.8947368421052632,,,,0.8947368421052632
clinician_03,assistant,nasa_tlx_assistant,2026-01-01 00:00:00,,,,1.0,4.0,10.0,,,,,,0.7368421052631579,,,,0.7368421052631579
clinician_04,assistant,nasa_tlx_assistant,2026-01-01 00:00:00,,,,1.0,1.0,1.0,,,,,,1.0,,,,1.0
clinician_05,assistant,nasa_tlx_assistant,2026-01-01 00:00:00,,,,5.0,3.0,3.0,,,,,,1.0,,,,1.0
clinician_06,assistant,nasa_tlx_assistant,2026-01-01 00:00:00,,,,17.0,14.0,7.0,,,,,,0.2105263157894736,,,,0.2105263157894736
clinician_07,assistant,nasa_tlx_assistant,2026-01-01 00:00:00,,,,2.0,2.0,1.0,,,,,,0.5263157894736842,,,,0.5263157894736842
clinician_08,assistant,nasa_tlx_assistant,2026-01-01 00:00:00,,,,10.0,10.0,5.0,,,,,,0.7368421052631579,,,,0.7368421052631579
clinician_09,assistant,nasa_tlx_assistant,2026-01-01 00:00:00,,,,10.0,1.0,3.0,,,,,,1.0,,,,1.0
clinician_10,assistant,nasa_tlx_assistant,2026-01-01 00:00:00,,,,1.0,1.0,1.0,,,,,,1.0,,,,1.0
clinician_11,assistant,nasa_tlx_assistant,2026-01-01 00:00:00,,,,4.0,2.0,1.0,,,,,,0.8947368421052632,,,,0.8947368421052632
clinician_12,assistant,nasa_tlx_assistant,2026-01-01 00:00:00,,,,1.0,2.0,2.0,,,,,,0.4736842105263157,,,,0.4736842105263157
clinician_13,assistant,nasa_tlx_assistant,2026-01-01 00:00:00,,,,10.0,5.0,1.0,,,,,,0.8947368421052632,,,,0.8947368421052632
clinician_14,assistant,nasa_tlx_assistant,2026-01-01 00:00:00,,,,1.0,1.0,1.0,,,,,,0.9473684210526316,,,,0.9473684210526316
clinician_15,assistant,nasa_tlx_assistant,2026-01-01 00:00:00,,,,4.0,2.0,1.0,,,,,,0.8947368421052632,,,,0.8947368421052632
clinician_16,assistant,nasa_tlx_assistant,2026-01-01 00:00:00,,,,3.0,1.0,2.0,,,,,,0.8421052631578947,,,,0.8421052631578947
clinician_17,assistant,nasa_tlx_assistant,2026-01-01 00:00:00,,,,3.0,2.0,2.0,,,,,,0.8421052631578947,,,,0.8421052631578947
clinician_18,assistant,nasa_tlx_assistant,2026-01-01 00:00:00,,,,1.0,2.0,2.0,,,,,,0.4736842105263157,,,,0.4736842105263157
clinician_19,assistant,nasa_tlx_assistant,2026-01-01 00:00:00,,,,8.0,8.0,10.0,,,,,,0.631578947368421,,,,0.631578947368421
clinician_20,assistant,nasa_tlx_assistant,2026-01-01 00:00:00,,,,7.0,4.0,6.0,,,,,,0.4210526315789473,,,,0.4210526315789473
clinician_21,assistant,nasa_tlx_assistant,2026-01-01 00:00:00,,,,8.0,5.0,2.0,,,,,,0.4736842105263157,,,,0.4736842105263157
clinician_22,assistant,nasa_tlx_assistant,2026-01-01 00:00:00,,,,6.0,6.0,1.0,,,,,,0.6842105263157895,,,,0.6842105263157895
clinician_23,assistant,nasa_tlx_assistant,2026-01-01 00:00:00,,,,3.0,3.0,2.0,,,,,,0.3684210526315789,,,,0.3684210526315789
clinician_24,assistant,nasa_tlx_assistant,2026-01-01 00:00:00,,,,1.0,1.0,1.0,,,,,,0.5789473684210527,,,,0.5789473684210527
clinician_25,assistant,nasa_tlx_assistant,2026-01-01 00:00:00,,,,5.0,4.0,15.0,,,,,,0.7894736842105263,,,,0.7894736842105263
clinician_26,assistant,nasa_tlx_assistant,2026-01-01 00:00:00,,,,3.0,5.0,1.0,,,,,,0.4736842105263157,,,,0.4736842105263157
clinician_27,assistant,nasa_tlx_assistant,2026-01-01 00:00:00,,,,6.0,4.0,5.0,,,,,,0.5789473684210527,,,,0.5789473684210527
clinician_28,assistant,nasa_tlx_assistant,2026-01-01 00:00:00,,,,1.0,1.0,17.0,,,,,,0.5263157894736842,,,,0.5263157894736842
clinician_29,assistant,nasa_tlx_assistant,2026-01-01 00:00:00,,,,2.0,3.0,1.0,,,,,,1.0,,,,1.0
clinician_30,assistant,nasa_tlx_assistant,2026-01-01 00:00:00,,,,4.0,3.0,1.0,,,,,,0.7894736842105263,,,,0.7894736842105263
clinician_31,assistant,nasa_tlx_assistant,2026-01-01 00:00:00,,,,2.0,2.0,6.0,,,,,,0.8947368421052632,,,,0.8947368421052632
clinician_32,assistant,nasa_tlx_assistant,2026-01-01 00:00:00,,,,3.0,5.0,13.0,,,,,,0.5263157894736842,,,,0.5263157894736842
clinician_33,assistant,nasa_tlx_assistant,2026-01-01 00:00:00,,,,1.0,1.0,1.0,,,,,,1.0,,,,1.0
clinician_34,assistant,nasa_tlx_assistant,2026-01-01 00:00:00,,,,4.0,2.0,2.0,,,,,,0.6842105263157895,,,,0.6842105263157895
clinician_35,assistant,nasa_tlx_assistant,2026-01-01 00:00:00,,,,10.0,10.0,1.0,,,,,,0.8947368421052632,,,,0.8947368421052632
clinician_36,assistant,nasa_tlx_assistant,2026-01-01 00:00:00,,,,1.0,1.0,1.0,,,,,,0.9473684210526316,,,,0.9473684210526316
clinician_37,assistant,nasa_tlx_assistant,2026-01-01 00:00:00,,,,5.0,2.0,5.0,,,,,,0.7368421052631579,,,,0.7368421052631579
clinician_38,assistant,nasa_tlx_assistant,2026-01-01 00:00:00,,,,5.0,2.0,2.0,,,,,,0.7368421052631579,,,,0.7368421052631579
clinician_39,assistant,nasa_tlx_assistant,2026-01-01 00:00:00,,,,2.0,2.0,12.0,,,,,,0.4210526315789473,,,,0.4210526315789473
clinician_40,assistant,nasa_tlx_assistant,2026-01-01 00:00:00,,,,5.0,2.0,3.0,,,,,,0.5263157894736842,,,,0.5263157894736842
clinician_41,assistant,nasa_tlx_assistant,2026-01-01 00:00:00,,,,13.0,7.0,5.0,,,,,,0.6842105263157895,,,,0.6842105263157895
clinician_42,assistant,nasa_tlx_assistant,2026-01-01 00:00:00,,,,2.0,1.0,1.0,,,,,,1.0,,,,1.0
clinician_43,assistant,nasa_tlx_assistant,2026-01-01 00:00:00,,,,5.0,5.0,1.0,,,,,,0.8947368421052632,,,,0.8947368421052632
clinician_44,assistant,nasa_tlx_assistant,2026-01-01 00:00:00,,,,6.0,7.0,2.0,,,,,,0.6842105263157895,,,,0.6842105263157895
clinician_45,assistant,nasa_tlx_assistant,2026-01-01 00:00:00,,,,5.0,5.0,1.0,,,,,,0.631578947368421,,,,0.631578947368421
clinician_01,current,nasa_tlx_current,2026-01-01 00:00:00,,,,3.0,3.0,5.0,,,,,,1.0,,,,1.0
clinician_02,current,nasa_tlx_current,2026-01-01 00:00:00,,,,3.0,2.0,1.0,,,,,,0.8947368421052632,,,,0.8947368421052632
clinician_03,current,nasa_tlx_current,2026-01-01 00:00:00,,,,17.0,10.0,20.0,,,,,,0.0,,,,0.0
clinician_04,current,nasa_tlx_current,2026-01-01 00:00:00,,,,2.0,2.0,2.0,,,,,,0.9473684210526316,,,,0.9473684210526316
clinician_05,current,nasa_tlx_current,2026-01-01 00:00:00,,,,2.0,2.0,2.0,,,,,,0.7368421052631579,,,,0.7368421052631579
clinician_06,current,nasa_tlx_current,2026-01-01 00:00:00,,,,4.0,3.0,1.0,,,,,,0.8947368421052632,,,,0.8947368421052632
clinician_07,current,nasa_tlx_current,2026-01-01 00:00:00,,,,5.0,7.0,4.0,,,,,,0.8421052631578947,,,,0.8421052631578947
clinician_08,current,nasa_tlx_current,2026-01-01 00:00:00,,,,5.0,1.0,4.0,,,,,,0.8947368421052632,,,,0.8947368421052632
clinician_09,current,nasa_tlx_current,2026-01-01 00:00:00,,,,10.0,10.0,15.0,,,,,,0.8421052631578947,,,,0.8421052631578947
clinician_10,current,nasa_tlx_current,2026-01-01 00:00:00,,,,7.0,5.0,5.0,,,,,,0.7368421052631579,,,,0.7368421052631579
clinician_11,current,nasa_tlx_current,2026-01-01 00:00:00,,,,2.0,1.0,16.0,,,,,,0.0,,,,0.0
clinician_12,current,nasa_tlx_current,2026-01-01 00:00:00,,,,2.0,2.0,2.0,,,,,,0.8947368421052632,,,,0.8947368421052632
clinician_13,current,nasa_tlx_current,2026-01-01 00:00:00,,,,5.0,5.0,1.0,,,,,,1.0,,,,1.0
clinician_14,current,nasa_tlx_current,2026-01-01 00:00:00,,,,1.0,5.0,16.0,,,,,,0.5263157894736842,,,,0.5263157894736842
clinician_15,current,nasa_tlx_current,2026-01-01 00:00:00,,,,2.0,1.0,1.0,,,,,,1.0,,,,1.0
clinician_16,current,nasa_tlx_current,2026-01-01 00:00:00,,,,11.0,3.0,15.0,,,,,,0.3684210526315789,,,,0.3684210526315789
clinician_17,current,nasa_tlx_current,2026-01-01 00:00:00,,,,1.0,1.0,18.0,,,,,,1.0,,,,1.0
clinician_18,current,nasa_tlx_current,2026-01-01 00:00:00,,,,3.0,2.0,2.0,,,,,,0.8947368421052632,,,,0.8947368421052632
clinician_19,current,nasa_tlx_current,2026-01-01 00:00:00,,,,5.0,10.0,10.0,,,,,,0.3684210526315789,,,,0.3684210526315789
clinician_20,current,nasa_tlx_current,2026-01-01 00:00:00,,,,3.0,3.0,19.0,,,,,,0.3684210526315789,,,,0.3684210526315789
clinician_21,current,nasa_tlx_current,2026-01-01 00:00:00,,,,4.0,3.0,3.0,,,,,,0.8947368421052632,,,,0.8947368421052632
clinician_22,current,nasa_tlx_current,2026-01-01 00:00:00,,,,2.0,3.0,18.0,,,,,,0.7894736842105263,,,,0.7894736842105263
clinician_23,current,nasa_tlx_current,2026-01-01 00:00:00,,,,1.0,1.0,20.0,,,,,,0.8421052631578947,,,,0.8421052631578947
clinician_24,current,nasa_tlx_current,2026-01-01 00:00:00,,,,1.0,1.0,1.0,,,,,,0.4210526315789473,,,,0.4210526315789473
clinician_25,current,nasa_tlx_current,2026-01-01 00:00:00,,,,1.0,1.0,20.0,,,,,,0.4736842105263157,,,,0.4736842105263157
clinician_26,current,nasa_tlx_current,2026-01-01 00:00:00,,,,10.0,10.0,18.0,,,,,,0.7368421052631579,,,,0.7368421052631579
clinician_27,current,nasa_tlx_current,2026-01-01 00:00:00,,,,5.0,1.0,10.0,,,,,,0.7368421052631579,,,,0.7368421052631579
clinician_28,current,nasa_tlx_current,2026-01-01 00:00:00,,,,5.0,6.0,15.0,,,,,,0.8947368421052632,,,,0.8947368421052632
clinician_29,current,nasa_tlx_current,2026-01-01 00:00:00,,,,10.0,9.0,10.0,,,,,,0.3684210526315789,,,,0.3684210526315789
clinician_30,current,nasa_tlx_current,2026-01-01 00:00:00,,,,1.0,1.0,1.0,,,,,,1.0,,,,1.0
clinician_31,current,nasa_tlx_current,2026-01-01 00:00:00,,,,2.0,3.0,8.0,,,,,,0.631578947368421,,,,0.631578947368421
clinician_32,current,nasa_tlx_current,2026-01-01 00:00:00,,,,4.0,5.0,7.0,,,,,,0.7368421052631579,,,,0.7368421052631579
clinician_33,current,nasa_tlx_current,2026-01-01 00:00:00,,,,7.0,8.0,9.0,,,,,,0.8421052631578947,,,,0.8421052631578947
clinician_34,current,nasa_tlx_current,2026-01-01 00:00:00,,,,3.0,4.0,11.0,,,,,,0.631578947368421,,,,0.631578947368421
clinician_35,current,nasa_tlx_current,2026-01-01 00:00:00,,,,7.0,9.0,11.0,,,,,,0.7894736842105263,,,,0.7894736842105263
clinician_36,current,nasa_tlx_current,2026-01-01 00:00:00,,,,6.0,10.0,13.0,,,,,,0.6842105263157895,,,,0.6842105263157895
clinician_37,current,nasa_tlx_current,2026-01-01 00:00:00,,,,5.0,1.0,6.0,,,,,,0.7368421052631579,,,,0.7368421052631579
clinician_38,current,nasa_tlx_current,2026-01-01 00:00:00,,,,4.0,1.0,4.0,,,,,,0.5789473684210527,,,,0.5789473684210527
clinician_39,current,nasa_tlx_current,2026-01-01 00:00:00,,,,6.0,4.0,9.0,,,,,,0.6842105263157895,,,,0.6842105263157895
clinician_40,current,nasa_tlx_current,2026-01-01 00:00:00,,,,5.0,3.0,8.0,,,,,,0.631578947368421,,,,0.631578947368421
clinician_41,current,nasa_tlx_current,2026-01-01 00:00:00,,,,4.0,2.0,7.0,,,,,,0.631578947368421,,,,0.631578947368421
clinician_42,current,nasa_tlx_current,2026-01-01 00:00:00,,,,7.0,6.0,11.0,,,,,,0.7894736842105263,,,,0.7894736842105263
clinician_43,current,nasa_tlx_current,2026-01-01 00:00:00,,,,2.0,4.0,11.0,,,,,,0.6842105263157895,,,,0.6842105263157895
clinician_44,current,nasa_tlx_current,2026-01-01 00:00:00,,,,9.0,8.0,13.0,,,,,,0.8421052631578947,,,,0.8421052631578947
clinician_45,current,nasa_tlx_current,2026-01-01 00:00:00,,,,6.0,4.0,10.0,,,,,,0.6842105263157895,,,,0.6842105263157895
roboturk_operator_pool,bair_action,bair_action,2026-01-01 00:00:00,,,,,,,,,0.0598886013031005,,0.1197772026062011,0.8802227973937988,,,,0.7616194248199463
roboturk_operator_pool,bair_action,bair_action,2026-01-01 00:00:01,,,,,,,,,0.0650468468666076,,0.1300936937332153,0.8699063062667847,,,,0.7466084361076355
roboturk_operator_pool,bair_action,bair_action,2026-01-01 00:00:02,,,,,,,,,0.0791391730308531,,0.1582783460617063,0.8417216539382937,,,,0.7087329983711244
roboturk_operator_pool,bair_action,bair_action,2026-01-01 00:00:03,,,,,,,,,0.080938160419464,,0.161876320838928,0.838123679161072,,,,0.7053505301475527
roboturk_operator_pool,bair_action,bair_action,2026-01-01 00:00:04,,,,,,,,,0.0927237868309021,,0.1854475736618042,0.8145524263381958,,,,0.6779683232307434
roboturk_operator_pool,bair_action,bair_action,2026-01-01 00:00:05,,,,,,,,,0.092763125896454,,0.1855262517929081,0.8144737482070918,,,,0.6782077431678769
roboturk_operator_pool,bair_action,bair_action,2026-01-01 00:00:06,,,,,,,,,0.1023640632629395,,0.2047281265258791,0.7952718734741209,,,,0.6553306579589844
roboturk_operator_pool,bair_action,bair_action,2026-01-01 00:00:07,,,,,,,,,0.1020182371139526,,0.2040364742279052,0.7959635257720947,,,,0.6570703744888305
roboturk_operator_pool,bair_action,bair_action,2026-01-01 00:00:08,,,,,,,,,0.1113434433937073,,0.2226868867874147,0.7773131132125852,,,,0.6365007281303405
roboturk_operator_pool,bair_action,bair_action,2026-01-01 00:00:09,,,,,,,,,0.1122010350227357,,0.2244020700454714,0.7755979299545286,,,,0.6357770800590514
roboturk_operator_pool,bair_action,bair_action,2026-01-01 00:00:10,,,,,,,,,0.1209154725074768,,0.2418309450149536,0.7581690549850464,,,,0.6190324664115905
roboturk_operator_pool,bair_action,bair_action,2026-01-01 00:00:11,,,,,,,,,0.1202571988105773,,0.2405143976211547,0.7594856023788452,,,,0.6207734942436218
roboturk_operator_pool,bair_action,bair_action,2026-01-01 00:00:12,,,,,,,,,0.1267986297607422,,0.2535972595214844,0.7464027404785156,,,,0.6062183380126953
roboturk_operator_pool,bair_action,bair_action,2026-01-01 00:00:13,,,,,,,,,0.1285098195075988,,0.2570196390151977,0.7429803609848022,,,,0.6027283072471619
roboturk_operator_pool,bair_action,bair_action,2026-01-01 00:00:14,,,,,,,,,0.1370100975036621,,0.2740201950073242,0.7259798049926758,,,,0.5863358497619628
roboturk_operator_pool,bair_action,bair_action,2026-01-01 00:00:15,,,,,,,,,0.136606514453888,,0.2732130289077761,0.7267869710922239,,,,0.5884670615196227
roboturk_operator_pool,bair_action,bair_action,2026-01-01 00:00:16,,,,,,,,,0.1442756652832032,,0.2885513305664064,0.7114486694335935,,,,0.5734141826629637
roboturk_operator_pool,bair_action,bair_action,2026-01-01 00:00:17,,,,,,,,,0.1447526812553407,,0.2895053625106814,0.7104946374893186,,,,0.5730795025825499
roboturk_operator_pool,bair_action,bair_action,2026-01-01 00:00:18,,,,,,,,,0.1542147994041443,,0.3084295988082886,0.6915704011917114,,,,0.5548537850379943
roboturk_operator_pool,bair_action,bair_action,2026-01-01 00:00:19,,,,,,,,,0.1544501185417176,,0.3089002370834353,0.6910997629165647,,,,0.5546465516090393
roboturk_operator_pool,bair_action,bair_action,2026-01-01 00:00:20,,,,,,,,,0.1611307263374329,,0.3222614526748659,0.677738547325134,,,,0.5418939948081969
roboturk_operator_pool,bair_action,bair_action,2026-01-01 00:00:21,,,,,,,,,0.1616771221160889,,0.3233542442321779,0.676645755767822,,,,0.541129684448242
roboturk_operator_pool,bair_action,bair_action,2026-01-01 00:00:22,,,,,,,,,0.1677040457725525,,0.335408091545105,0.664591908454895,,,,0.5297802567481995
roboturk_operator_pool,bair_action,bair_action,2026-01-01 00:00:23,,,,,,,,,0.1694600582122802,,0.3389201164245605,0.6610798835754395,,,,0.5267248153686523
roboturk_operator_pool,bair_action,bair_action,2026-01-01 00:00:24,,,,,,,,,0.1745050549507142,,0.3490101099014284,0.6509898900985716,,,,0.517392289638519
roboturk_operator_pool,bair_action,bair_action,2026-01-01 00:00:25,,,,,,,,,0.1752268671989442,,0.3504537343978884,0.6495462656021116,,,,0.5162497162818908
roboturk_operator_pool,bair_action,bair_action,2026-01-01 00:00:26,,,,,,,,,0.1817744374275207,,0.3635488748550415,0.6364511251449585,,,,0.5050336718559264
roboturk_operator_pool,bair_action,bair_action,2026-01-01 00:00:27,,,,,,,,,0.1824308037757873,,0.3648616075515747,0.6351383924484253,,,,0.5039832949638366
roboturk_operator_pool,sawyer_laundry_layout,sawyer_laundry_layout,2026-01-01 00:00:00,,,,,,,,,0.0751559138298034,,0.1503118276596069,0.8496881723403931,,,,0.7492201447486877
roboturk_operator_pool,sawyer_laundry_layout,sawyer_laundry_layout,2026-01-01 00:00:01,,,,,,,,,0.1136183738708496,,0.2272367477416992,0.7727632522583008,,,,0.6460018634796143
roboturk_operator_pool,sawyer_laundry_layout,sawyer_laundry_layout,2026-01-01 00:00:02,,,,,,,,,0.1453876495361328,,0.2907752990722656,0.7092247009277344,,,,0.5747039794921874
roboturk_operator_pool,sawyer_laundry_layout,sawyer_laundry_layout,2026-01-01 00:00:03,,,,,,,,,0.1717968583106995,,0.3435937166213991,0.6564062833786009,,,,0.5205981612205504
roboturk_operator_pool,sawyer_laundry_layout,sawyer_laundry_layout,2026-01-01 00:00:04,,,,,,,,,0.1949151158332825,,0.3898302316665651,0.6101697683334348,,,,0.4759856104850767
roboturk_operator_pool,sawyer_laundry_layout,sawyer_laundry_layout,2026-01-01 00:00:05,,,,,,,,,0.2154305577278137,,0.4308611154556274,0.5691388845443726,,,,0.4385515570640564
roboturk_operator_pool,sawyer_laundry_layout,sawyer_laundry_layout,2026-01-01 00:00:06,,,,,,,,,0.2334861159324646,,0.4669722318649292,0.5330277681350708,,,,0.4068349957466124
roboturk_operator_pool,sawyer_laundry_layout,sawyer_laundry_layout,2026-01-01 00:00:07,,,,,,,,,0.2496820688247681,,0.4993641376495363,0.5006358623504636,,,,0.3792443990707396
roboturk_operator_pool,sawyer_laundry_layout,sawyer_laundry_layout,2026-01-01 00:00:08,,,,,,,,,0.2643021941184998,,0.5286043882369997,0.4713956117630002,,,,0.3549935936927793
roboturk_operator_pool,sawyer_laundry_layout,sawyer_laundry_layout,2026-01-01 00:00:09,,,,,,,,,0.2777039408683778,,0.5554078817367556,0.4445921182632444,,,,0.3331732392311094
roboturk_operator_pool,sawyer_laundry_layout,sawyer_laundry_layout,2026-01-01 00:00:10,,,,,,,,,0.2902418971061707,,0.5804837942123415,0.4195162057876584,,,,0.3131117939949034
roboturk_operator_pool,sawyer_laundry_layout,sawyer_laundry_layout,2026-01-01 00:00:11,,,,,,,,,0.3017276525497436,,0.6034553050994873,0.3965446949005127,,,,0.2949872255325316
roboturk_operator_pool,sawyer_laundry_layout,sawyer_laundry_layout,2026-01-01 00:00:12,,,,,,,,,0.312174916267395,,0.62434983253479,0.3756501674652099,,,,0.2786325693130493
roboturk_operator_pool,sawyer_laundry_layout,sawyer_laundry_layout,2026-01-01 00:00:13,,,,,,,,,0.3217189908027649,,0.6434379816055298,0.3565620183944702,,,,0.2639396071434021
roboturk_operator_pool,sawyer_laundry_layout,sawyer_laundry_layout,2026-01-01 00:00:14,,,,,,,,,0.3306761980056762,,0.6613523960113525,0.3386476039886474,,,,0.2503213167190551
roboturk_operator_pool,sawyer_laundry_layout,sawyer_laundry_layout,2026-01-01 00:00:15,,,,,,,,,0.339082658290863,,0.6781653165817261,0.3218346834182739,,,,0.2377838253974913
roboturk_operator_pool,sawyer_laundry_layout,sawyer_laundry_layout,2026-01-01 00:00:16,,,,,,,,,0.3469381928443908,,0.6938763856887817,0.3061236143112182,,,,0.2262994647026062
roboturk_operator_pool,sawyer_laundry_layout,sawyer_laundry_layout,2026-01-01 00:00:17,,,,,,,,,0.3543081879615783,,0.7086163759231567,0.2913836240768432,,,,0.2156375288963317
roboturk_operator_pool,sawyer_laundry_layout,sawyer_laundry_layout,2026-01-01 00:00:18,,,,,,,,,0.3614063262939453,,0.7228126525878906,0.2771873474121094,,,,0.2055059909820556
roboturk_operator_pool,sawyer_laundry_layout,sawyer_laundry_layout,2026-01-01 00:00:19,,,,,,,,,0.3680955171585083,,0.7361910343170166,0.2638089656829834,,,,0.1960505723953247
roboturk_operator_pool,sawyer_laundry_layout,sawyer_laundry_layout,2026-01-01 00:00:20,,,,,,,,,0.3744246959686279,,0.7488493919372559,0.2511506080627441,,,,0.1871333599090575
roboturk_operator_pool,sawyer_laundry_layout,sawyer_laundry_layout,2026-01-01 00:00:21,,,,,,,,,0.3805184364318847,,0.7610368728637695,0.2389631271362304,,,,0.1785808563232422
roboturk_operator_pool,sawyer_laundry_layout,sawyer_laundry_layout,2026-01-01 00:00:22,,,,,,,,,0.386112630367279,,0.7722252607345581,0.2277747392654419,,,,0.1707884430885314
roboturk_operator_pool,sawyer_laundry_layout,sawyer_laundry_layout,2026-01-01 00:00:23,,,,,,,,,0.3912513852119447,,0.7825027704238894,0.2174972295761106,,,,0.163773477077484
roboturk_operator_pool,sawyer_laundry_layout,sawyer_laundry_layout,2026-01-01 00:00:24,,,,,,,,,0.3961094617843628,,0.7922189235687256,0.2077810764312744,,,,0.1571640253067016
roboturk_operator_pool,sawyer_laundry_layout,sawyer_laundry_layout,2026-01-01 00:00:25,,,,,,,,,0.400648832321167,,0.801297664642334,0.198702335357666,,,,0.1509521484375
roboturk_operator_pool,sawyer_laundry_layout,sawyer_laundry_layout,2026-01-01 00:00:26,,,,,,,,,0.4049050211906433,,0.8098100423812866,0.1901899576187133,,,,0.1450706124305725
roboturk_operator_pool,sawyer_laundry_layout,sawyer_laundry_layout,2026-01-01 00:00:27,,,,,,,,,0.408879816532135,,0.81775963306427,0.1822403669357299,,,,0.1395096659660338
roboturk_operator_pool,sawyer_tower_creation,sawyer_tower_creation,2026-01-01 00:00:00,,,,,,,,,0.038012742996216,,0.076025485992432,0.923974514007568,,,,0.849964904785156
roboturk_operator_pool,sawyer_tower_creation,sawyer_tower_creation,2026-01-01 00:00:01,,,,,,,,,0.0544288158416746,,0.1088576316833493,0.8911423683166506,,,,0.7735987663269044
roboturk_operator_pool,sawyer_tower_creation,sawyer_tower_creation,2026-01-01 00:00:02,,,,,,,,,0.0676982998847961,,0.1353965997695922,0.8646034002304077,,,,0.7257441401481628
roboturk_operator_pool,sawyer_tower_creation,sawyer_tower_creation,2026-01-01 00:00:03,,,,,,,,,0.0786309838294984,,0.1572619676589968,0.8427380323410032,,,,0.6898508906364439
roboturk_operator_pool,sawyer_tower_creation,sawyer_tower_creation,2026-01-01 00:00:04,,,,,,,,,0.0881702303886414,,0.1763404607772829,0.8236595392227171,,,,0.6613241314887999
roboturk_operator_pool,sawyer_tower_creation,sawyer_tower_creation,2026-01-01 00:00:05,,,,,,,,,0.0965577363967895,,0.1931154727935791,0.8068845272064209,,,,0.6376178026199341
roboturk_operator_pool,sawyer_tower_creation,sawyer_tower_creation,2026-01-01 00:00:06,,,,,,,,,0.1041338443756103,,0.2082676887512207,0.7917323112487793,,,,0.6177103519439697
roboturk_operator_pool,sawyer_tower_creation,sawyer_tower_creation,2026-01-01 00:00:07,,,,,,,,,0.1110705733299256,,0.2221411466598513,0.7778588533401487,,,,0.600284969806671
roboturk_operator_pool,sawyer_tower_creation,sawyer_tower_creation,2026-01-01 00:00:08,,,,,,,,,0.1174225807189942,,0.2348451614379885,0.7651548385620115,,,,0.5851541042327879
roboturk_operator_pool,sawyer_tower_creation,sawyer_tower_creation,2026-01-01 00:00:09,,,,,,,,,0.1233051419258118,,0.2466102838516237,0.7533897161483762,,,,0.5714508414268493
roboturk_operator_pool,sawyer_tower_creation,sawyer_tower_creation,2026-01-01 00:00:10,,,,,,,,,0.1287503838539123,,0.2575007677078247,0.7424992322921753,,,,0.559253966808319
roboturk_operator_pool,sawyer_tower_creation,sawyer_tower_creation,2026-01-01 00:00:11,,,,,,,,,0.1338694095611572,,0.2677388191223144,0.7322611808776855,,,,0.548072099685669
roboturk_operator_pool,sawyer_tower_creation,sawyer_tower_creation,2026-01-01 00:00:12,,,,,,,,,0.1387359499931335,,0.2774718999862671,0.7225281000137329,,,,0.5374937176704406
roboturk_operator_pool,sawyer_tower_creation,sawyer_tower_creation,2026-01-01 00:00:13,,,,,,,,,0.1432783007621766,,0.2865566015243532,0.7134433984756468,,,,0.5276627659797666
roboturk_operator_pool,sawyer_tower_creation,sawyer_tower_creation,2026-01-01 00:00:14,,,,,,,,,0.1475902199745179,,0.2951804399490358,0.7048195600509641,,,,0.5185577273368833
roboturk_operator_pool,sawyer_tower_creation,sawyer_tower_creation,2026-01-01 00:00:15,,,,,,,,,0.1516733169555664,,0.3033466339111328,0.6966533660888672,,,,0.5100364685058594
roboturk_operator_pool,sawyer_tower_creation,sawyer_tower_creation,2026-01-01 00:00:16,,,,,,,,,0.1554811596870422,,0.3109623193740845,0.6890376806259155,,,,0.5021408915519714
roboturk_operator_pool,sawyer_tower_creation,sawyer_tower_creation,2026-01-01 00:00:17,,,,,,,,,0.1592079997062685,,0.318415999412537,0.6815840005874629,,,,0.4945020794868467
roboturk_operator_pool,sawyer_tower_creation,sawyer_tower_creation,2026-01-01 00:00:18,,,,,,,,,0.1628968119621276,,0.3257936239242553,0.6742063760757446,,,,0.4871149659156799
roboturk_operator_pool,sawyer_tower_creation,sawyer_tower_creation,2026-01-01 00:00:19,,,,,,,,,0.1664235591888428,,0.3328471183776857,0.6671528816223142,,,,0.4801057338714598
roboturk_operator_pool,sawyer_tower_creation,sawyer_tower_creation,2026-01-01 00:00:20,,,,,,,,,0.1699038743972779,,0.3398077487945559,0.6601922512054441,,,,0.4732296705245971
roboturk_operator_pool,sawyer_tower_creation,sawyer_tower_creation,2026-01-01 00:00:21,,,,,,,,,0.1732911467552184,,0.3465822935104368,0.6534177064895632,,,,0.4667131066322327
roboturk_operator_pool,sawyer_tower_creation,sawyer_tower_creation,2026-01-01 00:00:22,,,,,,,,,0.176563799381256,,0.353127598762512,0.646872401237488,,,,0.4603386282920839
roboturk_operator_pool,sawyer_tower_creation,sawyer_tower_creation,2026-01-01 00:00:23,,,,,,,,,0.1798427700996399,,0.3596855401992798,0.6403144598007202,,,,0.4539927363395691
roboturk_operator_pool,sawyer_tower_creation,sawyer_tower_creation,2026-01-01 00:00:24,,,,,,,,,0.1830202341079712,,0.3660404682159424,0.6339595317840576,,,,0.4478839635848999
roboturk_operator_pool,sawyer_tower_creation,sawyer_tower_creation,2026-01-01 00:00:25,,,,,,,,,0.1862046122550964,,0.3724092245101928,0.6275907754898071,,,,0.4418718934059143
roboturk_operator_pool,sawyer_tower_creation,sawyer_tower_creation,2026-01-01 00:00:26,,,,,,,,,0.1892679333686828,,0.3785358667373657,0.6214641332626343,,,,0.4361108183860779
roboturk_operator_pool,sawyer_tower_creation,sawyer_tower_creation,2026-01-01 00:00:27,,,,,,,,,0.1922314167022704,,0.3844628334045408,0.6155371665954592,,,,0.4305775165557862
P04,S1,zenodo_S1,2026-01-01 00:00:00,,,,3.0,3.0,3.0,,,,,,,,0.5227272727272727,0.5227272727272727,0.5227272727272727
P04,S2,zenodo_S2,2026-01-01 00:00:00,,,,3.0,6.0,7.0,,,,,,,,0.6363636363636364,0.6363636363636364,0.6363636363636364
P04,S3,zenodo_S3,2026-01-01 00:00:00,,,,,,,,,,,,,,,,
P06,S1,zenodo_S1,2026-01-01 00:00:00,,,,4.0,5.0,1.0,,,,,,,,0.4318181818181818,0.4318181818181818,0.4318181818181818
P06,S2,zenodo_S2,2026-01-01 00:00:00,,,,7.0,7.0,7.0,,,,,,,,0.4772727272727273,0.4772727272727273,0.4772727272727273
P06,S3,zenodo_S3,2026-01-01 00:00:00,,,,5.0,4.0,1.0,,,,,,,,0.5,0.5,0.5
P06,S3,zenodo_S3,2026-01-01 00:00:00,,,,,,,,,,1009.0,0.9477889624458156,0.0522110375541845,,,,0.0522110375541845
P08,S1,zenodo_S1,2026-01-01 00:00:00,,,,3.0,4.0,1.0,,,,,,,,0.7727272727272727,0.7727272727272727,0.7727272727272727
P08,S2,zenodo_S2,2026-01-01 00:00:00,,,,3.0,5.0,3.0,,,,,,,,0.4545454545454545,0.4545454545454545,0.4545454545454545
P08,S3,zenodo_S3,2026-01-01 00:00:00,,,,4.0,6.0,3.0,,,,,,,,0.5454545454545454,0.5454545454545454,0.5454545454545454
P08,S1,zenodo_S1,2026-01-01 00:00:00,,,,,,,,,,306.0,0.9999984460408378,1.5539591622160651e-06,,,,1.5539591622160651e-06
P08,S2,zenodo_S2,2026-01-01 00:00:00,,,,,,,,,,446.0,0.9999999400330908,5.996690922929195e-08,,,,5.996690922929195e-08
P08,S3,zenodo_S3,2026-01-01 00:00:00,,,,,,,,,,1020.0,0.9974361951481912,0.0025638048518088,,,,0.0025638048518088
P09,S1,zenodo_S1,2026-01-01 00:00:00,,,,6.0,5.0,5.0,,,,,,,,0.7045454545454546,0.7045454545454546,0.7045454545454546
P09,S2,zenodo_S2,2026-01-01 00:00:00,,,,7.0,5.0,5.0,,,,,,,,0.6590909090909091,0.6590909090909091,0.6590909090909091
P09,S3,zenodo_S3,2026-01-01 00:00:00,,,,7.0,7.0,5.0,,,,,,,,0.5681818181818182,0.5681818181818182,0.5681818181818182
P09,S1,zenodo_S1,2026-01-01 00:00:00,,,,,,,,,,298.0,0.9999914516725756,8.548327424394484e-06,,,,8.548327424394484e-06
P09,S2,zenodo_S2,2026-01-01 00:00:00,,,,,,,,,,379.0,0.9999998978352598,1.0216474018706785e-07,,,,1.0216474018706785e-07
P09,S3,zenodo_S3,2026-01-01 00:00:00,,,,,,,,,,697.0,0.6298712301079257,0.3701287698920743,,,,0.3701287698920743
P11,S1,zenodo_S1,2026-01-01 00:00:00,,,,3.0,3.0,1.0,,,,,,,,0.7954545454545454,0.7954545454545454,0.7954545454545454
P11,S2,zenodo_S2,2026-01-01 00:00:00,,,,2.0,2.0,1.0,,,,,,,,0.8181818181818182,0.8181818181818182,0.8181818181818182
P11,S3,zenodo_S3,2026-01-01 00:00:00,,,,6.0,5.0,4.0,,,,,,,,0.4772727272727273,0.4772727272727273,0.4772727272727273
P11,S1,zenodo_S1,2026-01-01 00:00:00,,,,,,,,,,284.0,0.9999780285522392,2.1971447760695197e-05,,,,2.1971447760695197e-05
P11,S2,zenodo_S2,2026-01-01 00:00:00,,,,,,,,,,53.0,0.9997838607137438,0.0002161392862562,,,,0.0002161392862562
P11,S3,zenodo_S3,2026-01-01 00:00:00,,,,,,,,,,1020.0,0.9973758382322816,0.0026241617677182,,,,0.0026241617677182
P12,S1,zenodo_S1,2026-01-01 00:00:00,,,,3.0,3.0,2.0,,,,,,,,0.8863636363636364,0.8863636363636364,0.8863636363636364
P12,S2,zenodo_S2,2026-01-01 00:00:00,,,,3.0,4.0,2.0,,,,,,,,0.8181818181818182,0.8181818181818182,0.8181818181818182
P12,S3,zenodo_S3,2026-01-01 00:00:00,,,,5.0,5.0,3.0,,,,,,,,0.7272727272727273,0.7272727272727273,0.7272727272727273
P12,S1,zenodo_S1,2026-01-01 00:00:00,,,,,,,,,,345.0,0.9999991050264512,8.949735487043883e-07,,,,8.949735487043883e-07
P12,S2,zenodo_S2,2026-01-01 00:00:00,,,,,,,,,,423.0,0.9999791363010236,2.086369897650782e-05,,,,2.086369897650782e-05
P12,S3,zenodo_S3,2026-01-01 00:00:00,,,,,,,,,,558.0,0.9721081422524428,0.027891857747557,,,,0.027891857747557
P14,S1,zenodo_S1,2026-01-01 00:00:00,,,,5.0,6.0,1.0,,,,,,,,0.7727272727272727,0.7727272727272727,0.7727272727272727
P14,S2,zenodo_S2,2026-01-01 00:00:00,,,,5.0,4.0,1.0,,,,,,,,0.6136363636363636,0.6136363636363636,0.6136363636363636
P14,S3,zenodo_S3,2026-01-01 00:00:00,,,,7.0,4.0,2.0,,,,,,,,0.5681818181818182,0.5681818181818182,0.5681818181818182
P14,S1,zenodo_S1,2026-01-01 00:00:00,,,,,,,,,,275.0,0.9994444507342988,0.000555549265701,,,,0.000555549265701
P14,S2,zenodo_S2,2026-01-01 00:00:00,,,,,,,,,,369.0,0.999982326198506,1.7673801494135836e-05,,,,1.7673801494135836e-05
P14,S3,zenodo_S3,2026-01-01 00:00:00,,,,,,,,,,398.0,0.9811376831673466,0.0188623168326533,,,,0.0188623168326533
P15,S1,zenodo_S1,2026-01-01 00:00:00,72.9,,0.07,,,,,,,,,,,,,
P15,S2,zenodo_S2,2026-01-01 00:00:00,69.11,,0.11,,,,,,,,,,,,,
P15,S3,zenodo_S3,2026-01-01 00:00:00,70.32,,0.14,,,,,,,,,,,,,
P15,S1,zenodo_S1,2026-01-01 00:00:00,,,,2.0,3.0,1.0,,,,,,,,0.6363636363636364,0.6363636363636364,0.6363636363636364
P15,S2,zenodo_S2,2026-01-01 00:00:00,,,,5.0,3.0,1.0,,,,,,,,0.7045454545454546,0.7045454545454546,0.7045454545454546
P15,S3,zenodo_S3,2026-01-01 00:00:00,,,,4.0,6.0,4.0,,,,,,,,0.5681818181818182,0.5681818181818182,0.5681818181818182
P15,S1,zenodo_S1,2026-01-01 00:00:00,,,,,,,,,,115.0,0.9999990228305268,9.771694733835228e-07,,,,9.771694733835228e-07
P15,S2,zenodo_S2,2026-01-01 00:00:00,,,,,,,,,,45.0,0.9997968066836588,0.0002031933163412,,,,0.0002031933163412
P15,S3,zenodo_S3,2026-01-01 00:00:00,,,,,,,,,,609.0,0.9961198830857302,0.0038801169142698,,,,0.0038801169142698
P16,S1,zenodo_S1,2026-01-01 00:00:00,,,,2.0,2.0,1.0,,,,,,,,0.5909090909090909,0.5909090909090909,0.5909090909090909
P16,S2,zenodo_S2,2026-01-01 00:00:00,,,,3.0,3.0,3.0,,,,,,,,0.6136363636363636,0.6136363636363636,0.6136363636363636
P16,S3,zenodo_S3,2026-01-01 00:00:00,,,,3.0,4.0,3.0,,,,,,,,0.5227272727272727,0.5227272727272727,0.5227272727272727
P16,S1,zenodo_S1,2026-01-01 00:00:00,,,,,,,,,,281.0,0.999446712710641,0.000553287289359,,,,0.000553287289359
P16,S2,zenodo_S2,2026-01-01 00:00:00,,,,,,,,,,415.0,0.9999791363010236,2.086369897650782e-05,,,,2.086369897650782e-05
P16,S3,zenodo_S3,2026-01-01 00:00:00,,,,,,,,,,677.0,0.9514769849902548,0.0485230150097451,,,,0.0485230150097451
P20,S1,zenodo_S1,2026-01-01 00:00:00,,,,2.0,2.0,2.0,,,,,,,,0.75,0.75,0.75
P20,S2,zenodo_S2,2026-01-01 00:00:00,,,,3.0,2.0,2.0,,,,,,,,0.7954545454545454,0.7954545454545454,0.7954545454545454
P20,S3,zenodo_S3,2026-01-01 00:00:00,,,,5.0,5.0,3.0,,,,,,,,0.5681818181818182,0.5681818181818182,0.5681818181818182
P20,S1,zenodo_S1,2026-01-01 00:00:00,,,,,,,,,,309.0,0.9999997194482064,2.805517935923275e-07,,,,2.805517935923275e-07
P20,S2,zenodo_S2,2026-01-01 00:00:00,,,,,,,,,,397.0,0.9999999911160454,8.883954542194371e-09,,,,8.883954542194371e-09
P20,S3,zenodo_S3,2026-01-01 00:00:00,,,,,,,,,,591.0,0.9682073736089778,0.0317926263910221,,,,0.0317926263910221
P21,S1,zenodo_S1,2026-01-01 00:00:00,77.64,,0.23,2.0,2.0,1.0,,,,,,,,0.7727272727272727,0.7727272727272727,0.7727272727272727
P21,S2,zenodo_S2,2026-01-01 00:00:00,76.75,,0.17,1.0,2.0,1.0,,,,,,,,0.7272727272727273,0.7272727272727273,0.7272727272727273
P21,S3,zenodo_S3,2026-01-01 00:00:00,75.78,,0.19,5.0,3.0,4.0,,,,,,,,0.8409090909090909,0.8409090909090909,0.8409090909090909
P21,S1,zenodo_S1,2026-01-01 00:00:00,,,,,,,,,,371.0,0.9999999986279016,1.3720983843414443e-09,,,,1.3720983843414443e-09
P21,S2,zenodo_S2,2026-01-01 00:00:00,,,,,,,,,,65.0,0.9997882203900428,0.000211779609957,,,,0.000211779609957
P21,S3,zenodo_S3,2026-01-01 00:00:00,,,,,,,,,,1020.0,0.9961633468146376,0.0038366531853622,,,,0.0038366531853622
P22,S1,zenodo_S1,2026-01-01 00:00:00,,,,5.0,4.0,5.0,,,,,,,,0.7954545454545454,0.7954545454545454,0.7954545454545454
P22,S2,zenodo_S2,2026-01-01 00:00:00,,,,4.0,5.0,4.0,,,,,,,,0.7272727272727273,0.7272727272727273,0.7272727272727273
P22,S3,zenodo_S3,2026-01-01 00:00:00,,,,6.0,5.0,3.0,,,,,,,,0.6136363636363636,0.6136363636363636,0.6136363636363636
P22,S1,zenodo_S1,2026-01-01 00:00:00,,,,,,,,,,342.0,0.9999898763584256,1.0123641574321889e-05,,,,1.0123641574321889e-05
P22,S2,zenodo_S2,2026-01-01 00:00:00,,,,,,,,,,416.0,1.0,0.0,,,,0.0
P22,S3,zenodo_S3,2026-01-01 00:00:00,,,,,,,,,,676.0,0.9700691490248998,0.0299308509751001,,,,0.0299308509751001
P24,S2,zenodo_S2,2026-01-01 00:00:00,72.0,,0.03,,,,,,,,,,,,,
P24,S3,zenodo_S3,2026-01-01 00:00:00,71.52,,0.03,,,,,,,,,,,,,
P24,S1,zenodo_S1,2026-01-01 00:00:00,71.05,,0.05,1.0,2.0,2.0,,,,,,,,0.7045454545454546,0.7045454545454546,0.7045454545454546
P24,S2,zenodo_S2,2026-01-01 00:00:00,,,,5.0,4.0,4.0,,,,,,,,0.5909090909090909,0.5909090909090909,0.5909090909090909
P24,S3,zenodo_S3,2026-01-01 00:00:00,,,,6.0,6.0,6.0,,,,,,,,0.8181818181818182,0.8181818181818182,0.8181818181818182
P24,S1,zenodo_S1,2026-01-01 00:00:00,,,,,,,,,,509.0,0.9999965804807616,3.419519238551855e-06,,,,3.419519238551855e-06
P24,S2,zenodo_S2,2026-01-01 00:00:00,,,,,,,,,,582.0,0.9999996179951564,3.820048434922769e-07,,,,3.820048434922769e-07
P24,S3,zenodo_S3,2026-01-01 00:00:00,,,,,,,,,,555.0,0.9728785663653036,0.0271214336346965,,,,0.0271214336346965
P26,S1,zenodo_S1,2026-01-01 00:00:00,64.91,,0.26,4.0,3.0,5.0,,,,,,,,0.8409090909090909,0.8409090909090909,0.8409090909090909
P26,S2,zenodo_S2,2026-01-01 00:00:00,63.18,,0.21,4.0,3.0,2.0,,,,,,,,0.7272727272727273,0.7272727272727273,0.7272727272727273
P26,S3,zenodo_S3,2026-01-01 00:00:00,,,,6.0,4.0,3.0,,,,,,,,0.5454545454545454,0.5454545454545454,0.5454545454545454
P26,S2,zenodo_S2,2026-01-01 00:00:00,62.07,,0.26,,,,,,,,,,,,,
P26,S1,zenodo_S1,2026-01-01 00:00:00,,,,,,,,,,265.0,0.999434508526134,0.000565491473866,,,,0.000565491473866
P26,S2,zenodo_S2,2026-01-01 00:00:00,,,,,,,,,,555.0,0.9999998445329727,1.5546702717356625e-07,,,,1.5546702717356625e-07
P26,S3,zenodo_S3,2026-01-01 00:00:00,,,,,,,,,,585.0,0.9276834106680945,0.0723165893319055,,,,0.0723165893319055
P30,S3,zenodo_S3,2026-01-01 00:00:00,74.17,,0.57,,,,,,,,,,,,,
P30,S1,zenodo_S1,2026-01-01 00:00:00,68.56,,1.59,4.0,4.0,1.0,,,,,,,,1.0,0.8636363636363636,0.931818181818182
P30,S2,zenodo_S2,2026-01-01 00:00:00,71.86,,1.32,5.0,6.0,1.0,,,,,,,,1.0,0.8181818181818182,0.9090909090909092
P30,S3,zenodo_S3,2026-01-01 00:00:00,,,,7.0,7.0,2.0,,,,,,,,1.0,0.5909090909090909,0.7954545454545454
P30,S1,zenodo_S1,2026-01-01 00:00:00,,,,,,,,,,273.0,0.9999978219426502,2.178057349770888e-06,,,,2.178057349770888e-06
P30,S2,zenodo_S2,2026-01-01 00:00:00,,,,,,,,,,107.0,0.9998124269658096,0.0001875730341903,,,,0.0001875730341903
P30,S3,zenodo_S3,2026-01-01 00:00:00,,,,,,,,,,577.0,0.9792263443086512,0.0207736556913488,,,,0.0207736556913488
P31,S1,zenodo_S1,2026-01-01 00:00:00,,,,5.0,5.0,4.0,,,,,,,,0.6363636363636364,0.6363636363636364,0.6363636363636364
P31,S2,zenodo_S2,2026-01-01 00:00:00,95.5,,0.01,4.0,4.0,3.0,,,,,,,,0.5454545454545454,0.5454545454545454,0.5454545454545454
P31,S3,zenodo_S3,2026-01-01 00:00:00,95.85,,0.06,6.0,5.0,4.0,,,,,,,,0.5681818181818182,0.5681818181818182,0.5681818181818182
P31,S3,zenodo_S3,2026-01-01 00:00:00,100.88,,0.02,,,,,,,,,,,,,
P31,S1,zenodo_S1,2026-01-01 00:00:00,,,,,,,,,,726.0,0.9985187838216196,0.0014812161783804,,,,0.0014812161783804
P31,S2,zenodo_S2,2026-01-01 00:00:00,,,,,,,,,,264.0,0.9999998445329727,1.5546702717356625e-07,,,,1.5546702717356625e-07
P31,S3,zenodo_S3,2026-01-01 00:00:00,,,,,,,,,,1020.0,0.999967135672332,3.286432766813684e-05,,,,3.286432766813684e-05
P32,S1,zenodo_S1,2026-01-01 00:00:00,,,,1.0,4.0,1.0,,,,,,,,0.6666666666666666,0.9090909090909092,0.7878787878787878
P32,S2,zenodo_S2,2026-01-01 00:00:00,,,,1.0,2.0,1.0,,,,,,,,0.6666666666666666,0.6136363636363636,0.6401515151515151
P32,S3,zenodo_S3,2026-01-01 00:00:00,,,,4.0,5.0,2.0,,,,,,,,0.6666666666666666,0.6363636363636364,0.6515151515151515
P32,S1,zenodo_S1,2026-01-01 00:00:00,,,,,,,,,,140.0,0.9987882677271208,0.0012117322728792,,,,0.0012117322728792
P32,S2,zenodo_S2,2026-01-01 00:00:00,,,,,,,,,,65.0,0.9999840454070044,1.5954592995483365e-05,,,,1.5954592995483365e-05
P32,S3,zenodo_S3,2026-01-01 00:00:00,,,,,,,,,,1062.0,0.9951521481140558,0.0048478518859441,,,,0.0048478518859441
P33,S1,zenodo_S1,2026-01-01 00:00:00,78.56,,2.59,2.0,3.0,2.0,,,,,,,,0.6666666666666666,0.75,0.7083333333333333
P33,S2,zenodo_S2,2026-01-01 00:00:00,74.34,,1.46,4.0,4.0,4.0,,,,,,,,0.6666666666666666,0.7727272727272727,0.7196969696969697
P33,S3,zenodo_S3,2026-01-01 00:00:00,65.15,,0.62,,,,,,,,,,,0.6666666666666666,,0.6666666666666666
P33,S1,zenodo_S1,2026-01-01 00:00:00,,,,,,,,,,432.0,0.9915909459744314,0.0084090540255686,,,,0.0084090540255686
P33,S2,zenodo_S2,2026-01-01 00:00:00,,,,,,,,,,43.0,0.999999996946283,3.053716929730406e-09,,,,3.053716929730406e-09
P33,S3,zenodo_S3,2026-01-01 00:00:00,,,,,,,,,,236.0,0.9995391383279516,0.0004608616720484,,,,0.0004608616720484
P37,S1,zenodo_S1,2026-01-01 00:00:00,66.06,,2.54,5.0,1.0,1.0,,,,,,,,0.3333333333333333,0.8181818181818182,0.5757575757575758
P37,S1,zenodo_S1,2026-01-01 00:00:00,64.78,,2.26,5.0,1.0,1.0,,,,,,,,0.3333333333333333,0.8181818181818182,0.5757575757575758
P37,S2,zenodo_S2,2026-01-01 00:00:00,65.55,,2.34,1.0,2.0,1.0,,,,,,,,0.3333333333333333,0.75,0.5416666666666666
P37,S3,zenodo_S3,2026-01-01 00:00:00,,,,1.0,4.0,3.0,,,,,,,,0.3333333333333333,0.6590909090909091,0.4962121212121212
P37,S1,zenodo_S1,2026-01-01 00:00:00,,,,,,,,,,256.0,0.9992672325131072,0.0007327674868927,,,,0.0007327674868927
P37,S2,zenodo_S2,2026-01-01 00:00:00,,,,,,,,,,49.0,0.999999996946283,3.053716929730406e-09,,,,3.053716929730406e-09
P37,S3,zenodo_S3,2026-01-01 00:00:00,,,,,,,,,,601.0,0.8846827343496731,0.1153172656503268,,,,0.1153172656503268
P38,S1,zenodo_S1,2026-01-01 00:00:00,,,,2.0,2.0,1.0,,,,,,,,0.8863636363636364,0.8863636363636364,0.8863636363636364
P38,S2,zenodo_S2,2026-01-01 00:00:00,,,,5.0,4.0,1.0,,,,,,,,0.75,0.75,0.75
P38,S3,zenodo_S3,2026-01-01 00:00:00,,,,5.0,5.0,2.0,,,,,,,,0.7045454545454546,0.7045454545454546,0.7045454545454546
P38,S1,zenodo_S1,2026-01-01 00:00:00,,,,,,,,,,85.0,0.9998970615739408,0.0001029384260591,,,,0.0001029384260591
P38,S2,zenodo_S2,2026-01-01 00:00:00,,,,,,,,,,361.0,0.9999999203231982,7.967680186105765e-08,,,,7.967680186105765e-08
P38,S3,zenodo_S3,2026-01-01 00:00:00,,,,,,,,,,1020.0,0.9926509729990796,0.0073490270009202,,,,0.0073490270009202
P39,S1,zenodo_S1,2026-01-01 00:00:00,,,,4.0,3.0,4.0,,,,,,,,0.6666666666666666,0.6818181818181818,0.6742424242424242
P39,S2,zenodo_S2,2026-01-01 00:00:00,,,,5.0,3.0,2.0,,,,,,,,0.6666666666666666,0.7272727272727273,0.696969696969697
P39,S3,zenodo_S3,2026-01-01 00:00:00,,,,6.0,5.0,5.0,,,,,,,,0.6666666666666666,0.5681818181818182,0.6174242424242424
P39,S1,zenodo_S1,2026-01-01 00:00:00,,,,,,,,,,395.0,0.993429595746462,0.0065704042535379,,,,0.0065704042535379
P39,S2,zenodo_S2,2026-01-01 00:00:00,,,,,,,,,,524.0,0.9999078893353188,9.21106646813362e-05,,,,9.21106646813362e-05
P39,S3,zenodo_S3,2026-01-01 00:00:00,,,,,,,,,,597.0,,,,,,
P41,S1,zenodo_S1,2026-01-01 00:00:00,64.64,,0.12,3.0,1.0,5.0,,,,,,,,0.4545454545454545,0.4545454545454545,0.4545454545454545
P41,S2,zenodo_S2,2026-01-01 00:00:00,,,,1.0,1.0,2.0,,,,,,,,0.5454545454545454,0.5454545454545454,0.5454545454545454
P41,S3,zenodo_S3,2026-01-01 00:00:00,,,,2.0,2.0,2.0,,,,,,,,0.4090909090909091,0.4090909090909091,0.4090909090909091
P41,S2,zenodo_S2,2026-01-01 00:00:00,64.21,,1.03,,,,,,,,,,,,,
P41,S3,zenodo_S3,2026-01-01 00:00:00,63.18,,1.37,,,,,,,,,,,,,
P41,S1,zenodo_S1,2026-01-01 00:00:00,,,,,,,,,,291.0,0.9999803807948092,1.961920519063782e-05,,,,1.961920519063782e-05
P41,S2,zenodo_S2,2026-01-01 00:00:00,,,,,,,,,,362.0,0.9999994672475656,5.327524344984715e-07,,,,5.327524344984715e-07
P41,S3,zenodo_S3,2026-01-01 00:00:00,,,,,,,,,,1020.0,0.9993481659126496,0.0006518340873505,,,,0.0006518340873505
P47,S1,zenodo_S1,2026-01-01 00:00:00,,,,6.0,5.0,7.0,,,,,,,,0.4545454545454545,0.4545454545454545,0.4545454545454545
P47,S2,zenodo_S2,2026-01-01 00:00:00,77.42,,0.01,6.0,5.0,6.0,,,,,,,,0.5454545454545454,0.5454545454545454,0.5454545454545454
P47,S3,zenodo_S3,2026-01-01 00:00:00,68.22,,0.01,7.0,6.0,6.0,,,,,,,,0.5909090909090909,0.5909090909090909,0.5909090909090909
P47,S1,zenodo_S1,2026-01-01 00:00:00,70.47,,0.01,,,,,,,,,,,,,
P47,S1,zenodo_S1,2026-01-01 00:00:00,,,,,,,,,,321.0,0.9999820575916728,1.794240832718141e-05,,,,1.794240832718141e-05
P47,S2,zenodo_S2,2026-01-01 00:00:00,,,,,,,,,,60.0,0.9999998445329727,1.5546702717356625e-07,,,,1.5546702717356625e-07
P47,S3,zenodo_S3,2026-01-01 00:00:00,,,,,,,,,,652.0,0.0,1.0,,,,1.0
P48,S1,zenodo_S1,2026-01-01 00:00:00,59.63,,0.18,,,,,,,,,,,,,
P48,S1,zenodo_S1,2026-01-01 00:00:00,,,,6.0,6.0,5.0,,,,,,,,0.6590909090909091,0.6590909090909091,0.6590909090909091
P48,S2,zenodo_S2,2026-01-01 00:00:00,61.32,,0.36,6.0,6.0,4.0,,,,,,,,0.5681818181818182,0.5681818181818182,0.5681818181818182
P48,S3,zenodo_S3,2026-01-01 00:00:00,60.08,,0.25,6.0,6.0,3.0,,,,,,,,0.6136363636363636,0.6136363636363636,0.6136363636363636
P48,S1,zenodo_S1,2026-01-01 00:00:00,,,,,,,,,,596.0,0.9999981206801338,1.8793198662045968e-06,,,,1.8793198662045968e-06
P48,S2,zenodo_S2,2026-01-01 00:00:00,,,,,,,,,,375.0,0.9999999711276348,2.8872365113112412e-08,,,,2.8872365113112412e-08
P48,S3,zenodo_S3,2026-01-01 00:00:00,,,,,,,,,,1023.0,0.8244459669423077,0.1755540330576923,,,,0.1755540330576923
P50,S1,zenodo_S1,2026-01-01 00:00:00,81.43,,0.2,,,,,,,,,,,,,
P50,S2,zenodo_S2,2026-01-01 00:00:00,84.73,,0.02,,,,,,,,,,,,,
P50,S3,zenodo_S3,2026-01-01 00:00:00,83.5,,0.05,,,,,,,,,,,,,
P50,S1,zenodo_S1,2026-01-01 00:00:00,,,,2.0,3.0,1.0,,,,,,,,0.6666666666666666,0.5909090909090909,0.6287878787878788
P50,S2,zenodo_S2,2026-01-01 00:00:00,,,,4.0,4.0,1.0,,,,,,,,0.6666666666666666,0.5454545454545454,0.606060606060606
P50,S3,zenodo_S3,2026-01-01 00:00:00,,,,6.0,6.0,3.0,,,,,,,,0.6666666666666666,0.5227272727272727,0.5946969696969697
P50,S1,zenodo_S1,2026-01-01 00:00:00,,,,,,,,,,298.0,0.9992672325131072,0.0007327674868927,,,,0.0007327674868927
P50,S2,zenodo_S2,2026-01-01 00:00:00,,,,,,,,,,326.0,0.9999999212368132,7.876318673255622e-08,,,,7.876318673255622e-08
P50,S3,zenodo_S3,2026-01-01 00:00:00,,,,,,,,,,558.0,,,,,,
P51,S2,zenodo_S2,2026-01-01 00:00:00,81.81,,0.18,,,,,,,,,,,,,
P51,S3,zenodo_S3,2026-01-01 00:00:00,78.5,,0.61,,,,,,,,,,,,,
P51,S1,zenodo_S1,2026-01-01 00:00:00,76.52,,0.73,4.0,4.0,3.0,,,,,,,,0.3333333333333333,0.5909090909090909,0.4621212121212121
P51,S2,zenodo_S2,2026-01-01 00:00:00,,,,5.0,5.0,5.0,,,,,,,,0.3333333333333333,0.5454545454545454,0.4393939393939393
P51,S3,zenodo_S3,2026-01-01 00:00:00,,,,5.0,6.0,6.0,,,,,,,,0.3333333333333333,0.5681818181818182,0.4507575757575758
P51,S1,zenodo_S1,2026-01-01 00:00:00,,,,,,,,,,75.0,0.9988283464599944,0.0011716535400056,,,,0.0011716535400056
P51,S2,zenodo_S2,2026-01-01 00:00:00,,,,,,,,,,45.0,0.9998214993056376,0.0001785006943625,,,,0.0001785006943625
P51,S3,zenodo_S3,2026-01-01 00:00:00,,,,,,,,,,782.0,0.7103991745331493,0.2896008254668507,,,,0.2896008254668507
P52,S1,zenodo_S1,2026-01-01 00:00:00,,,,5.0,2.0,2.0,,,,,,,,0.8636363636363636,0.8636363636363636,0.8636363636363636
P52,S2,zenodo_S2,2026-01-01 00:00:00,,,,6.0,6.0,5.0,,,,,,,,0.6818181818181818,0.6818181818181818,0.6818181818181818
P52,S3,zenodo_S3,2026-01-01 00:00:00,,,,7.0,5.0,6.0,,,,,,,,0.5681818181818182,0.5681818181818182,0.5681818181818182
P52,S1,zenodo_S1,2026-01-01 00:00:00,101.44,,0.45,,,,,,,,,,,,,
P52,S2,zenodo_S2,2026-01-01 00:00:00,100.56,,0.08,,,,,,,,,,,,,
P52,S3,zenodo_S3,2026-01-01 00:00:00,100.44,,0.15,,,,,,,,,,,,,
P52,S1,zenodo_S1,2026-01-01 00:00:00,,,,,,,,,,581.0,0.9999851865165388,1.4813483461057324e-05,,,,1.4813483461057324e-05
P52,S2,zenodo_S2,2026-01-01 00:00:00,,,,,,,,,,172.0,0.999990529830996,9.47016900404279e-06,,,,9.47016900404279e-06
P52,S3,zenodo_S3,2026-01-01 00:00:00,,,,,,,,,,1020.0,0.9974361951481912,0.0025638048518088,,,,0.0025638048518088
P53,S1,zenodo_S1,2026-01-01 00:00:00,,,,2.0,2.0,1.0,,,,,,,,0.7954545454545454,0.7954545454545454,0.7954545454545454
P53,S2,zenodo_S2,2026-01-01 00:00:00,,,,4.0,5.0,3.0,,,,,,,,0.6590909090909091,0.6590909090909091,0.6590909090909091
P53,S3,zenodo_S3,2026-01-01 00:00:00,,,,7.0,1.0,6.0,,,,,,,,0.5681818181818182,0.5681818181818182,0.5681818181818182
P53,S1,zenodo_S1,2026-01-01 00:00:00,69.95,,0.69,,,,,,,,,,,,,
P53,S2,zenodo_S2,2026-01-01 00:00:00,71.2,,0.89,,,,,,,,,,,,,
P53,S3,zenodo_S3,2026-01-01 00:00:00,70.71,,1.93,,,,,,,,,,,,,
P53,S1,zenodo_S1,2026-01-01 00:00:00,,,,,,,,,,285.0,0.9990427280441666,0.0009572719558333,,,,0.0009572719558333
P53,S2,zenodo_S2,2026-01-01 00:00:00,,,,,,,,,,470.0,0.999999882221753,1.1777824698988226e-07,,,,1.1777824698988226e-07
P53,S3,zenodo_S3,2026-01-01 00:00:00,,,,,,,,,,672.0,,,,,,
P54,S1,zenodo_S1,2026-01-01 00:00:00,81.58,,0.46,1.0,2.0,2.0,,,,,,,,0.7272727272727273,0.7272727272727273,0.7272727272727273
P54,S2,zenodo_S2,2026-01-01 00:00:00,77.81,,0.48,2.0,3.0,3.0,,,,,,,,0.7727272727272727,0.7727272727272727,0.7727272727272727
P54,S3,zenodo_S3,2026-01-01 00:00:00,,,,5.0,5.0,5.0,,,,,,,,0.6818181818181818,0.6818181818181818,0.6818181818181818
P54,S2,zenodo_S2,2026-01-01 00:00:00,77.0,,0.77,,,,,,,,,,,,,
P54,S1,zenodo_S1,2026-01-01 00:00:00,,,,,,,,,,293.0,0.9999976693376336,2.33066236643521e-06,,,,2.33066236643521e-06
P54,S2,zenodo_S2,2026-01-01 00:00:00,,,,,,,,,,428.0,0.99999992530703,7.469296990204674e-08,,,,7.469296990204674e-08
P54,S3,zenodo_S3,2026-01-01 00:00:00,,,,,,,,,,588.0,0.9505748841863998,0.0494251158136002,,,,0.0494251158136002
P57,S1,zenodo_S1,2026-01-01 00:00:00,78.47,,0.05,,,,,,,,,,,,,
P57,S3,zenodo_S3,2026-01-01 00:00:00,77.68,,0.03,,,,,,,,,,,,,
P57,S3,zenodo_S3,2026-01-01 00:00:00,79.11,,0.1,,,,,,,,,,,,,
P57,S1,zenodo_S1,2026-01-01 00:00:00,,,,2.0,3.0,1.0,,,,,,,,0.3333333333333333,0.6818181818181818,0.5075757575757576
P57,S2,zenodo_S2,2026-01-01 00:00:00,,,,3.0,2.0,1.0,,,,,,,,0.3333333333333333,0.6818181818181818,0.5075757575757576
P57,S3,zenodo_S3,2026-01-01 00:00:00,,,,7.0,5.0,3.0,,,,,,,,0.3333333333333333,0.8181818181818182,0.5757575757575758
P57,S1,zenodo_S1,2026-01-01 00:00:00,,,,,,,,,,143.0,0.9999517674801404,4.823251985953756e-05,,,,4.823251985953756e-05
P57,S2,zenodo_S2,2026-01-01 00:00:00,,,,,,,,,,143.0,0.9999983578785532,1.6421214467650889e-06,,,,1.6421214467650889e-06
P57,S3,zenodo_S3,2026-01-01 00:00:00,,,,,,,,,,685.0,0.8587204406368103,0.1412795593631897,,,,0.1412795593631897
P58,S1,zenodo_S1,2026-01-01 00:00:00,73.78,,0.04,,,,,,,,,,,,,
P58,S2,zenodo_S2,2026-01-01 00:00:00,69.5,,0.07,,,,,,,,,,,,,
P58,S3,zenodo_S3,2026-01-01 00:00:00,71.4,,0.08,,,,,,,,,,,,,
P58,S1,zenodo_S1,2026-01-01 00:00:00,,,,2.0,2.0,1.0,,,,,,,,1.0,0.6818181818181818,0.8409090909090908
P58,S2,zenodo_S2,2026-01-01 00:00:00,,,,3.0,3.0,1.0,,,,,,,,1.0,0.6818181818181818,0.8409090909090908
P58,S3,zenodo_S3,2026-01-01 00:00:00,,,,6.0,5.0,2.0,,,,,,,,1.0,0.7045454545454546,0.8522727272727273
P58,S1,zenodo_S1,2026-01-01 00:00:00,,,,,,,,,,68.0,0.9999986027180228,1.397281977299763e-06,,,,1.397281977299763e-06
P58,S2,zenodo_S2,2026-01-01 00:00:00,,,,,,,,,,45.0,0.9997871346849052,0.0002128653150946,,,,0.0002128653150946
P58,S3,zenodo_S3,2026-01-01 00:00:00,,,,,,,,,,548.0,,,,,,
P62,S1,zenodo_S1,2026-01-01 00:00:00,,,,1.0,1.0,2.0,,,,,,,,0.3333333333333333,0.5681818181818182,0.4507575757575758
P62,S2,zenodo_S2,2026-01-01 00:00:00,,,,2.0,2.0,2.0,,,,,,,,0.3333333333333333,0.5909090909090909,0.4621212121212121
P62,S3,zenodo_S3,2026-01-01 00:00:00,,,,6.0,6.0,6.0,,,,,,,,0.3333333333333333,0.6136363636363636,0.4734848484848485
P62,S1,zenodo_S1,2026-01-01 00:00:00,,,,,,,,,,145.0,0.9987005718799196,0.0012994281200804,,,,0.0012994281200804
P62,S2,zenodo_S2,2026-01-01 00:00:00,,,,,,,,,,43.0,0.9997805676379292,0.0002194323620707,,,,0.0002194323620707
P62,S3,zenodo_S3,2026-01-01 00:00:00,,,,,,,,,,443.0,0.2600513084622003,0.7399486915377996,,,,0.7399486915377996
P68,S1,zenodo_S1,2026-01-01 00:00:00,,,,4.0,4.0,3.0,,,,,,,,0.5681818181818182,0.5681818181818182,0.5681818181818182
P68,S2,zenodo_S2,2026-01-01 00:00:00,,,,4.0,3.0,4.0,,,,,,,,0.6818181818181818,0.6818181818181818,0.6818181818181818
P68,S3,zenodo_S3,2026-01-01 00:00:00,,,,6.0,5.0,5.0,,,,,,,,0.5909090909090909,0.5909090909090909,0.5909090909090909
P68,S1,zenodo_S1,2026-01-01 00:00:00,88.19,,0.22,,,,,,,,,,,,,
P68,S2,zenodo_S2,2026-01-01 00:00:00,85.0,,0.2899999999999999,,,,,,,,,,,,,
P68,S3,zenodo_S3,2026-01-01 00:00:00,86.03,,0.41,,,,,,,,,,,,,
P68,S1,zenodo_S1,2026-01-01 00:00:00,,,,,,,,,,277.0,0.999983659498916,1.6340501083987887e-05,,,,1.6340501083987887e-05
P68,S2,zenodo_S2,2026-01-01 00:00:00,,,,,,,,,,341.0,0.9999999736262136,2.6373786256656214e-08,,,,2.6373786256656214e-08
P68,S3,zenodo_S3,2026-01-01 00:00:00,,,,,,,,,,1050.0,0.9846081740976268,0.015391825902373,,,,0.015391825902373
P69,S1,zenodo_S1,2026-01-01 00:00:00,,,,5.0,4.0,6.0,,,,,,,,0.6818181818181818,0.6818181818181818,0.6818181818181818
P69,S2,zenodo_S2,2026-01-01 00:00:00,,,,5.0,5.0,5.0,,,,,,,,0.6590909090909091,0.6590909090909091,0.6590909090909091
P69,S3,zenodo_S3,2026-01-01 00:00:00,,,,6.0,7.0,7.0,,,,,,,,0.5454545454545454,0.5454545454545454,0.5454545454545454
P69,S1,zenodo_S1,2026-01-01 00:00:00,77.29,,0.01,,,,,,,,,,,,,
P69,S2,zenodo_S2,2026-01-01 00:00:00,65.5,,0.01,,,,,,,,,,,,,
P69,S3,zenodo_S3,2026-01-01 00:00:00,70.85,,0.01,,,,,,,,,,,,,
P69,S1,zenodo_S1,2026-01-01 00:00:00,,,,,,,,,,767.0,0.9999833142760324,1.6685723967640655e-05,,,,1.6685723967640655e-05
P69,S2,zenodo_S2,2026-01-01 00:00:00,,,,,,,,,,449.0,0.9999999979698756,2.0301242563646136e-09,,,,2.0301242563646136e-09
P69,S3,zenodo_S3,2026-01-01 00:00:00,,,,,,,,,,1072.0,0.9980113570089376,0.0019886429910624,,,,0.0019886429910624
P71,S1,zenodo_S1,2026-01-01 00:00:00,,,,2.0,3.0,2.0,,,,,,,,0.6666666666666666,0.6590909090909091,0.6628787878787878
P71,S2,zenodo_S2,2026-01-01 00:00:00,,,,3.0,4.0,2.0,,,,,,,,0.6666666666666666,0.6590909090909091,0.6628787878787878
P71,S3,zenodo_S3,2026-01-01 00:00:00,,,,6.0,6.0,4.0,,,,,,,,0.6666666666666666,0.5909090909090909,0.6287878787878788
P71,S1,zenodo_S1,2026-01-01 00:00:00,,,,,,,,,,44.0,0.9997237651179608,0.0002762348820392,,,,0.0002762348820392
P71,S2,zenodo_S2,2026-01-01 00:00:00,,,,,,,,,,48.0,0.9997871346849052,0.0002128653150946,,,,0.0002128653150946
P71,S3,zenodo_S3,2026-01-01 00:00:00,,,,,,,,,,780.0,0.9453866663473348,0.0546133336526652,,,,0.0546133336526652
P76,S1,zenodo_S1,2026-01-01 00:00:00,,,,2.0,3.0,1.0,,,,,,,,1.0,1.0,1.0
P76,S2,zenodo_S2,2026-01-01 00:00:00,,,,4.0,4.0,1.0,,,,,,,,0.9318181818181818,0.9318181818181818,0.9318181818181818
P76,S3,zenodo_S3,2026-01-01 00:00:00,,,,6.0,5.0,2.0,,,,,,,,0.8181818181818182,0.8181818181818182,0.8181818181818182
P76,S1,zenodo_S1,2026-01-01 00:00:00,94.6,,1.42,,,,,,,,,,,,,
P76,S2,zenodo_S2,2026-01-01 00:00:00,90.87,,1.4,,,,,,,,,,,,,
P76,S3,zenodo_S3,2026-01-01 00:00:00,95.54,,1.98,,,,,,,,,,,,,
P76,S1,zenodo_S1,2026-01-01 00:00:00,,,,,,,,,,291.0,0.9999877199775952,1.2280022404832873e-05,,,,1.2280022404832873e-05
P76,S2,zenodo_S2,2026-01-01 00:00:00,,,,,,,,,,331.0,0.9999998445329727,1.5546702717356625e-07,,,,1.5546702717356625e-07
P76,S3,zenodo_S3,2026-01-01 00:00:00,,,,,,,,,,929.0,0.997921746783642,0.0020782532163578,,,,0.0020782532163578
P77,S1,zenodo_S1,2026-01-01 00:00:00,95.05,,0.01,2.0,3.0,3.0,,,,,,,,0.5227272727272727,0.5227272727272727,0.5227272727272727
P77,S2,zenodo_S2,2026-01-01 00:00:00,95.5,,0.01,3.0,3.0,2.0,,,,,,,,0.5681818181818182,0.5681818181818182,0.5681818181818182
P77,S3,zenodo_S3,2026-01-01 00:00:00,,,,4.0,3.0,5.0,,,,,,,,0.4090909090909091,0.4090909090909091,0.4090909090909091
P77,S3,zenodo_S3,2026-01-01 00:00:00,105.0,,0.01,,,,,,,,,,,,,
P77,S1,zenodo_S1,2026-01-01 00:00:00,,,,,,,,,,295.0,0.9999953788111992,4.621188800830729e-06,,,,4.621188800830729e-06
P77,S2,zenodo_S2,2026-01-01 00:00:00,,,,,,,,,,336.0,0.9999998445329727,1.5546702717356625e-07,,,,1.5546702717356625e-07
P77,S3,zenodo_S3,2026-01-01 00:00:00,,,,,,,,,,368.0,0.9901689258215098,0.0098310741784901,,,,0.0098310741784901
P78,S1,zenodo_S1,2026-01-01 00:00:00,58.77,,0.14,,,,,,,,,,,,,
P78,S2,zenodo_S2,2026-01-01 00:00:00,58.25,,0.16,,,,,,,,,,,,,
P78,S3,zenodo_S3,2026-01-01 00:00:00,61.69,,0.26,,,,,,,,,,,,,
P78,S1,zenodo_S1,2026-01-01 00:00:00,,,,3.0,2.0,1.0,,,,,,,,1.0,0.7727272727272727,0.8863636363636364
P78,S2,zenodo_S2,2026-01-01 00:00:00,,,,3.0,5.0,1.0,,,,,,,,1.0,0.7045454545454546,0.8522727272727273
P78,S3,zenodo_S3,2026-01-01 00:00:00,,,,6.0,4.0,2.0,,,,,,,,1.0,0.5454545454545454,0.7727272727272727
P78,S1,zenodo_S1,2026-01-01 00:00:00,,,,,,,,,,60.0,0.9985336411916492,0.0014663588083506,,,,0.0014663588083506
P78,S2,zenodo_S2,2026-01-01 00:00:00,,,,,,,,,,105.0,0.9999924812210828,7.518778917150396e-06,,,,7.518778917150396e-06
P78,S3,zenodo_S3,2026-01-01 00:00:00,,,,,,,,,,653.0,0.9199870576424376,0.0800129423575625,,,,0.0800129423575625
P79,S1,zenodo_S1,2026-01-01 00:00:00,,,,3.0,3.0,1.0,,,,,,,,0.3333333333333333,0.7272727272727273,0.5303030303030303
P79,S2,zenodo_S2,2026-01-01 00:00:00,,,,2.0,3.0,2.0,,,,,,,,0.3333333333333333,0.6818181818181818,0.5075757575757576
P79,S3,zenodo_S3,2026-01-01 00:00:00,,,,7.0,6.0,6.0,,,,,,,,0.3333333333333333,0.5454545454545454,0.4393939393939393
P79,S1,zenodo_S1,2026-01-01 00:00:00,,,,,,,,,,153.0,0.9999986027180228,1.397281977299763e-06,,,,1.397281977299763e-06
P79,S2,zenodo_S2,2026-01-01 00:00:00,,,,,,,,,,50.0,0.9997838607137438,0.0002161392862562,,,,0.0002161392862562
P79,S3,zenodo_S3,2026-01-01 00:00:00,,,,,,,,,,904.0,0.9572564353393714,0.0427435646606285,,,,0.0427435646606285
P82,S1,zenodo_S1,2026-01-01 00:00:00,,,,2.0,1.0,1.0,,,,,,,,0.6363636363636364,0.6363636363636364,0.6363636363636364
P82,S2,zenodo_S2,2026-01-01 00:00:00,,,,1.0,1.0,1.0,,,,,,,,0.6818181818181818,0.6818181818181818,0.6818181818181818
P82,S3,zenodo_S3,2026-01-01 00:00:00,,,,3.0,6.0,6.0,,,,,,,,0.5454545454545454,0.5454545454545454,0.5454545454545454
P82,S1,zenodo_S1,2026-01-01 00:00:00,,,,,,,,,,299.0,0.9999999543843396,4.561566035210075e-08,,,,4.561566035210075e-08
P82,S2,zenodo_S2,2026-01-01 00:00:00,,,,,,,,,,358.0,0.9999999967224208,3.277579241324432e-09,,,,3.277579241324432e-09
P82,S3,zenodo_S3,2026-01-01 00:00:00,,,,,,,,,,757.0,0.8200052694195292,0.1799947305804708,,,,0.1799947305804708
P84,S1,zenodo_S1,2026-01-01 00:00:00,82.67,,1.7,,,,,,,,,,,,,
P84,S2,zenodo_S2,2026-01-01 00:00:00,83.31,,1.58,,,,,,,,,,,,,
P84,S3,zenodo_S3,2026-01-01 00:00:00,83.93,,1.35,,,,,,,,,,,,,
P84,S1,zenodo_S1,2026-01-01 00:00:00,82.67,,1.7,2.0,2.0,4.0,,,,,,,,0.3333333333333333,0.7045454545454546,0.5189393939393939
P84,S2,zenodo_S2,2026-01-01 00:00:00,83.31,,1.58,3.0,3.0,4.0,,,,,,,,0.3333333333333333,0.6818181818181818,0.5075757575757576
P84,S3,zenodo_S3,2026-01-01 00:00:00,83.93,,1.35,6.0,3.0,5.0,,,,,,,,0.3333333333333333,0.6136363636363636,0.4734848484848485
P84,S1,zenodo_S1,2026-01-01 00:00:00,,,,,,,,,,36.0,0.999368251304538,0.0006317486954619,,,,0.0006317486954619
P84,S2,zenodo_S2,2026-01-01 00:00:00,,,,,,,,,,65.0,0.9997871346849052,0.0002128653150946,,,,0.0002128653150946
P84,S3,zenodo_S3,2026-01-01 00:00:00,,,,,,,,,,670.0,0.9568739538808062,0.0431260461191938,,,,0.0431260461191938
P85,S3,zenodo_S3,2026-01-01 00:00:00,83.43,,1.52,,,,,,,,,,,,,
P85,S1,zenodo_S1,2026-01-01 00:00:00,79.41,,3.79,3.0,1.0,1.0,,,,,,,,0.0,0.75,0.375
P85,S2,zenodo_S2,2026-01-01 00:00:00,77.4,,4.69,5.0,5.0,3.0,,,,,,,,0.0,0.6590909090909091,0.3295454545454545
P85,S3,zenodo_S3,2026-01-01 00:00:00,,,,7.0,5.0,6.0,,,,,,,,0.0,0.5681818181818182,0.2840909090909091
P85,S1,zenodo_S1,2026-01-01 00:00:00,,,,,,,,,,295.0,0.9999986027180228,1.397281977299763e-06,,,,1.397281977299763e-06
P85,S2,zenodo_S2,2026-01-01 00:00:00,,,,,,,,,,321.0,0.999999996946283,3.053716929730406e-09,,,,3.053716929730406e-09
P85,S3,zenodo_S3,2026-01-01 00:00:00,,,,,,,,,,644.0,0.9702685131660524,0.0297314868339476,,,,0.0297314868339476
P87,S1,zenodo_S1,2026-01-01 00:00:00,,,,3.0,4.0,2.0,,,,,,,,0.7272727272727273,0.7272727272727273,0.7272727272727273
P87,S2,zenodo_S2,2026-01-01 00:00:00,,,,4.0,5.0,1.0,,,,,,,,0.7045454545454546,0.7045454545454546,0.7045454545454546
P87,S3,zenodo_S3,2026-01-01 00:00:00,,,,7.0,7.0,6.0,,,,,,,,0.5454545454545454,0.5454545454545454,0.5454545454545454
P87,S1,zenodo_S1,2026-01-01 00:00:00,68.45,,0.11,,,,,,,,,,,,,
P87,S2,zenodo_S2,2026-01-01 00:00:00,66.67,,0.1,,,,,,,,,,,,,
P87,S3,zenodo_S3,2026-01-01 00:00:00,67.45,,0.02,,,,,,,,,,,,,
P87,S1,zenodo_S1,2026-01-01 00:00:00,,,,,,,,,,283.0,0.9999820575916728,1.794240832718141e-05,,,,1.794240832718141e-05
P87,S2,zenodo_S2,2026-01-01 00:00:00,,,,,,,,,,350.0,0.9999681825417038,3.1817458296188147e-05,,,,3.1817458296188147e-05
P87,S3,zenodo_S3,2026-01-01 00:00:00,,,,,,,,,,773.0,0.9438435345605954,0.0561564654394045,,,,0.0561564654394045
P90,S1,zenodo_S1,2026-01-01 00:00:00,83.14,,0.11,4.0,3.0,3.0,,,,,,,,0.6136363636363636,0.6136363636363636,0.6136363636363636
P90,S2,zenodo_S2,2026-01-01 00:00:00,87.12,,0.12,3.0,3.0,3.0,,,,,,,,0.5454545454545454,0.5454545454545454,0.5454545454545454
P90,S3,zenodo_S3,2026-01-01 00:00:00,,,,6.0,4.0,4.0,,,,,,,,0.2272727272727272,0.2272727272727272,0.2272727272727272
P90,S3,zenodo_S3,2026-01-01 00:00:00,84.75,,0.09,,,,,,,,,,,,,
P90,S1,zenodo_S1,2026-01-01 00:00:00,,,,,,,,,,285.0,0.9999968930427894,3.106957210628128e-06,,,,3.106957210628128e-06
P90,S2,zenodo_S2,2026-01-01 00:00:00,,,,,,,,,,310.0,0.999993081712868,6.918287131982056e-06,,,,6.918287131982056e-06
P90,S3,zenodo_S3,2026-01-01 00:00:00,,,,,,,,,,589.0,0.9717417040625572,0.0282582959374428,,,,0.0282582959374428
P91,S1,zenodo_S1,2026-01-01 00:00:00,82.53,,0.07,2.0,3.0,1.0,,,,,,,,0.8636363636363636,0.8636363636363636,0.8636363636363636
P91,S2,zenodo_S2,2026-01-01 00:00:00,,,,5.0,3.0,2.0,,,,,,,,0.8181818181818182,0.8181818181818182,0.8181818181818182
P91,S3,zenodo_S3,2026-01-01 00:00:00,86.76,,0.09,6.0,5.0,4.0,,,,,,,,0.6363636363636364,0.6363636363636364,0.6363636363636364
P91,S3,zenodo_S3,2026-01-01 00:00:00,82.26,,0.01,6.0,5.0,4.0,,,,,,,,0.6363636363636364,0.6363636363636364,0.6363636363636364
P91,S1,zenodo_S1,2026-01-01 00:00:00,,,,,,,,,,308.0,0.9999976693376336,2.33066236643521e-06,,,,2.33066236643521e-06
P91,S2,zenodo_S2,2026-01-01 00:00:00,,,,,,,,,,417.0,0.9999999977791428,2.2208573109116754e-09,,,,2.2208573109116754e-09
P91,S3,zenodo_S3,2026-01-01 00:00:00,,,,,,,,,,1020.0,0.997706758201808,0.0022932417981919,,,,0.0022932417981919
P96,S1,zenodo_S1,2026-01-01 00:00:00,68.71,,0.06,3.0,2.0,1.0,,,,,,,,0.3333333333333333,0.8409090909090909,0.5871212121212122
P96,S2,zenodo_S2,2026-01-01 00:00:00,68.24,,0.08,2.0,2.0,1.0,,,,,,,,0.3333333333333333,0.6363636363636364,0.4848484848484848
P96,S3,zenodo_S3,2026-01-01 00:00:00,66.0,,0.1,6.0,6.0,5.0,,,,,,,,0.3333333333333333,0.5681818181818182,0.4507575757575758
P96,S1,zenodo_S1,2026-01-01 00:00:00,,,,,,,,,,540.0,0.9910501789859666,0.0089498210140334,,,,0.0089498210140334
P96,S2,zenodo_S2,2026-01-01 00:00:00,,,,,,,,,,36.0,0.9997936076698628,0.0002063923301371,,,,0.0002063923301371
P96,S3,zenodo_S3,2026-01-01 00:00:00,,,,,,,,,,409.0,0.9999942036646874,5.79633531257528e-06,,,,5.79633531257528e-06
P97,S1,zenodo_S1,2026-01-01 00:00:00,58.59,,0.08,1.0,1.0,1.0,,,,,,,,0.6666666666666666,0.6136363636363636,0.6401515151515151
P97,S2,zenodo_S2,2026-01-01 00:00:00,60.06,,0.13,1.0,2.0,1.0,,,,,,,,0.6666666666666666,0.6818181818181818,0.6742424242424242
P97,S3,zenodo_S3,2026-01-01 00:00:00,60.29,,0.16,5.0,3.0,4.0,,,,,,,,0.6666666666666666,0.5909090909090909,0.6287878787878788
P97,S1,zenodo_S1,2026-01-01 00:00:00,,,,,,,,,,455.0,0.9999998667086868,1.332913133433026e-07,,,,1.332913133433026e-07
P97,S2,zenodo_S2,2026-01-01 00:00:00,,,,,,,,,,57.0,0.9997871346849052,0.0002128653150946,,,,0.0002128653150946
P97,S3,zenodo_S3,2026-01-01 00:00:00,,,,,,,,,,537.0,0.9177769754949064,0.0822230245050935,,,,0.0822230245050935
P98,S1,zenodo_S1,2026-01-01 00:00:00,,,,3.0,2.0,4.0,,,,,,,,0.8409090909090909,0.8409090909090909,0.8409090909090909
P98,S2,zenodo_S2,2026-01-01 00:00:00,,,,3.0,3.0,2.0,,,,,,,,0.7272727272727273,0.7272727272727273,0.7272727272727273
P98,S3,zenodo_S3,2026-01-01 00:00:00,,,,7.0,7.0,7.0,,,,,,,,0.5681818181818182,0.5681818181818182,0.5681818181818182
P98,S1,zenodo_S1,2026-01-01 00:00:00,,,,,,,,,,271.0,0.999988015882924,1.1984117075987472e-05,,,,1.1984117075987472e-05
P98,S2,zenodo_S2,2026-01-01 00:00:00,,,,,,,,,,274.0,0.9999999977791428,2.2208573109116754e-09,,,,2.2208573109116754e-09
P98,S3,zenodo_S3,2026-01-01 00:00:00,,,,,,,,,,767.0,,,,,,
T08,S1,zenodo_S1,2026-01-01 00:00:00,,,,5.0,6.0,5.0,,,,,,,,0.3863636363636363,0.3863636363636363,0.3863636363636363
T08,S2,zenodo_S2,2026-01-01 00:00:00,,,,5.0,6.0,6.0,,,,,,,,0.4545454545454545,0.4545454545454545,0.4545454545454545
T08,S3,zenodo_S3,2026-01-01 00:00:00,,,,6.0,5.0,4.0,,,,,,,,0.6363636363636364,0.6363636363636364,0.6363636363636364
T09,S1,zenodo_S1,2026-01-01 00:00:00,,,,6.0,6.0,1.0,,,,,,,,0.6136363636363636,0.6136363636363636,0.6136363636363636
T09,S2,zenodo_S2,2026-01-01 00:00:00,,,,7.0,4.0,1.0,,,,,,,,0.5909090909090909,0.5909090909090909,0.5909090909090909
T09,S3,zenodo_S3,2026-01-01 00:00:00,,,,7.0,6.0,1.0,,,,,,,,0.75,0.75,0.75
T10,S1,zenodo_S1,2026-01-01 00:00:00,,,,4.0,3.0,3.0,,,,,,,,0.6818181818181818,0.6818181818181818,0.6818181818181818
T10,S2,zenodo_S2,2026-01-01 00:00:00,,,,5.0,5.0,5.0,,,,,,,,0.7045454545454546,0.7045454545454546,0.7045454545454546
T10,S3,zenodo_S3,2026-01-01 00:00:00,,,,6.0,5.0,5.0,,,,,,,,0.8181818181818182,0.8181818181818182,0.8181818181818182
T16,S1,zenodo_S1,2026-01-01 00:00:00,,,,3.0,1.0,1.0,,,,,,,,0.5909090909090909,0.5909090909090909,0.5909090909090909
T16,S2,zenodo_S2,2026-01-01 00:00:00,,,,2.0,4.0,2.0,,,,,,,,0.5909090909090909,0.5909090909090909,0.5909090909090909
T16,S3,zenodo_S3,2026-01-01 00:00:00,,,,7.0,6.0,4.0,,,,,,,,0.4772727272727273,0.4772727272727273,0.4772727272727273
T21,S1,zenodo_S1,2026-01-01 00:00:00,,,,5.0,4.0,5.0,,,,,,,,0.6136363636363636,0.6136363636363636,0.6136363636363636
T21,S2,zenodo_S2,2026-01-01 00:00:00,,,,5.0,4.0,5.0,,,,,,,,0.75,0.75,0.75
T21,S3,zenodo_S3,2026-01-01 00:00:00,,,,7.0,6.0,7.0,,,,,,,,0.7727272727272727,0.7727272727272727,0.7727272727272727
T22,S1,zenodo_S1,2026-01-01 00:00:00,,,,1.0,4.0,1.0,,,,,,,,0.8409090909090909,0.8409090909090909,0.8409090909090909
T22,S2,zenodo_S2,2026-01-01 00:00:00,,,,2.0,2.0,1.0,,,,,,,,0.6590909090909091,0.6590909090909091,0.6590909090909091
T22,S3,zenodo_S3,2026-01-01 00:00:00,,,,1.0,6.0,3.0,,,,,,,,0.5227272727272727,0.5227272727272727,0.5227272727272727
T26,S1,zenodo_S1,2026-01-01 00:00:00,,,,6.0,6.0,6.0,,,,,,,,0.6818181818181818,0.6818181818181818,0.6818181818181818
T26,S2,zenodo_S2,2026-01-01 00:00:00,,,,7.0,6.0,7.0,,,,,,,,0.5,0.5,0.5
T26,S3,zenodo_S3,2026-01-01 00:00:00,,,,7.0,7.0,5.0,,,,,,,,0.7272727272727273,0.7272727272727273,0.7272727272727273
T29,S1,zenodo_S1,2026-01-01 00:00:00,,,,6.0,4.0,6.0,,,,,,,,0.4318181818181818,0.4318181818181818,0.4318181818181818
T29,S2,zenodo_S2,2026-01-01 00:00:00,,,,6.0,6.0,7.0,,,,,,,,0.4318181818181818,0.4318181818181818,0.4318181818181818
T29,S3,zenodo_S3,2026-01-01 00:00:00,,,,7.0,6.0,7.0,,,,,,,,0.3409090909090909,0.3409090909090909,0.3409090909090909
T30,S1,zenodo_S1,2026-01-01 00:00:00,,,,3.0,3.0,6.0,,,,,,,,0.6136363636363636,0.6136363636363636,0.6136363636363636
T30,S2,zenodo_S2,2026-01-01 00:00:00,,,,4.0,4.0,4.0,,,,,,,,0.5909090909090909,0.5909090909090909,0.5909090909090909
T30,S3,zenodo_S3,2026-01-01 00:00:00,,,,4.0,5.0,7.0,,,,,,,,0.6818181818181818,0.6818181818181818,0.6818181818181818
T33,S1,zenodo_S1,2026-01-01 00:00:00,,,,7.0,7.0,7.0,,,,,,,,0.1818181818181818,0.1818181818181818,0.1818181818181818
T33,S2,zenodo_S2,2026-01-01 00:00:00,,,,7.0,7.0,7.0,,,,,,,,0.1363636363636363,0.1363636363636363,0.1363636363636363
T33,S3,zenodo_S3,2026-01-01 00:00:00,,,,7.0,7.0,7.0,,,,,,,,0.0,0.0,0.0
robot_2,outdoor,robot_anomaly_outdoor,2026-04-25 13:24:52.041000+00:00,,,,,,,26.2922,42.4096,0.4854,,1.0,0.0,,,,0.6641360627631313
robot_2,hospital,robot_anomaly_hospital,2026-05-02 07:01:59.481000+00:00,,,,,,,27.0834,56.8573,0.02,,1.0,0.0,,,,0.6100965922083657
robot_1,warehouse,robot_anomaly_warehouse,2026-04-18 09:05:32.798000+00:00,,,,,,,40.0497,49.9816,0.1276,,0.0,1.0,,,,0.8894458629077887
robot_1,lab,robot_anomaly_lab,2026-05-02 09:02:18.174000+00:00,,,,,,,36.0851,59.9234,0.03,,0.0,1.0,,,,0.8690299105198465
robot_3,warehouse,robot_anomaly_warehouse,2026-04-13 15:32:02.581000+00:00,,,,,,,36.1184,46.1057,0.0517999999999999,,0.0,1.0,,,,0.9140170905119952
robot_2,outdoor,robot_anomaly_outdoor,2026-04-23 05:56:13.041000+00:00,,,,,,,34.0031,43.6136,0.0279,,0.0,1.0,,,,0.9200158824812068
robot_1,outdoor,robot_anomaly_outdoor,2026-04-20 00:03:15.991000+00:00,,,,,,,24.7596,45.1747,0.0666999999999999,,0.0,1.0,,,,0.8759189844585971
robot_1,outdoor,robot_anomaly_outdoor,2026-04-15 01:10:31.304000+00:00,,,,,,,28.8164,44.9084,0.0544,,0.0,1.0,,,,0.9263816365657356
robot_3,warehouse,robot_anomaly_warehouse,2026-04-21 18:58:36.830000+00:00,,,,,,,34.5467,52.3413,0.0171999999999999,,1.0,0.0,,,,0.5983034382509554
robot_1,hospital,robot_anomaly_hospital,2026-04-17 17:24:07.787000+00:00,,,,,,,35.3921,42.7082,0.06,,0.0,1.0,,,,0.9698673974225404
robot_3,warehouse,robot_anomaly_warehouse,2026-05-08 13:55:42.817000+00:00,,,,,,,48.9262,44.0677,0.0715,,0.0,1.0,,,,0.9539127158065778
robot_1,lab,robot_anomaly_lab,2026-04-24 17:54:45.016000+00:00,,,,,,,268.3253,2.2554,0.0157,,1.0,0.0,,,,0.585291376619919
robot_3,hospital,robot_anomaly_hospital,2026-04-22 10:40:12.885000+00:00,,,,,,,46.9143,60.3755,0.0738999999999999,,0.0,1.0,,,,0.8564863558017908
robot_5,outdoor,robot_anomaly_outdoor,2026-05-08 20:52:10.980000+00:00,,,,,,,26.8516,53.7969,0.0343999999999999,,0.0,1.0,,,,0.9451923115617892
robot_3,lab,robot_anomaly_lab,2026-04-26 14:21:05.943000+00:00,,,,,,,30.5415,53.5772,0.0554,,0.0,1.0,,,,0.9264813413375016
robot_1,warehouse,robot_anomaly_warehouse,2026-05-06 01:07:02.273000+00:00,,,,,,,261.8001,7.7542,0.023,,1.0,0.0,,,,0.6443547820232238
robot_2,lab,robot_anomaly_lab,2026-04-22 15:01:11.813000+00:00,,,,,,,49.0974,44.2711,0.0462,,0.0,1.0,,,,0.9508781903285298
robot_5,outdoor,robot_anomaly_outdoor,2026-05-01 07:35:34.598000+00:00,,,,,,,35.5948,61.5347,0.0473,,0.0,1.0,,,,0.8903837771986265
robot_5,lab,robot_anomaly_lab,2026-05-06 22:06:46.671000+00:00,,,,,,,25.662,40.0542,0.0998,,0.0,1.0,,,,0.8765585341290343
robot_1,outdoor,robot_anomaly_outdoor,2026-04-12 21:08:05.511000+00:00,,,,,,,29.1436,48.9026,0.052,,0.0,1.0,,,,0.9578016376844574
robot_5,hospital,robot_anomaly_hospital,2026-04-24 08:27:24.888000+00:00,,,,,,,40.556,41.6115,0.0352,,1.0,0.0,,,,0.5890870105203949
robot_1,hospital,robot_anomaly_hospital,2026-05-08 09:33:16.016000+00:00,,,,,,,20.6515,49.6558,0.0622,,0.0,1.0,,,,0.966576787039828
robot_1,outdoor,robot_anomaly_outdoor,2026-04-11 13:12:53.499000+00:00,,,,,,,23.5785,55.2896,0.0229,,0.0,1.0,,,,0.9192273458309228
robot_4,warehouse,robot_anomaly_warehouse,2026-05-04 13:43:43.091000+00:00,,,,,,,46.1222,48.5006,0.0938999999999999,,0.0,1.0,,,,0.8727110567935163
robot_3,lab,robot_anomaly_lab,2026-04-22 09:05:46.530000+00:00,,,,,,,35.4645,50.7689,0.0739999999999999,,0.0,1.0,,,,0.9284429276133634
robot_3,warehouse,robot_anomaly_warehouse,2026-05-04 17:13:01.632000+00:00,,,,,,,34.3047,43.9446,0.0279,,0.0,1.0,,,,0.9662373916660348
robot_5,hospital,robot_anomaly_hospital,2026-04-24 06:46:22.831000+00:00,,,,,,,35.5231,61.9121,0.0709999999999999,,0.0,1.0,,,,0.8354142731881506
robot_2,outdoor,robot_anomaly_outdoor,2026-04-18 07:10:48.976000+00:00,,,,,,,39.7022,37.8849,0.01,,0.0,1.0,,,,0.9125291265525504
robot_3,hospital,robot_anomaly_hospital,2026-05-10 10:22:34.501000+00:00,,,,,,,47.4363,55.8359,0.041,,0.0,1.0,,,,0.8843563571506945
robot_4,hospital,robot_anomaly_hospital,2026-05-06 09:07:42.346000+00:00,,,,,,,35.0045,44.4088,0.0626999999999999,,0.0,1.0,,,,0.9372366753520984
robot_5,warehouse,robot_anomaly_warehouse,2026-05-01 08:09:27.552000+00:00,,,,,,,41.0825,45.0112,0.0615999999999999,,0.0,1.0,,,,0.8974979991671612
robot_5,warehouse,robot_anomaly_warehouse,2026-04-29 02:24:22.893000+00:00,,,,,,,42.267,47.853,0.0524,,1.0,0.0,,,,0.5883084502153229
robot_4,hospital,robot_anomaly_hospital,2026-05-10 06:39:25.836000+00:00,,,,,,,50.8377,57.3638,0.0857999999999999,,0.0,1.0,,,,0.961320041189364
robot_4,lab,robot_anomaly_lab,2026-04-24 18:57:52.090000+00:00,,,,,,,32.2483,56.7324,0.0372,,1.0,0.0,,,,0.6010771188948292
robot_5,warehouse,robot_anomaly_warehouse,2026-05-06 23:49:14.254000+00:00,,,,,,,37.5978,50.3433,0.0376999999999999,,0.0,1.0,,,,0.944957212606832
robot_3,warehouse,robot_anomaly_warehouse,2026-04-24 16:42:47.915000+00:00,,,,,,,38.9032,31.3815,0.0634,,0.0,1.0,,,,0.9558500686150804
robot_5,hospital,robot_anomaly_hospital,2026-05-04 22:20:21.436000+00:00,,,,,,,149.5676,4.8985,0.0571,,1.0,0.0,,,,0.6640011598642439
robot_2,hospital,robot_anomaly_hospital,2026-05-09 01:23:24.646000+00:00,,,,,,,34.6437,51.7423,0.0387999999999999,,0.0,1.0,,,,0.9543224837884902
robot_1,lab,robot_anomaly_lab,2026-04-16 20:38:54.736000+00:00,,,,,,,29.194,54.2623,0.0355999999999999,,0.0,1.0,,,,0.9460158845576678
robot_1,hospital,robot_anomaly_hospital,2026-04-14 07:53:01.430000+00:00,,,,,,,32.6189,52.6073,0.0338,,1.0,0.0,,,,0.5934235792846431
robot_1,outdoor,robot_anomaly_outdoor,2026-04-23 10:39:07.373000+00:00,,,,,,,25.6363,44.5432,0.0542,,0.0,1.0,,,,0.8848787328696522
robot_1,warehouse,robot_anomaly_warehouse,2026-05-02 05:49:43.752000+00:00,,,,,,,27.1423,63.4186,0.0453,,1.0,0.0,,,,0.6696935562254696
robot_2,warehouse,robot_anomaly_warehouse,2026-04-20 19:11:26.932000+00:00,,,,,,,23.3575,44.0744,0.0814,,0.0,1.0,,,,0.8893771663386927
robot_4,lab,robot_anomaly_lab,2026-05-04 06:07:24.737000+00:00,,,,,,,25.804,61.7867,0.0508999999999999,,0.0,1.0,,,,0.9368162884246124
robot_2,hospital,robot_anomaly_hospital,2026-04-29 14:14:43.951000+00:00,,,,,,,46.3725,44.6189,0.0383999999999999,,0.0,1.0,,,,0.8162471754585999
robot_4,warehouse,robot_anomaly_warehouse,2026-05-08 07:21:04.479000+00:00,,,,,,,30.2336,30.0,0.0682,,0.0,1.0,,,,0.9166759354415278
robot_5,hospital,robot_anomaly_hospital,2026-04-13 03:10:53.865000+00:00,,,,,,,18.9196,59.0988,0.0768999999999999,,0.0,1.0,,,,0.9250953000795276
robot_3,outdoor,robot_anomaly_outdoor,2026-04-10 21:31:43.281000+00:00,,,,,,,36.7632,53.108,0.0523,,0.0,1.0,,,,0.8961595910265391
robot_5,lab,robot_anomaly_lab,2026-04-10 23:18:39.638000+00:00,,,,,,,35.9563,47.5594,0.1266,,0.0,1.0,,,,0.8892388733992537
robot_5,warehouse,robot_anomaly_warehouse,2026-04-18 16:43:50.997000+00:00,,,,,,,30.43,46.8989,9.9999999999989e-05,,0.0,1.0,,,,0.8878648480827973
robot_1,lab,robot_anomaly_lab,2026-04-22 07:17:45.756000+00:00,,,,,,,42.1099,38.5382,0.0618999999999999,,0.0,1.0,,,,0.9155817172294854
robot_5,warehouse,robot_anomaly_warehouse,2026-05-05 19:51:51.460000+00:00,,,,,,,45.4825,51.8356,0.0484,,0.0,1.0,,,,0.8664902722175631
robot_4,lab,robot_anomaly_lab,2026-04-12 18:42:08.370000+00:00,,,,,,,34.6029,49.6182,0.0322999999999999,,0.0,1.0,,,,0.914299029116437
robot_5,hospital,robot_anomaly_hospital,2026-05-04 07:19:10.227000+00:00,,,,,,,30.3643,30.0,0.0261,,0.0,1.0,,,,0.9505687725303444
robot_3,hospital,robot_anomaly_hospital,2026-04-20 06:09:14.712000+00:00,,,,,,,34.1009,42.2386,0.0616999999999999,,0.0,1.0,,,,0.8827373349717575
robot_4,lab,robot_anomaly_lab,2026-04-13 13:20:11.796000+00:00,,,,,,,18.4398,62.5057,0.0724,,0.0,1.0,,,,0.954662564835389
robot_4,outdoor,robot_anomaly_outdoor,2026-05-04 22:04:55.077000+00:00,,,,,,,33.3409,46.5247,0.0926,,0.0,1.0,,,,0.8691189989074118
robot_3,outdoor,robot_anomaly_outdoor,2026-04-24 05:55:28.124000+00:00,,,,,,,28.8281,57.8913,0.0351,,1.0,0.0,,,,0.6450006108623045
robot_4,outdoor,robot_anomaly_outdoor,2026-04-21 11:13:16.840000+00:00,,,,,,,10.0188,53.9185,0.0451,,0.0,1.0,,,,0.8675494171084261
robot_5,hospital,robot_anomaly_hospital,2026-05-06 03:04:04.279000+00:00,,,,,,,37.3196,56.1596,0.0577999999999999,,0.0,1.0,,,,0.8770846862313817
robot_1,hospital,robot_anomaly_hospital,2026-04-23 12:08:38.364000+00:00,,,,,,,20.0926,51.895,0.0746999999999999,,0.0,1.0,,,,0.875809844201159
robot_4,warehouse,robot_anomaly_warehouse,2026-04-18 01:30:05.917000+00:00,,,,,,,29.1826,44.9495,0.0251,,0.0,1.0,,,,0.8407527940591629
robot_3,lab,robot_anomaly_lab,2026-04-24 21:48:06.325000+00:00,,,,,,,44.3605,45.8541,0.0737999999999999,,0.0,1.0,,,,0.8743552857821925
robot_5,lab,robot_anomaly_lab,2026-04-22 16:29:19.910000+00:00,,,,,,,24.1256,42.0193,0.0133999999999999,,0.0,1.0,,,,0.9408529013691024
robot_2,lab,robot_anomaly_lab,2026-04-30 15:34:29.997000+00:00,,,,,,,34.5563,44.4707,0.0502,,0.0,1.0,,,,0.8854623655305822
robot_5,outdoor,robot_anomaly_outdoor,2026-04-27 02:47:56.758000+00:00,,,,,,,39.329,36.5546,0.0565999999999999,,0.0,1.0,,,,0.8648432996630708
robot_2,lab,robot_anomaly_lab,2026-04-15 03:25:39.286000+00:00,,,,,,,37.9476,36.5832,0.0603,,0.0,1.0,,,,0.8470104218007604
robot_5,hospital,robot_anomaly_hospital,2026-04-11 04:13:20.328000+00:00,,,,,,,14.583,33.3776,0.0425999999999999,,0.0,1.0,,,,0.889365850014584
robot_1,outdoor,robot_anomaly_outdoor,2026-05-06 09:57:25.826000+00:00,,,,,,,43.5996,42.5327,0.0474,,0.0,1.0,,,,0.8710636681270169
robot_3,lab,robot_anomaly_lab,2026-05-07 05:26:06.166000+00:00,,,,,,,19.8939,65.309,0.044,,1.0,0.0,,,,0.7489819926210819
robot_1,outdoor,robot_anomaly_outdoor,2026-05-08 03:37:27.558000+00:00,,,,,,,53.1377,42.5566,0.0769999999999999,,0.0,1.0,,,,0.8791202950643873
robot_1,outdoor,robot_anomaly_outdoor,2026-04-30 12:41:23.625000+00:00,,,,,,,34.9645,50.7893,0.03,,0.0,1.0,,,,0.8860619278129512
robot_2,warehouse,robot_anomaly_warehouse,2026-04-29 02:42:48.184000+00:00,,,,,,,45.4958,46.1472,0.0776999999999999,,0.0,1.0,,,,0.908871114610351
robot_5,lab,robot_anomaly_lab,2026-04-30 11:32:54.168000+00:00,,,,,,,32.6156,64.9773,0.0163999999999999,,0.0,1.0,,,,0.9557770236618848
robot_4,lab,robot_anomaly_lab,2026-05-08 13:01:18.380000+00:00,,,,,,,30.9962,45.1955,0.0646999999999999,,0.0,1.0,,,,0.8921703168592083
robot_3,warehouse,robot_anomaly_warehouse,2026-05-08 14:14:09.579000+00:00,,,,,,,22.4155,62.495,0.0910999999999999,,0.0,1.0,,,,0.9190990366587144
robot_2,hospital,robot_anomaly_hospital,2026-05-04 11:11:21.282000+00:00,,,,,,,47.0513,54.9079,0.0727999999999999,,1.0,0.0,,,,0.6710521381843472
robot_3,hospital,robot_anomaly_hospital,2026-05-10 04:47:38.667000+00:00,,,,,,,48.1837,52.8477,0.0122999999999999,,0.0,1.0,,,,0.8706945654710567
robot_2,outdoor,robot_anomaly_outdoor,2026-04-19 10:59:11.602000+00:00,,,,,,,46.7655,43.5334,0.0365999999999999,,0.0,1.0,,,,0.8999835242491342
robot_2,lab,robot_anomaly_lab,2026-05-06 18:12:29.329000+00:00,,,,,,,46.8921,35.011,0.0750999999999999,,0.0,1.0,,,,0.9564501616801098
robot_2,hospital,robot_anomaly_hospital,2026-04-26 15:32:36.455000+00:00,,,,,,,38.8358,45.5982,0.0483,,0.0,1.0,,,,0.91716572208593
robot_3,outdoor,robot_anomaly_outdoor,2026-04-15 05:24:54.809000+00:00,,,,,,,23.1231,43.3729,0.06,,0.0,1.0,,,,0.9507094610695052
robot_3,outdoor,robot_anomaly_outdoor,2026-05-07 18:43:20.091000+00:00,,,,,,,27.0344,57.1918,0.041,,0.0,1.0,,,,0.9469391572889264
robot_5,warehouse,robot_anomaly_warehouse,2026-05-04 00:07:31.955000+00:00,,,,,,,52.8289,62.9547,0.0366999999999999,,0.0,1.0,,,,0.9663089056360168
robot_3,hospital,robot_anomaly_hospital,2026-05-02 01:05:41.104000+00:00,,,,,,,120.0,3.7671,0.0729999999999999,,1.0,0.0,,,,0.6863411542918113
robot_4,warehouse,robot_anomaly_warehouse,2026-05-06 14:14:07.411000+00:00,,,,,,,20.1248,46.9009,0.0644,,0.0,1.0,,,,0.932224636041322
robot_5,hospital,robot_anomaly_hospital,2026-04-27 01:18:24.816000+00:00,,,,,,,40.3421,58.8058,0.0998,,0.0,1.0,,,,0.8543213662040194
robot_2,warehouse,robot_anomaly_warehouse,2026-04-15 17:57:10.205000+00:00,,,,,,,39.3104,55.0137,0.0591,,0.0,1.0,,,,0.8678942849411213
robot_3,outdoor,robot_anomaly_outdoor,2026-05-07 20:32:51.469000+00:00,,,,,,,55.5778,59.5317,0.0626999999999999,,0.0,1.0,,,,0.9649514749682726
robot_5,hospital,robot_anomaly_hospital,2026-04-17 07:29:38.283000+00:00,,,,,,,47.6233,49.1308,0.0326999999999999,,0.0,1.0,,,,0.8949922384413981
robot_1,warehouse,robot_anomaly_warehouse,2026-04-15 09:07:09.253000+00:00,,,,,,,29.2922,55.951,0.0804,,0.0,1.0,,,,0.9499040043731232
robot_4,lab,robot_anomaly_lab,2026-04-18 08:08:26.492000+00:00,,,,,,,56.4046,56.1107,0.3791,,1.0,0.0,,,,0.6135010830988215
robot_4,lab,robot_anomaly_lab,2026-04-21 03:13:44.305000+00:00,,,,,,,20.6367,51.2802,0.0413,,0.0,1.0,,,,0.905617666094658
robot_2,hospital,robot_anomaly_hospital,2026-05-02 09:21:35.198000+00:00,,,,,,,48.9771,43.7006,0.0,,0.0,1.0,,,,0.9307809277676232
robot_1,outdoor,robot_anomaly_outdoor,2026-04-18 04:35:24.371000+00:00,,,,,,,51.6597,49.349,0.047,,0.0,1.0,,,,0.9373657920072498
robot_1,warehouse,robot_anomaly_warehouse,2026-04-21 21:55:57.948000+00:00,,,,,,,12.8586,67.9862,0.0582,,0.0,1.0,,,,0.9330916552144932
robot_1,hospital,robot_anomaly_hospital,2026-04-24 05:45:58.545000+00:00,,,,,,,28.7793,49.7496,0.0224999999999999,,0.0,1.0,,,,0.9189845951273076
robot_4,lab,robot_anomaly_lab,2026-05-07 00:42:14.096000+00:00,,,,,,,20.2029,67.648,0.0582,,0.0,1.0,,,,0.9265582894294158
robot_1,hospital,robot_anomaly_hospital,2026-04-21 23:30:59.671000+00:00,,,,,,,45.5177,33.3382,0.0427999999999999,,0.0,1.0,,,,0.9365562771391662
robot_4,outdoor,robot_anomaly_outdoor,2026-04-11 21:53:48.785000+00:00,,,,,,,42.9908,49.6824,0.0314999999999999,,0.0,1.0,,,,0.8876422434781596
robot_1,hospital,robot_anomaly_hospital,2026-04-25 14:19:23.959000+00:00,,,,,,,35.0926,46.1301,0.0920999999999999,,0.0,1.0,,,,0.9192208776279566
robot_1,warehouse,robot_anomaly_warehouse,2026-04-23 03:28:26.253000+00:00,,,,,,,39.3891,52.1753,0.0449,,0.0,1.0,,,,0.8585899631054186
robot_2,lab,robot_anomaly_lab,2026-04-30 11:12:14.809000+00:00,,,,,,,27.4668,30.0,0.0332999999999999,,0.0,1.0,,,,0.9816682516449602
robot_2,outdoor,robot_anomaly_outdoor,2026-05-07 22:22:21.892000+00:00,,,,,,,36.5858,67.7018,0.3697,,1.0,0.0,,,,0.7039324978305481
robot_4,lab,robot_anomaly_lab,2026-04-23 16:42:22.835000+00:00,,,,,,,45.196,52.3416,0.0749999999999999,,0.0,1.0,,,,0.9372003967443951
robot_5,outdoor,robot_anomaly_outdoor,2026-04-11 22:29:47.688000+00:00,,,,,,,42.3879,51.0021,0.0497999999999999,,1.0,0.0,,,,0.6596230966616696
robot_3,warehouse,robot_anomaly_warehouse,2026-04-15 14:05:44.293000+00:00,,,,,,,46.4362,44.335,0.0558999999999999,,0.0,1.0,,,,0.9089398588068516
robot_1,warehouse,robot_anomaly_warehouse,2026-04-30 19:46:18.606000+00:00,,,,,,,50.3681,48.3414,0.0514999999999999,,0.0,1.0,,,,0.9364005819884014
robot_2,outdoor,robot_anomaly_outdoor,2026-04-16 06:53:05.849000+00:00,,,,,,,34.113,42.5127,0.0854,,0.0,1.0,,,,0.9094767657006066
robot_3,lab,robot_anomaly_lab,2026-04-21 14:55:29.026000+00:00,,,,,,,30.654,39.4353,0.0776999999999999,,0.0,1.0,,,,0.9062210218487012
robot_4,hospital,robot_anomaly_hospital,2026-04-12 18:10:27.296000+00:00,,,,,,,35.0005,43.7435,0.0228,,0.0,1.0,,,,0.8731409813847353
robot_1,warehouse,robot_anomaly_warehouse,2026-04-13 10:41:45.572000+00:00,,,,,,,45.1643,58.8448,0.054,,0.0,1.0,,,,0.9460193754755972
robot_5,outdoor,robot_anomaly_outdoor,2026-05-07 18:51:05.719000+00:00,,,,,,,44.1084,43.763,0.0271,,0.0,1.0,,,,0.9022167448200096
robot_3,outdoor,robot_anomaly_outdoor,2026-04-27 16:40:34.080000+00:00,,,,,,,22.1442,54.4468,0.1018,,0.0,1.0,,,,0.9259767475202568
robot_1,lab,robot_anomaly_lab,2026-04-27 03:34:15.720000+00:00,,,,,,,30.4043,50.9577,0.0361,,0.0,1.0,,,,0.8905072273457154
robot_2,hospital,robot_anomaly_hospital,2026-05-02 04:47:16.681000+00:00,,,,,,,44.9295,43.864,0.0567999999999999,,0.0,1.0,,,,0.9116672129801346
robot_1,warehouse,robot_anomaly_warehouse,2026-04-11 17:23:40.220000+00:00,,,,,,,33.6548,54.4574,0.0456999999999999,,0.0,1.0,,,,0.8808337775204494
robot_2,lab,robot_anomaly_lab,2026-05-02 02:43:57.781000+00:00,,,,,,,42.75,57.6043,0.0363999999999999,,0.0,1.0,,,,0.9726988384312552
robot_1,lab,robot_anomaly_lab,2026-05-03 18:39:50.678000+00:00,,,,,,,17.5623,53.5953,0.0456999999999999,,0.0,1.0,,,,0.9261515126535024
robot_3,hospital,robot_anomaly_hospital,2026-04-30 08:12:48.233000+00:00,,,,,,,30.6885,58.817,0.0798999999999999,,0.0,1.0,,,,0.9381966190379444
robot_1,lab,robot_anomaly_lab,2026-04-22 13:12:51.448000+00:00,,,,,,,43.7304,45.6717,0.4746,,1.0,0.0,,,,0.6495956997593602
robot_3,lab,robot_anomaly_lab,2026-05-01 03:47:22.734000+00:00,,,,,,,35.3704,44.7327,0.0643,,0.0,1.0,,,,0.9207535136278232
robot_2,warehouse,robot_anomaly_warehouse,2026-04-12 12:45:07.204000+00:00,,,,,,,37.5688,47.5029,0.0597999999999999,,0.0,1.0,,,,0.9032778333687588
robot_4,lab,robot_anomaly_lab,2026-05-06 12:37:59.235000+00:00,,,,,,,49.0449,49.9678,9.9999999999989e-05,,0.0,1.0,,,,0.9006183336941301
robot_4,lab,robot_anomaly_lab,2026-04-11 12:28:39.288000+00:00,,,,,,,24.588,52.1902,0.0033999999999999,,0.0,1.0,,,,0.901341198470558
robot_2,outdoor,robot_anomaly_outdoor,2026-04-14 18:02:29.981000+00:00,,,,,,,18.7408,43.6878,0.0850999999999999,,0.0,1.0,,,,0.8887452390833535
robot_1,warehouse,robot_anomaly_warehouse,2026-04-20 00:07:15.036000+00:00,,,,,,,26.8872,54.7759,0.0551,,1.0,0.0,,,,0.7008408580468675
robot_3,lab,robot_anomaly_lab,2026-05-02 05:43:07.207000+00:00,,,,,,,28.3701,53.9215,0.0066,,0.0,1.0,,,,0.9455281470337628
robot_2,lab,robot_anomaly_lab,2026-05-01 20:18:35.758000+00:00,,,,,,,28.8265,44.1184,0.0976,,0.0,1.0,,,,0.9156676828814632
robot_3,lab,robot_anomaly_lab,2026-05-05 06:30:36.249000+00:00,,,,,,,27.6713,52.0816,0.0227,,0.0,1.0,,,,0.9126254457285666
robot_4,warehouse,robot_anomaly_warehouse,2026-04-19 22:38:09.280000+00:00,,,,,,,44.0977,52.8596,0.0434999999999999,,0.0,1.0,,,,0.9163302686415452
robot_4,hospital,robot_anomaly_hospital,2026-05-09 08:28:19.694000+00:00,,,,,,,43.8801,65.6192,0.0535999999999999,,0.0,1.0,,,,0.9129442464119342
robot_2,lab,robot_anomaly_lab,2026-05-03 17:52:04.454000+00:00,,,,,,,32.2716,36.5445,0.0676,,0.0,1.0,,,,0.9263314173027308
robot_4,lab,robot_anomaly_lab,2026-05-05 13:48:42.968000+00:00,,,,,,,36.8125,52.7018,0.7809,,1.0,0.0,,,,0.610719031361808
robot_2,warehouse,robot_anomaly_warehouse,2026-04-17 23:56:05.944000+00:00,,,,,,,33.0512,48.3134,0.0336999999999999,,1.0,0.0,,,,0.6089489582733798
robot_5,warehouse,robot_anomaly_warehouse,2026-04-17 05:07:36.141000+00:00,,,,,,,67.2648,48.1891,0.0487999999999999,,0.0,1.0,,,,0.9404021505643098
robot_3,outdoor,robot_anomaly_outdoor,2026-04-28 19:58:36.386000+00:00,,,,,,,223.8199,9.4061,0.0713,,1.0,0.0,,,,0.6405889616709473
robot_4,warehouse,robot_anomaly_warehouse,2026-04-25 16:49:04.751000+00:00,,,,,,,44.9198,67.1906,0.017,,0.0,1.0,,,,0.9576471290578557
robot_1,outdoor,robot_anomaly_outdoor,2026-05-10 16:00:38.533000+00:00,,,,,,,24.844,52.1046,0.0512,,0.0,1.0,,,,0.8357341360589838
robot_2,hospital,robot_anomaly_hospital,2026-05-01 10:09:41.709000+00:00,,,,,,,24.0336,42.3339,0.0017,,0.0,1.0,,,,0.8900525755393914
robot_1,lab,robot_anomaly_lab,2026-05-07 07:55:20.741000+00:00,,,,,,,39.8278,41.7185,0.0,,0.0,1.0,,,,0.8422657651644719
robot_4,lab,robot_anomaly_lab,2026-04-12 11:40:50.515000+00:00,,,,,,,30.573,53.916,0.0880999999999999,,0.0,1.0,,,,0.9134240853609426
robot_3,hospital,robot_anomaly_hospital,2026-04-21 07:42:23.462000+00:00,,,,,,,45.6594,30.0,0.0345999999999999,,0.0,1.0,,,,0.8486176774797423
robot_2,warehouse,robot_anomaly_warehouse,2026-04-13 15:15:29.527000+00:00,,,,,,,327.6696,9.9361,0.0666999999999999,,1.0,0.0,,,,0.6343097412097851
robot_1,outdoor,robot_anomaly_outdoor,2026-05-03 09:49:39.539000+00:00,,,,,,,50.0188,48.4996,0.0356999999999999,,0.0,1.0,,,,0.8962154321692626
robot_2,warehouse,robot_anomaly_warehouse,2026-04-19 08:23:57.955000+00:00,,,,,,,48.4829,55.2929,0.032,,0.0,1.0,,,,0.9095437089547052
robot_2,hospital,robot_anomaly_hospital,2026-05-04 07:06:28.995000+00:00,,,,,,,24.5653,55.2663,0.0217,,0.0,1.0,,,,0.9812665065769656
robot_1,outdoor,robot_anomaly_outdoor,2026-05-06 23:29:56.591000+00:00,,,,,,,48.1056,30.0,0.0708999999999999,,0.0,1.0,,,,0.9192476987215088
robot_3,outdoor,robot_anomaly_outdoor,2026-04-29 05:35:48.445000+00:00,,,,,,,20.7093,38.0814,0.0089,,0.0,1.0,,,,0.946791094286374
robot_1,lab,robot_anomaly_lab,2026-05-03 02:38:55.744000+00:00,,,,,,,35.9947,50.3237,0.0723,,0.0,1.0,,,,0.8690291790440308
robot_2,outdoor,robot_anomaly_outdoor,2026-05-04 04:19:39.450000+00:00,,,,,,,45.0235,57.0889,0.0449,,0.0,1.0,,,,0.9654119185954624
robot_1,outdoor,robot_anomaly_outdoor,2026-04-10 22:42:33.381000+00:00,,,,,,,45.8428,60.0599,0.05,,0.0,1.0,,,,0.9482515386536372
robot_3,hospital,robot_anomaly_hospital,2026-05-02 19:02:51.983000+00:00,,,,,,,35.0382,48.2438,0.0981999999999999,,0.0,1.0,,,,0.9376674086439676
robot_4,warehouse,robot_anomaly_warehouse,2026-04-26 21:05:34.628000+00:00,,,,,,,35.0607,41.3026,0.0222999999999999,,0.0,1.0,,,,0.9296262953845053
robot_1,warehouse,robot_anomaly_warehouse,2026-04-13 09:44:19.131000+00:00,,,,,,,14.5435,51.3878,0.006,,0.0,1.0,,,,0.9164417836478812
robot_4,hospital,robot_anomaly_hospital,2026-04-10 18:56:59.980000+00:00,,,,,,,40.0486,42.4306,0.0417999999999999,,1.0,0.0,,,,0.6653422044996155
robot_3,warehouse,robot_anomaly_warehouse,2026-04-11 18:15:36.355000+00:00,,,,,,,36.5959,49.8686,0.0683,,0.0,1.0,,,,0.9088293818238392
robot_1,warehouse,robot_anomaly_warehouse,2026-04-19 12:24:45.886000+00:00,,,,,,,21.6095,45.5168,0.0464999999999999,,0.0,1.0,,,,0.9025821306762256
robot_1,lab,robot_anomaly_lab,2026-04-18 02:52:08.124000+00:00,,,,,,,39.2918,38.3218,0.0565999999999999,,0.0,1.0,,,,0.937430145400612
robot_5,hospital,robot_anomaly_hospital,2026-04-14 16:11:43.916000+00:00,,,,,,,16.8656,60.6853,0.0477999999999999,,1.0,0.0,,,,0.6066264155143088
robot_2,lab,robot_anomaly_lab,2026-05-06 22:20:04.595000+00:00,,,,,,,34.3088,39.9175,0.0565999999999999,,1.0,0.0,,,,0.6255156467670867
robot_1,lab,robot_anomaly_lab,2026-04-25 10:56:50.694000+00:00,,,,,,,42.4352,56.3433,0.0981999999999999,,0.0,1.0,,,,0.9128920348739976
robot_4,lab,robot_anomaly_lab,2026-04-24 17:46:51.760000+00:00,,,,,,,25.9916,48.1032,0.3339999999999999,,1.0,0.0,,,,0.6794913878045898
robot_5,hospital,robot_anomaly_hospital,2026-04-26 19:12:28.866000+00:00,,,,,,,27.2821,30.6922,0.0625,,0.0,1.0,,,,0.977016400863066
robot_4,lab,robot_anomaly_lab,2026-04-22 08:52:42.799000+00:00,,,,,,,21.8714,46.9848,0.0526999999999999,,0.0,1.0,,,,0.937498709858572
robot_4,warehouse,robot_anomaly_warehouse,2026-04-23 17:32:45.825000+00:00,,,,,,,30.4143,45.9241,0.0376999999999999,,0.0,1.0,,,,0.8876847870144486
robot_2,outdoor,robot_anomaly_outdoor,2026-05-08 05:35:58.123000+00:00,,,,,,,20.0645,60.9698,0.0419,,1.0,0.0,,,,0.6025913034424459
robot_4,outdoor,robot_anomaly_outdoor,2026-04-12 23:30:33.126000+00:00,,,,,,,25.8219,33.7904,0.0816,,0.0,1.0,,,,0.8853000109157216
robot_5,lab,robot_anomaly_lab,2026-05-10 08:42:51.717000+00:00,,,,,,,49.3087,57.9167,0.006,,0.0,1.0,,,,0.9047410006432236
robot_4,hospital,robot_anomaly_hospital,2026-04-19 02:32:51.552000+00:00,,,,,,,35.0694,50.0273,0.0518999999999999,,0.0,1.0,,,,0.8944641055420075
robot_3,hospital,robot_anomaly_hospital,2026-05-01 03:55:57.295000+00:00,,,,,,,43.8406,50.7052,0.0889999999999999,,0.0,1.0,,,,0.8531147316363239
robot_3,warehouse,robot_anomaly_warehouse,2026-04-18 06:42:50.801000+00:00,,,,,,,21.7794,49.2726,0.1180999999999999,,0.0,1.0,,,,0.9529371271093152
robot_1,hospital,robot_anomaly_hospital,2026-05-01 07:46:10.269000+00:00,,,,,,,42.223,34.2252,0.0079,,0.0,1.0,,,,0.9342350392652295
robot_1,lab,robot_anomaly_lab,2026-04-15 21:54:17.465000+00:00,,,,,,,24.441,35.5294,0.0621,,0.0,1.0,,,,0.920729951512625
robot_3,hospital,robot_anomaly_hospital,2026-05-02 09:09:41.561000+00:00,,,,,,,29.0182,59.0835,0.0135999999999999,,0.0,1.0,,,,0.9371705364134196
robot_2,warehouse,robot_anomaly_warehouse,2026-04-19 17:52:23.279000+00:00,,,,,,,45.2173,45.6398,0.0354999999999999,,0.0,1.0,,,,0.8491465273634542
robot_3,hospital,robot_anomaly_hospital,2026-05-02 16:49:36.871000+00:00,,,,,,,44.5762,41.6675,0.1116,,0.0,1.0,,,,0.7971669931747752
robot_4,warehouse,robot_anomaly_warehouse,2026-04-30 02:44:58.899000+00:00,,,,,,,17.5955,36.551,0.0187,,1.0,0.0,,,,0.732185774201622
robot_1,warehouse,robot_anomaly_warehouse,2026-04-22 07:46:15.955000+00:00,,,,,,,41.826,49.3411,0.1314999999999999,,0.0,1.0,,,,0.9270733460389988
robot_2,warehouse,robot_anomaly_warehouse,2026-04-20 17:34:01.277000+00:00,,,,,,,58.0679,65.6937,0.0525999999999999,,0.0,1.0,,,,0.8812473762851131
robot_4,hospital,robot_anomaly_hospital,2026-04-16 11:24:35.382000+00:00,,,,,,,56.1198,44.8112,0.0732,,0.0,1.0,,,,0.8795640225264251
robot_1,hospital,robot_anomaly_hospital,2026-05-03 22:36:26.250000+00:00,,,,,,,34.6956,54.9045,0.0676999999999999,,0.0,1.0,,,,0.9041786030978368
robot_4,outdoor,robot_anomaly_outdoor,2026-05-06 13:15:04.142000+00:00,,,,,,,43.3466,41.0994,0.0013999999999999,,0.0,1.0,,,,0.884712642298773
robot_2,warehouse,robot_anomaly_warehouse,2026-04-12 16:40:58.858000+00:00,,,,,,,47.4025,53.3745,0.0306999999999999,,0.0,1.0,,,,0.915739035518388
robot_5,lab,robot_anomaly_lab,2026-04-22 17:49:41.278000+00:00,,,,,,,31.5247,47.8957,0.0374999999999999,,0.0,1.0,,,,0.903972533365532
robot_3,hospital,robot_anomaly_hospital,2026-04-26 13:21:45.753000+00:00,,,,,,,32.7961,38.2287,0.0141,,0.0,1.0,,,,0.8833129920965146
robot_4,outdoor,robot_anomaly_outdoor,2026-04-17 15:50:29.178000+00:00,,,,,,,37.2735,42.6258,0.0444999999999999,,0.0,1.0,,,,0.8603661682432555
robot_5,warehouse,robot_anomaly_warehouse,2026-05-02 11:51:48.599000+00:00,,,,,,,46.1848,66.0052,0.0875,,0.0,1.0,,,,0.9333079010376082
robot_2,warehouse,robot_anomaly_warehouse,2026-04-24 14:15:43.883000+00:00,,,,,,,40.2508,50.4467,0.0443999999999999,,0.0,1.0,,,,0.8799565222583962
robot_2,warehouse,robot_anomaly_warehouse,2026-05-05 23:25:13.554000+00:00,,,,,,,45.0517,38.1128,0.0625,,0.0,1.0,,,,0.8548776231800048
robot_4,lab,robot_anomaly_lab,2026-04-14 23:40:26.304000+00:00,,,,,,,37.5079,46.5267,0.025,,0.0,1.0,,,,0.8648341010541589
robot_5,hospital,robot_anomaly_hospital,2026-05-04 19:52:26.771000+00:00,,,,,,,29.1695,51.7299,0.0605999999999999,,0.0,1.0,,,,0.9064185603924092
robot_1,outdoor,robot_anomaly_outdoor,2026-05-08 22:00:55.988000+00:00,,,,,,,41.1756,44.3032,0.0568999999999999,,1.0,0.0,,,,0.6566564433144803
robot_4,hospital,robot_anomaly_hospital,2026-04-12 09:28:32.849000+00:00,,,,,,,37.1921,51.8151,0.0397999999999999,,0.0,1.0,,,,0.8803721822086459
robot_2,hospital,robot_anomaly_hospital,2026-04-16 22:36:42.274000+00:00,,,,,,,31.2549,37.1907,0.0823,,0.0,1.0,,,,0.9144585604570198
robot_3,hospital,robot_anomaly_hospital,2026-04-19 21:19:51.687000+00:00,,,,,,,55.914,50.354,0.0806,,0.0,1.0,,,,0.8448196024723108
robot_2,warehouse,robot_anomaly_warehouse,2026-05-03 20:02:22.468000+00:00,,,,,,,43.2715,30.0,0.0435999999999999,,0.0,1.0,,,,0.9092110790841113
robot_4,outdoor,robot_anomaly_outdoor,2026-05-03 00:58:27.640000+00:00,,,,,,,44.4721,37.5286,0.0706,,0.0,1.0,,,,0.8954054262322441
robot_1,outdoor,robot_anomaly_outdoor,2026-04-25 15:55:31.824000+00:00,,,,,,,35.6938,49.677,0.0064999999999999,,0.0,1.0,,,,0.9574975083464784
robot_1,warehouse,robot_anomaly_warehouse,2026-04-20 21:56:22.635000+00:00,,,,,,,51.7748,44.487,0.0453,,1.0,0.0,,,,0.5757301182811883
robot_3,hospital,robot_anomaly_hospital,2026-05-02 19:37:55.147000+00:00,,,,,,,31.2223,42.4561,0.0542,,0.0,1.0,,,,0.9068121881352
robot_5,hospital,robot_anomaly_hospital,2026-04-29 23:30:40.397000+00:00,,,,,,,35.9724,45.8905,0.0442,,0.0,1.0,,,,0.9490715313750387
robot_4,outdoor,robot_anomaly_outdoor,2026-04-15 02:16:09.544000+00:00,,,,,,,10.0,50.3191,0.1014,,0.0,1.0,,,,0.9162823485639848
robot_3,lab,robot_anomaly_lab,2026-05-09 05:08:51.715000+00:00,,,,,,,34.3781,52.1891,0.0671,,0.0,1.0,,,,0.9034513402280484
robot_5,warehouse,robot_anomaly_warehouse,2026-05-08 21:41:01.622000+00:00,,,,,,,18.6037,40.2468,0.0010999999999999,,0.0,1.0,,,,0.935637311397392
robot_5,lab,robot_anomaly_lab,2026-04-12 02:52:28.204000+00:00,,,,,,,35.0032,55.3701,0.0514999999999999,,0.0,1.0,,,,0.9484750820594644
robot_2,hospital,robot_anomaly_hospital,2026-04-13 20:22:24.870000+00:00,,,,,,,35.7413,41.3709,0.0060999999999999,,0.0,1.0,,,,0.9269080936447438
robot_2,outdoor,robot_anomaly_outdoor,2026-05-08 12:20:35.258000+00:00,,,,,,,25.2399,50.8653,0.032,,0.0,1.0,,,,0.9785593852433956
robot_5,outdoor,robot_anomaly_outdoor,2026-05-09 03:29:31.620000+00:00,,,,,,,26.5866,45.3618,0.0718999999999999,,0.0,1.0,,,,0.8646051697640906
robot_3,outdoor,robot_anomaly_outdoor,2026-04-14 12:52:19.502000+00:00,,,,,,,195.7518,6.3163,0.0616999999999999,,1.0,0.0,,,,0.6338273907344776
robot_3,outdoor,robot_anomaly_outdoor,2026-05-02 01:09:23.279000+00:00,,,,,,,20.3658,40.211,0.0244999999999999,,0.0,1.0,,,,0.9887791580209476
robot_5,warehouse,robot_anomaly_warehouse,2026-04-11 05:27:18.965000+00:00,,,,,,,46.3252,48.796,0.0552,,0.0,1.0,,,,0.9250866360428728
robot_2,outdoor,robot_anomaly_outdoor,2026-04-12 22:19:38.785000+00:00,,,,,,,41.165,43.5915,0.0805,,0.0,1.0,,,,0.9285753551538928
robot_2,outdoor,robot_anomaly_outdoor,2026-04-16 11:41:39.615000+00:00,,,,,,,36.6094,47.7711,0.0726999999999999,,0.0,1.0,,,,0.9271489483821498
robot_3,hospital,robot_anomaly_hospital,2026-05-08 05:27:51.712000+00:00,,,,,,,40.6449,59.211,0.4095999999999999,,1.0,0.0,,,,0.6102618811970701
robot_1,outdoor,robot_anomaly_outdoor,2026-04-26 01:03:56.115000+00:00,,,,,,,32.5259,61.6161,0.0568999999999999,,0.0,1.0,,,,0.977072841311643
robot_3,outdoor,robot_anomaly_outdoor,2026-04-23 02:28:29.085000+00:00,,,,,,,38.3116,44.1354,0.055,,0.0,1.0,,,,0.9341709650024984
robot_5,hospital,robot_anomaly_hospital,2026-04-22 18:14:15.387000+00:00,,,,,,,36.0199,67.7579,0.0793,,0.0,1.0,,,,0.8816883474654384
robot_2,lab,robot_anomaly_lab,2026-04-16 16:45:13.900000+00:00,,,,,,,29.3383,51.3608,0.0259,,0.0,1.0,,,,0.8932050629604678
robot_2,warehouse,robot_anomaly_warehouse,2026-04-25 13:35:36.920000+00:00,,,,,,,32.6075,30.0,0.0326999999999999,,0.0,1.0,,,,0.9379555957894256
robot_4,warehouse,robot_anomaly_warehouse,2026-04-29 22:38:21.758000+00:00,,,,,,,30.9148,60.8369,0.0314999999999999,,0.0,1.0,,,,0.8892499838237923
robot_1,warehouse,robot_anomaly_warehouse,2026-04-12 08:36:15.466000+00:00,,,,,,,23.868,55.628,0.0282,,0.0,1.0,,,,0.9597910394968764
robot_2,lab,robot_anomaly_lab,2026-04-27 20:55:08.381000+00:00,,,,,,,34.3499,51.3927,0.0423,,0.0,1.0,,,,0.8975868456676981
robot_5,outdoor,robot_anomaly_outdoor,2026-04-28 14:49:15.292000+00:00,,,,,,,39.2174,43.0585,0.0203999999999999,,0.0,1.0,,,,0.8958713006558575
robot_1,hospital,robot_anomaly_hospital,2026-04-17 10:53:47.822000+00:00,,,,,,,26.2481,50.0012,0.0577999999999999,,0.0,1.0,,,,0.8823932279661179
robot_3,outdoor,robot_anomaly_outdoor,2026-05-03 10:18:06.456000+00:00,,,,,,,29.1354,50.9039,0.0991999999999999,,0.0,1.0,,,,0.8827914129237036
robot_5,lab,robot_anomaly_lab,2026-04-15 19:27:24.189000+00:00,,,,,,,48.224,47.7421,0.0414999999999999,,0.0,1.0,,,,0.9541664693720048
robot_1,warehouse,robot_anomaly_warehouse,2026-04-15 11:08:58.727000+00:00,,,,,,,26.8448,64.1844,0.0251,,0.0,1.0,,,,0.9006699495332944
robot_2,lab,robot_anomaly_lab,2026-05-09 19:26:04.564000+00:00,,,,,,,22.0667,61.6956,0.0232999999999999,,0.0,1.0,,,,0.8646976877316408
robot_3,lab,robot_anomaly_lab,2026-04-17 14:57:21.739000+00:00,,,,,,,17.6694,40.7626,0.0416999999999999,,0.0,1.0,,,,0.8986384200517061
robot_2,lab,robot_anomaly_lab,2026-05-07 13:03:00.266000+00:00,,,,,,,42.8068,60.3943,0.0073999999999999,,1.0,0.0,,,,0.6848657324675809
robot_5,lab,robot_anomaly_lab,2026-04-26 17:17:52.966000+00:00,,,,,,,35.9479,56.8808,0.0597999999999999,,0.0,1.0,,,,0.9653372761881313
robot_3,hospital,robot_anomaly_hospital,2026-04-24 14:00:52.190000+00:00,,,,,,,32.8047,63.5053,0.0228,,1.0,0.0,,,,0.6974949724025066
robot_4,outdoor,robot_anomaly_outdoor,2026-04-16 19:48:57.430000+00:00,,,,,,,43.5393,37.6646,0.0588999999999999,,0.0,1.0,,,,0.8678938358817166
robot_3,warehouse,robot_anomaly_warehouse,2026-05-04 16:17:31.035000+00:00,,,,,,,17.2086,54.7865,0.0205999999999999,,1.0,0.0,,,,0.6634892093703947
robot_1,outdoor,robot_anomaly_outdoor,2026-04-14 08:39:34.805000+00:00,,,,,,,38.6023,48.5358,0.0329,,0.0,1.0,,,,0.9033613157141912
robot_5,outdoor,robot_anomaly_outdoor,2026-05-06 21:32:46.968000+00:00,,,,,,,34.047,60.7575,0.0564,,0.0,1.0,,,,0.8731254934042425
robot_1,warehouse,robot_anomaly_warehouse,2026-05-04 21:55:58.904000+00:00,,,,,,,34.3917,55.5283,0.0877999999999999,,0.0,1.0,,,,0.9523431492425466
robot_1,hospital,robot_anomaly_hospital,2026-04-16 04:16:42.981000+00:00,,,,,,,51.4013,58.6484,0.0364999999999999,,0.0,1.0,,,,0.8575997164826715
robot_4,warehouse,robot_anomaly_warehouse,2026-05-03 00:02:34.608000+00:00,,,,,,,290.9501,6.4799,0.035,,1.0,0.0,,,,0.6366443781324383
robot_5,outdoor,robot_anomaly_outdoor,2026-04-23 15:00:06.418000+00:00,,,,,,,28.6556,51.4762,0.0525999999999999,,1.0,0.0,,,,0.6761536565022188
robot_5,outdoor,robot_anomaly_outdoor,2026-04-28 05:34:49.575000+00:00,,,,,,,23.2864,37.5522,0.0501,,0.0,1.0,,,,0.8957416534464588
robot_4,warehouse,robot_anomaly_warehouse,2026-04-14 09:18:40.098000+00:00,,,,,,,31.2311,49.1447,0.033,,0.0,1.0,,,,0.917633403604792
robot_3,warehouse,robot_anomaly_warehouse,2026-04-15 12:26:21.707000+00:00,,,,,,,27.0321,50.3681,0.1049,,0.0,1.0,,,,0.8887340091323284
robot_3,hospital,robot_anomaly_hospital,2026-04-24 05:45:25.821000+00:00,,,,,,,45.1254,49.8674,0.0857,,0.0,1.0,,,,0.8423544288916116
robot_2,lab,robot_anomaly_lab,2026-04-11 13:31:20.885000+00:00,,,,,,,23.6371,41.5686,0.0757999999999999,,0.0,1.0,,,,0.891652981387721
robot_4,warehouse,robot_anomaly_warehouse,2026-04-29 19:43:17.062000+00:00,,,,,,,43.6226,55.6645,0.044,,0.0,1.0,,,,0.943396419949186
robot_3,outdoor,robot_anomaly_outdoor,2026-04-14 14:22:12.841000+00:00,,,,,,,38.7389,59.2061,0.0622,,1.0,0.0,,,,0.7326406876417642
robot_2,lab,robot_anomaly_lab,2026-04-24 00:03:29.728000+00:00,,,,,,,51.1192,61.5371,0.0635999999999999,,0.0,1.0,,,,0.869965167924251
robot_5,lab,robot_anomaly_lab,2026-04-17 19:07:14.054000+00:00,,,,,,,38.5574,48.0815,0.1068,,0.0,1.0,,,,0.9103182432836828
robot_2,warehouse,robot_anomaly_warehouse,2026-04-20 13:08:04.048000+00:00,,,,,,,301.3899,6.4999,0.0188,,1.0,0.0,,,,0.6189624035056221
robot_3,lab,robot_anomaly_lab,2026-04-30 09:05:19.960000+00:00,,,,,,,33.1559,51.7997,0.0316999999999999,,0.0,1.0,,,,0.8909758627146503
robot_4,lab,robot_anomaly_lab,2026-04-11 14:38:31.449000+00:00,,,,,,,12.5703,41.7884,0.0837,,0.0,1.0,,,,0.974572799910574
robot_5,outdoor,robot_anomaly_outdoor,2026-04-21 00:11:34.934000+00:00,,,,,,,24.7205,55.9581,0.0092999999999999,,0.0,1.0,,,,0.952522786049514
robot_1,hospital,robot_anomaly_hospital,2026-05-09 16:20:01.161000+00:00,,,,,,,47.393,49.1358,0.0858999999999999,,0.0,1.0,,,,0.9055551912631512
robot_4,lab,robot_anomaly_lab,2026-05-05 12:11:06.527000+00:00,,,,,,,27.9491,39.8845,0.0325999999999999,,0.0,1.0,,,,0.8590665445781323
robot_2,warehouse,robot_anomaly_warehouse,2026-05-02 20:41:21.077000+00:00,,,,,,,41.761,53.3223,0.0157,,0.0,1.0,,,,0.9479585672704538
robot_1,warehouse,robot_anomaly_warehouse,2026-04-17 04:15:25.292000+00:00,,,,,,,25.0969,37.6147,0.0531,,0.0,1.0,,,,0.9216938082964952
robot_2,lab,robot_anomaly_lab,2026-04-24 09:50:40.874000+00:00,,,,,,,32.1509,56.325,0.0361,,0.0,1.0,,,,0.9715646609669476
robot_5,outdoor,robot_anomaly_outdoor,2026-04-29 01:40:29.376000+00:00,,,,,,,30.1605,43.0497,0.0184999999999999,,1.0,0.0,,,,0.706930975547003
robot_2,outdoor,robot_anomaly_outdoor,2026-04-22 17:27:30.931000+00:00,,,,,,,46.406,36.9362,0.0294999999999999,,0.0,1.0,,,,0.9092081065624906
robot_1,lab,robot_anomaly_lab,2026-04-12 08:57:37.501000+00:00,,,,,,,33.0539,39.5856,0.0875,,0.0,1.0,,,,0.925155279641614
robot_5,hospital,robot_anomaly_hospital,2026-05-09 07:09:46.616000+00:00,,,,,,,39.4412,55.7076,0.0417999999999999,,1.0,0.0,,,,0.7153571434452468
robot_1,lab,robot_anomaly_lab,2026-04-29 17:38:08.981000+00:00,,,,,,,18.5188,48.1309,0.0046,,0.0,1.0,,,,0.9770622575464634
robot_3,warehouse,robot_anomaly_warehouse,2026-04-18 19:53:21.787000+00:00,,,,,,,42.3043,39.6961,0.0433,,0.0,1.0,,,,0.9188956100131822
robot_1,lab,robot_anomaly_lab,2026-04-21 18:24:19.861000+00:00,,,,,,,55.4883,72.5596,0.0405999999999999,,0.0,1.0,,,,0.9231408904638464
robot_4,warehouse,robot_anomaly_warehouse,2026-04-24 06:14:54.149000+00:00,,,,,,,28.9728,61.7485,0.0444999999999999,,1.0,0.0,,,,0.7254658135777887
robot_1,hospital,robot_anomaly_hospital,2026-04-12 09:25:03.842000+00:00,,,,,,,22.1941,52.0698,0.0,,0.0,1.0,,,,0.9310956284992312
robot_5,warehouse,robot_anomaly_warehouse,2026-04-20 15:00:22.183000+00:00,,,,,,,26.9628,42.886,0.0288,,0.0,1.0,,,,0.943362382602698
robot_5,warehouse,robot_anomaly_warehouse,2026-04-18 19:46:47.368000+00:00,,,,,,,29.1458,37.6563,0.0346999999999999,,0.0,1.0,,,,0.8880706640225456
robot_1,outdoor,robot_anomaly_outdoor,2026-04-19 14:00:20.454000+00:00,,,,,,,49.2771,43.6136,0.0571,,1.0,0.0,,,,0.6401783398133689
robot_3,hospital,robot_anomaly_hospital,2026-04-16 23:34:36.886000+00:00,,,,,,,28.7758,46.6458,0.0604,,0.0,1.0,,,,0.9226400048868214
robot_4,hospital,robot_anomaly_hospital,2026-04-11 09:58:41.549000+00:00,,,,,,,366.0083,9.0892,0.0395999999999999,,1.0,0.0,,,,0.5454781498732343
robot_1,lab,robot_anomaly_lab,2026-04-11 09:29:31.312000+00:00,,,,,,,27.8338,58.8775,0.0292,,0.0,1.0,,,,0.8620757434160113
robot_3,warehouse,robot_anomaly_warehouse,2026-05-09 00:02:32.123000+00:00,,,,,,,20.9325,58.0124,0.0437999999999999,,0.0,1.0,,,,0.9240641656213138
robot_1,warehouse,robot_anomaly_warehouse,2026-05-10 13:26:29.965000+00:00,,,,,,,50.6198,55.2825,0.0631,,0.0,1.0,,,,0.8691900053930638
robot_3,hospital,robot_anomaly_hospital,2026-04-19 13:32:11.500000+00:00,,,,,,,25.6323,47.2743,0.0845,,0.0,1.0,,,,0.9303119282019604
robot_1,lab,robot_anomaly_lab,2026-04-27 10:58:03.350000+00:00,,,,,,,29.2031,53.6617,0.0603,,0.0,1.0,,,,0.8934779917032472
robot_4,outdoor,robot_anomaly_outdoor,2026-05-05 17:56:33.050000+00:00,,,,,,,47.0189,46.2056,0.0304999999999999,,0.0,1.0,,,,0.8821832108766328
robot_4,lab,robot_anomaly_lab,2026-04-18 16:51:52.305000+00:00,,,,,,,41.4233,53.906,0.0578999999999999,,0.0,1.0,,,,0.9007056859705627
robot_3,warehouse,robot_anomaly_warehouse,2026-05-08 14:42:34.569000+00:00,,,,,,,38.3457,49.7402,0.0,,0.0,1.0,,,,0.892365907521139
robot_2,warehouse,robot_anomaly_warehouse,2026-05-07 06:57:43.985000+00:00,,,,,,,40.2394,47.3035,0.0324999999999999,,0.0,1.0,,,,0.9098654890516222
robot_5,lab,robot_anomaly_lab,2026-05-04 03:01:25.007000+00:00,,,,,,,38.4702,52.7102,0.0604,,0.0,1.0,,,,0.9122362681851568
robot_2,hospital,robot_anomaly_hospital,2026-04-17 10:44:10.840000+00:00,,,,,,,10.0,51.641,0.0066,,0.0,1.0,,,,0.9306966812480616
robot_2,warehouse,robot_anomaly_warehouse,2026-05-04 19:49:37.066000+00:00,,,,,,,51.1171,50.2013,0.0284999999999999,,0.0,1.0,,,,0.9497819352364448
robot_3,outdoor,robot_anomaly_outdoor,2026-04-16 07:20:59.691000+00:00,,,,,,,46.3453,63.9569,0.1000999999999999,,0.0,1.0,,,,0.897271489642246
robot_4,warehouse,robot_anomaly_warehouse,2026-05-01 05:28:11.316000+00:00,,,,,,,31.3427,51.7068,0.1147,,1.0,0.0,,,,0.6980586179708538
robot_2,outdoor,robot_anomaly_outdoor,2026-04-29 12:08:11.373000+00:00,,,,,,,34.5064,49.0185,0.0294999999999999,,0.0,1.0,,,,0.9088767973609868
robot_4,lab,robot_anomaly_lab,2026-05-08 20:50:29.435000+00:00,,,,,,,30.4173,50.5815,0.0998,,0.0,1.0,,,,0.9484442528345524
robot_4,outdoor,robot_anomaly_outdoor,2026-04-19 08:51:02.365000+00:00,,,,,,,51.1709,53.3778,0.0315999999999999,,1.0,0.0,,,,0.6303744358799352
robot_3,hospital,robot_anomaly_hospital,2026-04-13 17:31:03.180000+00:00,,,,,,,21.8203,55.1177,0.0752,,1.0,0.0,,,,0.728529758236687
robot_4,outdoor,robot_anomaly_outdoor,2026-04-30 11:47:16.821000+00:00,,,,,,,38.7589,44.3562,0.0,,0.0,1.0,,,,0.9215238082570668
robot_3,warehouse,robot_anomaly_warehouse,2026-05-06 17:42:32.870000+00:00,,,,,,,42.3626,45.3567,0.0138,,0.0,1.0,,,,0.9284849921670532
robot_4,outdoor,robot_anomaly_outdoor,2026-04-13 09:08:36.334000+00:00,,,,,,,26.6211,55.0887,0.0516999999999999,,0.0,1.0,,,,0.8519740304109357
robot_3,lab,robot_anomaly_lab,2026-04-15 13:51:39.539000+00:00,,,,,,,38.7602,47.6507,0.0782,,0.0,1.0,,,,0.8939063040743583
robot_2,hospital,robot_anomaly_hospital,2026-04-18 07:24:42.687000+00:00,,,,,,,63.3241,43.4043,0.0664,,0.0,1.0,,,,0.9054044685845902
robot_1,lab,robot_anomaly_lab,2026-04-13 10:33:55.542000+00:00,,,,,,,46.7956,36.5255,0.0956,,0.0,1.0,,,,0.8580588792702336
robot_2,warehouse,robot_anomaly_warehouse,2026-04-17 02:23:43.162000+00:00,,,,,,,24.5362,46.9007,0.1368,,0.0,1.0,,,,0.8414159923698336
robot_5,hospital,robot_anomaly_hospital,2026-04-15 15:46:56.299000+00:00,,,,,,,25.7487,48.0707,0.0131999999999999,,0.0,1.0,,,,0.9376427947817454
robot_5,outdoor,robot_anomaly_outdoor,2026-04-17 05:50:45.233000+00:00,,,,,,,29.9436,52.3027,0.0676,,0.0,1.0,,,,0.9209446488606816
robot_2,lab,robot_anomaly_lab,2026-04-30 23:13:13.901000+00:00,,,,,,,47.1075,46.1553,0.0044999999999999,,0.0,1.0,,,,0.9449197050066552
robot_5,lab,robot_anomaly_lab,2026-04-23 11:37:17.326000+00:00,,,,,,,30.9913,43.4784,0.0558999999999999,,1.0,0.0,,,,0.5583231289196495
robot_4,outdoor,robot_anomaly_outdoor,2026-05-08 13:40:39.740000+00:00,,,,,,,32.6105,53.9892,0.0663,,1.0,0.0,,,,0.7044963029221032
robot_2,warehouse,robot_anomaly_warehouse,2026-05-10 06:36:44.351000+00:00,,,,,,,44.477,55.2845,0.0695,,0.0,1.0,,,,0.8729441824616112
robot_4,lab,robot_anomaly_lab,2026-04-15 03:51:09.553000+00:00,,,,,,,35.6393,48.6868,0.0456999999999999,,0.0,1.0,,,,0.9643284942948014
robot_5,lab,robot_anomaly_lab,2026-04-20 02:08:52.952000+00:00,,,,,,,46.1142,35.4124,0.6075999999999999,,1.0,0.0,,,,0.5949709470301197
robot_5,outdoor,robot_anomaly_outdoor,2026-04-28 12:07:20.236000+00:00,,,,,,,34.8715,42.312,0.1346,,1.0,0.0,,,,0.5843017847906364
robot_5,warehouse,robot_anomaly_warehouse,2026-05-02 09:42:46.784000+00:00,,,,,,,42.2183,39.7249,0.0718999999999999,,1.0,0.0,,,,0.7123131147257322
robot_1,warehouse,robot_anomaly_warehouse,2026-05-04 09:57:43.682000+00:00,,,,,,,43.5678,47.2831,0.0551,,0.0,1.0,,,,0.8643012496225516
robot_4,warehouse,robot_anomaly_warehouse,2026-05-06 16:44:07.384000+00:00,,,,,,,49.8845,44.3249,0.0353,,0.0,1.0,,,,0.9324540786544752
robot_4,hospital,robot_anomaly_hospital,2026-05-03 08:49:27.759000+00:00,,,,,,,30.3494,49.5283,0.0633,,0.0,1.0,,,,0.9028773016542648
robot_2,outdoor,robot_anomaly_outdoor,2026-04-15 13:53:21.114000+00:00,,,,,,,25.3873,48.0256,0.0293999999999999,,0.0,1.0,,,,0.9067649145377088
robot_5,warehouse,robot_anomaly_warehouse,2026-04-13 08:27:12.741000+00:00,,,,,,,47.7767,40.1679,0.033,,0.0,1.0,,,,0.911327651674164
robot_1,lab,robot_anomaly_lab,2026-04-30 17:42:53.882000+00:00,,,,,,,55.1582,63.1406,0.7926,,1.0,0.0,,,,0.6090202532896878
robot_5,warehouse,robot_anomaly_warehouse,2026-04-15 10:53:24.744000+00:00,,,,,,,34.9546,59.4933,0.021,,0.0,1.0,,,,0.8411874046206274
robot_5,outdoor,robot_anomaly_outdoor,2026-04-20 09:37:35.772000+00:00,,,,,,,17.1759,43.9247,0.0394999999999999,,0.0,1.0,,,,0.8729578618214677
robot_3,hospital,robot_anomaly_hospital,2026-04-10 18:08:19.841000+00:00,,,,,,,29.2188,54.7519,0.0554,,1.0,0.0,,,,0.5822240077867933
robot_2,hospital,robot_anomaly_hospital,2026-05-06 16:42:33.771000+00:00,,,,,,,34.4803,44.3779,0.0272999999999999,,0.0,1.0,,,,0.9330229427956817
robot_3,hospital,robot_anomaly_hospital,2026-05-09 02:00:36.257000+00:00,,,,,,,30.1635,50.5848,0.0897999999999999,,0.0,1.0,,,,0.8588267521790914
robot_5,lab,robot_anomaly_lab,2026-04-14 03:33:14.474000+00:00,,,,,,,31.4393,42.6743,0.0576999999999999,,0.0,1.0,,,,0.9446377113996616
robot_1,lab,robot_anomaly_lab,2026-04-22 00:51:20.607000+00:00,,,,,,,37.4489,49.7206,0.0,,0.0,1.0,,,,0.906483246035492
robot_1,warehouse,robot_anomaly_warehouse,2026-05-08 01:31:33.538000+00:00,,,,,,,41.8568,47.0265,0.0909999999999999,,0.0,1.0,,,,0.8337237616924025
robot_1,hospital,robot_anomaly_hospital,2026-04-11 11:12:22.567000+00:00,,,,,,,26.9194,47.3039,0.0374999999999999,,0.0,1.0,,,,0.969451451040805
robot_3,hospital,robot_anomaly_hospital,2026-04-21 06:31:32.468000+00:00,,,,,,,29.6775,41.8104,0.0082999999999999,,0.0,1.0,,,,0.8946788053944665
robot_2,outdoor,robot_anomaly_outdoor,2026-05-01 12:49:21.786000+00:00,,,,,,,59.9252,61.7973,0.0575999999999999,,0.0,1.0,,,,0.9334976210017804
robot_4,lab,robot_anomaly_lab,2026-05-04 00:05:21.224000+00:00,,,,,,,36.7027,57.667,0.0282999999999999,,0.0,1.0,,,,0.9421986512399952
robot_3,lab,robot_anomaly_lab,2026-04-13 14:16:22.721000+00:00,,,,,,,10.0,56.0262,0.045,,0.0,1.0,,,,0.9379662500093046
robot_4,warehouse,robot_anomaly_warehouse,2026-04-14 07:42:23.611000+00:00,,,,,,,37.7037,53.4057,0.0786,,0.0,1.0,,,,0.8770493941546318
robot_4,warehouse,robot_anomaly_warehouse,2026-04-11 21:14:23.319000+00:00,,,,,,,42.6422,49.2068,0.0542,,0.0,1.0,,,,0.9006663597748557
robot_2,lab,robot_anomaly_lab,2026-04-18 01:29:40.135000+00:00,,,,,,,41.6141,59.0104,0.0716999999999999,,0.0,1.0,,,,0.8486528048504647
robot_5,lab,robot_anomaly_lab,2026-04-17 09:25:28.803000+00:00,,,,,,,47.5481,58.1952,0.0703,,0.0,1.0,,,,0.8764809937158997
robot_3,hospital,robot_anomaly_hospital,2026-04-11 06:48:45.795000+00:00,,,,,,,41.9075,51.0178,0.0970999999999999,,0.0,1.0,,,,0.8589922886666361
robot_2,warehouse,robot_anomaly_warehouse,2026-04-28 01:17:49.585000+00:00,,,,,,,27.4063,52.9606,0.0545999999999999,,0.0,1.0,,,,0.8958284710048712
robot_2,lab,robot_anomaly_lab,2026-05-03 04:01:03.206000+00:00,,,,,,,31.6064,45.316,0.058,,0.0,1.0,,,,0.8909063913378994
robot_1,outdoor,robot_anomaly_outdoor,2026-04-18 01:29:24.351000+00:00,,,,,,,48.3553,44.6153,0.0786999999999999,,0.0,1.0,,,,0.8834131164240482
robot_2,hospital,robot_anomaly_hospital,2026-04-15 09:32:42.284000+00:00,,,,,,,31.5677,41.3815,0.0385999999999999,,0.0,1.0,,,,0.9773105878388584
robot_5,warehouse,robot_anomaly_warehouse,2026-04-24 23:17:15.419000+00:00,,,,,,,51.2376,58.0434,0.0554,,0.0,1.0,,,,0.9237144669538796
robot_5,outdoor,robot_anomaly_outdoor,2026-04-13 03:36:06.582000+00:00,,,,,,,44.7007,49.8671,0.1016,,0.0,1.0,,,,0.8994234800468446
robot_4,warehouse,robot_anomaly_warehouse,2026-05-07 05:11:21.137000+00:00,,,,,,,35.7129,40.9163,0.057,,0.0,1.0,,,,0.8815424028265685
robot_1,warehouse,robot_anomaly_warehouse,2026-04-20 21:26:10.382000+00:00,,,,,,,31.4946,38.729,0.0665999999999999,,1.0,0.0,,,,0.6031798011593946
robot_1,warehouse,robot_anomaly_warehouse,2026-05-08 22:19:50.522000+00:00,,,,,,,26.2097,49.7888,0.0622,,0.0,1.0,,,,0.9229587835706428
robot_5,hospital,robot_anomaly_hospital,2026-04-27 04:18:51.857000+00:00,,,,,,,35.1894,45.6693,0.4641999999999999,,1.0,0.0,,,,0.6182937181737169
robot_5,lab,robot_anomaly_lab,2026-04-28 06:37:39.027000+00:00,,,,,,,20.1838,39.284,0.0482,,0.0,1.0,,,,0.9698953096320378
robot_2,lab,robot_anomaly_lab,2026-04-14 03:19:43.085000+00:00,,,,,,,34.3566,56.0583,0.7308,,1.0,0.0,,,,0.4914712055476785
robot_2,warehouse,robot_anomaly_warehouse,2026-04-13 03:43:56.834000+00:00,,,,,,,25.4973,66.0826,0.6779,,1.0,0.0,,,,0.591035970068764
robot_1,warehouse,robot_anomaly_warehouse,2026-04-19 17:15:20.185000+00:00,,,,,,,37.1276,63.2066,0.0649999999999999,,1.0,0.0,,,,0.7181587701903632
robot_5,hospital,robot_anomaly_hospital,2026-05-06 01:41:36.130000+00:00,,,,,,,21.8903,60.0888,0.3983,,1.0,0.0,,,,0.6080227931810169
robot_4,hospital,robot_anomaly_hospital,2026-05-04 22:48:34.986000+00:00,,,,,,,22.8649,52.4551,0.0322999999999999,,0.0,1.0,,,,0.9394238861511172
robot_3,lab,robot_anomaly_lab,2026-05-06 06:55:16.079000+00:00,,,,,,,32.3783,39.6431,0.5331,,1.0,0.0,,,,0.5811921242577369
robot_1,lab,robot_anomaly_lab,2026-04-30 11:38:39.396000+00:00,,,,,,,34.1499,47.9657,0.0453,,0.0,1.0,,,,0.9370535193732388
robot_5,outdoor,robot_anomaly_outdoor,2026-04-30 04:55:56.424000+00:00,,,,,,,34.9036,41.6627,0.0671,,0.0,1.0,,,,0.875073964644186
robot_3,warehouse,robot_anomaly_warehouse,2026-05-01 11:09:27.652000+00:00,,,,,,,29.0957,53.5583,0.0197,,0.0,1.0,,,,0.926926955795113
robot_2,hospital,robot_anomaly_hospital,2026-04-25 14:15:03.284000+00:00,,,,,,,370.5919,9.8376,0.0356999999999999,,1.0,0.0,,,,0.5690998374175733
robot_3,warehouse,robot_anomaly_warehouse,2026-04-12 03:45:08.375000+00:00,,,,,,,35.7702,69.3445,0.0182999999999999,,0.0,1.0,,,,0.8864409646242603
robot_2,warehouse,robot_anomaly_warehouse,2026-04-15 01:12:46.046000+00:00,,,,,,,31.9384,53.4315,0.1152999999999999,,0.0,1.0,,,,0.9381695403343852
robot_5,warehouse,robot_anomaly_warehouse,2026-04-16 10:36:27.678000+00:00,,,,,,,45.7114,30.7045,0.0427999999999999,,0.0,1.0,,,,0.9309244386125612
robot_1,outdoor,robot_anomaly_outdoor,2026-04-20 13:32:44.301000+00:00,,,,,,,39.9225,53.2633,0.0622,,0.0,1.0,,,,0.8734464697161792
robot_2,warehouse,robot_anomaly_warehouse,2026-04-11 22:35:43.109000+00:00,,,,,,,47.2323,54.8778,0.0387999999999999,,0.0,1.0,,,,0.903691555535358
robot_2,outdoor,robot_anomaly_outdoor,2026-04-28 02:08:33.074000+00:00,,,,,,,32.5811,59.6964,0.0843,,1.0,0.0,,,,0.6736528029877462
robot_1,hospital,robot_anomaly_hospital,2026-05-04 08:06:03.646000+00:00,,,,,,,21.477,43.0464,0.0322,,0.0,1.0,,,,0.9848573630836228
robot_4,outdoor,robot_anomaly_outdoor,2026-05-05 11:55:32.139000+00:00,,,,,,,33.9159,52.9268,0.0234999999999999,,0.0,1.0,,,,0.938765958396886
robot_3,warehouse,robot_anomaly_warehouse,2026-05-08 12:52:12.731000+00:00,,,,,,,44.2508,63.7687,0.0729999999999999,,0.0,1.0,,,,0.9260723733383271
robot_1,warehouse,robot_anomaly_warehouse,2026-04-28 21:40:22.754000+00:00,,,,,,,53.1173,49.1007,0.0,,0.0,1.0,,,,0.8797979755194408
robot_5,outdoor,robot_anomaly_outdoor,2026-05-05 19:51:10.256000+00:00,,,,,,,32.4624,47.5389,0.1207,,0.0,1.0,,,,0.9404872655046352
robot_2,lab,robot_anomaly_lab,2026-04-13 15:29:19.365000+00:00,,,,,,,47.2854,63.5572,0.0764,,0.0,1.0,,,,0.8991788705915166
robot_4,warehouse,robot_anomaly_warehouse,2026-04-18 04:52:14.596000+00:00,,,,,,,35.4229,58.5885,0.0401,,0.0,1.0,,,,0.8622571880526824
robot_3,warehouse,robot_anomaly_warehouse,2026-05-09 03:41:29.166000+00:00,,,,,,,42.9902,43.3219,0.0970999999999999,,0.0,1.0,,,,0.8996153683824968
robot_3,hospital,robot_anomaly_hospital,2026-05-05 02:34:21.280000+00:00,,,,,,,31.7322,43.2243,0.0423,,0.0,1.0,,,,0.9169517874383388
robot_2,warehouse,robot_anomaly_warehouse,2026-04-12 06:12:57.018000+00:00,,,,,,,18.9793,52.7188,0.0547999999999999,,1.0,0.0,,,,0.6012888247497903
robot_5,lab,robot_anomaly_lab,2026-04-18 17:00:07.096000+00:00,,,,,,,49.0614,55.2187,0.0645999999999999,,0.0,1.0,,,,0.9445873391759502
robot_4,outdoor,robot_anomaly_outdoor,2026-04-17 14:46:43.156000+00:00,,,,,,,45.8567,46.3498,0.0552,,0.0,1.0,,,,0.9657704741930772
robot_1,outdoor,robot_anomaly_outdoor,2026-04-23 07:50:53.732000+00:00,,,,,,,35.465,59.04,0.0555999999999999,,0.0,1.0,,,,0.970060997917996
robot_4,lab,robot_anomaly_lab,2026-05-02 00:22:33.760000+00:00,,,,,,,15.9532,40.5124,0.0279,,0.0,1.0,,,,0.9182392186743632
robot_4,lab,robot_anomaly_lab,2026-04-26 03:01:36.588000+00:00,,,,,,,40.4045,46.1549,0.0017,,0.0,1.0,,,,0.8844774020818562
robot_4,hospital,robot_anomaly_hospital,2026-04-13 23:41:14.777000+00:00,,,,,,,40.4489,53.9149,0.045,,0.0,1.0,,,,0.8974208327047235
robot_5,warehouse,robot_anomaly_warehouse,2026-04-28 05:37:06.210000+00:00,,,,,,,32.7697,42.7053,0.0312,,0.0,1.0,,,,0.9043858449247588
robot_1,outdoor,robot_anomaly_outdoor,2026-04-18 23:40:18.660000+00:00,,,,,,,40.1372,58.8596,0.0373999999999999,,0.0,1.0,,,,0.9178262459157862
robot_4,hospital,robot_anomaly_hospital,2026-04-25 02:02:25.056000+00:00,,,,,,,40.7007,43.6369,0.0551,,0.0,1.0,,,,0.8498762972257061
robot_2,hospital,robot_anomaly_hospital,2026-04-26 16:21:50.799000+00:00,,,,,,,33.0788,53.6919,0.0372,,0.0,1.0,,,,0.925010101229166
robot_4,warehouse,robot_anomaly_warehouse,2026-04-29 15:36:57.741000+00:00,,,,,,,32.7259,51.5631,0.0286999999999999,,0.0,1.0,,,,0.961069192356428
robot_4,lab,robot_anomaly_lab,2026-04-29 11:12:28.367000+00:00,,,,,,,29.0109,35.7961,0.0,,0.0,1.0,,,,0.8806901279497795
robot_1,lab,robot_anomaly_lab,2026-04-12 02:39:28.778000+00:00,,,,,,,34.0754,45.7462,0.0578999999999999,,0.0,1.0,,,,0.8983553135692326
robot_1,outdoor,robot_anomaly_outdoor,2026-04-16 14:09:49.942000+00:00,,,,,,,32.7734,53.6394,0.6294,,1.0,0.0,,,,0.6369774078017063
robot_2,outdoor,robot_anomaly_outdoor,2026-04-22 04:58:27.468000+00:00,,,,,,,42.3618,60.5468,0.048,,0.0,1.0,,,,0.9001572332259471
robot_5,lab,robot_anomaly_lab,2026-04-16 13:00:18.482000+00:00,,,,,,,48.6618,42.6461,0.0296999999999999,,0.0,1.0,,,,0.8837706183744384
robot_2,outdoor,robot_anomaly_outdoor,2026-04-19 13:22:45.140000+00:00,,,,,,,41.5594,52.7656,0.4235,,1.0,0.0,,,,0.6407904041805633
robot_2,lab,robot_anomaly_lab,2026-04-25 18:23:07.724000+00:00,,,,,,,41.1775,40.1168,0.0384999999999999,,0.0,1.0,,,,0.9003342440518869
robot_4,warehouse,robot_anomaly_warehouse,2026-04-12 09:21:42.514000+00:00,,,,,,,23.8338,56.9476,0.017,,0.0,1.0,,,,0.9492336050462096
robot_5,hospital,robot_anomaly_hospital,2026-04-13 13:12:53.936000+00:00,,,,,,,25.8449,50.0764,0.0080999999999999,,0.0,1.0,,,,0.9120279343277428
robot_1,hospital,robot_anomaly_hospital,2026-04-18 05:22:19.504000+00:00,,,,,,,31.4194,44.7751,0.0116,,0.0,1.0,,,,0.8783645596470964
robot_4,hospital,robot_anomaly_hospital,2026-04-21 16:07:43.092000+00:00,,,,,,,41.4919,45.9461,0.0736,,0.0,1.0,,,,0.9115324825979922
robot_3,warehouse,robot_anomaly_warehouse,2026-05-08 17:27:12.460000+00:00,,,,,,,36.4119,46.2305,0.0383,,0.0,1.0,,,,0.9361467721841432
robot_4,outdoor,robot_anomaly_outdoor,2026-04-29 23:31:18.847000+00:00,,,,,,,24.9916,54.4864,0.0363999999999999,,0.0,1.0,,,,0.9237572249632712
robot_1,warehouse,robot_anomaly_warehouse,2026-05-06 07:51:54.094000+00:00,,,,,,,36.4759,30.7761,0.0322,,0.0,1.0,,,,0.8879098048102676
robot_1,lab,robot_anomaly_lab,2026-05-01 02:14:32.104000+00:00,,,,,,,38.3665,55.8985,0.0676,,0.0,1.0,,,,0.9253013756018332
robot_3,lab,robot_anomaly_lab,2026-04-22 21:43:55.509000+00:00,,,,,,,39.4924,40.9911,0.0533,,0.0,1.0,,,,0.8857991033070794
robot_4,warehouse,robot_anomaly_warehouse,2026-04-13 00:36:17.186000+00:00,,,,,,,34.9919,57.335,0.011,,0.0,1.0,,,,0.9468337912406442
robot_2,outdoor,robot_anomaly_outdoor,2026-04-28 06:49:16.801000+00:00,,,,,,,36.4998,53.0979,0.1049999999999999,,0.0,1.0,,,,0.8883518153462742
robot_2,outdoor,robot_anomaly_outdoor,2026-04-16 18:29:56.287000+00:00,,,,,,,18.6345,53.9065,0.0338,,0.0,1.0,,,,0.8468889222371982
robot_4,outdoor,robot_anomaly_outdoor,2026-04-26 23:33:57.449000+00:00,,,,,,,32.1046,44.412,0.0602,,0.0,1.0,,,,0.8596732144835423
robot_1,hospital,robot_anomaly_hospital,2026-04-29 06:38:19.810000+00:00,,,,,,,29.7106,54.3944,0.0319,,0.0,1.0,,,,0.9340004546830364
robot_2,warehouse,robot_anomaly_warehouse,2026-04-25 21:41:05.023000+00:00,,,,,,,16.1869,56.0638,0.0439,,0.0,1.0,,,,0.9162929290639912
robot_3,lab,robot_anomaly_lab,2026-04-23 14:14:28.340000+00:00,,,,,,,13.1236,57.1642,0.0454999999999999,,1.0,0.0,,,,0.5967420147654328
robot_5,warehouse,robot_anomaly_warehouse,2026-05-02 08:25:18.488000+00:00,,,,,,,23.9215,46.9267,0.0,,0.0,1.0,,,,0.9452538781523644
robot_1,lab,robot_anomaly_lab,2026-04-17 06:19:00.175000+00:00,,,,,,,49.7716,42.4622,0.0484999999999999,,0.0,1.0,,,,0.968881293016746
robot_4,hospital,robot_anomaly_hospital,2026-04-11 04:57:13.553000+00:00,,,,,,,19.5233,66.8035,0.0862,,0.0,1.0,,,,0.9404720080330172
robot_5,hospital,robot_anomaly_hospital,2026-04-17 03:25:31.190000+00:00,,,,,,,38.3594,47.8604,0.0858999999999999,,0.0,1.0,,,,0.936989569115266
robot_2,hospital,robot_anomaly_hospital,2026-04-18 12:50:35.850000+00:00,,,,,,,36.408,48.7886,0.0,,0.0,1.0,,,,0.8736350702666652
robot_2,warehouse,robot_anomaly_warehouse,2026-04-14 11:49:49.886000+00:00,,,,,,,16.1569,60.3355,0.1082999999999999,,0.0,1.0,,,,0.9197631313058529
robot_3,warehouse,robot_anomaly_warehouse,2026-04-22 11:31:23.728000+00:00,,,,,,,208.543,5.3551,0.0094999999999999,,1.0,0.0,,,,0.6118759546427553
robot_1,outdoor,robot_anomaly_outdoor,2026-05-06 23:08:28.656000+00:00,,,,,,,58.5705,44.7417,0.0687999999999999,,0.0,1.0,,,,0.8947498499110391
robot_5,lab,robot_anomaly_lab,2026-04-18 09:04:24.759000+00:00,,,,,,,35.9571,47.8325,0.0658999999999999,,0.0,1.0,,,,0.9358559166651532
robot_4,hospital,robot_anomaly_hospital,2026-05-09 04:12:46.712000+00:00,,,,,,,46.1448,43.6279,0.0121,,0.0,1.0,,,,0.9252772410240484
robot_2,outdoor,robot_anomaly_outdoor,2026-04-23 22:13:56.504000+00:00,,,,,,,31.0976,46.3722,0.1018999999999999,,1.0,0.0,,,,0.5838404179015283
robot_4,hospital,robot_anomaly_hospital,2026-05-01 21:18:21.980000+00:00,,,,,,,32.2763,44.7296,0.0491,,0.0,1.0,,,,0.9790034634227752
robot_5,warehouse,robot_anomaly_warehouse,2026-04-25 16:07:45.235000+00:00,,,,,,,50.9595,37.7614,0.0655,,0.0,1.0,,,,0.8609496944296915
robot_1,warehouse,robot_anomaly_warehouse,2026-05-05 13:20:53.496000+00:00,,,,,,,42.4299,49.6799,0.0449,,0.0,1.0,,,,0.95359959825602
robot_1,warehouse,robot_anomaly_warehouse,2026-04-21 00:18:35.897000+00:00,,,,,,,45.0027,57.1257,0.0726,,0.0,1.0,,,,0.9059234102195012
robot_4,warehouse,robot_anomaly_warehouse,2026-05-08 23:14:31.990000+00:00,,,,,,,48.5383,49.6131,0.0249,,0.0,1.0,,,,0.8910036029720028
robot_1,lab,robot_anomaly_lab,2026-05-08 06:40:17.148000+00:00,,,,,,,25.0333,53.316,0.0163999999999999,,0.0,1.0,,,,0.9374500835510722
robot_1,lab,robot_anomaly_lab,2026-04-20 16:09:29.335000+00:00,,,,,,,22.6288,47.0915,0.0359,,1.0,0.0,,,,0.6008303588724179
robot_4,warehouse,robot_anomaly_warehouse,2026-04-29 22:14:13.973000+00:00,,,,,,,38.4824,50.0871,0.059,,0.0,1.0,,,,0.9059535054791196
robot_1,outdoor,robot_anomaly_outdoor,2026-05-08 05:57:40.554000+00:00,,,,,,,18.3421,52.6647,0.0346999999999999,,0.0,1.0,,,,0.9538245409185124
robot_5,warehouse,robot_anomaly_warehouse,2026-04-26 19:03:05.220000+00:00,,,,,,,29.8789,40.4205,0.0494,,0.0,1.0,,,,0.9802356938567038
robot_3,outdoor,robot_anomaly_outdoor,2026-04-28 07:20:31.681000+00:00,,,,,,,18.6716,47.2524,0.0561,,0.0,1.0,,,,0.9734473883515148
robot_3,outdoor,robot_anomaly_outdoor,2026-04-26 03:30:36.540000+00:00,,,,,,,47.6189,40.5172,0.0786999999999999,,0.0,1.0,,,,0.9110611493530882
robot_4,lab,robot_anomaly_lab,2026-04-23 11:10:52.418000+00:00,,,,,,,34.3931,50.3013,0.0737999999999999,,0.0,1.0,,,,0.8957380684105107
robot_4,lab,robot_anomaly_lab,2026-04-25 20:25:21.535000+00:00,,,,,,,26.1098,52.5043,0.1210999999999999,,0.0,1.0,,,,0.9652041285392992
robot_5,hospital,robot_anomaly_hospital,2026-05-08 00:51:02.061000+00:00,,,,,,,30.9795,46.3212,0.1135,,0.0,1.0,,,,0.8628827624367276
robot_4,hospital,robot_anomaly_hospital,2026-04-30 14:37:06.673000+00:00,,,,,,,30.153,49.6074,0.0050999999999999,,0.0,1.0,,,,0.917029862891787
robot_3,hospital,robot_anomaly_hospital,2026-04-22 15:08:29.916000+00:00,,,,,,,33.7827,51.2763,0.0283999999999999,,0.0,1.0,,,,0.8894168799393632
robot_2,lab,robot_anomaly_lab,2026-05-04 16:13:20.592000+00:00,,,,,,,41.5326,48.1192,0.0263999999999999,,0.0,1.0,,,,0.917720358159804
robot_5,outdoor,robot_anomaly_outdoor,2026-04-21 22:57:35.698000+00:00,,,,,,,50.8286,57.3054,0.0715,,0.0,1.0,,,,0.9155626430072484
robot_3,outdoor,robot_anomaly_outdoor,2026-05-05 07:27:08.412000+00:00,,,,,,,36.6257,60.1474,0.0568999999999999,,0.0,1.0,,,,0.9028131433142278
robot_2,lab,robot_anomaly_lab,2026-04-15 07:52:40.232000+00:00,,,,,,,23.7102,55.728,0.0656999999999999,,0.0,1.0,,,,0.8737910501960847
robot_3,lab,robot_anomaly_lab,2026-04-26 20:30:25.878000+00:00,,,,,,,56.8765,57.3391,0.0551,,0.0,1.0,,,,0.9122236545404958
robot_4,outdoor,robot_anomaly_outdoor,2026-04-19 22:07:17.460000+00:00,,,,,,,42.5231,45.7941,0.0844,,0.0,1.0,,,,0.9312370032268736
robot_5,lab,robot_anomaly_lab,2026-04-20 16:58:22.883000+00:00,,,,,,,16.5039,49.9736,0.0553,,1.0,0.0,,,,0.6473319730279432
robot_4,lab,robot_anomaly_lab,2026-04-30 00:10:40.410000+00:00,,,,,,,40.2665,49.0594,0.0739999999999999,,0.0,1.0,,,,0.8760105764661281
robot_1,warehouse,robot_anomaly_warehouse,2026-04-12 19:13:25.320000+00:00,,,,,,,29.1126,45.0565,0.0515999999999999,,0.0,1.0,,,,0.9040361386694512
robot_1,warehouse,robot_anomaly_warehouse,2026-04-15 04:42:38.287000+00:00,,,,,,,36.7206,45.6334,0.6172,,1.0,0.0,,,,0.5759845121220232
robot_2,outdoor,robot_anomaly_outdoor,2026-05-08 04:38:31.542000+00:00,,,,,,,35.8906,65.8605,0.0672,,0.0,1.0,,,,0.9603451699577118
robot_3,warehouse,robot_anomaly_warehouse,2026-04-29 17:09:59.606000+00:00,,,,,,,36.0414,58.024,0.0726999999999999,,0.0,1.0,,,,0.952305048425816
robot_3,warehouse,robot_anomaly_warehouse,2026-04-28 17:07:09.394000+00:00,,,,,,,27.2754,53.0956,0.0247,,0.0,1.0,,,,0.981625404695014
robot_3,warehouse,robot_anomaly_warehouse,2026-04-16 20:09:51.586000+00:00,,,,,,,30.2312,38.3601,0.0935,,1.0,0.0,,,,0.6206069673459559
robot_3,outdoor,robot_anomaly_outdoor,2026-04-21 15:19:47.128000+00:00,,,,,,,42.1375,43.3487,0.0232,,0.0,1.0,,,,0.8642830482257159
robot_3,outdoor,robot_anomaly_outdoor,2026-04-16 18:26:14.029000+00:00,,,,,,,44.2326,56.1366,0.0769999999999999,,0.0,1.0,,,,0.8861568641150932
robot_2,lab,robot_anomaly_lab,2026-04-22 12:37:50.459000+00:00,,,,,,,38.9158,50.34,0.0269,,0.0,1.0,,,,0.8885475097887519
robot_1,hospital,robot_anomaly_hospital,2026-04-12 15:59:17.076000+00:00,,,,,,,44.1267,43.7365,0.0447999999999999,,0.0,1.0,,,,0.9059205626739862
robot_4,warehouse,robot_anomaly_warehouse,2026-04-16 06:32:46.832000+00:00,,,,,,,31.4031,61.0455,0.0348,,0.0,1.0,,,,0.9359504920644384
robot_3,outdoor,robot_anomaly_outdoor,2026-05-02 13:13:18.355000+00:00,,,,,,,26.9932,33.3679,0.0064999999999999,,0.0,1.0,,,,0.9541322343615054
robot_2,hospital,robot_anomaly_hospital,2026-05-05 20:53:32.341000+00:00,,,,,,,31.3345,56.6826,0.0431,,0.0,1.0,,,,0.9474244826834576
robot_1,hospital,robot_anomaly_hospital,2026-04-22 18:09:00.807000+00:00,,,,,,,32.2535,69.3077,0.0772,,0.0,1.0,,,,0.9371753318023548
robot_5,warehouse,robot_anomaly_warehouse,2026-04-25 12:59:08.428000+00:00,,,,,,,32.8765,57.749,0.0296999999999999,,0.0,1.0,,,,0.9748359888772338
robot_3,outdoor,robot_anomaly_outdoor,2026-05-10 12:08:13.875000+00:00,,,,,,,49.5623,62.1728,0.0484999999999999,,1.0,0.0,,,,0.5481992216837484
robot_4,warehouse,robot_anomaly_warehouse,2026-04-12 08:12:14.769000+00:00,,,,,,,38.7746,42.6522,0.0605999999999999,,0.0,1.0,,,,0.9590937201163096
robot_4,lab,robot_anomaly_lab,2026-05-05 08:40:09.616000+00:00,,,,,,,54.2101,59.9108,0.0842,,0.0,1.0,,,,0.8570103445012183
robot_5,lab,robot_anomaly_lab,2026-05-06 19:39:26.442000+00:00,,,,,,,31.7113,50.2652,0.0151,,0.0,1.0,,,,0.9429244729066678
robot_3,hospital,robot_anomaly_hospital,2026-04-15 21:57:27.119000+00:00,,,,,,,33.1453,41.0411,0.0625,,0.0,1.0,,,,0.919162983114326
robot_5,hospital,robot_anomaly_hospital,2026-05-08 13:05:13.553000+00:00,,,,,,,43.5354,51.7221,0.0234999999999999,,0.0,1.0,,,,0.8922454419476142
robot_3,outdoor,robot_anomaly_outdoor,2026-04-30 01:53:00.805000+00:00,,,,,,,20.433,47.7592,0.1129,,0.0,1.0,,,,0.8817211033298019
robot_4,outdoor,robot_anomaly_outdoor,2026-04-11 17:43:30.476000+00:00,,,,,,,41.5427,45.7642,0.0359,,0.0,1.0,,,,0.9060019499751906
robot_2,warehouse,robot_anomaly_warehouse,2026-04-22 20:42:27.098000+00:00,,,,,,,449.7653,10.0242,0.0726,,1.0,0.0,,,,0.5049564239191117
robot_1,lab,robot_anomaly_lab,2026-04-14 15:51:06.814000+00:00,,,,,,,120.0,12.9975,0.0754,,1.0,0.0,,,,0.6419805643904405
robot_5,warehouse,robot_anomaly_warehouse,2026-04-25 00:21:36.016000+00:00,,,,,,,21.6977,48.9025,0.0883,,0.0,1.0,,,,0.8656366800667907
robot_2,hospital,robot_anomaly_hospital,2026-04-17 16:20:45.195000+00:00,,,,,,,200.7995,1.0,0.0948,,1.0,0.0,,,,0.6693430558476959
robot_4,warehouse,robot_anomaly_warehouse,2026-04-16 14:20:38.484000+00:00,,,,,,,13.6916,43.2757,0.0181999999999999,,1.0,0.0,,,,0.7752739422386702
robot_2,warehouse,robot_anomaly_warehouse,2026-04-18 14:06:53.950000+00:00,,,,,,,29.5672,48.3456,0.0483,,0.0,1.0,,,,0.8800549310861279
robot_3,lab,robot_anomaly_lab,2026-04-11 05:42:55.717000+00:00,,,,,,,43.0023,56.8996,0.0578999999999999,,0.0,1.0,,,,0.8620604730769807
robot_4,lab,robot_anomaly_lab,2026-05-02 14:25:26.181000+00:00,,,,,,,29.6298,52.5408,0.0315999999999999,,0.0,1.0,,,,0.9159767811239046
robot_2,hospital,robot_anomaly_hospital,2026-05-10 12:27:32.670000+00:00,,,,,,,37.8761,39.1195,0.0302,,0.0,1.0,,,,0.92607470268405
robot_3,warehouse,robot_anomaly_warehouse,2026-04-27 06:12:33.993000+00:00,,,,,,,244.5918,9.8352,0.1047,,1.0,0.0,,,,0.6334199990816893
robot_4,warehouse,robot_anomaly_warehouse,2026-04-25 00:42:56+00:00,,,,,,,35.7792,59.9693,0.0587999999999999,,0.0,1.0,,,,0.9480388837891808
robot_4,lab,robot_anomaly_lab,2026-04-13 23:00:43.310000+00:00,,,,,,,33.6928,44.493,0.0141,,0.0,1.0,,,,0.9409706539645076
robot_3,warehouse,robot_anomaly_warehouse,2026-04-28 19:13:56.378000+00:00,,,,,,,23.9959,40.3183,0.0624,,0.0,1.0,,,,0.8747230757288291
robot_1,warehouse,robot_anomaly_warehouse,2026-05-10 03:21:41.175000+00:00,,,,,,,31.9348,51.1062,0.0765,,0.0,1.0,,,,0.912242488681071
robot_3,outdoor,robot_anomaly_outdoor,2026-05-10 17:02:53.539000+00:00,,,,,,,35.086,43.5464,0.1026,,0.0,1.0,,,,0.9362708562403896
robot_2,outdoor,robot_anomaly_outdoor,2026-04-13 09:12:39.625000+00:00,,,,,,,41.1402,46.933,0.0800999999999999,,0.0,1.0,,,,0.9123637800545362
robot_4,hospital,robot_anomaly_hospital,2026-04-16 11:43:34.074000+00:00,,,,,,,23.3454,63.7353,0.0576999999999999,,0.0,1.0,,,,0.8859844732936102
robot_2,outdoor,robot_anomaly_outdoor,2026-05-04 08:24:29.821000+00:00,,,,,,,28.8498,50.3129,0.0252999999999999,,0.0,1.0,,,,0.929015883181307
robot_5,hospital,robot_anomaly_hospital,2026-04-16 12:49:19.048000+00:00,,,,,,,39.0467,48.1008,0.1143999999999999,,0.0,1.0,,,,0.8607789341657263
robot_1,hospital,robot_anomaly_hospital,2026-05-03 17:03:09.910000+00:00,,,,,,,24.4954,63.1434,0.0389,,0.0,1.0,,,,0.926173606986286
robot_2,lab,robot_anomaly_lab,2026-04-30 04:42:51.092000+00:00,,,,,,,38.956,42.1958,0.0409,,0.0,1.0,,,,0.8993461936762891
robot_1,lab,robot_anomaly_lab,2026-05-07 06:18:49.115000+00:00,,,,,,,41.5078,56.5348,0.0592,,0.0,1.0,,,,0.9066200678814884
robot_3,warehouse,robot_anomaly_warehouse,2026-04-21 00:37:30.168000+00:00,,,,,,,56.8858,38.7152,0.0048,,1.0,0.0,,,,0.7254186795988838
robot_5,lab,robot_anomaly_lab,2026-05-10 07:31:16.066000+00:00,,,,,,,44.7913,65.2956,0.0266999999999999,,0.0,1.0,,,,0.8765145078859377
robot_3,hospital,robot_anomaly_hospital,2026-04-15 00:48:39.017000+00:00,,,,,,,57.7699,39.3868,0.0804,,0.0,1.0,,,,0.8769143457494428
robot_5,outdoor,robot_anomaly_outdoor,2026-05-08 22:02:06.754000+00:00,,,,,,,50.163,38.6139,0.0536999999999999,,0.0,1.0,,,,0.8982632971401291
robot_5,outdoor,robot_anomaly_outdoor,2026-05-10 02:38:12.999000+00:00,,,,,,,39.8544,53.6622,0.0043999999999999,,0.0,1.0,,,,0.9396313292627454
robot_3,lab,robot_anomaly_lab,2026-04-11 10:44:25.782000+00:00,,,,,,,50.5343,53.9622,0.0574999999999999,,0.0,1.0,,,,0.8907968567702739
robot_5,outdoor,robot_anomaly_outdoor,2026-05-05 07:37:36.195000+00:00,,,,,,,42.6604,38.2151,0.0657999999999999,,0.0,1.0,,,,0.8745981076557415
robot_5,warehouse,robot_anomaly_warehouse,2026-05-02 03:20:14.244000+00:00,,,,,,,58.3358,42.3822,0.0797,,0.0,1.0,,,,0.8689613572770115
robot_3,hospital,robot_anomaly_hospital,2026-04-16 07:12:53.718000+00:00,,,,,,,36.3159,39.4568,0.0043999999999999,,0.0,1.0,,,,0.9234764881478782
robot_4,warehouse,robot_anomaly_warehouse,2026-05-04 09:38:11.475000+00:00,,,,,,,19.3855,55.3267,0.0796,,0.0,1.0,,,,0.9423079813548482
robot_2,hospital,robot_anomaly_hospital,2026-05-02 14:26:36.660000+00:00,,,,,,,17.0147,61.7081,0.0239,,0.0,1.0,,,,0.914078496599165
robot_1,outdoor,robot_anomaly_outdoor,2026-04-13 19:05:19.324000+00:00,,,,,,,29.5654,45.1942,0.8028,,1.0,0.0,,,,0.5092793448165702
robot_3,lab,robot_anomaly_lab,2026-04-13 20:46:22.392000+00:00,,,,,,,35.8343,42.781,0.002,,0.0,1.0,,,,0.9210834483536784
robot_2,lab,robot_anomaly_lab,2026-04-14 06:04:06.321000+00:00,,,,,,,32.2496,54.7019,0.0345999999999999,,1.0,0.0,,,,0.7732781258218532
robot_4,lab,robot_anomaly_lab,2026-05-02 02:24:00.379000+00:00,,,,,,,35.8138,48.389,0.0103999999999999,,1.0,0.0,,,,0.6740343289677668
robot_3,outdoor,robot_anomaly_outdoor,2026-04-17 02:23:53.351000+00:00,,,,,,,40.2999,45.61,0.022,,0.0,1.0,,,,0.9665228107747706
robot_1,hospital,robot_anomaly_hospital,2026-04-17 08:58:04.909000+00:00,,,,,,,18.0335,42.0133,0.0244999999999999,,0.0,1.0,,,,0.9412552824666566
robot_1,hospital,robot_anomaly_hospital,2026-04-21 14:18:13.991000+00:00,,,,,,,35.2072,65.5942,0.0639999999999999,,1.0,0.0,,,,0.7046840452776791
robot_1,hospital,robot_anomaly_hospital,2026-04-14 19:28:53.394000+00:00,,,,,,,45.3798,57.8997,0.0,,0.0,1.0,,,,0.9023058528655504
robot_4,outdoor,robot_anomaly_outdoor,2026-04-17 10:34:42.272000+00:00,,,,,,,44.5937,33.705,0.0189,,0.0,1.0,,,,0.9137040087776775
robot_3,hospital,robot_anomaly_hospital,2026-04-18 16:57:10.955000+00:00,,,,,,,314.1356,10.7925,0.0847999999999999,,1.0,0.0,,,,0.6313922689665702
robot_3,outdoor,robot_anomaly_outdoor,2026-04-27 23:45:50.205000+00:00,,,,,,,28.6551,46.2044,0.0950999999999999,,0.0,1.0,,,,0.8934730596297553
robot_1,outdoor,robot_anomaly_outdoor,2026-04-12 04:36:52.676000+00:00,,,,,,,47.6086,50.081,0.0188,,0.0,1.0,,,,0.9326826508772964
robot_2,hospital,robot_anomaly_hospital,2026-05-08 12:01:20.442000+00:00,,,,,,,38.3167,55.576,0.0401,,0.0,1.0,,,,0.8835960627164134
robot_1,outdoor,robot_anomaly_outdoor,2026-04-20 17:11:16.205000+00:00,,,,,,,33.4425,47.526,0.0322,,0.0,1.0,,,,0.9152952499573236
robot_5,warehouse,robot_anomaly_warehouse,2026-04-14 06:56:36.577000+00:00,,,,,,,27.0156,30.0,0.0221,,0.0,1.0,,,,0.9333612927888992
robot_1,outdoor,robot_anomaly_outdoor,2026-04-15 10:02:43.210000+00:00,,,,,,,57.5156,57.5685,0.0322999999999999,,0.0,1.0,,,,0.864942083839656
robot_4,lab,robot_anomaly_lab,2026-05-07 11:05:03.738000+00:00,,,,,,,20.2877,44.7001,0.0455999999999999,,0.0,1.0,,,,0.9494286100233384
robot_5,lab,robot_anomaly_lab,2026-04-13 06:29:58.301000+00:00,,,,,,,26.3562,44.8683,0.0239,,0.0,1.0,,,,0.9081842307282546
robot_3,warehouse,robot_anomaly_warehouse,2026-05-10 09:59:00.441000+00:00,,,,,,,30.0349,43.4595,0.0880999999999999,,1.0,0.0,,,,0.7652947978494167
robot_3,lab,robot_anomaly_lab,2026-05-07 21:45:51.341000+00:00,,,,,,,27.6078,55.2217,0.037,,0.0,1.0,,,,0.8998188437445227
robot_1,outdoor,robot_anomaly_outdoor,2026-05-07 11:15:19.227000+00:00,,,,,,,37.6443,53.6726,0.0293999999999999,,0.0,1.0,,,,0.9177613241899452
robot_4,lab,robot_anomaly_lab,2026-04-18 02:20:33.330000+00:00,,,,,,,43.7657,59.0357,0.0162999999999999,,0.0,1.0,,,,0.9003003648903919
robot_1,outdoor,robot_anomaly_outdoor,2026-04-17 07:04:34.651000+00:00,,,,,,,40.1822,54.0793,0.0943,,0.0,1.0,,,,0.901263028738714
robot_1,hospital,robot_anomaly_hospital,2026-04-26 13:50:02.097000+00:00,,,,,,,29.6784,45.1085,0.0857999999999999,,0.0,1.0,,,,0.9730282695918344
robot_2,outdoor,robot_anomaly_outdoor,2026-05-04 00:23:13.473000+00:00,,,,,,,31.7992,52.0527,0.0419,,0.0,1.0,,,,0.8770564924598417
robot_5,outdoor,robot_anomaly_outdoor,2026-04-13 06:57:44.677000+00:00,,,,,,,39.9571,45.2105,0.0716,,0.0,1.0,,,,0.8758396393039212
robot_2,outdoor,robot_anomaly_outdoor,2026-04-14 01:57:51.576000+00:00,,,,,,,34.3434,65.4564,0.7067,,1.0,0.0,,,,0.5991911292262384
robot_5,warehouse,robot_anomaly_warehouse,2026-05-09 22:25:51.981000+00:00,,,,,,,31.0071,50.1015,0.0977,,0.0,1.0,,,,0.8886887948906839
robot_2,lab,robot_anomaly_lab,2026-04-25 06:15:23.554000+00:00,,,,,,,48.8642,64.2415,0.0930999999999999,,0.0,1.0,,,,0.8806332462425418
robot_2,outdoor,robot_anomaly_outdoor,2026-04-30 13:48:30.043000+00:00,,,,,,,26.3057,41.413,0.0076,,0.0,1.0,,,,0.9872556658824492
robot_4,lab,robot_anomaly_lab,2026-04-30 00:01:53.311000+00:00,,,,,,,43.6171,54.9034,0.0495999999999999,,1.0,0.0,,,,0.5440624115879922
robot_4,warehouse,robot_anomaly_warehouse,2026-04-23 19:50:35.387000+00:00,,,,,,,16.4401,55.1701,0.0746999999999999,,0.0,1.0,,,,0.9363465141920546
robot_3,hospital,robot_anomaly_hospital,2026-04-12 19:56:47.835000+00:00,,,,,,,56.8647,53.2523,0.0726999999999999,,0.0,1.0,,,,0.8520443643803827
robot_2,hospital,robot_anomaly_hospital,2026-04-18 03:35:51.833000+00:00,,,,,,,28.2556,38.9985,0.0891999999999999,,0.0,1.0,,,,0.9151991402571994
robot_1,hospital,robot_anomaly_hospital,2026-04-22 11:53:09.966000+00:00,,,,,,,36.7308,43.3918,0.0137,,0.0,1.0,,,,0.9233061626953152
robot_4,hospital,robot_anomaly_hospital,2026-04-30 07:15:36.955000+00:00,,,,,,,31.7501,51.641,0.0209,,0.0,1.0,,,,0.9810806004325184
robot_3,hospital,robot_anomaly_hospital,2026-04-12 16:20:03.640000+00:00,,,,,,,31.3638,47.1337,0.1112999999999999,,0.0,1.0,,,,0.8951968111373733
robot_3,lab,robot_anomaly_lab,2026-04-28 17:52:13.728000+00:00,,,,,,,21.0061,39.5905,0.0413999999999999,,0.0,1.0,,,,0.8991048733466791
robot_3,hospital,robot_anomaly_hospital,2026-04-24 17:31:12.171000+00:00,,,,,,,39.2715,46.7615,0.047,,0.0,1.0,,,,0.8835553744218958
robot_2,hospital,robot_anomaly_hospital,2026-05-10 04:33:12.628000+00:00,,,,,,,31.9793,68.2964,0.0131999999999999,,0.0,1.0,,,,0.9204725882597224
robot_1,hospital,robot_anomaly_hospital,2026-04-26 11:47:31.420000+00:00,,,,,,,37.4842,51.7049,0.0165999999999999,,1.0,0.0,,,,0.5795381423308434
robot_5,lab,robot_anomaly_lab,2026-04-15 08:39:49.306000+00:00,,,,,,,15.3205,60.8537,0.1071999999999999,,0.0,1.0,,,,0.8648165917023892
robot_2,hospital,robot_anomaly_hospital,2026-05-03 05:33:06.053000+00:00,,,,,,,35.5523,55.0597,0.0624,,0.0,1.0,,,,0.878720281560421
robot_4,outdoor,robot_anomaly_outdoor,2026-04-30 22:03:55.006000+00:00,,,,,,,40.0736,49.264,0.0681,,0.0,1.0,,,,0.8738675645671746
robot_4,hospital,robot_anomaly_hospital,2026-04-18 16:54:36.618000+00:00,,,,,,,42.2148,61.8693,0.0776999999999999,,0.0,1.0,,,,0.8952324938171735
robot_1,warehouse,robot_anomaly_warehouse,2026-04-22 04:16:43.261000+00:00,,,,,,,39.1363,50.0929,0.0824,,0.0,1.0,,,,0.947938850550073
robot_1,lab,robot_anomaly_lab,2026-04-26 20:33:37.710000+00:00,,,,,,,40.7746,56.1876,0.0898999999999999,,0.0,1.0,,,,0.8507906468534714
robot_4,warehouse,robot_anomaly_warehouse,2026-04-14 05:12:20.328000+00:00,,,,,,,31.91,50.0897,0.0292999999999999,,0.0,1.0,,,,0.9747760644656548
robot_5,warehouse,robot_anomaly_warehouse,2026-04-27 10:49:26.513000+00:00,,,,,,,41.8705,49.0973,0.1029999999999999,,0.0,1.0,,,,0.9050792978228483
robot_4,warehouse,robot_anomaly_warehouse,2026-04-26 05:48:22.697000+00:00,,,,,,,39.2889,45.6624,0.0352,,1.0,0.0,,,,0.5702479492310385
robot_4,lab,robot_anomaly_lab,2026-05-02 11:13:14.841000+00:00,,,,,,,205.0348,1.0,0.0642,,1.0,0.0,,,,0.6949022987997406
robot_3,lab,robot_anomaly_lab,2026-04-28 18:06:41.513000+00:00,,,,,,,22.2863,40.3722,0.0229,,0.0,1.0,,,,0.935341240022906
robot_4,lab,robot_anomaly_lab,2026-05-03 12:26:18.553000+00:00,,,,,,,25.731,43.3035,0.032,,1.0,0.0,,,,0.7303655426753762
robot_1,warehouse,robot_anomaly_warehouse,2026-05-06 23:26:37.008000+00:00,,,,,,,41.4965,40.3673,0.0316999999999999,,0.0,1.0,,,,0.9046200982089988
robot_5,warehouse,robot_anomaly_warehouse,2026-04-13 20:34:04.693000+00:00,,,,,,,15.7476,57.0795,0.0,,0.0,1.0,,,,0.92908431850564
robot_3,warehouse,robot_anomaly_warehouse,2026-05-06 14:26:04.371000+00:00,,,,,,,37.1496,46.6296,0.0786,,1.0,0.0,,,,0.7672431511694109
robot_2,outdoor,robot_anomaly_outdoor,2026-05-08 04:50:37.046000+00:00,,,,,,,27.686,68.2679,0.0983,,0.0,1.0,,,,0.9690803169599348
robot_4,hospital,robot_anomaly_hospital,2026-05-02 12:53:04.320000+00:00,,,,,,,43.5313,47.0952,0.0629999999999999,,1.0,0.0,,,,0.6574040671641608
robot_2,outdoor,robot_anomaly_outdoor,2026-04-20 10:00:45.347000+00:00,,,,,,,36.0621,48.6046,0.0234999999999999,,0.0,1.0,,,,0.9772852817545594
robot_3,outdoor,robot_anomaly_outdoor,2026-05-04 01:45:46.530000+00:00,,,,,,,31.4243,44.4689,0.0434999999999999,,0.0,1.0,,,,0.9719137824728286
robot_4,hospital,robot_anomaly_hospital,2026-05-04 22:59:12.282000+00:00,,,,,,,29.5106,71.6526,0.0628999999999999,,0.0,1.0,,,,0.9163372050959774
robot_3,hospital,robot_anomaly_hospital,2026-04-15 07:37:28.995000+00:00,,,,,,,24.7348,53.932,0.0442,,0.0,1.0,,,,0.8939642134656853
robot_4,outdoor,robot_anomaly_outdoor,2026-04-17 01:13:14.309000+00:00,,,,,,,27.872,67.9801,0.0252,,0.0,1.0,,,,0.9519424275812034
robot_4,lab,robot_anomaly_lab,2026-04-18 09:42:54.885000+00:00,,,,,,,20.1867,64.0421,0.0441,,0.0,1.0,,,,0.9022743808713964
robot_5,hospital,robot_anomaly_hospital,2026-04-14 07:08:43.262000+00:00,,,,,,,37.0444,56.2964,0.036,,0.0,1.0,,,,0.9445715693643922
robot_4,lab,robot_anomaly_lab,2026-05-08 15:07:39.313000+00:00,,,,,,,41.8841,55.6884,0.0171,,0.0,1.0,,,,0.9672624198080058
robot_4,lab,robot_anomaly_lab,2026-04-15 17:01:38.285000+00:00,,,,,,,42.8315,55.9608,0.0034999999999999,,0.0,1.0,,,,0.9107101187674712
robot_1,hospital,robot_anomaly_hospital,2026-04-23 23:21:38.875000+00:00,,,,,,,41.036,54.0263,0.0215999999999999,,0.0,1.0,,,,0.8416726753763685
robot_4,warehouse,robot_anomaly_warehouse,2026-05-07 13:53:21.444000+00:00,,,,,,,49.7225,47.6416,0.0352,,0.0,1.0,,,,0.892350705325382
robot_5,hospital,robot_anomaly_hospital,2026-04-30 16:11:27.131000+00:00,,,,,,,38.9223,41.1073,0.0198,,1.0,0.0,,,,0.7140136768226066
robot_4,outdoor,robot_anomaly_outdoor,2026-04-30 13:25:38.604000+00:00,,,,,,,34.7186,42.2362,0.0739999999999999,,0.0,1.0,,,,0.9128613874241932
robot_5,outdoor,robot_anomaly_outdoor,2026-05-03 03:30:20.196000+00:00,,,,,,,22.4005,48.0693,0.0256999999999999,,0.0,1.0,,,,0.9320924258138864
robot_1,warehouse,robot_anomaly_warehouse,2026-04-25 18:17:01.795000+00:00,,,,,,,21.0075,46.3896,0.0574,,0.0,1.0,,,,0.8651963826765441
robot_3,outdoor,robot_anomaly_outdoor,2026-04-11 13:14:20.397000+00:00,,,,,,,31.2097,44.2402,0.0272,,0.0,1.0,,,,0.9830500537663174
robot_5,warehouse,robot_anomaly_warehouse,2026-04-25 23:08:12.102000+00:00,,,,,,,30.668,59.8153,0.0083999999999999,,0.0,1.0,,,,0.916024616381764
robot_4,hospital,robot_anomaly_hospital,2026-05-01 09:14:05.728000+00:00,,,,,,,42.9811,32.5255,0.0409,,0.0,1.0,,,,0.9323146130016966
robot_5,warehouse,robot_anomaly_warehouse,2026-04-27 11:44:35.630000+00:00,,,,,,,37.2836,42.7784,0.025,,0.0,1.0,,,,0.8429172345577427
robot_2,lab,robot_anomaly_lab,2026-05-09 12:12:27.026000+00:00,,,,,,,21.707,54.5241,0.0461,,0.0,1.0,,,,0.8988218108258179
robot_1,outdoor,robot_anomaly_outdoor,2026-04-13 02:42:56.701000+00:00,,,,,,,51.1068,55.3185,0.0692,,1.0,0.0,,,,0.7005276968685867
robot_4,hospital,robot_anomaly_hospital,2026-04-12 01:39:36.108000+00:00,,,,,,,43.1187,51.8251,0.0622,,0.0,1.0,,,,0.9604578152352036
robot_1,outdoor,robot_anomaly_outdoor,2026-04-17 20:39:13.498000+00:00,,,,,,,35.0112,60.8038,0.0088,,0.0,1.0,,,,0.8978681762282952
robot_3,warehouse,robot_anomaly_warehouse,2026-04-18 12:19:26.855000+00:00,,,,,,,37.0454,50.858,0.0729999999999999,,1.0,0.0,,,,0.6852990298049335
robot_1,lab,robot_anomaly_lab,2026-04-14 18:02:31.844000+00:00,,,,,,,42.6599,54.9466,0.0503,,0.0,1.0,,,,0.9302877924159312
robot_3,outdoor,robot_anomaly_outdoor,2026-05-09 13:40:50.091000+00:00,,,,,,,45.7092,40.7216,0.0638999999999999,,0.0,1.0,,,,0.8734734871581649
robot_2,warehouse,robot_anomaly_warehouse,2026-05-05 08:05:13.964000+00:00,,,,,,,22.4293,43.6467,0.0528999999999999,,0.0,1.0,,,,0.8865621625687148
robot_1,hospital,robot_anomaly_hospital,2026-04-11 23:39:24.093000+00:00,,,,,,,25.9287,42.931,0.0595999999999999,,0.0,1.0,,,,0.9495795149699272
robot_3,outdoor,robot_anomaly_outdoor,2026-05-05 00:48:46.853000+00:00,,,,,,,30.7425,57.5284,0.0041999999999999,,1.0,0.0,,,,0.7042889096493272
robot_5,hospital,robot_anomaly_hospital,2026-05-07 08:08:49.143000+00:00,,,,,,,21.8528,54.0216,0.0998,,0.0,1.0,,,,0.875102580218193
robot_3,lab,robot_anomaly_lab,2026-05-03 02:12:46.069000+00:00,,,,,,,46.6041,58.9622,0.0359,,0.0,1.0,,,,0.8720757988833918
robot_1,lab,robot_anomaly_lab,2026-04-25 08:11:23.690000+00:00,,,,,,,42.3754,49.3257,0.1061999999999999,,0.0,1.0,,,,0.8947469286494767
robot_5,outdoor,robot_anomaly_outdoor,2026-05-10 07:53:55.773000+00:00,,,,,,,38.5524,56.039,0.0322,,0.0,1.0,,,,0.8598494689390501
robot_3,hospital,robot_anomaly_hospital,2026-04-18 10:03:07.398000+00:00,,,,,,,23.5449,43.8903,0.0201,,0.0,1.0,,,,0.9148992801921894
robot_1,lab,robot_anomaly_lab,2026-04-27 01:39:39.841000+00:00,,,,,,,19.9271,45.3212,0.0602,,1.0,0.0,,,,0.6986330087625888
robot_1,hospital,robot_anomaly_hospital,2026-04-20 15:47:20.680000+00:00,,,,,,,28.8982,54.853,0.0659999999999999,,0.0,1.0,,,,0.9267903688781682
robot_1,outdoor,robot_anomaly_outdoor,2026-05-08 18:16:15.443000+00:00,,,,,,,27.6795,36.319,0.0856,,1.0,0.0,,,,0.6813039214042761
robot_2,hospital,robot_anomaly_hospital,2026-04-15 13:30:36.797000+00:00,,,,,,,16.1715,55.7211,0.6163000000000001,,1.0,0.0,,,,0.6201043969646015
robot_5,outdoor,robot_anomaly_outdoor,2026-04-11 18:46:57.367000+00:00,,,,,,,36.4741,42.7647,0.0171,,0.0,1.0,,,,0.9134306411199546
robot_1,warehouse,robot_anomaly_warehouse,2026-04-26 13:47:52.856000+00:00,,,,,,,32.934,41.5269,0.0504,,0.0,1.0,,,,0.9063085252343444
robot_2,warehouse,robot_anomaly_warehouse,2026-05-09 02:24:17.700000+00:00,,,,,,,319.9491,1.0,0.0431,,1.0,0.0,,,,0.6018844162702678
robot_5,warehouse,robot_anomaly_warehouse,2026-04-19 15:53:08.730000+00:00,,,,,,,29.9159,51.8287,0.0603,,0.0,1.0,,,,0.9272815588025944
robot_2,warehouse,robot_anomaly_warehouse,2026-04-13 08:29:00.668000+00:00,,,,,,,46.6957,46.6381,0.0443999999999999,,0.0,1.0,,,,0.877931849224933
robot_2,lab,robot_anomaly_lab,2026-04-10 22:36:52.711000+00:00,,,,,,,37.2306,55.6554,0.1311999999999999,,0.0,1.0,,,,0.9468358077861938
robot_1,outdoor,robot_anomaly_outdoor,2026-04-11 13:26:03.035000+00:00,,,,,,,33.3293,52.6934,0.0954,,0.0,1.0,,,,0.928127796649562
robot_3,outdoor,robot_anomaly_outdoor,2026-05-08 03:31:13.986000+00:00,,,,,,,45.3444,47.3739,0.0717999999999999,,0.0,1.0,,,,0.9149541138286696
robot_5,warehouse,robot_anomaly_warehouse,2026-04-17 16:32:27.695000+00:00,,,,,,,38.222,58.119,0.0339,,1.0,0.0,,,,0.6713544609374867
robot_4,hospital,robot_anomaly_hospital,2026-04-23 05:17:08.113000+00:00,,,,,,,33.1265,45.8653,0.0856,,0.0,1.0,,,,0.9004236920402648
robot_2,lab,robot_anomaly_lab,2026-05-02 12:50:52.113000+00:00,,,,,,,37.4017,51.9508,0.022,,0.0,1.0,,,,0.9402996498637444
robot_5,hospital,robot_anomaly_hospital,2026-05-01 19:41:43.336000+00:00,,,,,,,34.1784,60.1986,0.0605999999999999,,0.0,1.0,,,,0.9039159268489536
robot_3,lab,robot_anomaly_lab,2026-05-08 03:43:37.278000+00:00,,,,,,,27.9922,42.8478,0.0465999999999999,,0.0,1.0,,,,0.925619675339294
robot_5,warehouse,robot_anomaly_warehouse,2026-05-01 16:18:58.466000+00:00,,,,,,,42.3509,47.7245,0.6564,,1.0,0.0,,,,0.5738045170206609
robot_1,warehouse,robot_anomaly_warehouse,2026-04-19 14:11:48.501000+00:00,,,,,,,38.7688,56.6674,0.0744,,0.0,1.0,,,,0.9406752230193928
robot_2,hospital,robot_anomaly_hospital,2026-04-14 16:22:21.032000+00:00,,,,,,,44.5982,46.7955,0.0825,,0.0,1.0,,,,0.9184299503587732
robot_1,hospital,robot_anomaly_hospital,2026-05-03 01:08:53.932000+00:00,,,,,,,26.1623,47.3646,0.0963,,0.0,1.0,,,,0.938918636324372
robot_1,warehouse,robot_anomaly_warehouse,2026-04-18 22:23:46.064000+00:00,,,,,,,40.414,46.0868,0.0880999999999999,,0.0,1.0,,,,0.8718030610756327
robot_3,outdoor,robot_anomaly_outdoor,2026-04-20 03:51:45.407000+00:00,,,,,,,31.4313,41.079,0.0752,,0.0,1.0,,,,0.9383555765881908
robot_4,outdoor,robot_anomaly_outdoor,2026-04-22 23:44:40.403000+00:00,,,,,,,28.0547,58.8494,0.0872,,0.0,1.0,,,,0.961625821646769
robot_4,lab,robot_anomaly_lab,2026-04-25 11:40:52.893000+00:00,,,,,,,34.6936,53.3351,0.0910999999999999,,1.0,0.0,,,,0.6439815313452202
robot_2,lab,robot_anomaly_lab,2026-04-12 21:52:54.387000+00:00,,,,,,,37.4669,40.2919,0.0381,,1.0,0.0,,,,0.5920315501056718
robot_4,warehouse,robot_anomaly_warehouse,2026-04-24 12:22:02.001000+00:00,,,,,,,49.5493,56.4455,0.0604,,0.0,1.0,,,,0.8321079399701115
robot_3,hospital,robot_anomaly_hospital,2026-05-04 17:31:52.962000+00:00,,,,,,,46.7615,46.1921,0.0252,,0.0,1.0,,,,0.9366009600007712
robot_3,warehouse,robot_anomaly_warehouse,2026-05-08 04:20:29.246000+00:00,,,,,,,37.0317,58.7812,0.0321,,0.0,1.0,,,,0.9322150464937916
robot_5,lab,robot_anomaly_lab,2026-04-20 09:47:59.857000+00:00,,,,,,,43.193,63.1328,0.0783,,1.0,0.0,,,,0.5758415954407736
robot_1,hospital,robot_anomaly_hospital,2026-04-19 14:24:41.878000+00:00,,,,,,,59.3344,47.6539,0.0442,,1.0,0.0,,,,0.6846067277415075
robot_3,warehouse,robot_anomaly_warehouse,2026-04-20 08:45:03.507000+00:00,,,,,,,26.742,52.7738,0.0121,,0.0,1.0,,,,0.9119938995854008
robot_2,warehouse,robot_anomaly_warehouse,2026-04-17 16:17:19.889000+00:00,,,,,,,29.1025,54.5971,0.0524,,0.0,1.0,,,,0.916963788824166
robot_3,hospital,robot_anomaly_hospital,2026-04-21 14:04:51.695000+00:00,,,,,,,22.6159,53.512,0.0271,,0.0,1.0,,,,0.8782602863664103
robot_1,warehouse,robot_anomaly_warehouse,2026-04-20 04:01:04.550000+00:00,,,,,,,29.941,36.9362,0.0472,,0.0,1.0,,,,0.902452360569564
robot_5,lab,robot_anomaly_lab,2026-04-25 15:30:52.487000+00:00,,,,,,,24.5221,49.7738,0.0706,,0.0,1.0,,,,0.8649151116736171
robot_1,outdoor,robot_anomaly_outdoor,2026-04-26 02:38:04.945000+00:00,,,,,,,35.2974,51.1728,0.0225999999999999,,1.0,0.0,,,,0.670286217577737
robot_2,warehouse,robot_anomaly_warehouse,2026-04-15 14:29:16.489000+00:00,,,,,,,22.5609,57.4262,0.0764,,0.0,1.0,,,,0.9464810443151686
robot_3,lab,robot_anomaly_lab,2026-05-06 14:32:00.408000+00:00,,,,,,,43.2586,52.5423,0.0538999999999999,,0.0,1.0,,,,0.9058240944386584
robot_3,hospital,robot_anomaly_hospital,2026-04-26 10:28:13.716000+00:00,,,,,,,40.1083,52.2938,0.0299,,0.0,1.0,,,,0.942999324021314
robot_5,warehouse,robot_anomaly_warehouse,2026-05-07 02:38:14.334000+00:00,,,,,,,46.1229,55.8137,0.0282,,0.0,1.0,,,,0.9098342951567304
robot_3,warehouse,robot_anomaly_warehouse,2026-04-25 12:12:51.444000+00:00,,,,,,,277.5198,8.9565,0.0557999999999999,,1.0,0.0,,,,0.601342376761735
robot_1,hospital,robot_anomaly_hospital,2026-04-13 06:57:04.166000+00:00,,,,,,,50.7655,55.8121,0.0806,,0.0,1.0,,,,0.8654353533205054
robot_5,warehouse,robot_anomaly_warehouse,2026-04-17 12:41:37.564000+00:00,,,,,,,28.4043,53.8849,0.0747999999999999,,0.0,1.0,,,,0.938757318882854
robot_1,outdoor,robot_anomaly_outdoor,2026-04-24 10:18:55.668000+00:00,,,,,,,38.6732,56.4769,0.0947,,0.0,1.0,,,,0.8960962957317651
robot_2,outdoor,robot_anomaly_outdoor,2026-04-14 09:31:13.683000+00:00,,,,,,,39.7479,42.2758,0.0743,,1.0,0.0,,,,0.4910587221199341
robot_2,hospital,robot_anomaly_hospital,2026-04-30 02:09:13.978000+00:00,,,,,,,62.9896,51.7785,0.1055,,0.0,1.0,,,,0.8480875709555811
robot_3,warehouse,robot_anomaly_warehouse,2026-04-20 05:30:18.914000+00:00,,,,,,,37.3357,53.1802,0.4181,,1.0,0.0,,,,0.6474560306037926
robot_5,warehouse,robot_anomaly_warehouse,2026-05-02 23:49:18.018000+00:00,,,,,,,32.8366,50.9307,0.0439,,1.0,0.0,,,,0.7697182516498658
robot_4,hospital,robot_anomaly_hospital,2026-04-17 00:47:56.614000+00:00,,,,,,,24.376,54.1098,0.0383999999999999,,0.0,1.0,,,,0.970631273234124
robot_2,outdoor,robot_anomaly_outdoor,2026-04-28 06:16:10.225000+00:00,,,,,,,33.3548,44.248,0.0928999999999999,,1.0,0.0,,,,0.7213972909383846
robot_5,hospital,robot_anomaly_hospital,2026-05-05 06:33:01.520000+00:00,,,,,,,34.6178,41.6919,0.1061999999999999,,0.0,1.0,,,,0.8878010260765061
robot_5,lab,robot_anomaly_lab,2026-05-02 12:19:52.384000+00:00,,,,,,,29.1192,36.6829,0.0341,,0.0,1.0,,,,0.935025962401786
robot_1,outdoor,robot_anomaly_outdoor,2026-04-19 11:43:55.845000+00:00,,,,,,,21.0201,44.418,0.0232,,0.0,1.0,,,,0.9459339885794508
robot_3,lab,robot_anomaly_lab,2026-05-03 12:43:24.428000+00:00,,,,,,,42.6426,59.9411,0.0263999999999999,,0.0,1.0,,,,0.8915076508079668
robot_2,lab,robot_anomaly_lab,2026-04-25 11:09:14.600000+00:00,,,,,,,28.2667,62.1641,0.1039999999999999,,0.0,1.0,,,,0.8853010951990645
robot_5,hospital,robot_anomaly_hospital,2026-05-09 04:56:09.955000+00:00,,,,,,,39.5296,39.0181,0.0719999999999999,,0.0,1.0,,,,0.9528395563351232
robot_1,hospital,robot_anomaly_hospital,2026-04-15 20:58:42.199000+00:00,,,,,,,18.4423,63.4835,0.0187,,0.0,1.0,,,,0.8971468857152919
robot_3,lab,robot_anomaly_lab,2026-04-16 03:20:36.058000+00:00,,,,,,,44.5158,30.6634,0.0879999999999999,,0.0,1.0,,,,0.8468258956583259
robot_2,hospital,robot_anomaly_hospital,2026-04-29 09:20:15.716000+00:00,,,,,,,26.4265,47.5348,0.0960999999999999,,0.0,1.0,,,,0.9149171851632234
robot_5,lab,robot_anomaly_lab,2026-04-23 15:13:12.608000+00:00,,,,,,,24.4982,31.1451,0.1170999999999999,,0.0,1.0,,,,0.9589016273580684
robot_3,outdoor,robot_anomaly_outdoor,2026-04-22 04:21:00.993000+00:00,,,,,,,33.7862,39.2666,0.5298,,1.0,0.0,,,,0.6269114954636407
robot_3,warehouse,robot_anomaly_warehouse,2026-05-03 01:00:37.975000+00:00,,,,,,,33.9786,32.5766,0.061,,0.0,1.0,,,,0.8595578376286456
robot_4,hospital,robot_anomaly_hospital,2026-04-20 14:36:36.340000+00:00,,,,,,,46.6154,43.9509,0.0967,,0.0,1.0,,,,0.9357662449903458
robot_1,lab,robot_anomaly_lab,2026-04-17 10:41:39.897000+00:00,,,,,,,49.376,48.5345,0.0789999999999999,,0.0,1.0,,,,0.9003605191693845
robot_4,warehouse,robot_anomaly_warehouse,2026-04-14 15:22:21.776000+00:00,,,,,,,45.464,35.882,0.0361,,0.0,1.0,,,,0.833520224931641
robot_4,lab,robot_anomaly_lab,2026-05-01 13:07:53.089000+00:00,,,,,,,37.9372,62.8537,0.0461,,0.0,1.0,,,,0.9172661108545144
robot_2,hospital,robot_anomaly_hospital,2026-04-19 10:56:00.711000+00:00,,,,,,,53.8148,53.8921,0.039,,1.0,0.0,,,,0.6166411479324743
robot_4,outdoor,robot_anomaly_outdoor,2026-04-11 22:48:55.749000+00:00,,,,,,,35.1444,48.6804,0.0385999999999999,,0.0,1.0,,,,0.8749377171757379
robot_1,hospital,robot_anomaly_hospital,2026-04-20 21:26:17.835000+00:00,,,,,,,40.8522,59.8917,0.0269,,0.0,1.0,,,,0.9199300870797896
robot_3,outdoor,robot_anomaly_outdoor,2026-04-16 03:08:16.177000+00:00,,,,,,,54.5531,64.632,0.0714,,0.0,1.0,,,,0.8576235874609577
robot_1,hospital,robot_anomaly_hospital,2026-05-02 13:08:53.032000+00:00,,,,,,,21.9107,41.4745,0.0777999999999999,,0.0,1.0,,,,0.8757893163981922
robot_1,outdoor,robot_anomaly_outdoor,2026-05-08 22:42:22.425000+00:00,,,,,,,27.2808,54.9659,0.0807999999999999,,0.0,1.0,,,,0.8846203636773732
robot_5,lab,robot_anomaly_lab,2026-04-11 03:22:20.747000+00:00,,,,,,,33.5546,58.1558,0.0343,,0.0,1.0,,,,0.9261184318800496
robot_5,lab,robot_anomaly_lab,2026-04-12 22:58:49.999000+00:00,,,,,,,31.3496,32.6838,0.0734,,1.0,0.0,,,,0.721301837715135
robot_2,lab,robot_anomaly_lab,2026-04-28 23:40:26.155000+00:00,,,,,,,28.8443,56.8241,0.0304999999999999,,0.0,1.0,,,,0.9385284729219678
robot_4,outdoor,robot_anomaly_outdoor,2026-04-20 00:41:41.102000+00:00,,,,,,,52.2523,57.0629,0.0224999999999999,,0.0,1.0,,,,0.9380842215898064
robot_2,warehouse,robot_anomaly_warehouse,2026-04-14 00:39:30.907000+00:00,,,,,,,39.9895,52.6444,0.0983,,0.0,1.0,,,,0.9294390580575754
robot_5,warehouse,robot_anomaly_warehouse,2026-04-16 03:20:16.417000+00:00,,,,,,,26.4739,40.9305,0.0011999999999999,,1.0,0.0,,,,0.6174645638715626
robot_2,warehouse,robot_anomaly_warehouse,2026-05-03 05:15:16.616000+00:00,,,,,,,30.9951,44.7717,0.0792,,0.0,1.0,,,,0.924371463463131
robot_1,outdoor,robot_anomaly_outdoor,2026-05-05 00:18:10.387000+00:00,,,,,,,39.9078,46.3284,0.0883,,0.0,1.0,,,,0.9026966493625485
robot_3,warehouse,robot_anomaly_warehouse,2026-04-29 14:55:33.750000+00:00,,,,,,,26.2024,34.1523,0.0810999999999999,,1.0,0.0,,,,0.6631110033434645
robot_1,outdoor,robot_anomaly_outdoor,2026-04-26 10:41:39.982000+00:00,,,,,,,28.4383,71.4791,0.0713,,0.0,1.0,,,,0.8872356433730723
robot_2,hospital,robot_anomaly_hospital,2026-04-13 19:47:32.359000+00:00,,,,,,,40.5517,44.9275,0.0697999999999999,,0.0,1.0,,,,0.9473128853447575
robot_5,hospital,robot_anomaly_hospital,2026-05-01 05:50:53.309000+00:00,,,,,,,25.5241,61.484,0.1008,,0.0,1.0,,,,0.9018605020023076
robot_3,warehouse,robot_anomaly_warehouse,2026-05-07 12:26:27.094000+00:00,,,,,,,35.3846,47.3929,0.047,,0.0,1.0,,,,0.966508636308792
robot_1,outdoor,robot_anomaly_outdoor,2026-05-05 03:08:15.966000+00:00,,,,,,,39.435,40.2524,0.0724,,0.0,1.0,,,,0.9013884263281832
robot_4,lab,robot_anomaly_lab,2026-04-30 15:29:33.738000+00:00,,,,,,,44.8677,55.5642,0.0323999999999999,,1.0,0.0,,,,0.7396903247865094
robot_3,warehouse,robot_anomaly_warehouse,2026-04-12 00:55:21.362000+00:00,,,,,,,30.2195,46.9048,0.0485999999999999,,0.0,1.0,,,,0.9498314733297664
robot_1,lab,robot_anomaly_lab,2026-05-05 12:02:07.087000+00:00,,,,,,,24.6945,46.6307,0.0898999999999999,,0.0,1.0,,,,0.8837851983557551
robot_4,outdoor,robot_anomaly_outdoor,2026-05-09 11:27:21.567000+00:00,,,,,,,36.0227,39.0393,0.0954,,0.0,1.0,,,,0.941672114490654
robot_3,warehouse,robot_anomaly_warehouse,2026-04-28 12:33:43.325000+00:00,,,,,,,23.51,66.8963,0.0552,,0.0,1.0,,,,0.942332317917357
robot_4,lab,robot_anomaly_lab,2026-04-14 03:40:42.658000+00:00,,,,,,,46.8349,46.8945,0.0128,,1.0,0.0,,,,0.5938212512834599
robot_3,hospital,robot_anomaly_hospital,2026-04-29 01:46:00.740000+00:00,,,,,,,29.7826,46.8004,0.0147,,0.0,1.0,,,,0.883293304051033
robot_5,lab,robot_anomaly_lab,2026-04-21 19:41:33.116000+00:00,,,,,,,30.1582,48.3943,0.0322,,0.0,1.0,,,,0.868927593856505
robot_5,lab,robot_anomaly_lab,2026-05-05 20:39:55.248000+00:00,,,,,,,30.721,49.361,0.0273999999999999,,0.0,1.0,,,,0.9142399501690068
robot_5,hospital,robot_anomaly_hospital,2026-05-03 21:10:15.773000+00:00,,,,,,,15.2512,51.5499,0.0091999999999999,,1.0,0.0,,,,0.6875943933347838
robot_2,lab,robot_anomaly_lab,2026-04-25 13:47:54.265000+00:00,,,,,,,38.3479,47.8542,0.1409,,0.0,1.0,,,,0.8835462319672851
robot_5,outdoor,robot_anomaly_outdoor,2026-04-12 01:59:00.177000+00:00,,,,,,,12.1381,47.8289,0.0322999999999999,,0.0,1.0,,,,0.9391576435157336
robot_2,lab,robot_anomaly_lab,2026-04-16 23:36:42.349000+00:00,,,,,,,31.17,47.1331,0.6072,,1.0,0.0,,,,0.6284387886853666
robot_1,lab,robot_anomaly_lab,2026-05-06 09:21:41.249000+00:00,,,,,,,35.5084,57.5706,0.0245999999999999,,0.0,1.0,,,,0.8543174240645921
robot_1,lab,robot_anomaly_lab,2026-04-13 22:58:08.412000+00:00,,,,,,,41.332,48.7193,0.0433999999999999,,0.0,1.0,,,,0.8982459748702961
robot_5,outdoor,robot_anomaly_outdoor,2026-04-26 19:53:42.736000+00:00,,,,,,,45.9386,60.9708,0.0492,,0.0,1.0,,,,0.9033187018988602
robot_5,warehouse,robot_anomaly_warehouse,2026-04-19 16:00:00.163000+00:00,,,,,,,31.7275,55.8278,0.0936,,0.0,1.0,,,,0.944076899248944
robot_2,lab,robot_anomaly_lab,2026-04-20 12:33:24.166000+00:00,,,,,,,26.7103,37.3125,0.0514999999999999,,1.0,0.0,,,,0.6825302535662775
robot_2,outdoor,robot_anomaly_outdoor,2026-04-26 08:58:31.754000+00:00,,,,,,,10.0,48.4305,0.0545999999999999,,1.0,0.0,,,,0.6102942645617517
robot_5,lab,robot_anomaly_lab,2026-04-29 06:29:36.321000+00:00,,,,,,,45.8626,48.3665,0.0282999999999999,,1.0,0.0,,,,0.715469412046535
robot_5,lab,robot_anomaly_lab,2026-04-30 22:32:28.041000+00:00,,,,,,,290.5804,1.0,0.0262,,1.0,0.0,,,,0.5874881801286904
robot_1,lab,robot_anomaly_lab,2026-04-22 04:09:34.216000+00:00,,,,,,,34.7778,61.0224,0.0703,,0.0,1.0,,,,0.8863045743746504
robot_4,hospital,robot_anomaly_hospital,2026-05-08 06:26:11.446000+00:00,,,,,,,37.8507,44.4447,0.0990999999999999,,0.0,1.0,,,,0.8514342717434191
robot_4,warehouse,robot_anomaly_warehouse,2026-04-28 06:54:45.529000+00:00,,,,,,,43.7737,59.7847,0.0512,,0.0,1.0,,,,0.930940205588594
robot_5,warehouse,robot_anomaly_warehouse,2026-04-14 18:16:22.155000+00:00,,,,,,,47.4849,33.7164,0.0816,,1.0,0.0,,,,0.6928995140386972
robot_5,lab,robot_anomaly_lab,2026-05-06 11:27:48.210000+00:00,,,,,,,32.1746,40.9793,0.0493,,0.0,1.0,,,,0.9330579849653698
robot_4,warehouse,robot_anomaly_warehouse,2026-05-02 04:07:42.330000+00:00,,,,,,,194.5117,9.2708,0.0848999999999999,,1.0,0.0,,,,0.6277388460615253
robot_3,warehouse,robot_anomaly_warehouse,2026-05-09 08:56:03.651000+00:00,,,,,,,35.8012,49.9485,0.0671,,0.0,1.0,,,,0.9113006177240004
robot_4,lab,robot_anomaly_lab,2026-04-16 13:58:50.756000+00:00,,,,,,,49.4959,44.2264,0.0604,,0.0,1.0,,,,0.9262696994931604
robot_3,outdoor,robot_anomaly_outdoor,2026-04-15 20:52:32.993000+00:00,,,,,,,25.9685,67.3577,0.0505999999999999,,0.0,1.0,,,,0.9245355281332674
robot_4,lab,robot_anomaly_lab,2026-04-11 16:30:25.548000+00:00,,,,,,,21.8466,52.7258,0.0566999999999999,,0.0,1.0,,,,0.8758146216148693
robot_2,outdoor,robot_anomaly_outdoor,2026-04-30 12:21:34.914000+00:00,,,,,,,37.2805,56.2408,0.3062,,1.0,0.0,,,,0.6453041478806079
robot_1,outdoor,robot_anomaly_outdoor,2026-05-08 03:13:14.836000+00:00,,,,,,,34.5273,60.7254,0.0433999999999999,,0.0,1.0,,,,0.9149972115018632
robot_1,warehouse,robot_anomaly_warehouse,2026-04-17 17:52:37.820000+00:00,,,,,,,46.1442,45.0315,0.0199,,0.0,1.0,,,,0.9715583542293597
robot_1,warehouse,robot_anomaly_warehouse,2026-04-13 06:52:49.130000+00:00,,,,,,,22.2107,54.4269,0.0345999999999999,,0.0,1.0,,,,0.8925446698743704
robot_1,hospital,robot_anomaly_hospital,2026-04-22 22:10:04.284000+00:00,,,,,,,42.2997,58.0921,0.0306999999999999,,0.0,1.0,,,,0.8685000095377131
robot_5,hospital,robot_anomaly_hospital,2026-05-04 22:09:10.033000+00:00,,,,,,,27.4455,59.0567,0.5887,,1.0,0.0,,,,0.5543976399143073
robot_5,hospital,robot_anomaly_hospital,2026-04-30 04:33:14.004000+00:00,,,,,,,33.0532,45.5717,0.0951999999999999,,0.0,1.0,,,,0.9111784498510692
robot_5,hospital,robot_anomaly_hospital,2026-04-16 08:49:32.245000+00:00,,,,,,,43.6821,50.3618,0.0959999999999999,,0.0,1.0,,,,0.8808615618719522
robot_3,warehouse,robot_anomaly_warehouse,2026-04-14 17:26:02.707000+00:00,,,,,,,19.1317,51.9492,0.0524,,0.0,1.0,,,,0.9730842479098578
robot_2,warehouse,robot_anomaly_warehouse,2026-04-30 02:03:17.996000+00:00,,,,,,,23.8455,49.6345,0.0381,,0.0,1.0,,,,0.9284031522849038
robot_2,hospital,robot_anomaly_hospital,2026-05-02 04:12:36.783000+00:00,,,,,,,27.8699,64.8372,0.0374999999999999,,0.0,1.0,,,,0.8895390228321103
robot_1,lab,robot_anomaly_lab,2026-05-08 10:05:38.919000+00:00,,,,,,,39.3981,47.2896,0.0793,,1.0,0.0,,,,0.6421926070516802
robot_5,outdoor,robot_anomaly_outdoor,2026-04-14 05:35:47.700000+00:00,,,,,,,33.1656,41.8143,0.0615,,0.0,1.0,,,,0.9248624385170856
robot_4,hospital,robot_anomaly_hospital,2026-05-09 02:51:20.847000+00:00,,,,,,,32.6639,47.6602,0.0913,,0.0,1.0,,,,0.9056810081468984
robot_2,hospital,robot_anomaly_hospital,2026-05-02 00:31:16.208000+00:00,,,,,,,36.4099,58.9237,0.0464,,0.0,1.0,,,,0.8670143859597197
robot_4,hospital,robot_anomaly_hospital,2026-04-28 12:03:03.248000+00:00,,,,,,,24.9819,48.1068,0.0322999999999999,,0.0,1.0,,,,0.913286267869353
robot_4,hospital,robot_anomaly_hospital,2026-05-07 15:30:45.384000+00:00,,,,,,,50.434,68.2307,0.0445999999999999,,0.0,1.0,,,,0.8357329350219282
robot_3,warehouse,robot_anomaly_warehouse,2026-04-12 06:47:40.697000+00:00,,,,,,,31.5438,40.6192,0.0561,,0.0,1.0,,,,0.9269109690155248
robot_4,warehouse,robot_anomaly_warehouse,2026-04-26 11:38:06.029000+00:00,,,,,,,45.103,48.9743,0.0825,,0.0,1.0,,,,0.8994117612712398
robot_2,lab,robot_anomaly_lab,2026-04-26 23:09:00.376000+00:00,,,,,,,29.8031,40.1297,0.0288,,0.0,1.0,,,,0.958076137536566
robot_5,outdoor,robot_anomaly_outdoor,2026-04-15 06:55:15.448000+00:00,,,,,,,27.5989,51.2827,0.0769999999999999,,0.0,1.0,,,,0.8870818514350205
robot_1,hospital,robot_anomaly_hospital,2026-04-15 17:22:47.196000+00:00,,,,,,,37.3942,44.9079,0.0706,,0.0,1.0,,,,0.8956712860082305
robot_3,hospital,robot_anomaly_hospital,2026-05-08 06:01:32.747000+00:00,,,,,,,54.8325,52.5889,0.0826,,0.0,1.0,,,,0.9104926298735248
robot_1,hospital,robot_anomaly_hospital,2026-04-20 02:49:08.157000+00:00,,,,,,,27.3075,54.381,0.0,,0.0,1.0,,,,0.9377599043674336
robot_5,warehouse,robot_anomaly_warehouse,2026-04-30 17:10:46.306000+00:00,,,,,,,31.3102,37.6259,0.0555999999999999,,0.0,1.0,,,,0.9437743135502932
robot_2,lab,robot_anomaly_lab,2026-04-19 10:25:56.644000+00:00,,,,,,,23.4297,55.5013,0.0886,,0.0,1.0,,,,0.8995218163066763
robot_5,hospital,robot_anomaly_hospital,2026-05-05 00:35:25.390000+00:00,,,,,,,33.826,56.4569,0.0672,,0.0,1.0,,,,0.9132794794600552
robot_3,outdoor,robot_anomaly_outdoor,2026-05-02 02:56:24.564000+00:00,,,,,,,47.4971,41.1065,0.0652,,0.0,1.0,,,,0.8798252870686565
robot_1,warehouse,robot_anomaly_warehouse,2026-05-04 11:47:04.657000+00:00,,,,,,,23.691,48.3159,0.0671,,0.0,1.0,,,,0.9314347066225022
robot_2,hospital,robot_anomaly_hospital,2026-04-12 01:02:31.208000+00:00,,,,,,,33.5125,41.0489,0.0564,,0.0,1.0,,,,0.9061850754977704
robot_3,hospital,robot_anomaly_hospital,2026-04-28 19:44:22.821000+00:00,,,,,,,44.6482,39.5893,0.1253999999999999,,0.0,1.0,,,,0.9289858602091698
robot_2,lab,robot_anomaly_lab,2026-04-12 10:46:45.718000+00:00,,,,,,,31.2204,52.6061,0.0628999999999999,,0.0,1.0,,,,0.9600556991030226
robot_1,outdoor,robot_anomaly_outdoor,2026-04-29 14:11:03.004000+00:00,,,,,,,37.5152,47.4028,0.0756999999999999,,0.0,1.0,,,,0.9221171991152186
robot_5,warehouse,robot_anomaly_warehouse,2026-04-30 04:26:22.442000+00:00,,,,,,,16.8684,63.7552,0.0584999999999999,,0.0,1.0,,,,0.9208834955474025
robot_2,lab,robot_anomaly_lab,2026-04-13 08:02:48.293000+00:00,,,,,,,46.3497,45.5268,0.037,,0.0,1.0,,,,0.9287573433853538
robot_2,outdoor,robot_anomaly_outdoor,2026-04-27 23:02:49.898000+00:00,,,,,,,31.3513,34.5021,0.0817,,0.0,1.0,,,,0.9184473878680622
robot_4,warehouse,robot_anomaly_warehouse,2026-04-20 20:20:47.688000+00:00,,,,,,,41.7788,72.0711,0.0503,,0.0,1.0,,,,0.973703993623842
robot_2,warehouse,robot_anomaly_warehouse,2026-05-04 00:55:06.215000+00:00,,,,,,,38.9213,62.9229,0.0682,,0.0,1.0,,,,0.8779907373919282
robot_2,lab,robot_anomaly_lab,2026-04-28 22:03:04.853000+00:00,,,,,,,38.4062,48.5865,0.0,,0.0,1.0,,,,0.9317681436416574
robot_5,lab,robot_anomaly_lab,2026-04-21 00:03:15.417000+00:00,,,,,,,44.3575,57.4517,0.0523,,0.0,1.0,,,,0.8808994585328968
robot_5,warehouse,robot_anomaly_warehouse,2026-04-14 18:25:34.109000+00:00,,,,,,,26.4783,61.7529,0.1158,,1.0,0.0,,,,0.5788211929884068
robot_1,warehouse,robot_anomaly_warehouse,2026-04-17 14:58:38.058000+00:00,,,,,,,37.7662,57.7196,0.038,,1.0,0.0,,,,0.5894034223801021
robot_1,lab,robot_anomaly_lab,2026-04-17 00:47:18.375000+00:00,,,,,,,44.1053,47.6334,0.0471,,0.0,1.0,,,,0.9022711449985288
robot_5,warehouse,robot_anomaly_warehouse,2026-04-24 01:34:45.975000+00:00,,,,,,,55.1955,35.386,0.0,,0.0,1.0,,,,0.8844658678856365
robot_2,outdoor,robot_anomaly_outdoor,2026-04-18 05:25:45.051000+00:00,,,,,,,35.9932,49.61,0.0816,,0.0,1.0,,,,0.9623660957773011
robot_1,hospital,robot_anomaly_hospital,2026-04-12 12:52:34.624000+00:00,,,,,,,14.5113,57.7775,0.0524999999999999,,0.0,1.0,,,,0.967726836606428
robot_3,lab,robot_anomaly_lab,2026-05-06 14:33:43.496000+00:00,,,,,,,39.5124,51.7751,0.0393,,0.0,1.0,,,,0.8802586358819381
robot_5,hospital,robot_anomaly_hospital,2026-05-09 12:55:21.869000+00:00,,,,,,,36.8291,55.7794,0.0877999999999999,,0.0,1.0,,,,0.9688675634261104
robot_1,outdoor,robot_anomaly_outdoor,2026-05-04 15:11:24.024000+00:00,,,,,,,48.9193,56.1817,0.1080999999999999,,0.0,1.0,,,,0.8489531316804342
robot_2,hospital,robot_anomaly_hospital,2026-05-04 20:35:49.706000+00:00,,,,,,,29.7237,64.6927,0.0,,1.0,0.0,,,,0.6896994901610924
robot_3,warehouse,robot_anomaly_warehouse,2026-05-08 13:54:56.273000+00:00,,,,,,,34.2792,40.2828,0.0406999999999999,,0.0,1.0,,,,0.9115535140014912
robot_3,hospital,robot_anomaly_hospital,2026-04-26 17:10:59.319000+00:00,,,,,,,36.4326,41.3542,0.0442,,0.0,1.0,,,,0.8833747386559919
robot_4,lab,robot_anomaly_lab,2026-05-06 01:47:52.829000+00:00,,,,,,,41.0412,57.1753,0.0687999999999999,,0.0,1.0,,,,0.9546219437395108
robot_1,warehouse,robot_anomaly_warehouse,2026-04-18 22:35:07.001000+00:00,,,,,,,55.2598,49.2813,0.0718999999999999,,0.0,1.0,,,,0.9561088302250909
robot_5,hospital,robot_anomaly_hospital,2026-05-05 14:25:23.499000+00:00,,,,,,,36.6903,62.5442,0.0453999999999999,,0.0,1.0,,,,0.9719599053502636
robot_1,outdoor,robot_anomaly_outdoor,2026-05-07 17:18:06.791000+00:00,,,,,,,31.9897,63.3169,0.0809999999999999,,0.0,1.0,,,,0.9339327394888296
robot_2,warehouse,robot_anomaly_warehouse,2026-05-01 18:59:38.072000+00:00,,,,,,,30.9433,64.9043,0.0394999999999999,,0.0,1.0,,,,0.8727221379529405
robot_1,outdoor,robot_anomaly_outdoor,2026-05-03 21:08:48.169000+00:00,,,,,,,47.2535,45.4862,0.0436999999999999,,0.0,1.0,,,,0.8546068200272415
robot_3,outdoor,robot_anomaly_outdoor,2026-05-09 13:24:22.120000+00:00,,,,,,,47.7434,34.7269,0.0423999999999999,,0.0,1.0,,,,0.8481505699389468
robot_5,lab,robot_anomaly_lab,2026-05-02 14:10:52.474000+00:00,,,,,,,19.6286,56.9477,0.0592,,1.0,0.0,,,,0.6278894510771772
robot_4,lab,robot_anomaly_lab,2026-04-11 17:01:50.848000+00:00,,,,,,,20.6548,51.9458,0.045,,0.0,1.0,,,,0.8927883938256652
robot_1,warehouse,robot_anomaly_warehouse,2026-04-22 08:04:23.480000+00:00,,,,,,,52.8627,49.6456,0.0345999999999999,,0.0,1.0,,,,0.8841393561685157
robot_1,lab,robot_anomaly_lab,2026-04-21 23:12:10.870000+00:00,,,,,,,37.5371,57.4339,0.0602,,0.0,1.0,,,,0.8391775168825427
robot_5,outdoor,robot_anomaly_outdoor,2026-04-15 13:30:50.183000+00:00,,,,,,,44.4647,61.8009,0.0134999999999999,,1.0,0.0,,,,0.7693224917940243
robot_2,outdoor,robot_anomaly_outdoor,2026-04-16 12:56:53.403000+00:00,,,,,,,33.7776,59.651,0.0797,,0.0,1.0,,,,0.938632510579769
robot_2,outdoor,robot_anomaly_outdoor,2026-04-19 20:15:50.188000+00:00,,,,,,,35.9504,56.2371,0.0701,,0.0,1.0,,,,0.9065199487955942
robot_3,lab,robot_anomaly_lab,2026-05-02 06:07:05.850000+00:00,,,,,,,11.6538,46.5451,0.0542,,0.0,1.0,,,,0.9532679607231276
robot_4,hospital,robot_anomaly_hospital,2026-04-16 10:40:12.674000+00:00,,,,,,,30.9982,48.4363,0.0817999999999999,,1.0,0.0,,,,0.7066461892321337
robot_3,warehouse,robot_anomaly_warehouse,2026-04-28 17:51:50.128000+00:00,,,,,,,46.5552,39.188,0.0,,1.0,0.0,,,,0.6629980187766936
robot_5,lab,robot_anomaly_lab,2026-05-02 10:56:13.287000+00:00,,,,,,,21.2733,46.2376,0.0197,,0.0,1.0,,,,0.9202148930797616
robot_2,outdoor,robot_anomaly_outdoor,2026-04-13 18:35:32.087000+00:00,,,,,,,46.1068,63.9277,0.039,,0.0,1.0,,,,0.9351408056196278
robot_4,hospital,robot_anomaly_hospital,2026-05-03 01:47:16.591000+00:00,,,,,,,38.1457,49.6687,0.5163,,1.0,0.0,,,,0.6317412327371319
robot_5,outdoor,robot_anomaly_outdoor,2026-05-05 00:56:33.128000+00:00,,,,,,,42.437,49.504,0.007,,0.0,1.0,,,,0.8915190886827897
robot_4,warehouse,robot_anomaly_warehouse,2026-04-29 09:20:08.820000+00:00,,,,,,,207.4238,8.6425,0.0938,,1.0,0.0,,,,0.5997906832507134
robot_5,outdoor,robot_anomaly_outdoor,2026-04-21 00:56:49.295000+00:00,,,,,,,36.3977,57.187,0.051,,0.0,1.0,,,,0.9241738539197736
robot_4,outdoor,robot_anomaly_outdoor,2026-04-28 09:48:10.022000+00:00,,,,,,,35.6231,49.2405,0.0963,,0.0,1.0,,,,0.921544259082108
robot_1,outdoor,robot_anomaly_outdoor,2026-04-24 16:03:53.131000+00:00,,,,,,,45.5636,52.5931,0.1037,,1.0,0.0,,,,0.5752415559192785
robot_2,warehouse,robot_anomaly_warehouse,2026-04-10 20:13:53.597000+00:00,,,,,,,39.2527,44.9116,0.03,,0.0,1.0,,,,0.9201592367130104
robot_3,lab,robot_anomaly_lab,2026-04-14 21:43:27.344000+00:00,,,,,,,28.6401,53.2913,0.0687999999999999,,0.0,1.0,,,,0.9242335252814226
robot_5,warehouse,robot_anomaly_warehouse,2026-04-20 13:30:09.779000+00:00,,,,,,,30.1456,39.3093,0.0508999999999999,,1.0,0.0,,,,0.584563973165434
robot_5,warehouse,robot_anomaly_warehouse,2026-05-04 03:29:17.927000+00:00,,,,,,,47.2255,55.1738,0.0526999999999999,,0.0,1.0,,,,0.9655021877255844
robot_1,warehouse,robot_anomaly_warehouse,2026-04-26 07:41:03.342000+00:00,,,,,,,49.4954,53.2296,0.0615,,0.0,1.0,,,,0.9145324391010644
robot_1,lab,robot_anomaly_lab,2026-04-20 10:54:04.532000+00:00,,,,,,,51.6991,61.6462,0.0742,,0.0,1.0,,,,0.8230007248191982
robot_5,lab,robot_anomaly_lab,2026-04-12 04:12:19.442000+00:00,,,,,,,30.8335,55.6304,0.1008999999999999,,0.0,1.0,,,,0.8979099318774028
robot_5,outdoor,robot_anomaly_outdoor,2026-05-07 01:41:40.539000+00:00,,,,,,,36.7442,40.4719,0.0251,,0.0,1.0,,,,0.9017907799182124
robot_4,lab,robot_anomaly_lab,2026-04-28 23:29:52.550000+00:00,,,,,,,21.9708,36.2347,0.0856,,0.0,1.0,,,,0.937419581292063
robot_4,lab,robot_anomaly_lab,2026-05-04 06:27:53.294000+00:00,,,,,,,372.2823,8.8588,0.0615,,1.0,0.0,,,,0.5646058750123537
robot_5,outdoor,robot_anomaly_outdoor,2026-04-30 08:03:53.333000+00:00,,,,,,,38.484,59.518,0.0833,,0.0,1.0,,,,0.907572450096646
robot_5,warehouse,robot_anomaly_warehouse,2026-04-21 03:47:33.259000+00:00,,,,,,,10.0,44.8298,0.0,,0.0,1.0,,,,0.922731893120774
robot_5,hospital,robot_anomaly_hospital,2026-05-09 23:37:17.891000+00:00,,,,,,,232.7454,4.831,0.0218,,1.0,0.0,,,,0.6618534895611313
robot_1,lab,robot_anomaly_lab,2026-05-06 19:00:55.468000+00:00,,,,,,,27.9117,46.3305,0.0501,,1.0,0.0,,,,0.5803005968492391
robot_4,lab,robot_anomaly_lab,2026-04-25 09:53:53.769000+00:00,,,,,,,43.4658,47.1003,0.0392,,1.0,0.0,,,,0.594258068273974
robot_5,hospital,robot_anomaly_hospital,2026-04-20 17:14:53.345000+00:00,,,,,,,50.0702,50.8318,0.0219,,1.0,0.0,,,,0.6129189246452255
robot_1,warehouse,robot_anomaly_warehouse,2026-04-21 19:54:33.139000+00:00,,,,,,,29.5139,46.5986,0.0199,,0.0,1.0,,,,0.8949614760961936
robot_4,lab,robot_anomaly_lab,2026-04-23 09:19:00.853000+00:00,,,,,,,37.9629,72.719,0.039,,0.0,1.0,,,,0.8734195854344098
robot_2,lab,robot_anomaly_lab,2026-04-12 05:55:00.876000+00:00,,,,,,,49.5545,42.4222,0.0544,,0.0,1.0,,,,0.9110450179728542
robot_2,lab,robot_anomaly_lab,2026-05-01 18:45:51.326000+00:00,,,,,,,34.7727,53.268,0.0247,,0.0,1.0,,,,0.9586047841726766
robot_2,warehouse,robot_anomaly_warehouse,2026-05-07 13:13:06.870000+00:00,,,,,,,54.1881,48.0093,0.0658999999999999,,0.0,1.0,,,,0.898606363683451
robot_4,lab,robot_anomaly_lab,2026-04-19 13:44:26.199000+00:00,,,,,,,32.7651,45.2531,0.0433,,0.0,1.0,,,,0.890601344542336
robot_5,lab,robot_anomaly_lab,2026-04-19 08:12:21.117000+00:00,,,,,,,34.569,53.3482,0.0523,,0.0,1.0,,,,0.8935359811621778
robot_3,lab,robot_anomaly_lab,2026-05-03 17:52:18.836000+00:00,,,,,,,54.9528,36.1261,0.0044999999999999,,0.0,1.0,,,,0.8725764011249592
robot_2,outdoor,robot_anomaly_outdoor,2026-04-28 17:47:39.811000+00:00,,,,,,,45.1194,48.5645,0.0135999999999999,,0.0,1.0,,,,0.9126872530233784
robot_2,lab,robot_anomaly_lab,2026-04-13 14:19:19.504000+00:00,,,,,,,29.6888,58.9134,0.0,,0.0,1.0,,,,0.907005935826214
robot_2,warehouse,robot_anomaly_warehouse,2026-04-13 04:54:27.185000+00:00,,,,,,,42.3438,66.1177,0.0725,,0.0,1.0,,,,0.8489185464127612
robot_2,warehouse,robot_anomaly_warehouse,2026-04-17 20:44:17.109000+00:00,,,,,,,38.5444,57.8497,0.0545999999999999,,0.0,1.0,,,,0.930360212323721
robot_3,lab,robot_anomaly_lab,2026-04-12 08:39:20.996000+00:00,,,,,,,31.4405,54.7349,0.0486999999999999,,0.0,1.0,,,,0.8813440480558464
robot_3,hospital,robot_anomaly_hospital,2026-04-11 18:46:38.386000+00:00,,,,,,,39.1624,56.4519,0.0788999999999999,,0.0,1.0,,,,0.8629649380413753
robot_1,warehouse,robot_anomaly_warehouse,2026-04-27 10:15:55.046000+00:00,,,,,,,35.0679,68.3132,0.0,,0.0,1.0,,,,0.9372030102660972
robot_5,hospital,robot_anomaly_hospital,2026-04-20 07:00:11.215000+00:00,,,,,,,26.4114,42.3769,0.1137,,0.0,1.0,,,,0.945711370557078
robot_4,outdoor,robot_anomaly_outdoor,2026-04-27 11:47:45.581000+00:00,,,,,,,45.0762,43.4564,0.0514,,0.0,1.0,,,,0.8487982048851187
robot_4,outdoor,robot_anomaly_outdoor,2026-05-04 19:56:00.342000+00:00,,,,,,,43.2835,43.9803,0.0,,0.0,1.0,,,,0.8695207135573806
robot_2,outdoor,robot_anomaly_outdoor,2026-05-06 20:19:35.153000+00:00,,,,,,,36.6812,49.1859,0.0632,,1.0,0.0,,,,0.6242058548512944
robot_3,outdoor,robot_anomaly_outdoor,2026-04-29 05:30:07.790000+00:00,,,,,,,53.4099,46.6263,0.4560999999999999,,1.0,0.0,,,,0.5304123011016583
robot_1,lab,robot_anomaly_lab,2026-04-21 11:41:54.121000+00:00,,,,,,,27.0678,48.494,0.048,,0.0,1.0,,,,0.9511073561158992
robot_2,hospital,robot_anomaly_hospital,2026-05-09 10:17:44.085000+00:00,,,,,,,35.3411,46.2155,0.0303999999999999,,0.0,1.0,,,,0.913583403435802
robot_5,hospital,robot_anomaly_hospital,2026-04-19 20:38:07.427000+00:00,,,,,,,36.3192,68.8733,0.1199,,0.0,1.0,,,,0.9602509504513632
robot_2,lab,robot_anomaly_lab,2026-04-29 16:51:27.632000+00:00,,,,,,,16.7784,59.8517,0.0232,,0.0,1.0,,,,0.8326314611216944
robot_5,hospital,robot_anomaly_hospital,2026-04-18 21:28:43.542000+00:00,,,,,,,31.8236,49.1345,0.0,,0.0,1.0,,,,0.9591558322918584
robot_4,hospital,robot_anomaly_hospital,2026-05-03 12:57:26.073000+00:00,,,,,,,33.0291,38.2565,0.0812,,0.0,1.0,,,,0.9558544390128236
robot_5,lab,robot_anomaly_lab,2026-04-14 11:34:52.112000+00:00,,,,,,,28.7979,47.3999,0.0282,,0.0,1.0,,,,0.9712305788338114
robot_5,warehouse,robot_anomaly_warehouse,2026-04-29 12:38:14.538000+00:00,,,,,,,40.6646,43.9098,0.0316999999999999,,0.0,1.0,,,,0.8641309116747518
robot_2,outdoor,robot_anomaly_outdoor,2026-05-05 21:06:54.737000+00:00,,,,,,,34.448,55.4253,0.0696,,0.0,1.0,,,,0.8421754651521443
robot_3,outdoor,robot_anomaly_outdoor,2026-04-19 03:59:06.155000+00:00,,,,,,,37.4939,48.8658,0.0814,,0.0,1.0,,,,0.967363984680019
robot_4,lab,robot_anomaly_lab,2026-04-15 12:03:03.313000+00:00,,,,,,,40.8629,50.6617,0.0551,,0.0,1.0,,,,0.9350470605226916
robot_1,warehouse,robot_anomaly_warehouse,2026-05-05 19:51:53.692000+00:00,,,,,,,35.6118,55.9663,0.0635999999999999,,0.0,1.0,,,,0.95823859766593
robot_4,outdoor,robot_anomaly_outdoor,2026-04-23 05:27:39.002000+00:00,,,,,,,24.4378,49.5629,0.0788999999999999,,0.0,1.0,,,,0.8653014165856175
robot_4,outdoor,robot_anomaly_outdoor,2026-05-02 15:14:05.435000+00:00,,,,,,,40.8995,41.1434,0.0797,,0.0,1.0,,,,0.8523956889358122
robot_2,lab,robot_anomaly_lab,2026-05-02 00:30:27.729000+00:00,,,,,,,26.2564,42.5627,0.0826,,0.0,1.0,,,,0.9006203042767877
robot_4,hospital,robot_anomaly_hospital,2026-04-17 02:31:45.350000+00:00,,,,,,,31.4418,45.1274,0.0304999999999999,,0.0,1.0,,,,0.91237628277271
robot_4,hospital,robot_anomaly_hospital,2026-05-01 12:38:30.011000+00:00,,,,,,,25.8584,49.5425,0.0,,0.0,1.0,,,,0.9168618578490212
robot_1,outdoor,robot_anomaly_outdoor,2026-04-29 06:37:54.869000+00:00,,,,,,,38.1682,52.1491,0.0631,,0.0,1.0,,,,0.9049269936542098
robot_4,lab,robot_anomaly_lab,2026-04-18 12:03:50.110000+00:00,,,,,,,38.7393,43.9919,0.062,,0.0,1.0,,,,0.9466255530064924
robot_4,outdoor,robot_anomaly_outdoor,2026-04-19 01:10:24.161000+00:00,,,,,,,23.9785,53.1676,0.0,,0.0,1.0,,,,0.9834807884700864
robot_4,hospital,robot_anomaly_hospital,2026-04-28 00:51:53.281000+00:00,,,,,,,29.6021,52.7565,0.0039,,0.0,1.0,,,,0.9440442501130228
robot_4,warehouse,robot_anomaly_warehouse,2026-04-20 05:49:55.247000+00:00,,,,,,,36.0775,49.5698,0.0,,0.0,1.0,,,,0.8885812269548733
robot_3,outdoor,robot_anomaly_outdoor,2026-05-10 09:54:17.479000+00:00,,,,,,,26.08,46.6277,0.0479,,0.0,1.0,,,,0.8507960813594373
robot_3,outdoor,robot_anomaly_outdoor,2026-04-27 12:49:09.758000+00:00,,,,,,,42.4789,35.0283,0.0425999999999999,,0.0,1.0,,,,0.9612395992941868
robot_5,outdoor,robot_anomaly_outdoor,2026-05-05 19:53:34.758000+00:00,,,,,,,35.741,45.143,0.057,,0.0,1.0,,,,0.866134110001757
robot_2,lab,robot_anomaly_lab,2026-04-10 22:25:02.404000+00:00,,,,,,,27.1908,35.2904,0.0782,,0.0,1.0,,,,0.9147773498459209
robot_5,outdoor,robot_anomaly_outdoor,2026-04-27 23:08:32.077000+00:00,,,,,,,27.7367,44.1771,0.0705,,0.0,1.0,,,,0.8654080431525791
robot_5,hospital,robot_anomaly_hospital,2026-04-19 14:49:23.433000+00:00,,,,,,,22.6495,51.9824,0.0365999999999999,,0.0,1.0,,,,0.9525262940062604
robot_1,lab,robot_anomaly_lab,2026-05-03 16:44:58.809000+00:00,,,,,,,44.0374,41.9521,0.0835,,0.0,1.0,,,,0.8884448286796023
robot_2,hospital,robot_anomaly_hospital,2026-04-14 18:16:09.165000+00:00,,,,,,,38.6743,44.1777,0.0858999999999999,,0.0,1.0,,,,0.8320770000552041
robot_2,outdoor,robot_anomaly_outdoor,2026-04-18 17:20:37.475000+00:00,,,,,,,314.4108,2.3611,0.0514,,1.0,0.0,,,,0.5337094751580433
robot_1,lab,robot_anomaly_lab,2026-04-21 10:10:56.119000+00:00,,,,,,,45.3222,56.9524,0.0112999999999999,,0.0,1.0,,,,0.872272343750162
robot_3,warehouse,robot_anomaly_warehouse,2026-04-18 20:06:11.585000+00:00,,,,,,,46.1485,54.9049,0.0403999999999999,,0.0,1.0,,,,0.8243945538420665
robot_4,hospital,robot_anomaly_hospital,2026-05-07 10:08:16.105000+00:00,,,,,,,47.43,57.6971,0.0532,,1.0,0.0,,,,0.5837186865297417
robot_5,lab,robot_anomaly_lab,2026-04-28 20:13:48.982000+00:00,,,,,,,37.0877,52.9258,0.0467999999999999,,0.0,1.0,,,,0.8963991710437595
robot_5,hospital,robot_anomaly_hospital,2026-04-28 08:24:39.795000+00:00,,,,,,,15.0089,52.1964,0.0479,,0.0,1.0,,,,0.9603466996492744
robot_3,warehouse,robot_anomaly_warehouse,2026-04-13 10:38:04.718000+00:00,,,,,,,32.4932,37.325,0.0377999999999999,,0.0,1.0,,,,0.8334766815922551
robot_2,outdoor,robot_anomaly_outdoor,2026-04-26 04:35:51.576000+00:00,,,,,,,60.9405,46.1518,0.0,,1.0,0.0,,,,0.7414075322543676
robot_1,warehouse,robot_anomaly_warehouse,2026-05-03 05:52:14.062000+00:00,,,,,,,42.8698,45.6248,0.0576999999999999,,0.0,1.0,,,,0.8963358380567991
robot_4,outdoor,robot_anomaly_outdoor,2026-04-28 03:55:38.961000+00:00,,,,,,,36.7506,46.0938,0.0984,,0.0,1.0,,,,0.8791645906816005
robot_1,lab,robot_anomaly_lab,2026-04-27 15:25:03.782000+00:00,,,,,,,37.8985,47.4783,0.0062999999999999,,1.0,0.0,,,,0.6821693220567944
robot_1,hospital,robot_anomaly_hospital,2026-05-02 21:28:27.353000+00:00,,,,,,,31.7674,47.9762,0.0512,,1.0,0.0,,,,0.6884995953994556
robot_4,warehouse,robot_anomaly_warehouse,2026-04-12 02:29:51.058000+00:00,,,,,,,42.5073,49.2547,0.0282,,0.0,1.0,,,,0.9397143821662046
robot_4,outdoor,robot_anomaly_outdoor,2026-04-19 05:34:52.917000+00:00,,,,,,,33.7186,58.5788,0.0939999999999999,,0.0,1.0,,,,0.9066644889213152
robot_1,hospital,robot_anomaly_hospital,2026-04-19 22:52:16.095000+00:00,,,,,,,35.2402,35.3015,0.0965,,0.0,1.0,,,,0.8889442423960242
robot_5,lab,robot_anomaly_lab,2026-04-18 02:31:02.352000+00:00,,,,,,,19.2574,45.8246,0.0686,,0.0,1.0,,,,0.965294199060468
robot_3,outdoor,robot_anomaly_outdoor,2026-04-22 23:38:22.745000+00:00,,,,,,,41.0798,40.7722,0.0535999999999999,,0.0,1.0,,,,0.9344786864212208
robot_1,outdoor,robot_anomaly_outdoor,2026-04-20 20:17:27.181000+00:00,,,,,,,30.429,44.3226,0.0930999999999999,,0.0,1.0,,,,0.942054555423411
robot_4,lab,robot_anomaly_lab,2026-04-24 20:30:28.509000+00:00,,,,,,,37.7145,60.4803,0.0383,,0.0,1.0,,,,0.9259898871705255
robot_5,warehouse,robot_anomaly_warehouse,2026-04-11 10:17:13.257000+00:00,,,,,,,40.7256,49.7678,0.4677,,1.0,0.0,,,,0.6199761663289209
robot_1,lab,robot_anomaly_lab,2026-04-26 10:04:50.878000+00:00,,,,,,,15.5342,36.3348,0.0574999999999999,,0.0,1.0,,,,0.9216149309587566
robot_2,hospital,robot_anomaly_hospital,2026-05-06 20:11:41.133000+00:00,,,,,,,43.4714,53.0271,0.0586999999999999,,0.0,1.0,,,,0.9313077550072414
robot_1,hospital,robot_anomaly_hospital,2026-04-16 05:56:39.568000+00:00,,,,,,,25.0142,42.0271,0.0641,,0.0,1.0,,,,0.9404766356313694
robot_1,outdoor,robot_anomaly_outdoor,2026-04-23 11:53:25.550000+00:00,,,,,,,24.6759,41.878,0.0582,,1.0,0.0,,,,0.6423289764754407
robot_1,warehouse,robot_anomaly_warehouse,2026-04-22 19:15:59.753000+00:00,,,,,,,22.0003,51.4057,0.0633,,0.0,1.0,,,,0.8868180171755669
robot_1,warehouse,robot_anomaly_warehouse,2026-04-25 10:10:07.355000+00:00,,,,,,,35.131,70.6078,0.0084999999999999,,0.0,1.0,,,,0.966984801671096
robot_3,hospital,robot_anomaly_hospital,2026-04-12 02:31:55.173000+00:00,,,,,,,32.3675,64.3548,0.0,,0.0,1.0,,,,0.9074870233018892
robot_4,outdoor,robot_anomaly_outdoor,2026-04-18 14:32:55.390000+00:00,,,,,,,20.0543,51.4867,0.0172999999999999,,0.0,1.0,,,,0.9241761016378404
robot_1,warehouse,robot_anomaly_warehouse,2026-05-02 06:15:05.815000+00:00,,,,,,,44.215,66.2009,0.0191,,0.0,1.0,,,,0.8906495898783471
robot_3,lab,robot_anomaly_lab,2026-05-01 19:19:11.568000+00:00,,,,,,,42.9492,30.0,0.0612,,0.0,1.0,,,,0.9464177136811408
robot_5,warehouse,robot_anomaly_warehouse,2026-04-23 23:41:43.001000+00:00,,,,,,,38.5747,55.2421,0.0639999999999999,,0.0,1.0,,,,0.8919904016648003
robot_2,hospital,robot_anomaly_hospital,2026-04-18 03:12:43.218000+00:00,,,,,,,28.7351,41.3163,0.0523,,1.0,0.0,,,,0.7761669475000607
robot_4,lab,robot_anomaly_lab,2026-04-28 02:54:39.227000+00:00,,,,,,,47.2984,33.4677,0.0907999999999999,,0.0,1.0,,,,0.8667874938224294
robot_3,lab,robot_anomaly_lab,2026-04-12 22:16:04.360000+00:00,,,,,,,20.0213,49.6362,0.0,,1.0,0.0,,,,0.7333469184268214
robot_3,hospital,robot_anomaly_hospital,2026-05-05 17:35:15.097000+00:00,,,,,,,38.2612,52.5707,0.0633,,0.0,1.0,,,,0.9171994007544352
robot_2,lab,robot_anomaly_lab,2026-04-23 02:00:46.256000+00:00,,,,,,,24.9005,51.3045,0.05,,0.0,1.0,,,,0.8928525831560012
robot_1,lab,robot_anomaly_lab,2026-04-23 22:13:01.982000+00:00,,,,,,,32.9672,40.5889,0.0457999999999999,,0.0,1.0,,,,0.9298138451163144
robot_5,lab,robot_anomaly_lab,2026-04-30 03:35:45.152000+00:00,,,,,,,33.8391,54.1858,0.029,,1.0,0.0,,,,0.7575525945485573
robot_1,hospital,robot_anomaly_hospital,2026-04-15 06:37:29.364000+00:00,,,,,,,22.5916,41.977,0.0481,,0.0,1.0,,,,0.9478225144046368
robot_5,outdoor,robot_anomaly_outdoor,2026-04-26 20:40:15.914000+00:00,,,,,,,22.5356,55.7419,0.0533,,0.0,1.0,,,,0.936576216515546
robot_4,lab,robot_anomaly_lab,2026-05-07 10:06:05.851000+00:00,,,,,,,36.2657,50.2155,0.3802999999999999,,1.0,0.0,,,,0.6694895063247507
robot_4,outdoor,robot_anomaly_outdoor,2026-05-01 19:24:05.399000+00:00,,,,,,,33.4024,43.5017,0.0409,,0.0,1.0,,,,0.8776585477605128
robot_5,outdoor,robot_anomaly_outdoor,2026-04-24 01:14:07.472000+00:00,,,,,,,20.1508,48.4187,0.0393,,0.0,1.0,,,,0.8834820115025893
robot_2,outdoor,robot_anomaly_outdoor,2026-05-04 12:24:43.860000+00:00,,,,,,,54.5421,42.926,0.0998,,0.0,1.0,,,,0.8973682326205872
robot_2,hospital,robot_anomaly_hospital,2026-04-18 05:38:46.301000+00:00,,,,,,,34.6941,46.1849,0.0758999999999999,,1.0,0.0,,,,0.6812794135225655
robot_4,warehouse,robot_anomaly_warehouse,2026-04-10 22:07:47.449000+00:00,,,,,,,29.3775,62.3414,0.0638999999999999,,0.0,1.0,,,,0.9297950680959448
robot_2,warehouse,robot_anomaly_warehouse,2026-05-08 21:03:52.795000+00:00,,,,,,,28.8431,41.4793,0.1201999999999999,,0.0,1.0,,,,0.9017042444848758
robot_2,lab,robot_anomaly_lab,2026-04-10 20:33:34.388000+00:00,,,,,,,45.7271,39.5442,0.0232,,0.0,1.0,,,,0.9681786919022362
robot_3,lab,robot_anomaly_lab,2026-05-08 11:50:03.834000+00:00,,,,,,,40.6916,46.9055,0.0906,,0.0,1.0,,,,0.9144295506656986
robot_3,warehouse,robot_anomaly_warehouse,2026-05-06 04:19:01.572000+00:00,,,,,,,41.9698,39.9347,0.0022999999999999,,0.0,1.0,,,,0.8826972292007478
robot_2,lab,robot_anomaly_lab,2026-04-27 15:38:56.216000+00:00,,,,,,,46.5723,49.2698,0.1107,,0.0,1.0,,,,0.8432424104515027
robot_5,hospital,robot_anomaly_hospital,2026-04-27 18:08:17.226000+00:00,,,,,,,159.5922,7.9527,0.0453,,1.0,0.0,,,,0.646095534155744
robot_2,outdoor,robot_anomaly_outdoor,2026-04-12 00:35:40.906000+00:00,,,,,,,51.8814,48.4777,0.0231,,0.0,1.0,,,,0.8780848924134045
robot_2,lab,robot_anomaly_lab,2026-04-10 17:57:07.962000+00:00,,,,,,,40.8614,49.3085,0.0321,,0.0,1.0,,,,0.9262703218747824
robot_4,outdoor,robot_anomaly_outdoor,2026-04-11 22:11:59.039000+00:00,,,,,,,20.2047,53.2118,0.0386999999999999,,0.0,1.0,,,,0.9396533016030736
robot_4,outdoor,robot_anomaly_outdoor,2026-04-20 07:55:18.264000+00:00,,,,,,,32.3381,50.1025,0.0423999999999999,,0.0,1.0,,,,0.969463017989454
robot_4,outdoor,robot_anomaly_outdoor,2026-05-08 15:30:35.154000+00:00,,,,,,,19.8292,52.3761,0.0746999999999999,,1.0,0.0,,,,0.5838108087603333
robot_1,hospital,robot_anomaly_hospital,2026-05-02 19:47:22.286000+00:00,,,,,,,18.3276,48.0977,0.0422,,0.0,1.0,,,,0.8784163714843277
robot_4,outdoor,robot_anomaly_outdoor,2026-04-13 04:11:46.255000+00:00,,,,,,,29.4278,52.8871,0.0711,,0.0,1.0,,,,0.8809896065989429
robot_1,hospital,robot_anomaly_hospital,2026-04-20 10:59:33.121000+00:00,,,,,,,41.6841,64.0058,0.0446999999999999,,1.0,0.0,,,,0.5833587539812595
robot_1,lab,robot_anomaly_lab,2026-05-04 15:32:58.434000+00:00,,,,,,,36.1604,47.5551,0.0717999999999999,,0.0,1.0,,,,0.9334427098906024
robot_3,hospital,robot_anomaly_hospital,2026-05-05 21:58:23.170000+00:00,,,,,,,23.4932,43.337,0.0706999999999999,,0.0,1.0,,,,0.8954834893781218
robot_4,outdoor,robot_anomaly_outdoor,2026-05-07 01:09:23.218000+00:00,,,,,,,51.6363,54.1555,0.1145,,1.0,0.0,,,,0.721150988454742
robot_2,hospital,robot_anomaly_hospital,2026-04-23 02:47:23.785000+00:00,,,,,,,39.6383,53.9841,0.1010999999999999,,0.0,1.0,,,,0.8867459571505556
robot_1,lab,robot_anomaly_lab,2026-04-18 17:23:37.658000+00:00,,,,,,,41.7051,54.7719,0.0405999999999999,,0.0,1.0,,,,0.9092497019250138
robot_5,warehouse,robot_anomaly_warehouse,2026-05-03 09:16:12.665000+00:00,,,,,,,49.8433,51.0811,0.0767999999999999,,0.0,1.0,,,,0.8686664776549744
robot_2,hospital,robot_anomaly_hospital,2026-04-18 20:53:28.483000+00:00,,,,,,,36.8179,49.5205,0.0697999999999999,,0.0,1.0,,,,0.9665849914731292
robot_1,outdoor,robot_anomaly_outdoor,2026-04-23 02:53:14.726000+00:00,,,,,,,30.3465,62.1133,0.0435999999999999,,0.0,1.0,,,,0.911698134837709
robot_3,warehouse,robot_anomaly_warehouse,2026-05-08 23:23:48.385000+00:00,,,,,,,32.4534,53.888,0.0106,,0.0,1.0,,,,0.9512111407693408
robot_5,hospital,robot_anomaly_hospital,2026-05-08 17:30:48.896000+00:00,,,,,,,37.8026,51.4572,0.0971999999999999,,1.0,0.0,,,,0.5817753771332516
robot_2,hospital,robot_anomaly_hospital,2026-05-09 02:08:29.146000+00:00,,,,,,,43.111,61.0664,0.0227,,1.0,0.0,,,,0.6688414364257546
robot_1,outdoor,robot_anomaly_outdoor,2026-05-06 19:48:52.784000+00:00,,,,,,,21.6809,64.1229,0.0,,0.0,1.0,,,,0.926197486488166
robot_4,warehouse,robot_anomaly_warehouse,2026-04-29 05:54:25.682000+00:00,,,,,,,47.9151,42.1331,0.0601,,0.0,1.0,,,,0.8533067576412836
robot_2,outdoor,robot_anomaly_outdoor,2026-04-23 14:34:18.245000+00:00,,,,,,,25.3088,40.7972,0.0178,,0.0,1.0,,,,0.9704120093944646
robot_2,outdoor,robot_anomaly_outdoor,2026-05-03 16:07:21.097000+00:00,,,,,,,24.5977,53.085,0.045,,0.0,1.0,,,,0.937052510145458
robot_4,lab,robot_anomaly_lab,2026-05-01 00:15:48.804000+00:00,,,,,,,294.197,4.96,0.0542,,1.0,0.0,,,,0.5385688940473203
robot_3,warehouse,robot_anomaly_warehouse,2026-04-26 13:37:17.720000+00:00,,,,,,,25.5982,46.8624,0.0434999999999999,,0.0,1.0,,,,0.9027265510700828
robot_5,hospital,robot_anomaly_hospital,2026-04-25 19:44:34.448000+00:00,,,,,,,14.7271,45.5462,0.0433999999999999,,0.0,1.0,,,,0.8995099584420476
robot_4,hospital,robot_anomaly_hospital,2026-04-10 21:38:14.454000+00:00,,,,,,,42.3049,49.8958,0.0346999999999999,,0.0,1.0,,,,0.9252401552781891
robot_4,warehouse,robot_anomaly_warehouse,2026-04-20 09:58:49.380000+00:00,,,,,,,61.6861,47.4671,0.5412,,1.0,0.0,,,,0.5858876178123991
robot_1,lab,robot_anomaly_lab,2026-04-15 18:54:04.528000+00:00,,,,,,,34.1348,48.4934,0.0568999999999999,,0.0,1.0,,,,0.9659738235190318
robot_4,warehouse,robot_anomaly_warehouse,2026-04-16 17:55:43.268000+00:00,,,,,,,25.9611,47.7429,0.0432,,0.0,1.0,,,,0.8553069632502861
robot_5,warehouse,robot_anomaly_warehouse,2026-05-10 05:07:49.242000+00:00,,,,,,,14.7656,50.9125,0.058,,0.0,1.0,,,,0.9078366774629302
robot_5,warehouse,robot_anomaly_warehouse,2026-04-13 13:31:59.567000+00:00,,,,,,,16.3522,42.3238,0.0087,,0.0,1.0,,,,0.9360287620788658
robot_1,lab,robot_anomaly_lab,2026-05-05 14:48:49.805000+00:00,,,,,,,47.3183,36.2613,0.0842,,0.0,1.0,,,,0.9331364077113384
robot_5,hospital,robot_anomaly_hospital,2026-04-15 22:14:31.522000+00:00,,,,,,,50.6535,35.8151,0.0759999999999999,,0.0,1.0,,,,0.930439386101346
robot_5,lab,robot_anomaly_lab,2026-04-24 18:40:43.263000+00:00,,,,,,,35.8239,44.1856,0.0661,,1.0,0.0,,,,0.7155282305778311
robot_4,lab,robot_anomaly_lab,2026-04-22 11:54:17.310000+00:00,,,,,,,21.7307,43.0326,0.0597999999999999,,0.0,1.0,,,,0.8745556678680961
robot_5,lab,robot_anomaly_lab,2026-04-19 12:22:17.523000+00:00,,,,,,,36.0253,53.6438,0.0802,,0.0,1.0,,,,0.8797484589941655
robot_4,outdoor,robot_anomaly_outdoor,2026-04-17 21:50:45.811000+00:00,,,,,,,32.6152,41.3254,0.0139,,0.0,1.0,,,,0.9786754642707314
robot_3,lab,robot_anomaly_lab,2026-04-29 11:11:54.270000+00:00,,,,,,,30.8901,53.4808,0.0153999999999999,,0.0,1.0,,,,0.8984628827667528
robot_3,warehouse,robot_anomaly_warehouse,2026-04-24 14:26:48.582000+00:00,,,,,,,40.2745,59.5072,0.0495999999999999,,0.0,1.0,,,,0.8477962046216841
robot_3,hospital,robot_anomaly_hospital,2026-05-05 09:03:04.895000+00:00,,,,,,,40.5886,44.8306,0.0897,,0.0,1.0,,,,0.893085738750657
robot_1,outdoor,robot_anomaly_outdoor,2026-05-08 11:44:50.403000+00:00,,,,,,,45.5742,42.85,0.0571,,0.0,1.0,,,,0.8673912353955409
robot_4,outdoor,robot_anomaly_outdoor,2026-04-28 05:31:00.736000+00:00,,,,,,,51.0274,42.9757,0.0111999999999999,,0.0,1.0,,,,0.9285636582022502
robot_4,outdoor,robot_anomaly_outdoor,2026-05-10 13:37:28.507000+00:00,,,,,,,33.7845,41.7725,0.0770999999999999,,0.0,1.0,,,,0.9039129769092497
robot_2,outdoor,robot_anomaly_outdoor,2026-04-27 17:50:43.674000+00:00,,,,,,,39.273,50.446,0.0846,,0.0,1.0,,,,0.8972541906952627
robot_4,hospital,robot_anomaly_hospital,2026-05-06 10:33:00.953000+00:00,,,,,,,43.5541,47.4419,0.1176,,0.0,1.0,,,,0.952765186043436
robot_3,lab,robot_anomaly_lab,2026-04-26 21:01:57.154000+00:00,,,,,,,23.1214,51.5506,0.0051999999999999,,1.0,0.0,,,,0.7483376456352678
robot_1,lab,robot_anomaly_lab,2026-04-26 12:14:42.096000+00:00,,,,,,,59.7677,41.9793,0.0329,,0.0,1.0,,,,0.8734207883853502
robot_2,hospital,robot_anomaly_hospital,2026-04-11 17:02:26.953000+00:00,,,,,,,24.3042,57.9327,0.0843,,0.0,1.0,,,,0.912857500987422
robot_3,outdoor,robot_anomaly_outdoor,2026-04-27 09:27:07.243000+00:00,,,,,,,35.0782,43.8207,0.0030999999999999,,0.0,1.0,,,,0.9478503219916874
robot_5,hospital,robot_anomaly_hospital,2026-05-02 06:01:14.515000+00:00,,,,,,,39.5121,72.0246,0.0,,1.0,0.0,,,,0.5917234550179353
robot_1,warehouse,robot_anomaly_warehouse,2026-04-12 01:52:55.869000+00:00,,,,,,,21.5372,33.9436,0.0455999999999999,,0.0,1.0,,,,0.9269927592122928
robot_2,outdoor,robot_anomaly_outdoor,2026-04-19 01:30:25.460000+00:00,,,,,,,22.8356,51.4963,0.0377999999999999,,0.0,1.0,,,,0.8542431157271005
robot_2,hospital,robot_anomaly_hospital,2026-04-29 18:11:54.175000+00:00,,,,,,,34.9599,41.5281,0.0383,,0.0,1.0,,,,0.8555790655919328
robot_1,warehouse,robot_anomaly_warehouse,2026-04-27 09:19:19.102000+00:00,,,,,,,28.7693,59.5138,0.0489,,0.0,1.0,,,,0.9245716512516392
robot_4,hospital,robot_anomaly_hospital,2026-05-08 09:22:50.315000+00:00,,,,,,,26.6121,53.156,0.0739999999999999,,0.0,1.0,,,,0.9228786251347316
robot_1,hospital,robot_anomaly_hospital,2026-04-29 00:11:33.324000+00:00,,,,,,,23.3879,46.4918,0.0776,,0.0,1.0,,,,0.9046789144810992
robot_5,outdoor,robot_anomaly_outdoor,2026-04-27 09:53:14.760000+00:00,,,,,,,38.4509,50.898,0.0724,,1.0,0.0,,,,0.5786999273262818
robot_4,lab,robot_anomaly_lab,2026-04-22 09:47:01.052000+00:00,,,,,,,45.765,50.1478,0.051,,0.0,1.0,,,,0.8413126838703814
robot_4,hospital,robot_anomaly_hospital,2026-04-22 16:04:00.524000+00:00,,,,,,,29.0883,46.3554,0.0659999999999999,,0.0,1.0,,,,0.8381486357852787
robot_3,outdoor,robot_anomaly_outdoor,2026-04-11 06:07:14.746000+00:00,,,,,,,36.8909,59.0561,0.0706999999999999,,0.0,1.0,,,,0.8925773750488032
robot_2,outdoor,robot_anomaly_outdoor,2026-04-29 00:57:45.420000+00:00,,,,,,,33.9918,62.2655,0.0116,,0.0,1.0,,,,0.948843092326117
robot_5,lab,robot_anomaly_lab,2026-04-17 03:41:14.832000+00:00,,,,,,,46.6401,53.3495,0.1051999999999999,,0.0,1.0,,,,0.9204115650536504
robot_5,outdoor,robot_anomaly_outdoor,2026-05-04 22:24:13.757000+00:00,,,,,,,42.2161,55.9192,0.0475999999999999,,0.0,1.0,,,,0.8950680291233303
robot_4,outdoor,robot_anomaly_outdoor,2026-04-13 08:24:26.514000+00:00,,,,,,,49.8562,58.7705,0.0188,,0.0,1.0,,,,0.9320650085940816
robot_5,lab,robot_anomaly_lab,2026-05-01 04:51:20.294000+00:00,,,,,,,36.6269,50.3143,0.0286999999999999,,0.0,1.0,,,,0.8810994686683843
robot_2,warehouse,robot_anomaly_warehouse,2026-04-19 21:18:51.144000+00:00,,,,,,,45.7669,48.8816,0.0,,0.0,1.0,,,,0.9397804793351624
robot_1,hospital,robot_anomaly_hospital,2026-04-20 17:43:34.180000+00:00,,,,,,,34.0179,58.2505,0.0988999999999999,,0.0,1.0,,,,0.8637214614128539
robot_3,lab,robot_anomaly_lab,2026-04-25 00:40:04.045000+00:00,,,,,,,20.7654,51.0701,0.0512,,0.0,1.0,,,,0.9492706811672268
robot_3,lab,robot_anomaly_lab,2026-04-11 11:40:12.275000+00:00,,,,,,,47.8096,59.7437,0.0263999999999999,,0.0,1.0,,,,0.8796114836268123
robot_3,outdoor,robot_anomaly_outdoor,2026-04-14 16:06:00.588000+00:00,,,,,,,36.6598,55.9202,0.0830999999999999,,0.0,1.0,,,,0.9313326545941112
robot_5,hospital,robot_anomaly_hospital,2026-04-12 07:18:30.153000+00:00,,,,,,,37.8887,48.9242,0.0551,,0.0,1.0,,,,0.9725964100446826
robot_3,lab,robot_anomaly_lab,2026-05-05 13:24:01.874000+00:00,,,,,,,35.2905,36.9259,0.0,,0.0,1.0,,,,0.930013972115448
robot_2,hospital,robot_anomaly_hospital,2026-05-07 22:55:44.631000+00:00,,,,,,,18.5342,45.9871,0.0823,,0.0,1.0,,,,0.9747767161144342
robot_1,hospital,robot_anomaly_hospital,2026-04-30 23:48:02.473000+00:00,,,,,,,52.8709,42.2573,0.0456999999999999,,0.0,1.0,,,,0.9403494430594104
robot_4,lab,robot_anomaly_lab,2026-04-29 13:23:58.864000+00:00,,,,,,,32.7917,62.2825,0.049,,1.0,0.0,,,,0.7070536568075966
robot_4,outdoor,robot_anomaly_outdoor,2026-04-15 10:33:17.796000+00:00,,,,,,,24.0805,55.1835,0.0,,0.0,1.0,,,,0.9397077706995028
robot_1,outdoor,robot_anomaly_outdoor,2026-04-13 01:43:45.343000+00:00,,,,,,,38.592,47.692,0.0536999999999999,,0.0,1.0,,,,0.8976806257986624
robot_3,hospital,robot_anomaly_hospital,2026-04-21 16:14:00.806000+00:00,,,,,,,20.3637,47.3801,0.0125999999999999,,1.0,0.0,,,,0.6994398451644172
robot_2,hospital,robot_anomaly_hospital,2026-04-30 19:46:26.881000+00:00,,,,,,,44.984,45.1193,0.0616999999999999,,1.0,0.0,,,,0.7313261064189465
robot_3,warehouse,robot_anomaly_warehouse,2026-04-27 17:43:33.356000+00:00,,,,,,,34.655,45.6717,0.0132999999999999,,0.0,1.0,,,,0.9259378884091836
robot_3,hospital,robot_anomaly_hospital,2026-04-11 12:06:47.371000+00:00,,,,,,,30.4038,49.9379,0.053,,0.0,1.0,,,,0.8969211356776438
robot_3,warehouse,robot_anomaly_warehouse,2026-04-30 01:29:10.256000+00:00,,,,,,,37.0722,57.6093,0.0637999999999999,,0.0,1.0,,,,0.8994612563976174
robot_5,warehouse,robot_anomaly_warehouse,2026-05-07 07:04:05.629000+00:00,,,,,,,35.1133,60.9022,0.0507999999999999,,1.0,0.0,,,,0.5879265881851599
robot_4,warehouse,robot_anomaly_warehouse,2026-05-04 22:06:20.100000+00:00,,,,,,,30.3742,54.5089,0.0173999999999999,,0.0,1.0,,,,0.8634461016404152
robot_4,hospital,robot_anomaly_hospital,2026-04-15 17:23:58.260000+00:00,,,,,,,49.7681,63.4281,0.0165999999999999,,0.0,1.0,,,,0.9642589173411132
robot_2,outdoor,robot_anomaly_outdoor,2026-04-11 17:32:36.925000+00:00,,,,,,,33.8121,64.2662,0.0437999999999999,,0.0,1.0,,,,0.8783243136371344
robot_3,outdoor,robot_anomaly_outdoor,2026-05-10 13:29:16.555000+00:00,,,,,,,37.8579,50.2673,0.0018,,0.0,1.0,,,,0.8930818481968743
robot_3,warehouse,robot_anomaly_warehouse,2026-05-04 11:17:49.429000+00:00,,,,,,,44.0605,59.9507,0.0037,,0.0,1.0,,,,0.9028473346011572
robot_1,lab,robot_anomaly_lab,2026-04-13 04:14:48.632000+00:00,,,,,,,27.1712,52.6329,0.0484,,0.0,1.0,,,,0.912294193311307
robot_1,lab,robot_anomaly_lab,2026-04-23 13:15:50.608000+00:00,,,,,,,23.6347,61.0609,0.0068,,0.0,1.0,,,,0.8401473398723859
robot_4,lab,robot_anomaly_lab,2026-05-08 03:38:46.970000+00:00,,,,,,,44.0014,52.4898,0.0649999999999999,,0.0,1.0,,,,0.8951481641655686
robot_3,hospital,robot_anomaly_hospital,2026-05-01 15:46:17.941000+00:00,,,,,,,18.2885,44.8067,0.0627999999999999,,0.0,1.0,,,,0.9214802500803934
robot_1,hospital,robot_anomaly_hospital,2026-04-24 05:52:37.144000+00:00,,,,,,,35.6517,39.7033,0.0385999999999999,,0.0,1.0,,,,0.9805146641408632
robot_1,outdoor,robot_anomaly_outdoor,2026-04-18 21:09:40.832000+00:00,,,,,,,64.9697,50.0182,0.1102999999999999,,0.0,1.0,,,,0.8598733299238018
robot_1,outdoor,robot_anomaly_outdoor,2026-05-09 08:22:55.696000+00:00,,,,,,,42.1083,59.0972,0.0646999999999999,,0.0,1.0,,,,0.9079888289608208
robot_5,lab,robot_anomaly_lab,2026-05-08 02:37:28.918000+00:00,,,,,,,15.3313,61.2274,0.0385999999999999,,0.0,1.0,,,,0.8974545474687325
robot_3,hospital,robot_anomaly_hospital,2026-04-11 09:05:41.451000+00:00,,,,,,,27.1572,52.3516,0.0721,,0.0,1.0,,,,0.9181280114821704
robot_3,hospital,robot_anomaly_hospital,2026-05-09 04:15:05.533000+00:00,,,,,,,21.7342,36.3714,0.0705,,0.0,1.0,,,,0.8303419710792415
robot_5,warehouse,robot_anomaly_warehouse,2026-04-27 10:06:19.256000+00:00,,,,,,,26.9711,57.4296,0.0251,,0.0,1.0,,,,0.9109035139099564
robot_5,outdoor,robot_anomaly_outdoor,2026-04-23 23:16:41.232000+00:00,,,,,,,25.5438,50.282,0.0399,,0.0,1.0,,,,0.8380299684951252
robot_4,hospital,robot_anomaly_hospital,2026-04-14 04:28:25.315000+00:00,,,,,,,45.8686,40.6253,0.0113999999999999,,0.0,1.0,,,,0.914226238556788
robot_2,lab,robot_anomaly_lab,2026-05-02 05:21:47.853000+00:00,,,,,,,34.1853,46.2128,0.045,,0.0,1.0,,,,0.872345444850167
robot_3,warehouse,robot_anomaly_warehouse,2026-05-06 08:32:37.593000+00:00,,,,,,,36.3604,41.4226,0.0263999999999999,,0.0,1.0,,,,0.9098852976576752
robot_4,hospital,robot_anomaly_hospital,2026-05-06 23:45:43.945000+00:00,,,,,,,33.9047,46.1839,0.0651,,1.0,0.0,,,,0.7179473047120024
robot_1,hospital,robot_anomaly_hospital,2026-04-12 23:09:16.068000+00:00,,,,,,,53.4197,44.849,0.0731,,0.0,1.0,,,,0.9177175870235772
robot_1,outdoor,robot_anomaly_outdoor,2026-05-06 03:22:00.891000+00:00,,,,,,,34.5834,53.2859,0.0493,,0.0,1.0,,,,0.8999075886686784
robot_1,warehouse,robot_anomaly_warehouse,2026-05-05 19:01:49.668000+00:00,,,,,,,49.2547,49.2559,0.0664,,0.0,1.0,,,,0.8495762436960057
robot_1,hospital,robot_anomaly_hospital,2026-05-05 15:25:18.662000+00:00,,,,,,,55.1361,53.2173,0.0667999999999999,,0.0,1.0,,,,0.8836291379494841
robot_5,warehouse,robot_anomaly_warehouse,2026-04-14 09:41:26+00:00,,,,,,,41.0281,48.3672,0.0652,,0.0,1.0,,,,0.8985414171877002
robot_1,warehouse,robot_anomaly_warehouse,2026-04-21 22:58:32.234000+00:00,,,,,,,52.9702,46.4163,0.0686,,0.0,1.0,,,,0.9616759461140044
robot_2,outdoor,robot_anomaly_outdoor,2026-05-09 18:38:15.746000+00:00,,,,,,,421.128,11.118,0.1030999999999999,,1.0,0.0,,,,0.5644375987533501
robot_3,lab,robot_anomaly_lab,2026-04-24 15:26:37.674000+00:00,,,,,,,18.4662,53.8744,0.0304999999999999,,0.0,1.0,,,,0.9189642542439788
robot_5,warehouse,robot_anomaly_warehouse,2026-05-10 03:36:48.987000+00:00,,,,,,,37.4086,60.4023,0.0578999999999999,,0.0,1.0,,,,0.8398589972551939
robot_4,warehouse,robot_anomaly_warehouse,2026-05-01 13:31:06.417000+00:00,,,,,,,39.7163,64.0151,0.0505999999999999,,0.0,1.0,,,,0.9101012832862332
robot_4,outdoor,robot_anomaly_outdoor,2026-05-05 17:01:43.763000+00:00,,,,,,,35.7082,32.2459,0.0209,,0.0,1.0,,,,0.887719319326709
robot_4,outdoor,robot_anomaly_outdoor,2026-04-22 21:07:15.439000+00:00,,,,,,,22.5563,50.3273,0.0704,,0.0,1.0,,,,0.8886567399627687
robot_1,hospital,robot_anomaly_hospital,2026-04-30 07:59:56.255000+00:00,,,,,,,286.5343,8.7874,0.0073999999999999,,1.0,0.0,,,,0.6043236184174965
robot_4,hospital,robot_anomaly_hospital,2026-04-17 16:41:08.171000+00:00,,,,,,,26.083,50.3722,0.0417999999999999,,0.0,1.0,,,,0.9585796602866684
robot_3,lab,robot_anomaly_lab,2026-05-07 19:06:01.571000+00:00,,,,,,,317.1122,15.5594,0.0102999999999999,,1.0,0.0,,,,0.6265862289581776
robot_5,lab,robot_anomaly_lab,2026-04-24 05:33:44.325000+00:00,,,,,,,31.0834,48.1647,0.0405999999999999,,0.0,1.0,,,,0.9285217332206834
robot_2,hospital,robot_anomaly_hospital,2026-04-24 02:36:51.147000+00:00,,,,,,,22.3152,57.7529,0.0295999999999999,,0.0,1.0,,,,0.878204519153282
robot_5,lab,robot_anomaly_lab,2026-04-24 11:39:30.809000+00:00,,,,,,,29.7725,42.1552,0.0222999999999999,,0.0,1.0,,,,0.9016867983097114
robot_3,lab,robot_anomaly_lab,2026-04-17 08:12:31.551000+00:00,,,,,,,41.0859,54.8415,0.0218,,0.0,1.0,,,,0.9229379605362252
robot_1,hospital,robot_anomaly_hospital,2026-04-15 10:52:54.122000+00:00,,,,,,,41.0736,49.3279,0.0578999999999999,,0.0,1.0,,,,0.9678589953695376
robot_4,outdoor,robot_anomaly_outdoor,2026-04-26 17:27:15.147000+00:00,,,,,,,287.9767,6.8218,0.0308,,1.0,0.0,,,,0.5858418077418661
robot_5,hospital,robot_anomaly_hospital,2026-04-12 20:02:42.628000+00:00,,,,,,,25.6462,48.0358,0.0309,,0.0,1.0,,,,0.9319279435627515
robot_5,lab,robot_anomaly_lab,2026-05-03 04:56:04.957000+00:00,,,,,,,42.0172,40.8849,0.0682,,0.0,1.0,,,,0.9253932218908496
robot_4,warehouse,robot_anomaly_warehouse,2026-04-16 13:21:36.615000+00:00,,,,,,,30.6153,48.3508,0.0446999999999999,,0.0,1.0,,,,0.9041386966946758
robot_5,hospital,robot_anomaly_hospital,2026-05-09 15:50:04.894000+00:00,,,,,,,33.0587,42.7294,0.0376999999999999,,1.0,0.0,,,,0.6108347070926053
robot_3,lab,robot_anomaly_lab,2026-04-25 02:37:00.039000+00:00,,,,,,,36.8297,37.8668,0.0699999999999999,,1.0,0.0,,,,0.5886630702567771
robot_3,hospital,robot_anomaly_hospital,2026-04-16 17:49:57.920000+00:00,,,,,,,48.5447,42.9986,0.0433,,1.0,0.0,,,,0.5943501721995057
robot_2,warehouse,robot_anomaly_warehouse,2026-04-26 18:24:05.090000+00:00,,,,,,,44.7108,56.1218,0.0825,,0.0,1.0,,,,0.8763416631282815
robot_1,outdoor,robot_anomaly_outdoor,2026-05-06 20:19:42.297000+00:00,,,,,,,48.2625,58.4053,0.0615999999999999,,0.0,1.0,,,,0.8695988029701469
robot_1,lab,robot_anomaly_lab,2026-04-19 21:24:52.601000+00:00,,,,,,,33.0641,52.4997,0.0421,,0.0,1.0,,,,0.9276818748337264
robot_2,hospital,robot_anomaly_hospital,2026-04-11 15:43:53.849000+00:00,,,,,,,47.3113,45.3506,0.0956,,0.0,1.0,,,,0.8786653341716228
robot_1,lab,robot_anomaly_lab,2026-05-02 21:19:26.598000+00:00,,,,,,,28.3151,44.1347,0.0,,0.0,1.0,,,,0.9081207713183564
robot_1,hospital,robot_anomaly_hospital,2026-04-18 23:09:37.164000+00:00,,,,,,,28.0536,49.4959,0.0502,,0.0,1.0,,,,0.904332393323578
robot_2,hospital,robot_anomaly_hospital,2026-04-14 01:05:06.098000+00:00,,,,,,,26.1964,34.0155,0.0148,,0.0,1.0,,,,0.9048514596568576
robot_1,hospital,robot_anomaly_hospital,2026-05-10 15:05:07.107000+00:00,,,,,,,36.0207,61.6675,0.0738999999999999,,0.0,1.0,,,,0.9729084589156942
robot_4,lab,robot_anomaly_lab,2026-05-08 05:11:51.037000+00:00,,,,,,,18.298,54.6525,0.0655,,0.0,1.0,,,,0.9260302259279628
robot_5,lab,robot_anomaly_lab,2026-04-18 06:24:12.515000+00:00,,,,,,,41.2843,53.5854,0.0169,,0.0,1.0,,,,0.931868331990467
robot_2,outdoor,robot_anomaly_outdoor,2026-05-07 02:13:25.616000+00:00,,,,,,,27.2948,63.8762,0.0311,,0.0,1.0,,,,0.902046612884464
robot_4,hospital,robot_anomaly_hospital,2026-04-23 05:40:16.355000+00:00,,,,,,,17.807,41.9598,0.0776999999999999,,0.0,1.0,,,,0.9256634966726583
robot_1,warehouse,robot_anomaly_warehouse,2026-04-12 07:13:28.057000+00:00,,,,,,,33.0357,58.6488,0.0143999999999999,,0.0,1.0,,,,0.8977602133685689
robot_4,lab,robot_anomaly_lab,2026-05-01 07:38:51.811000+00:00,,,,,,,32.1567,55.1961,0.0621,,1.0,0.0,,,,0.6193263496028508
robot_1,warehouse,robot_anomaly_warehouse,2026-04-29 21:25:04.644000+00:00,,,,,,,41.706,39.1472,0.0783,,0.0,1.0,,,,0.8541132274833394
robot_2,outdoor,robot_anomaly_outdoor,2026-05-06 01:15:44.838000+00:00,,,,,,,29.3084,41.7951,0.0401,,0.0,1.0,,,,0.8644048304176509
robot_2,outdoor,robot_anomaly_outdoor,2026-04-16 09:55:52.425000+00:00,,,,,,,42.4922,61.4917,0.6526000000000001,,1.0,0.0,,,,0.5460567480575469
robot_3,warehouse,robot_anomaly_warehouse,2026-04-18 18:52:30.135000+00:00,,,,,,,34.0164,61.6441,0.0635,,0.0,1.0,,,,0.9130188869731202
robot_1,outdoor,robot_anomaly_outdoor,2026-04-22 03:18:26.532000+00:00,,,,,,,42.6905,56.4582,0.0361,,0.0,1.0,,,,0.9125242753683612
robot_2,lab,robot_anomaly_lab,2026-05-03 16:50:52.849000+00:00,,,,,,,20.4984,47.6885,0.0426999999999999,,0.0,1.0,,,,0.9432788901961564
robot_5,hospital,robot_anomaly_hospital,2026-04-15 23:09:22.614000+00:00,,,,,,,39.2453,48.4113,0.0252999999999999,,0.0,1.0,,,,0.955276831398294
robot_2,hospital,robot_anomaly_hospital,2026-05-04 00:50:28.564000+00:00,,,,,,,52.1041,51.8874,0.0723,,0.0,1.0,,,,0.9363154897590766
robot_5,outdoor,robot_anomaly_outdoor,2026-04-12 09:31:27.036000+00:00,,,,,,,33.6496,41.9488,0.0292999999999999,,1.0,0.0,,,,0.5795146099823179
robot_5,hospital,robot_anomaly_hospital,2026-04-15 12:05:56.740000+00:00,,,,,,,37.5567,50.2537,0.0282,,0.0,1.0,,,,0.8858344692362745
robot_5,warehouse,robot_anomaly_warehouse,2026-04-24 02:51:09.234000+00:00,,,,,,,45.7055,52.277,0.0184999999999999,,0.0,1.0,,,,0.8727773362531795
robot_4,outdoor,robot_anomaly_outdoor,2026-04-21 19:14:29.712000+00:00,,,,,,,42.043,44.2539,0.0338,,0.0,1.0,,,,0.9210400255592758
robot_2,lab,robot_anomaly_lab,2026-05-07 07:52:14.471000+00:00,,,,,,,28.5444,70.216,0.0118,,0.0,1.0,,,,0.9062892091695164
robot_4,hospital,robot_anomaly_hospital,2026-04-18 23:20:01.918000+00:00,,,,,,,57.3292,40.4579,0.0834,,0.0,1.0,,,,0.8966097129401922
robot_1,outdoor,robot_anomaly_outdoor,2026-04-30 20:50:44.505000+00:00,,,,,,,27.8623,69.3947,0.0284999999999999,,0.0,1.0,,,,0.9149226564558972
robot_1,warehouse,robot_anomaly_warehouse,2026-05-02 19:56:36.319000+00:00,,,,,,,62.9144,52.0986,0.0763,,0.0,1.0,,,,0.8445001287857554
robot_4,lab,robot_anomaly_lab,2026-05-01 05:41:49.598000+00:00,,,,,,,27.2834,36.9773,0.0548999999999999,,0.0,1.0,,,,0.9031478682453968
robot_5,lab,robot_anomaly_lab,2026-05-05 08:11:19.276000+00:00,,,,,,,35.1539,49.9923,0.0993,,0.0,1.0,,,,0.8943477061862624
robot_4,warehouse,robot_anomaly_warehouse,2026-04-21 16:38:27.523000+00:00,,,,,,,23.7019,60.6245,0.0587999999999999,,0.0,1.0,,,,0.8853417654119953
robot_2,outdoor,robot_anomaly_outdoor,2026-04-11 20:37:41.250000+00:00,,,,,,,15.8705,37.9106,0.0119,,0.0,1.0,,,,0.9214819190568146
robot_5,hospital,robot_anomaly_hospital,2026-04-17 15:36:40.788000+00:00,,,,,,,23.6359,48.5699,0.0,,0.0,1.0,,,,0.9512194372878292
robot_1,outdoor,robot_anomaly_outdoor,2026-04-29 14:02:57.501000+00:00,,,,,,,42.5431,39.8707,0.0524,,0.0,1.0,,,,0.9314210722945058
robot_2,warehouse,robot_anomaly_warehouse,2026-04-29 12:50:19.889000+00:00,,,,,,,48.0727,59.5922,0.0693,,0.0,1.0,,,,0.9093304645109364
robot_3,hospital,robot_anomaly_hospital,2026-04-25 20:28:07.824000+00:00,,,,,,,23.0414,36.685,0.0706,,0.0,1.0,,,,0.9605760657979632
robot_5,hospital,robot_anomaly_hospital,2026-04-29 07:43:22.938000+00:00,,,,,,,52.1609,46.4643,0.0874,,0.0,1.0,,,,0.8716435466761169
robot_2,warehouse,robot_anomaly_warehouse,2026-05-05 00:05:46.608000+00:00,,,,,,,27.4183,47.4164,0.0,,1.0,0.0,,,,0.7601893475723035
robot_1,warehouse,robot_anomaly_warehouse,2026-04-18 01:56:05.545000+00:00,,,,,,,34.7135,51.6145,0.0824,,0.0,1.0,,,,0.8644654460777493
robot_1,outdoor,robot_anomaly_outdoor,2026-05-09 21:28:13.690000+00:00,,,,,,,39.6674,35.1441,0.0953,,0.0,1.0,,,,0.8984828988125603
robot_3,lab,robot_anomaly_lab,2026-04-21 09:01:37.337000+00:00,,,,,,,63.3856,46.2727,0.0494,,0.0,1.0,,,,0.8549962795678322
robot_3,warehouse,robot_anomaly_warehouse,2026-04-28 21:30:05.153000+00:00,,,,,,,17.6565,51.6393,0.0978999999999999,,1.0,0.0,,,,0.6654765597161595
robot_5,hospital,robot_anomaly_hospital,2026-05-06 05:50:25.093000+00:00,,,,,,,34.3184,56.3317,0.0847,,0.0,1.0,,,,0.8683799341856627
robot_1,hospital,robot_anomaly_hospital,2026-05-01 12:55:42.189000+00:00,,,,,,,53.5225,55.1399,0.0633,,0.0,1.0,,,,0.9639921173386936
robot_4,outdoor,robot_anomaly_outdoor,2026-04-13 01:09:39.459000+00:00,,,,,,,31.9079,56.5743,0.0748999999999999,,1.0,0.0,,,,0.582419661056429
robot_3,warehouse,robot_anomaly_warehouse,2026-04-20 01:44:04.592000+00:00,,,,,,,195.8359,14.2076,0.0,,1.0,0.0,,,,0.6945681710360251
robot_1,hospital,robot_anomaly_hospital,2026-04-29 21:25:01.040000+00:00,,,,,,,37.1934,61.4553,0.0552,,0.0,1.0,,,,0.9299790856929556
robot_5,hospital,robot_anomaly_hospital,2026-05-05 13:10:53.967000+00:00,,,,,,,50.0768,54.1803,0.0401,,0.0,1.0,,,,0.9096619438244928
robot_3,outdoor,robot_anomaly_outdoor,2026-04-11 23:16:38.016000+00:00,,,,,,,31.9721,50.0414,0.0627999999999999,,0.0,1.0,,,,0.9265827477283568
robot_3,warehouse,robot_anomaly_warehouse,2026-05-07 02:08:40.435000+00:00,,,,,,,31.3702,48.762,0.0439,,0.0,1.0,,,,0.9449336511049048
robot_1,hospital,robot_anomaly_hospital,2026-04-12 01:52:17.677000+00:00,,,,,,,46.1971,54.105,0.0943,,0.0,1.0,,,,0.9174113801426368
robot_1,lab,robot_anomaly_lab,2026-05-08 07:30:25.842000+00:00,,,,,,,39.3048,60.0513,0.0762,,0.0,1.0,,,,0.9589932408354824
robot_3,hospital,robot_anomaly_hospital,2026-05-06 20:52:01.686000+00:00,,,,,,,50.1877,37.712,0.1135,,0.0,1.0,,,,0.894455300113923
robot_3,hospital,robot_anomaly_hospital,2026-04-12 14:49:27.007000+00:00,,,,,,,24.958,74.6592,0.0451,,0.0,1.0,,,,0.886904311932937
robot_2,hospital,robot_anomaly_hospital,2026-04-26 22:34:00.829000+00:00,,,,,,,31.1594,47.3043,0.0798999999999999,,0.0,1.0,,,,0.8888954821264171
robot_5,hospital,robot_anomaly_hospital,2026-05-03 23:57:05.268000+00:00,,,,,,,36.6486,57.7732,0.0423,,0.0,1.0,,,,0.9386596644536732
robot_2,lab,robot_anomaly_lab,2026-05-04 17:22:10.661000+00:00,,,,,,,34.1192,55.6376,0.0934,,0.0,1.0,,,,0.8924459880716867
robot_1,outdoor,robot_anomaly_outdoor,2026-04-28 14:14:07.453000+00:00,,,,,,,32.442,54.653,0.0507999999999999,,0.0,1.0,,,,0.9301222237588328
robot_4,warehouse,robot_anomaly_warehouse,2026-05-09 17:16:39.560000+00:00,,,,,,,23.7334,47.1985,0.045,,0.0,1.0,,,,0.9427368568828652
robot_2,hospital,robot_anomaly_hospital,2026-04-20 17:05:22.580000+00:00,,,,,,,62.1125,30.7224,0.0481,,0.0,1.0,,,,0.8556077930088403
robot_4,lab,robot_anomaly_lab,2026-05-07 22:25:43.078000+00:00,,,,,,,33.2473,52.9003,0.0231,,0.0,1.0,,,,0.9499699922651492
robot_3,lab,robot_anomaly_lab,2026-04-24 23:26:11.212000+00:00,,,,,,,43.6137,48.3302,0.0732,,0.0,1.0,,,,0.9400823550759472
robot_4,outdoor,robot_anomaly_outdoor,2026-05-05 17:21:02.299000+00:00,,,,,,,22.7837,42.8288,0.0586999999999999,,0.0,1.0,,,,0.8807195526735694
robot_5,outdoor,robot_anomaly_outdoor,2026-04-11 04:59:45.661000+00:00,,,,,,,36.4145,55.2554,0.0608999999999999,,0.0,1.0,,,,0.9118292314448038
robot_5,lab,robot_anomaly_lab,2026-04-21 21:58:45.668000+00:00,,,,,,,19.4534,33.8195,0.0757999999999999,,0.0,1.0,,,,0.9116929900377722
robot_5,outdoor,robot_anomaly_outdoor,2026-04-19 03:36:00.205000+00:00,,,,,,,43.2431,44.3688,0.0375999999999999,,0.0,1.0,,,,0.910932077900574
robot_2,outdoor,robot_anomaly_outdoor,2026-04-29 00:25:02.245000+00:00,,,,,,,19.7035,55.5839,0.0272,,0.0,1.0,,,,0.9077294549175824
robot_3,hospital,robot_anomaly_hospital,2026-05-09 06:59:45.621000+00:00,,,,,,,37.7378,46.7906,0.0868999999999999,,0.0,1.0,,,,0.951601978953528
robot_2,outdoor,robot_anomaly_outdoor,2026-04-22 00:08:41.148000+00:00,,,,,,,38.0568,50.7857,0.0525999999999999,,0.0,1.0,,,,0.913969421436426
robot_3,lab,robot_anomaly_lab,2026-04-19 02:46:52.821000+00:00,,,,,,,38.5197,43.2178,0.02,,1.0,0.0,,,,0.5901483889293576
robot_1,hospital,robot_anomaly_hospital,2026-04-25 22:39:49.594000+00:00,,,,,,,42.0547,62.6513,0.0611,,1.0,0.0,,,,0.7398778631025416
robot_1,hospital,robot_anomaly_hospital,2026-05-10 13:23:36.681000+00:00,,,,,,,27.1427,46.2484,0.0746999999999999,,0.0,1.0,,,,0.9382433167703976
robot_1,outdoor,robot_anomaly_outdoor,2026-05-06 14:37:20.003000+00:00,,,,,,,35.7808,36.6099,0.0436999999999999,,0.0,1.0,,,,0.9234109686709588
robot_5,lab,robot_anomaly_lab,2026-04-14 09:42:12.657000+00:00,,,,,,,28.8153,49.7644,0.0776999999999999,,0.0,1.0,,,,0.8902452428309695
robot_1,outdoor,robot_anomaly_outdoor,2026-05-05 03:13:44.428000+00:00,,,,,,,38.7644,53.8724,0.0501,,0.0,1.0,,,,0.8946884377707949
robot_2,outdoor,robot_anomaly_outdoor,2026-04-23 18:28:47.247000+00:00,,,,,,,299.6427,9.4755,0.1243999999999999,,1.0,0.0,,,,0.6052475236951226
robot_5,lab,robot_anomaly_lab,2026-05-01 04:05:41.340000+00:00,,,,,,,40.179,47.2148,0.0171999999999999,,0.0,1.0,,,,0.8840683646013598
robot_1,hospital,robot_anomaly_hospital,2026-04-12 06:28:21.917000+00:00,,,,,,,39.6557,58.0511,0.0185999999999999,,0.0,1.0,,,,0.9118915776392468
robot_2,warehouse,robot_anomaly_warehouse,2026-04-20 09:37:15.120000+00:00,,,,,,,32.873,50.9461,0.4758,,1.0,0.0,,,,0.6268925865903485
robot_3,lab,robot_anomaly_lab,2026-05-04 15:56:33.334000+00:00,,,,,,,31.6725,40.0419,0.0318,,0.0,1.0,,,,0.9640463773391328
robot_3,outdoor,robot_anomaly_outdoor,2026-04-21 11:04:16.516000+00:00,,,,,,,33.6045,43.6631,0.0,,0.0,1.0,,,,0.9088692246759092
robot_3,outdoor,robot_anomaly_outdoor,2026-04-12 01:53:49.382000+00:00,,,,,,,30.2459,46.5682,0.0755,,0.0,1.0,,,,0.9695761608774294
robot_1,hospital,robot_anomaly_hospital,2026-05-10 17:18:41.817000+00:00,,,,,,,28.074,72.9033,0.0472,,0.0,1.0,,,,0.8830488806620858
robot_2,lab,robot_anomaly_lab,2026-04-17 00:03:55.243000+00:00,,,,,,,37.713,49.6374,0.0573,,0.0,1.0,,,,0.8989577432748028
robot_3,hospital,robot_anomaly_hospital,2026-04-10 18:49:53.933000+00:00,,,,,,,127.9016,8.032,0.0412,,1.0,0.0,,,,0.6828818640679917
robot_4,hospital,robot_anomaly_hospital,2026-04-27 08:08:17.442000+00:00,,,,,,,323.8223,7.258,0.0118,,1.0,0.0,,,,0.5963257829449422
robot_1,warehouse,robot_anomaly_warehouse,2026-04-12 13:11:33.882000+00:00,,,,,,,43.3886,45.1708,0.0366999999999999,,1.0,0.0,,,,0.6853272822344175
robot_5,lab,robot_anomaly_lab,2026-04-19 09:59:32.813000+00:00,,,,,,,19.7566,38.4261,0.0581,,0.0,1.0,,,,0.8853372381084723
robot_4,warehouse,robot_anomaly_warehouse,2026-04-11 16:20:17.361000+00:00,,,,,,,37.2833,56.78,0.5212,,1.0,0.0,,,,0.6241346598720167
robot_1,hospital,robot_anomaly_hospital,2026-05-06 10:19:46.681000+00:00,,,,,,,32.2389,54.4283,0.0649999999999999,,0.0,1.0,,,,0.9064828840209088
robot_4,lab,robot_anomaly_lab,2026-04-27 21:30:16.470000+00:00,,,,,,,57.3862,45.5409,0.0,,0.0,1.0,,,,0.931211426297428
robot_2,warehouse,robot_anomaly_warehouse,2026-05-03 06:33:53.694000+00:00,,,,,,,39.3015,46.1953,0.0369,,0.0,1.0,,,,0.9598797825019744
robot_2,hospital,robot_anomaly_hospital,2026-05-06 19:08:54.295000+00:00,,,,,,,36.618,57.4819,0.0608999999999999,,0.0,1.0,,,,0.964381408025652
robot_2,outdoor,robot_anomaly_outdoor,2026-04-26 05:37:21.799000+00:00,,,,,,,41.4777,56.0949,0.0666999999999999,,1.0,0.0,,,,0.7573565211229036
robot_3,outdoor,robot_anomaly_outdoor,2026-04-27 15:28:21.504000+00:00,,,,,,,39.3308,51.0801,0.0466999999999999,,0.0,1.0,,,,0.8942672230953352
robot_1,outdoor,robot_anomaly_outdoor,2026-04-13 07:14:29.706000+00:00,,,,,,,28.8779,33.2611,0.4115,,1.0,0.0,,,,0.6428948427353802
robot_3,outdoor,robot_anomaly_outdoor,2026-04-25 18:04:29.704000+00:00,,,,,,,32.0957,59.0843,0.0315999999999999,,0.0,1.0,,,,0.9567545267457168
robot_3,warehouse,robot_anomaly_warehouse,2026-05-09 17:34:06.191000+00:00,,,,,,,51.7872,45.9089,0.0343,,1.0,0.0,,,,0.6719706116927857
robot_5,outdoor,robot_anomaly_outdoor,2026-05-05 17:25:53.741000+00:00,,,,,,,51.4589,59.5882,0.0364999999999999,,0.0,1.0,,,,0.8540953564708346
robot_3,outdoor,robot_anomaly_outdoor,2026-04-30 09:05:46.648000+00:00,,,,,,,27.3517,46.3359,0.0616999999999999,,0.0,1.0,,,,0.930339525383428
robot_5,warehouse,robot_anomaly_warehouse,2026-05-06 20:05:35.399000+00:00,,,,,,,47.8485,56.7836,0.6313,,1.0,0.0,,,,0.5446105852756202
robot_3,lab,robot_anomaly_lab,2026-04-13 01:17:29.575000+00:00,,,,,,,30.4128,45.7681,0.0742,,0.0,1.0,,,,0.9491737518092538
robot_4,outdoor,robot_anomaly_outdoor,2026-04-23 06:55:41.961000+00:00,,,,,,,39.969,33.9587,0.0940999999999999,,0.0,1.0,,,,0.8538318763182119
robot_1,warehouse,robot_anomaly_warehouse,2026-04-12 13:21:11.621000+00:00,,,,,,,41.4783,50.6134,0.0404999999999999,,0.0,1.0,,,,0.9439558946864034
robot_2,warehouse,robot_anomaly_warehouse,2026-04-30 20:52:09.735000+00:00,,,,,,,25.5175,49.0022,0.0261,,0.0,1.0,,,,0.9189424928844512
robot_2,lab,robot_anomaly_lab,2026-04-18 14:11:40.162000+00:00,,,,,,,26.2853,47.9371,0.0557999999999999,,0.0,1.0,,,,0.9322573083497848
robot_4,warehouse,robot_anomaly_warehouse,2026-04-13 08:35:34.717000+00:00,,,,,,,47.993,41.0378,0.0666999999999999,,0.0,1.0,,,,0.885744982515489
robot_3,outdoor,robot_anomaly_outdoor,2026-04-23 17:52:59.665000+00:00,,,,,,,31.0622,59.0677,0.0143999999999999,,0.0,1.0,,,,0.9076463307720972
robot_2,lab,robot_anomaly_lab,2026-04-26 15:47:00.357000+00:00,,,,,,,45.4942,50.1522,0.0687999999999999,,0.0,1.0,,,,0.8988284617737314
robot_2,warehouse,robot_anomaly_warehouse,2026-04-18 21:57:11.971000+00:00,,,,,,,43.4432,47.9646,0.1034,,0.0,1.0,,,,0.8651548533257445
robot_4,lab,robot_anomaly_lab,2026-05-08 10:21:55.901000+00:00,,,,,,,33.2015,46.6224,0.0572,,0.0,1.0,,,,0.9290869532863022
robot_1,outdoor,robot_anomaly_outdoor,2026-04-13 21:13:34.067000+00:00,,,,,,,46.1846,54.1568,0.0654,,0.0,1.0,,,,0.8752858551054455
robot_5,lab,robot_anomaly_lab,2026-05-06 03:23:13.967000+00:00,,,,,,,21.2036,52.215,0.0461,,0.0,1.0,,,,0.8938144761931568
robot_5,hospital,robot_anomaly_hospital,2026-04-23 15:03:52.115000+00:00,,,,,,,11.3506,56.2543,0.5358,,1.0,0.0,,,,0.6876172063438859
robot_2,warehouse,robot_anomaly_warehouse,2026-04-12 13:42:40.740000+00:00,,,,,,,225.5162,4.0739,0.0419,,1.0,0.0,,,,0.6259409056819298
robot_3,lab,robot_anomaly_lab,2026-04-12 06:59:41.847000+00:00,,,,,,,38.8134,57.3621,0.0661,,0.0,1.0,,,,0.9475733640121125
robot_3,lab,robot_anomaly_lab,2026-04-23 15:25:18.167000+00:00,,,,,,,32.3024,54.238,0.06,,0.0,1.0,,,,0.8713394643065469
robot_5,lab,robot_anomaly_lab,2026-04-27 03:46:16.074000+00:00,,,,,,,53.363,41.5469,0.0262,,0.0,1.0,,,,0.8835736659192157
robot_1,warehouse,robot_anomaly_warehouse,2026-05-10 12:07:48.147000+00:00,,,,,,,27.7645,68.9099,0.0482,,0.0,1.0,,,,0.8949511897230538
robot_4,outdoor,robot_anomaly_outdoor,2026-04-16 02:08:52.395000+00:00,,,,,,,43.4906,59.8191,0.1054,,0.0,1.0,,,,0.8544561927064986
robot_3,outdoor,robot_anomaly_outdoor,2026-04-15 07:30:52.004000+00:00,,,,,,,26.486,45.8151,0.0194999999999999,,0.0,1.0,,,,0.8938307671579453
robot_4,lab,robot_anomaly_lab,2026-04-13 13:49:34.081000+00:00,,,,,,,21.5608,45.4162,0.0964,,0.0,1.0,,,,0.9314178510516558
robot_4,warehouse,robot_anomaly_warehouse,2026-04-27 19:22:21.510000+00:00,,,,,,,25.5431,48.0755,0.0678999999999999,,0.0,1.0,,,,0.9293075501802952
robot_3,warehouse,robot_anomaly_warehouse,2026-05-04 23:22:10.383000+00:00,,,,,,,16.2811,48.1929,0.0551,,0.0,1.0,,,,0.913950993458079
robot_1,hospital,robot_anomaly_hospital,2026-05-10 02:15:33.767000+00:00,,,,,,,51.6126,48.7724,0.0,,0.0,1.0,,,,0.9677286426586644
robot_3,warehouse,robot_anomaly_warehouse,2026-04-13 13:16:10.218000+00:00,,,,,,,41.6675,51.8119,0.0291,,0.0,1.0,,,,0.936452962900767
robot_3,hospital,robot_anomaly_hospital,2026-04-11 18:37:07.389000+00:00,,,,,,,29.6458,43.8424,0.0654,,0.0,1.0,,,,0.898544186991496
robot_3,hospital,robot_anomaly_hospital,2026-04-11 04:56:01.369000+00:00,,,,,,,46.3168,53.9055,0.0688999999999999,,0.0,1.0,,,,0.9226300526522327
robot_3,outdoor,robot_anomaly_outdoor,2026-04-14 19:40:02.624000+00:00,,,,,,,36.8573,46.8304,0.0309,,0.0,1.0,,,,0.8525131721233009
robot_1,warehouse,robot_anomaly_warehouse,2026-04-11 20:00:02.600000+00:00,,,,,,,25.5991,55.6239,0.0564,,0.0,1.0,,,,0.8835073237470736
robot_1,outdoor,robot_anomaly_outdoor,2026-04-16 13:36:06.953000+00:00,,,,,,,30.8409,48.4796,0.0068,,0.0,1.0,,,,0.9335126858305408
robot_4,warehouse,robot_anomaly_warehouse,2026-04-23 17:42:09.538000+00:00,,,,,,,18.6567,45.5215,0.0433,,1.0,0.0,,,,0.6850287652268156
robot_3,warehouse,robot_anomaly_warehouse,2026-04-22 01:49:27.761000+00:00,,,,,,,35.2216,52.5924,0.0534,,0.0,1.0,,,,0.966445070773138
robot_3,lab,robot_anomaly_lab,2026-05-10 04:35:38.106000+00:00,,,,,,,44.2118,41.8129,0.0451,,0.0,1.0,,,,0.8249711584808972
robot_4,warehouse,robot_anomaly_warehouse,2026-04-15 20:55:00.936000+00:00,,,,,,,34.9048,52.689,0.8527,,1.0,0.0,,,,0.5454768423834304
robot_3,outdoor,robot_anomaly_outdoor,2026-05-01 14:25:01.126000+00:00,,,,,,,37.3676,48.5543,0.0553,,0.0,1.0,,,,0.8913073507543217
robot_1,hospital,robot_anomaly_hospital,2026-04-11 11:40:00.445000+00:00,,,,,,,40.6304,47.5751,0.3275,,1.0,0.0,,,,0.6067698785267337
robot_1,warehouse,robot_anomaly_warehouse,2026-04-29 04:23:13.473000+00:00,,,,,,,21.0227,59.7539,0.021,,1.0,0.0,,,,0.4771066078425924
robot_3,outdoor,robot_anomaly_outdoor,2026-04-24 22:10:57.151000+00:00,,,,,,,187.463,8.3254,0.0119,,1.0,0.0,,,,0.6204274923997211
robot_4,outdoor,robot_anomaly_outdoor,2026-04-14 02:26:42.981000+00:00,,,,,,,51.585,44.6614,0.0568999999999999,,0.0,1.0,,,,0.8241625480497549
robot_2,hospital,robot_anomaly_hospital,2026-04-28 09:35:46.386000+00:00,,,,,,,18.3801,52.6583,0.02,,0.0,1.0,,,,0.9271626696918308
robot_3,hospital,robot_anomaly_hospital,2026-05-03 02:12:58.176000+00:00,,,,,,,39.1421,63.1915,0.4599999999999999,,1.0,0.0,,,,0.5833148728873596
robot_4,hospital,robot_anomaly_hospital,2026-04-24 02:17:51.781000+00:00,,,,,,,28.3695,46.9815,0.0978,,1.0,0.0,,,,0.7004027577268229
robot_2,hospital,robot_anomaly_hospital,2026-04-20 22:03:47.559000+00:00,,,,,,,36.0503,54.7714,0.0141999999999999,,0.0,1.0,,,,0.9244885585319812
robot_4,hospital,robot_anomaly_hospital,2026-04-24 18:35:15.810000+00:00,,,,,,,46.6584,56.2618,0.0743,,0.0,1.0,,,,0.9677424365891604
robot_5,warehouse,robot_anomaly_warehouse,2026-04-18 10:11:25.835000+00:00,,,,,,,34.8699,31.888,0.0191999999999999,,0.0,1.0,,,,0.9325903633292416
robot_2,lab,robot_anomaly_lab,2026-05-06 11:33:55.747000+00:00,,,,,,,29.2768,49.535,0.0574,,0.0,1.0,,,,0.9095076472132536
robot_4,hospital,robot_anomaly_hospital,2026-05-02 21:05:47.884000+00:00,,,,,,,35.2576,43.3662,0.0704,,0.0,1.0,,,,0.9182184143393398
robot_5,outdoor,robot_anomaly_outdoor,2026-04-12 05:16:54.438000+00:00,,,,,,,31.6629,58.959,0.0795,,0.0,1.0,,,,0.8809984956398047
robot_2,outdoor,robot_anomaly_outdoor,2026-04-12 01:42:49.527000+00:00,,,,,,,42.8974,47.1071,0.0577999999999999,,0.0,1.0,,,,0.880444425935357
robot_2,hospital,robot_anomaly_hospital,2026-05-09 13:29:29.436000+00:00,,,,,,,68.9321,43.0521,0.0262999999999999,,0.0,1.0,,,,0.923159429684964
robot_4,hospital,robot_anomaly_hospital,2026-05-01 22:44:44.395000+00:00,,,,,,,11.9428,30.0,0.0051999999999999,,0.0,1.0,,,,0.9243906121100052
robot_1,lab,robot_anomaly_lab,2026-05-08 05:59:59.340000+00:00,,,,,,,41.6238,52.1407,0.0363999999999999,,0.0,1.0,,,,0.915435028813684
robot_4,lab,robot_anomaly_lab,2026-04-26 07:12:34.111000+00:00,,,,,,,31.1268,64.4951,0.0,,0.0,1.0,,,,0.875001061222003
robot_4,outdoor,robot_anomaly_outdoor,2026-04-27 02:30:22.313000+00:00,,,,,,,16.8904,67.2509,0.0847,,0.0,1.0,,,,0.854745134835488
robot_4,outdoor,robot_anomaly_outdoor,2026-04-30 04:38:29.006000+00:00,,,,,,,33.1871,63.1939,0.0,,0.0,1.0,,,,0.9600532485649887
robot_3,hospital,robot_anomaly_hospital,2026-05-05 06:03:03.508000+00:00,,,,,,,42.2282,49.1449,0.0484,,0.0,1.0,,,,0.8625603754281361
robot_4,outdoor,robot_anomaly_outdoor,2026-04-28 14:51:10.907000+00:00,,,,,,,20.7561,49.7485,0.0345999999999999,,0.0,1.0,,,,0.8495212131214311
robot_5,lab,robot_anomaly_lab,2026-04-12 19:20:05.531000+00:00,,,,,,,42.7876,66.7431,0.0616999999999999,,0.0,1.0,,,,0.9146110596712452
robot_2,lab,robot_anomaly_lab,2026-04-20 10:04:27.477000+00:00,,,,,,,34.7964,45.5915,0.0647999999999999,,0.0,1.0,,,,0.8587510948468635
robot_5,warehouse,robot_anomaly_warehouse,2026-04-19 21:37:54.928000+00:00,,,,,,,40.6293,54.035,0.0741,,0.0,1.0,,,,0.8361872112357369
robot_3,hospital,robot_anomaly_hospital,2026-04-21 12:05:59.360000+00:00,,,,,,,41.0054,37.0875,0.0735,,0.0,1.0,,,,0.9079953938630552
robot_5,warehouse,robot_anomaly_warehouse,2026-04-12 10:06:48.349000+00:00,,,,,,,51.194,47.907,0.0815,,0.0,1.0,,,,0.8507951197681176
robot_3,warehouse,robot_anomaly_warehouse,2026-04-27 01:30:53.769000+00:00,,,,,,,29.1902,41.2407,0.0618999999999999,,0.0,1.0,,,,0.9236769750126356
robot_5,lab,robot_anomaly_lab,2026-04-19 23:42:04.801000+00:00,,,,,,,20.8538,48.1565,0.0658999999999999,,1.0,0.0,,,,0.7536474430801168
robot_2,outdoor,robot_anomaly_outdoor,2026-04-15 07:22:17.015000+00:00,,,,,,,21.7923,46.2065,0.0482,,0.0,1.0,,,,0.8752579288380755
robot_5,warehouse,robot_anomaly_warehouse,2026-04-24 21:52:48.507000+00:00,,,,,,,39.6686,44.7418,0.0516999999999999,,0.0,1.0,,,,0.9449268113635408
robot_4,warehouse,robot_anomaly_warehouse,2026-04-22 17:43:54.313000+00:00,,,,,,,33.309,48.0879,0.0315999999999999,,0.0,1.0,,,,0.8424240479895604
robot_2,warehouse,robot_anomaly_warehouse,2026-05-07 03:31:07.617000+00:00,,,,,,,33.6908,59.6484,0.0525999999999999,,0.0,1.0,,,,0.9566781096977792
robot_4,warehouse,robot_anomaly_warehouse,2026-04-27 07:06:41.758000+00:00,,,,,,,237.082,13.1361,0.0632,,1.0,0.0,,,,0.5989450797042339
robot_1,warehouse,robot_anomaly_warehouse,2026-04-29 23:18:20.813000+00:00,,,,,,,36.4199,49.4719,0.0645,,0.0,1.0,,,,0.93265833943777
robot_1,hospital,robot_anomaly_hospital,2026-05-08 06:29:43.737000+00:00,,,,,,,19.1841,44.4308,0.0963,,0.0,1.0,,,,0.8976840517040989
robot_1,warehouse,robot_anomaly_warehouse,2026-04-12 23:06:33.400000+00:00,,,,,,,27.0161,43.838,0.0171,,0.0,1.0,,,,0.8383915572254093
robot_1,hospital,robot_anomaly_hospital,2026-04-22 10:19:53.909000+00:00,,,,,,,50.5483,57.0471,0.0647999999999999,,1.0,0.0,,,,0.6747673025656655
robot_3,warehouse,robot_anomaly_warehouse,2026-05-06 01:56:10.184000+00:00,,,,,,,22.6853,40.148,0.0614,,0.0,1.0,,,,0.9117378809523768
robot_1,hospital,robot_anomaly_hospital,2026-04-20 05:31:47.508000+00:00,,,,,,,29.674,47.2396,0.0517999999999999,,1.0,0.0,,,,0.6388425956018433
robot_2,hospital,robot_anomaly_hospital,2026-04-11 08:44:46.005000+00:00,,,,,,,43.4082,47.7953,0.1088,,0.0,1.0,,,,0.8850177013085763
robot_1,outdoor,robot_anomaly_outdoor,2026-04-21 01:42:29.652000+00:00,,,,,,,31.5989,49.3842,0.0421,,0.0,1.0,,,,0.859937199953076
robot_1,hospital,robot_anomaly_hospital,2026-05-09 18:02:20.461000+00:00,,,,,,,45.9822,46.9975,0.0602,,0.0,1.0,,,,0.9086589744614596
robot_3,lab,robot_anomaly_lab,2026-04-12 04:36:23.976000+00:00,,,,,,,31.8578,56.1766,0.0366999999999999,,0.0,1.0,,,,0.9349548158771944
robot_2,lab,robot_anomaly_lab,2026-04-10 19:23:15.573000+00:00,,,,,,,36.7234,30.3047,0.0642,,0.0,1.0,,,,0.933955285933418
robot_3,lab,robot_anomaly_lab,2026-04-10 23:06:00.064000+00:00,,,,,,,34.5025,45.3227,0.0618999999999999,,0.0,1.0,,,,0.921328626638844
robot_5,lab,robot_anomaly_lab,2026-04-21 21:33:09.370000+00:00,,,,,,,41.7759,46.9644,0.0577999999999999,,0.0,1.0,,,,0.9420365735475628
robot_1,warehouse,robot_anomaly_warehouse,2026-04-10 20:50:09.109000+00:00,,,,,,,30.7669,63.7806,0.1316,,0.0,1.0,,,,0.9485292404992708
robot_5,warehouse,robot_anomaly_warehouse,2026-05-07 09:03:32.340000+00:00,,,,,,,45.8463,58.0636,0.0974,,1.0,0.0,,,,0.7342373150240161
robot_2,outdoor,robot_anomaly_outdoor,2026-04-16 21:48:33.206000+00:00,,,,,,,41.3801,55.3891,0.0463,,0.0,1.0,,,,0.9736835187205852
robot_5,lab,robot_anomaly_lab,2026-04-22 14:18:45.616000+00:00,,,,,,,19.4637,30.0,0.0628999999999999,,0.0,1.0,,,,0.907812530831038
robot_4,warehouse,robot_anomaly_warehouse,2026-04-12 15:21:40.246000+00:00,,,,,,,44.2273,64.6507,0.0,,0.0,1.0,,,,0.8549660016798585
robot_2,lab,robot_anomaly_lab,2026-04-22 07:01:11.678000+00:00,,,,,,,30.2051,61.8399,0.0416999999999999,,0.0,1.0,,,,0.919127457399471
robot_1,outdoor,robot_anomaly_outdoor,2026-05-08 10:01:46.310000+00:00,,,,,,,33.8235,49.9307,0.0043999999999999,,0.0,1.0,,,,0.8955135777228858
robot_1,outdoor,robot_anomaly_outdoor,2026-04-16 11:39:37.127000+00:00,,,,,,,57.1259,45.4797,0.0333999999999999,,0.0,1.0,,,,0.8700669179158474
robot_4,outdoor,robot_anomaly_outdoor,2026-04-16 08:32:40.405000+00:00,,,,,,,43.9058,44.7839,0.0461,,1.0,0.0,,,,0.7391219686811791
robot_3,warehouse,robot_anomaly_warehouse,2026-04-14 21:06:44.898000+00:00,,,,,,,35.0151,56.9566,0.0692,,1.0,0.0,,,,0.5905380229879046
robot_4,hospital,robot_anomaly_hospital,2026-04-15 15:42:50.326000+00:00,,,,,,,41.9143,50.9949,0.0243999999999999,,0.0,1.0,,,,0.905078923506991
robot_3,warehouse,robot_anomaly_warehouse,2026-04-28 16:30:00.358000+00:00,,,,,,,42.0526,61.7065,0.0029,,0.0,1.0,,,,0.8654137934443241
robot_4,lab,robot_anomaly_lab,2026-04-14 13:35:24.164000+00:00,,,,,,,177.0325,7.6958,0.0836,,1.0,0.0,,,,0.596150266937602
robot_2,lab,robot_anomaly_lab,2026-04-25 03:42:51.376000+00:00,,,,,,,31.7904,38.7977,0.0364999999999999,,0.0,1.0,,,,0.9321815182780112
robot_1,hospital,robot_anomaly_hospital,2026-04-15 04:20:19.736000+00:00,,,,,,,29.7493,60.2125,0.7066,,1.0,0.0,,,,0.5550005118884233
robot_4,hospital,robot_anomaly_hospital,2026-05-08 22:36:37.633000+00:00,,,,,,,37.8611,49.6147,0.0837,,0.0,1.0,,,,0.8999766670516778
robot_5,outdoor,robot_anomaly_outdoor,2026-04-27 01:05:15.397000+00:00,,,,,,,25.9208,58.6961,0.0783,,0.0,1.0,,,,0.972143142309452
robot_3,hospital,robot_anomaly_hospital,2026-05-08 18:46:05.261000+00:00,,,,,,,16.4018,53.8486,0.0613,,0.0,1.0,,,,0.9305529909575618
robot_5,hospital,robot_anomaly_hospital,2026-05-08 13:05:57.198000+00:00,,,,,,,20.5034,54.2579,0.0026,,1.0,0.0,,,,0.7895732245556767
robot_4,outdoor,robot_anomaly_outdoor,2026-04-18 12:15:09.261000+00:00,,,,,,,226.0756,14.9877,0.0783,,1.0,0.0,,,,0.5774967728169191
robot_5,outdoor,robot_anomaly_outdoor,2026-04-14 02:01:32.969000+00:00,,,,,,,40.0002,75.0,0.0543,,1.0,0.0,,,,0.6156936207071025
robot_5,warehouse,robot_anomaly_warehouse,2026-04-25 07:00:04.552000+00:00,,,,,,,21.0658,52.4909,0.0759999999999999,,0.0,1.0,,,,0.939405830595566
robot_3,warehouse,robot_anomaly_warehouse,2026-05-04 03:35:12.897000+00:00,,,,,,,23.8682,45.2475,0.0020999999999999,,0.0,1.0,,,,0.8890517682650912
robot_2,outdoor,robot_anomaly_outdoor,2026-05-10 12:17:33.205000+00:00,,,,,,,33.1774,53.2179,0.0465999999999999,,0.0,1.0,,,,0.8801504999568962
robot_5,warehouse,robot_anomaly_warehouse,2026-05-05 01:21:48.107000+00:00,,,,,,,28.2136,49.6666,0.0242,,0.0,1.0,,,,0.9016440945774942
robot_1,lab,robot_anomaly_lab,2026-04-26 20:09:42.410000+00:00,,,,,,,48.7003,45.0236,0.1266,,0.0,1.0,,,,0.8323622873239855
robot_2,warehouse,robot_anomaly_warehouse,2026-05-05 04:05:12.389000+00:00,,,,,,,42.0538,50.0607,0.0652,,0.0,1.0,,,,0.9160999563023576
robot_5,hospital,robot_anomaly_hospital,2026-04-13 03:39:05.530000+00:00,,,,,,,30.0161,54.2993,0.0026,,0.0,1.0,,,,0.9123214969496622
robot_1,hospital,robot_anomaly_hospital,2026-05-03 19:43:08.570000+00:00,,,,,,,43.8157,55.3375,0.0702,,1.0,0.0,,,,0.731517132814109
robot_4,lab,robot_anomaly_lab,2026-05-05 16:14:32.391000+00:00,,,,,,,29.6511,56.2791,0.0785,,0.0,1.0,,,,0.8724892409160919
robot_4,warehouse,robot_anomaly_warehouse,2026-04-15 20:47:51.867000+00:00,,,,,,,33.3249,30.0,0.0804,,0.0,1.0,,,,0.8613649780283448
robot_5,outdoor,robot_anomaly_outdoor,2026-04-12 18:40:01.349000+00:00,,,,,,,33.6495,30.0,0.0595999999999999,,1.0,0.0,,,,0.6814304256738881
robot_1,warehouse,robot_anomaly_warehouse,2026-04-12 03:47:15.044000+00:00,,,,,,,20.637,44.5933,0.0523,,0.0,1.0,,,,0.8953269883518746
robot_1,hospital,robot_anomaly_hospital,2026-04-18 23:32:58.235000+00:00,,,,,,,21.0611,56.2168,0.0545999999999999,,0.0,1.0,,,,0.9014132684777548
robot_1,warehouse,robot_anomaly_warehouse,2026-04-11 11:51:09.308000+00:00,,,,,,,37.3023,45.3479,0.708,,1.0,0.0,,,,0.5724511739640291
robot_2,warehouse,robot_anomaly_warehouse,2026-05-01 12:51:01.128000+00:00,,,,,,,30.7695,43.9244,0.0461,,0.0,1.0,,,,0.9420078681489892
robot_5,hospital,robot_anomaly_hospital,2026-05-01 11:28:02.620000+00:00,,,,,,,29.5932,51.5923,0.0436999999999999,,0.0,1.0,,,,0.9103102297655574
robot_5,outdoor,robot_anomaly_outdoor,2026-04-12 13:22:54.188000+00:00,,,,,,,35.2455,56.5508,0.0288,,0.0,1.0,,,,0.8710693669738057
robot_4,hospital,robot_anomaly_hospital,2026-04-30 01:24:46.669000+00:00,,,,,,,27.1272,55.1131,0.0960999999999999,,0.0,1.0,,,,0.96231387118945
robot_4,warehouse,robot_anomaly_warehouse,2026-04-19 00:08:13.646000+00:00,,,,,,,43.1225,38.7951,0.0898999999999999,,0.0,1.0,,,,0.8800341620111771
robot_2,lab,robot_anomaly_lab,2026-04-18 11:57:34.213000+00:00,,,,,,,42.5186,65.962,0.0719999999999999,,0.0,1.0,,,,0.8967262498599086
robot_3,lab,robot_anomaly_lab,2026-05-08 17:20:42.472000+00:00,,,,,,,31.6315,48.2526,0.0573,,0.0,1.0,,,,0.9328903917401896
robot_3,lab,robot_anomaly_lab,2026-04-15 06:15:23.568000+00:00,,,,,,,39.7335,59.8051,0.0237,,0.0,1.0,,,,0.940867766843444
robot_2,lab,robot_anomaly_lab,2026-05-10 01:19:49.088000+00:00,,,,,,,39.8333,58.0519,0.7259,,1.0,0.0,,,,0.5550254162897623
robot_5,warehouse,robot_anomaly_warehouse,2026-05-10 03:17:19.734000+00:00,,,,,,,52.58,52.4412,0.0836,,0.0,1.0,,,,0.9235984231167524
robot_4,warehouse,robot_anomaly_warehouse,2026-04-13 10:06:48.293000+00:00,,,,,,,33.2416,47.977,0.1159,,0.0,1.0,,,,0.8451334972174971
robot_5,warehouse,robot_anomaly_warehouse,2026-04-28 14:53:50.153000+00:00,,,,,,,38.4559,48.6224,0.0232,,0.0,1.0,,,,0.950644271697588
robot_5,outdoor,robot_anomaly_outdoor,2026-04-29 03:15:01.849000+00:00,,,,,,,47.8936,57.2327,0.0312,,0.0,1.0,,,,0.8457132049967676
robot_3,outdoor,robot_anomaly_outdoor,2026-04-13 15:54:13.289000+00:00,,,,,,,40.5934,57.9629,0.0221,,0.0,1.0,,,,0.9024017097039124
robot_2,hospital,robot_anomaly_hospital,2026-05-04 20:55:16.551000+00:00,,,,,,,21.8036,47.3816,0.0157,,0.0,1.0,,,,0.9198561537180584
robot_4,hospital,robot_anomaly_hospital,2026-04-17 11:41:42.754000+00:00,,,,,,,43.6581,45.7822,0.0001999999999999,,0.0,1.0,,,,0.8928661243254503
robot_2,outdoor,robot_anomaly_outdoor,2026-04-13 12:31:05.681000+00:00,,,,,,,33.3341,45.5883,0.0835,,0.0,1.0,,,,0.8573940577461089
robot_5,hospital,robot_anomaly_hospital,2026-05-08 23:33:57.390000+00:00,,,,,,,15.8463,55.3619,0.0686,,1.0,0.0,,,,0.621063366326863
robot_4,lab,robot_anomaly_lab,2026-04-24 11:07:25.984000+00:00,,,,,,,40.1641,52.7949,0.0968999999999999,,0.0,1.0,,,,0.8766884269924473
robot_5,outdoor,robot_anomaly_outdoor,2026-05-04 17:54:33.873000+00:00,,,,,,,47.0934,51.6182,0.0379,,0.0,1.0,,,,0.8584871715469624
robot_5,outdoor,robot_anomaly_outdoor,2026-05-10 13:58:19.815000+00:00,,,,,,,33.0885,50.8655,0.0506999999999999,,1.0,0.0,,,,0.6557656352972175
robot_3,hospital,robot_anomaly_hospital,2026-04-21 12:31:44.570000+00:00,,,,,,,49.5001,45.7471,0.0953,,0.0,1.0,,,,0.9011610641306056
robot_5,outdoor,robot_anomaly_outdoor,2026-04-23 08:33:26.432000+00:00,,,,,,,25.7942,50.1438,0.0377999999999999,,0.0,1.0,,,,0.9673285471587322
robot_5,outdoor,robot_anomaly_outdoor,2026-04-26 19:41:46.650000+00:00,,,,,,,17.1293,53.0005,0.0917999999999999,,0.0,1.0,,,,0.9643988633680488
robot_2,outdoor,robot_anomaly_outdoor,2026-04-18 21:58:22.993000+00:00,,,,,,,38.4288,46.0923,0.0759999999999999,,0.0,1.0,,,,0.8411400044927465
robot_5,lab,robot_anomaly_lab,2026-05-09 12:59:36.014000+00:00,,,,,,,29.4417,73.0556,0.0528999999999999,,0.0,1.0,,,,0.9122825995293636
robot_1,hospital,robot_anomaly_hospital,2026-04-20 10:35:26.352000+00:00,,,,,,,49.2282,61.8156,0.0910999999999999,,0.0,1.0,,,,0.952984828288024
robot_3,lab,robot_anomaly_lab,2026-04-15 22:05:48.300000+00:00,,,,,,,40.0759,43.6929,0.0427999999999999,,0.0,1.0,,,,0.9598918163153616
robot_2,outdoor,robot_anomaly_outdoor,2026-04-29 09:26:31.165000+00:00,,,,,,,46.1362,53.192,0.0827,,0.0,1.0,,,,0.8940515624859368
robot_1,outdoor,robot_anomaly_outdoor,2026-04-30 05:23:24.481000+00:00,,,,,,,37.9297,43.7694,0.014,,0.0,1.0,,,,0.970094215369449
robot_5,lab,robot_anomaly_lab,2026-04-22 07:50:52.893000+00:00,,,,,,,35.9969,42.7517,0.0185999999999999,,0.0,1.0,,,,0.9499655879018138
robot_5,lab,robot_anomaly_lab,2026-04-16 02:19:02.352000+00:00,,,,,,,17.3897,51.1301,0.0548999999999999,,0.0,1.0,,,,0.9395292489803346
robot_5,lab,robot_anomaly_lab,2026-04-19 14:49:24.422000+00:00,,,,,,,32.8766,34.8953,0.1018,,0.0,1.0,,,,0.9208635419841256
robot_2,warehouse,robot_anomaly_warehouse,2026-04-25 07:39:19.969000+00:00,,,,,,,18.6293,62.4837,0.0774,,0.0,1.0,,,,0.9465450317910588
robot_1,outdoor,robot_anomaly_outdoor,2026-04-30 19:08:23.842000+00:00,,,,,,,27.6246,54.5803,0.0256999999999999,,0.0,1.0,,,,0.9645966184037258
robot_4,outdoor,robot_anomaly_outdoor,2026-05-07 09:02:51.754000+00:00,,,,,,,57.2185,49.7597,0.0175999999999999,,0.0,1.0,,,,0.9208117062613564
robot_3,hospital,robot_anomaly_hospital,2026-05-02 21:39:47.620000+00:00,,,,,,,33.5186,63.1343,0.0232,,0.0,1.0,,,,0.9210586782152188
robot_2,lab,robot_anomaly_lab,2026-04-25 15:21:06.222000+00:00,,,,,,,48.2854,45.3593,0.047,,0.0,1.0,,,,0.908851067673887
robot_4,hospital,robot_anomaly_hospital,2026-05-04 14:41:22.498000+00:00,,,,,,,54.0645,44.8505,0.0477999999999999,,1.0,0.0,,,,0.5140015547796075
robot_5,hospital,robot_anomaly_hospital,2026-04-18 00:24:37.266000+00:00,,,,,,,30.0008,35.272,0.0124999999999999,,1.0,0.0,,,,0.577536174181964
robot_4,lab,robot_anomaly_lab,2026-04-19 00:18:50.985000+00:00,,,,,,,211.0928,4.3694,0.1001999999999999,,1.0,0.0,,,,0.6660602148585042
robot_5,hospital,robot_anomaly_hospital,2026-04-20 15:20:14.789000+00:00,,,,,,,46.309,64.2095,0.0966,,0.0,1.0,,,,0.820292690377974
robot_1,warehouse,robot_anomaly_warehouse,2026-05-05 09:20:32.797000+00:00,,,,,,,23.7338,47.6072,0.021,,0.0,1.0,,,,0.8519579299146118
robot_3,hospital,robot_anomaly_hospital,2026-05-07 09:21:57.417000+00:00,,,,,,,33.8683,67.1532,0.0077,,1.0,0.0,,,,0.7454918390972438
robot_1,outdoor,robot_anomaly_outdoor,2026-04-30 22:13:00.972000+00:00,,,,,,,32.8182,43.5938,0.1192999999999999,,1.0,0.0,,,,0.5794901842805864
robot_3,lab,robot_anomaly_lab,2026-04-30 14:41:38.010000+00:00,,,,,,,31.4066,48.6851,0.0422,,0.0,1.0,,,,0.9548476722435142
robot_4,outdoor,robot_anomaly_outdoor,2026-04-13 13:38:15.132000+00:00,,,,,,,51.5069,37.4536,0.0810999999999999,,0.0,1.0,,,,0.8816120296905057
robot_4,outdoor,robot_anomaly_outdoor,2026-04-30 01:34:58.135000+00:00,,,,,,,53.8404,63.8833,0.015,,0.0,1.0,,,,0.9030114283658406
robot_5,outdoor,robot_anomaly_outdoor,2026-04-28 10:23:39.065000+00:00,,,,,,,32.1896,61.1612,0.0316999999999999,,0.0,1.0,,,,0.9055138060825136
robot_1,outdoor,robot_anomaly_outdoor,2026-04-15 16:59:20.572000+00:00,,,,,,,25.2439,48.3227,0.0713,,0.0,1.0,,,,0.932525758151271
robot_2,lab,robot_anomaly_lab,2026-04-26 04:33:52.219000+00:00,,,,,,,29.5665,35.8212,0.0346999999999999,,0.0,1.0,,,,0.8968672692876428
robot_3,hospital,robot_anomaly_hospital,2026-05-06 19:45:52.475000+00:00,,,,,,,25.9377,48.5984,0.0495999999999999,,0.0,1.0,,,,0.9508866717503808
robot_2,outdoor,robot_anomaly_outdoor,2026-05-03 08:34:19.857000+00:00,,,,,,,39.8069,62.3112,0.0311,,0.0,1.0,,,,0.9440956776782696
robot_3,lab,robot_anomaly_lab,2026-04-28 00:24:25.742000+00:00,,,,,,,42.4603,50.0248,0.0321,,0.0,1.0,,,,0.8823793534575419
robot_3,lab,robot_anomaly_lab,2026-04-12 14:11:27.102000+00:00,,,,,,,49.708,46.6435,0.0872,,0.0,1.0,,,,0.8701110053533896
robot_4,warehouse,robot_anomaly_warehouse,2026-04-28 16:23:25.184000+00:00,,,,,,,40.5647,39.6425,0.0137,,0.0,1.0,,,,0.919638733251559
robot_2,hospital,robot_anomaly_hospital,2026-04-22 14:33:23.644000+00:00,,,,,,,41.9128,47.1995,0.0584999999999999,,0.0,1.0,,,,0.8693784596683365
robot_2,warehouse,robot_anomaly_warehouse,2026-04-24 18:18:55.499000+00:00,,,,,,,30.2347,54.5154,0.0,,1.0,0.0,,,,0.7753345494355829
robot_2,lab,robot_anomaly_lab,2026-05-02 03:04:12.521000+00:00,,,,,,,47.1115,66.1363,0.0104999999999999,,1.0,0.0,,,,0.6675170960523633
robot_1,warehouse,robot_anomaly_warehouse,2026-05-01 07:20:14.760000+00:00,,,,,,,38.6036,66.1342,0.1168,,0.0,1.0,,,,0.845356799385834
robot_3,lab,robot_anomaly_lab,2026-04-26 21:59:40.426000+00:00,,,,,,,23.6225,52.032,0.0643,,0.0,1.0,,,,0.8799345460124535
robot_5,lab,robot_anomaly_lab,2026-05-01 19:53:06.872000+00:00,,,,,,,31.5395,62.1949,0.0221999999999999,,1.0,0.0,,,,0.6014362453410349
robot_2,outdoor,robot_anomaly_outdoor,2026-04-22 09:27:00.251000+00:00,,,,,,,40.8035,53.6388,0.0363999999999999,,0.0,1.0,,,,0.8679665862902798
robot_4,hospital,robot_anomaly_hospital,2026-04-28 19:23:11.122000+00:00,,,,,,,35.5858,30.0,0.0722,,1.0,0.0,,,,0.7044524528603295
robot_3,outdoor,robot_anomaly_outdoor,2026-04-11 07:36:23.236000+00:00,,,,,,,18.5272,47.4642,0.0,,0.0,1.0,,,,0.9468478852891906
robot_3,outdoor,robot_anomaly_outdoor,2026-04-20 02:46:39.974000+00:00,,,,,,,48.8773,49.6006,0.0248,,0.0,1.0,,,,0.965656941171004
robot_3,warehouse,robot_anomaly_warehouse,2026-04-21 11:08:30.071000+00:00,,,,,,,20.603,36.6971,0.0595999999999999,,0.0,1.0,,,,0.913204446294508
robot_1,lab,robot_anomaly_lab,2026-04-17 06:49:04.655000+00:00,,,,,,,41.1234,57.9855,0.0627999999999999,,0.0,1.0,,,,0.960087555001437
robot_1,outdoor,robot_anomaly_outdoor,2026-04-27 14:24:19.442000+00:00,,,,,,,41.982,39.2094,0.0302,,0.0,1.0,,,,0.9244671385497938
robot_4,hospital,robot_anomaly_hospital,2026-04-11 19:02:28.757000+00:00,,,,,,,34.7783,42.7898,0.038,,1.0,0.0,,,,0.6616806662536271
robot_5,hospital,robot_anomaly_hospital,2026-04-15 14:45:34.377000+00:00,,,,,,,19.6511,54.5296,0.0833,,0.0,1.0,,,,0.955748867375435
robot_3,outdoor,robot_anomaly_outdoor,2026-04-27 05:28:42.714000+00:00,,,,,,,41.8865,51.4398,0.0121999999999999,,0.0,1.0,,,,0.9314039294208534
robot_5,hospital,robot_anomaly_hospital,2026-05-09 22:02:15.232000+00:00,,,,,,,33.198,32.1284,0.0,,0.0,1.0,,,,0.8965750520601452
robot_4,warehouse,robot_anomaly_warehouse,2026-04-27 09:23:41.502000+00:00,,,,,,,34.0205,42.7032,0.0,,0.0,1.0,,,,0.8565215946267433
robot_3,warehouse,robot_anomaly_warehouse,2026-04-26 16:25:00.775000+00:00,,,,,,,34.16,65.4817,0.0007,,0.0,1.0,,,,0.9505444697892084
robot_2,outdoor,robot_anomaly_outdoor,2026-05-01 08:35:22.581000+00:00,,,,,,,35.0082,47.6556,0.0423,,0.0,1.0,,,,0.9360551835798308
robot_5,lab,robot_anomaly_lab,2026-04-12 11:41:06.346000+00:00,,,,,,,40.4304,46.1767,0.0229,,0.0,1.0,,,,0.838148713934402
robot_1,outdoor,robot_anomaly_outdoor,2026-04-13 22:17:36.761000+00:00,,,,,,,32.1185,57.4166,0.0848999999999999,,0.0,1.0,,,,0.8754029297760993
robot_4,lab,robot_anomaly_lab,2026-04-30 12:31:53.599000+00:00,,,,,,,42.1317,42.9139,0.058,,0.0,1.0,,,,0.9236805782735172
robot_4,lab,robot_anomaly_lab,2026-05-03 00:46:56.146000+00:00,,,,,,,32.984,58.1835,0.0359,,0.0,1.0,,,,0.849347909323312
robot_2,hospital,robot_anomaly_hospital,2026-05-02 13:30:14.976000+00:00,,,,,,,44.7706,64.9858,0.0778999999999999,,0.0,1.0,,,,0.8806900882908334
robot_2,warehouse,robot_anomaly_warehouse,2026-04-25 09:05:54.233000+00:00,,,,,,,31.8619,42.7407,0.0758999999999999,,0.0,1.0,,,,0.9256933431822038
robot_2,hospital,robot_anomaly_hospital,2026-04-13 14:10:36.273000+00:00,,,,,,,208.5033,13.716,0.0695,,1.0,0.0,,,,0.6390604085742729
robot_1,warehouse,robot_anomaly_warehouse,2026-04-27 09:54:24.471000+00:00,,,,,,,22.9104,58.5941,0.0652,,1.0,0.0,,,,0.7223658432920763
robot_1,warehouse,robot_anomaly_warehouse,2026-04-23 00:25:18.545000+00:00,,,,,,,29.0327,61.6844,0.0514,,0.0,1.0,,,,0.9244555539959822
robot_4,outdoor,robot_anomaly_outdoor,2026-04-20 07:27:28.371000+00:00,,,,,,,21.3458,56.7017,0.0813,,0.0,1.0,,,,0.957738770112356
robot_5,warehouse,robot_anomaly_warehouse,2026-04-11 17:53:06.107000+00:00,,,,,,,48.6774,51.6116,0.0,,0.0,1.0,,,,0.9287355308765568
robot_2,warehouse,robot_anomaly_warehouse,2026-04-27 13:54:56.505000+00:00,,,,,,,49.9279,44.644,0.0394999999999999,,0.0,1.0,,,,0.8891413855652921
robot_1,warehouse,robot_anomaly_warehouse,2026-05-01 02:03:13.146000+00:00,,,,,,,41.9246,66.1294,0.0154999999999999,,0.0,1.0,,,,0.8845307949745328
robot_3,warehouse,robot_anomaly_warehouse,2026-04-16 16:16:27.947000+00:00,,,,,,,35.0573,54.989,0.0850999999999999,,0.0,1.0,,,,0.968978942141488
robot_4,warehouse,robot_anomaly_warehouse,2026-05-05 08:50:05.504000+00:00,,,,,,,22.3863,48.2159,0.0401,,0.0,1.0,,,,0.986247609441459
robot_2,hospital,robot_anomaly_hospital,2026-04-13 20:16:09.210000+00:00,,,,,,,34.9464,57.0072,0.0433,,0.0,1.0,,,,0.8565115503455754
robot_5,lab,robot_anomaly_lab,2026-04-25 17:35:49.192000+00:00,,,,,,,25.1777,46.6055,0.0124999999999999,,0.0,1.0,,,,0.9547548015256228
robot_2,hospital,robot_anomaly_hospital,2026-04-26 06:59:12.169000+00:00,,,,,,,21.7558,39.9227,0.0836,,0.0,1.0,,,,0.9759548172933996
robot_4,outdoor,robot_anomaly_outdoor,2026-04-22 08:00:16.523000+00:00,,,,,,,37.6335,41.9483,0.1425999999999999,,1.0,0.0,,,,0.6567093539455918
robot_1,lab,robot_anomaly_lab,2026-05-06 08:02:08.382000+00:00,,,,,,,38.0322,53.6138,0.0758999999999999,,0.0,1.0,,,,0.929032561991954
robot_4,hospital,robot_anomaly_hospital,2026-04-18 14:45:19.539000+00:00,,,,,,,27.6097,58.2165,0.0533,,1.0,0.0,,,,0.5954810230316473
robot_1,outdoor,robot_anomaly_outdoor,2026-04-28 00:10:56.889000+00:00,,,,,,,36.7312,40.0084,0.0047,,0.0,1.0,,,,0.9080267021869588
robot_2,hospital,robot_anomaly_hospital,2026-05-03 03:45:54.962000+00:00,,,,,,,37.8549,53.2864,0.0437999999999999,,0.0,1.0,,,,0.8862993883689544
robot_5,warehouse,robot_anomaly_warehouse,2026-04-29 10:49:54.045000+00:00,,,,,,,33.8809,53.0232,0.0802,,0.0,1.0,,,,0.9057482424444778
robot_5,lab,robot_anomaly_lab,2026-05-10 13:27:48.773000+00:00,,,,,,,40.8833,51.3305,0.0708999999999999,,0.0,1.0,,,,0.8757988575566278
robot_3,hospital,robot_anomaly_hospital,2026-05-09 14:31:24.544000+00:00,,,,,,,30.6762,48.1812,0.1064,,0.0,1.0,,,,0.9205948857055104
robot_3,outdoor,robot_anomaly_outdoor,2026-04-20 16:52:53.605000+00:00,,,,,,,49.1485,47.4671,0.0373999999999999,,0.0,1.0,,,,0.9076117409579204
robot_1,warehouse,robot_anomaly_warehouse,2026-04-18 08:31:12.061000+00:00,,,,,,,33.5653,44.9549,0.0533,,0.0,1.0,,,,0.9115796562503136
robot_1,hospital,robot_anomaly_hospital,2026-05-08 11:35:37.905000+00:00,,,,,,,50.0151,52.1562,0.0541,,0.0,1.0,,,,0.933740144448943
robot_4,outdoor,robot_anomaly_outdoor,2026-04-12 13:05:07.481000+00:00,,,,,,,50.0847,57.7895,0.0299,,0.0,1.0,,,,0.9087621144999792
robot_5,lab,robot_anomaly_lab,2026-04-21 03:02:31.436000+00:00,,,,,,,33.7627,52.289,0.0361,,0.0,1.0,,,,0.9374134517004638
robot_4,lab,robot_anomaly_lab,2026-04-18 12:46:08.496000+00:00,,,,,,,30.621,51.2901,0.051,,1.0,0.0,,,,0.7793176659064618
robot_1,lab,robot_anomaly_lab,2026-04-22 08:56:30.312000+00:00,,,,,,,32.3828,41.0576,0.1362999999999999,,1.0,0.0,,,,0.5584439443451287
robot_1,hospital,robot_anomaly_hospital,2026-05-08 04:41:29.420000+00:00,,,,,,,171.3252,6.6701,0.0795,,1.0,0.0,,,,0.7005891773251564
robot_5,outdoor,robot_anomaly_outdoor,2026-04-27 22:18:36.615000+00:00,,,,,,,318.1373,12.6943,0.0217,,1.0,0.0,,,,0.5936523416217973
robot_2,hospital,robot_anomaly_hospital,2026-04-23 01:31:49.742000+00:00,,,,,,,30.7404,41.4588,0.022,,1.0,0.0,,,,0.58659135344561
robot_1,outdoor,robot_anomaly_outdoor,2026-04-24 00:36:52.972000+00:00,,,,,,,136.9734,14.6029,0.0647999999999999,,1.0,0.0,,,,0.6207827242052735
robot_2,outdoor,robot_anomaly_outdoor,2026-04-14 06:25:41.815000+00:00,,,,,,,25.7761,53.6207,0.0605999999999999,,0.0,1.0,,,,0.9241104978843966
robot_3,lab,robot_anomaly_lab,2026-04-19 11:33:59.185000+00:00,,,,,,,54.2146,54.8103,0.054,,0.0,1.0,,,,0.7990588522382596
robot_2,lab,robot_anomaly_lab,2026-04-13 05:44:48.489000+00:00,,,,,,,50.5993,52.703,0.0933,,0.0,1.0,,,,0.8821960419155948
robot_4,lab,robot_anomaly_lab,2026-04-14 07:02:20.954000+00:00,,,,,,,44.3132,53.2567,0.0,,0.0,1.0,,,,0.8948049277944163
robot_2,hospital,robot_anomaly_hospital,2026-05-06 22:03:15.359000+00:00,,,,,,,36.9277,46.9439,0.056,,0.0,1.0,,,,0.9648809707513222
robot_4,hospital,robot_anomaly_hospital,2026-05-03 05:49:33.668000+00:00,,,,,,,51.0148,56.6021,0.061,,0.0,1.0,,,,0.9211046372010244
robot_4,warehouse,robot_anomaly_warehouse,2026-04-28 20:47:48.289000+00:00,,,,,,,40.4404,45.6366,0.0222999999999999,,0.0,1.0,,,,0.9078590985023351
robot_1,outdoor,robot_anomaly_outdoor,2026-05-02 00:39:15.646000+00:00,,,,,,,35.9014,58.4997,0.3,,1.0,0.0,,,,0.6747516315487558
robot_4,lab,robot_anomaly_lab,2026-04-25 01:03:35.709000+00:00,,,,,,,325.6602,4.4782,0.0274999999999999,,1.0,0.0,,,,0.5307053532479803
robot_1,lab,robot_anomaly_lab,2026-05-09 16:50:39.483000+00:00,,,,,,,31.0077,57.4236,0.0642,,1.0,0.0,,,,0.71140386270392
robot_4,hospital,robot_anomaly_hospital,2026-04-12 14:58:19.523000+00:00,,,,,,,49.6733,46.01,0.0662,,1.0,0.0,,,,0.7042940675232188
robot_3,hospital,robot_anomaly_hospital,2026-04-20 13:30:44.024000+00:00,,,,,,,53.2835,51.1307,0.0885,,0.0,1.0,,,,0.925346031493547
robot_2,outdoor,robot_anomaly_outdoor,2026-05-09 08:27:03.892000+00:00,,,,,,,52.7233,49.8646,0.0785,,0.0,1.0,,,,0.8412894257759902
robot_1,outdoor,robot_anomaly_outdoor,2026-04-17 02:57:59.289000+00:00,,,,,,,34.446,52.6395,0.0272999999999999,,1.0,0.0,,,,0.5829303437500023
robot_3,warehouse,robot_anomaly_warehouse,2026-04-23 14:58:10.634000+00:00,,,,,,,178.4563,3.227,0.0989999999999999,,1.0,0.0,,,,0.652326195463476
robot_5,lab,robot_anomaly_lab,2026-05-02 09:44:36.444000+00:00,,,,,,,30.2243,42.3995,0.0026,,1.0,0.0,,,,0.7347317208787667
robot_5,lab,robot_anomaly_lab,2026-05-05 22:24:30.763000+00:00,,,,,,,18.4858,48.9847,0.0368,,0.0,1.0,,,,0.9500183327561376
robot_3,outdoor,robot_anomaly_outdoor,2026-05-04 19:07:56.203000+00:00,,,,,,,38.3252,62.8949,0.0759999999999999,,0.0,1.0,,,,0.910956734602568
robot_2,warehouse,robot_anomaly_warehouse,2026-05-09 10:21:39.267000+00:00,,,,,,,19.8501,52.2753,0.0439,,0.0,1.0,,,,0.8287348868426523
robot_2,outdoor,robot_anomaly_outdoor,2026-05-02 21:43:32.331000+00:00,,,,,,,47.0624,42.0173,0.0925,,0.0,1.0,,,,0.8827691140058104
robot_2,lab,robot_anomaly_lab,2026-04-30 13:55:56.929000+00:00,,,,,,,26.4051,49.4259,0.0208,,0.0,1.0,,,,0.9524899566819848
robot_4,lab,robot_anomaly_lab,2026-04-14 13:58:53.664000+00:00,,,,,,,37.9601,47.8776,0.0311,,0.0,1.0,,,,0.9491169278068744
robot_5,lab,robot_anomaly_lab,2026-05-02 20:53:37.541000+00:00,,,,,,,47.7289,49.7167,0.0796,,0.0,1.0,,,,0.8306137153363483
robot_4,outdoor,robot_anomaly_outdoor,2026-04-11 03:12:45.613000+00:00,,,,,,,25.2208,53.2706,0.1027,,0.0,1.0,,,,0.9066897897025776
robot_1,lab,robot_anomaly_lab,2026-04-27 16:07:27.255000+00:00,,,,,,,41.9298,51.4451,0.0937,,0.0,1.0,,,,0.8864622229927832
robot_3,warehouse,robot_anomaly_warehouse,2026-04-21 22:02:27.564000+00:00,,,,,,,38.6353,45.9846,0.0758999999999999,,0.0,1.0,,,,0.9315291218270154
robot_2,hospital,robot_anomaly_hospital,2026-04-20 02:37:43.721000+00:00,,,,,,,26.9173,36.8887,0.0135999999999999,,0.0,1.0,,,,0.9527338012820976
robot_4,outdoor,robot_anomaly_outdoor,2026-05-03 11:04:17.288000+00:00,,,,,,,55.1968,62.8405,0.0054999999999999,,0.0,1.0,,,,0.9455379194252777
robot_5,lab,robot_anomaly_lab,2026-05-06 19:14:34.403000+00:00,,,,,,,46.8391,47.3974,0.0705,,0.0,1.0,,,,0.9469312055121216
robot_5,hospital,robot_anomaly_hospital,2026-04-14 11:04:16.376000+00:00,,,,,,,32.1806,42.217,0.0633,,0.0,1.0,,,,0.9141677219526404
robot_3,hospital,robot_anomaly_hospital,2026-05-04 06:50:33.688000+00:00,,,,,,,13.9924,55.0616,0.0941999999999999,,0.0,1.0,,,,0.8762236316300875
robot_1,outdoor,robot_anomaly_outdoor,2026-05-06 08:46:47.982000+00:00,,,,,,,29.1008,55.5952,0.0262999999999999,,0.0,1.0,,,,0.9554172527026265
robot_3,lab,robot_anomaly_lab,2026-04-25 03:06:46.749000+00:00,,,,,,,34.3104,34.3856,0.0541,,0.0,1.0,,,,0.9702459975628898
robot_1,warehouse,robot_anomaly_warehouse,2026-04-16 18:26:43.041000+00:00,,,,,,,25.0417,63.6795,0.3312,,1.0,0.0,,,,0.6967038941360547
robot_4,hospital,robot_anomaly_hospital,2026-05-09 17:12:40.042000+00:00,,,,,,,13.9395,50.2547,0.0759999999999999,,1.0,0.0,,,,0.6946039617120959
robot_4,lab,robot_anomaly_lab,2026-04-25 18:05:42.180000+00:00,,,,,,,21.868,54.4877,0.0798999999999999,,0.0,1.0,,,,0.8790043877426561
robot_2,outdoor,robot_anomaly_outdoor,2026-05-10 08:51:38.076000+00:00,,,,,,,28.1171,46.0149,0.0389,,0.0,1.0,,,,0.8607030389897755
robot_4,outdoor,robot_anomaly_outdoor,2026-04-16 15:48:47.035000+00:00,,,,,,,27.5374,41.9396,0.0294999999999999,,0.0,1.0,,,,0.9227648592347324
robot_5,warehouse,robot_anomaly_warehouse,2026-04-11 23:11:24.388000+00:00,,,,,,,40.0521,59.9113,0.0462,,1.0,0.0,,,,0.774226837082388
robot_1,outdoor,robot_anomaly_outdoor,2026-05-08 01:49:22.571000+00:00,,,,,,,43.3594,53.4597,0.0,,0.0,1.0,,,,0.8718190388767241
robot_5,lab,robot_anomaly_lab,2026-04-25 09:46:00.459000+00:00,,,,,,,25.2153,44.2428,0.0723,,0.0,1.0,,,,0.9406552324300256
robot_3,hospital,robot_anomaly_hospital,2026-04-15 18:08:23.671000+00:00,,,,,,,37.2864,49.4619,0.0,,0.0,1.0,,,,0.9431034267675004
robot_5,outdoor,robot_anomaly_outdoor,2026-04-25 09:29:00.207000+00:00,,,,,,,38.1081,44.9823,0.3695,,1.0,0.0,,,,0.6327801195797671
robot_2,lab,robot_anomaly_lab,2026-04-26 00:56:38.985000+00:00,,,,,,,29.3308,56.3788,0.051,,0.0,1.0,,,,0.8683798830885779
robot_2,warehouse,robot_anomaly_warehouse,2026-04-13 02:20:03.732000+00:00,,,,,,,43.2167,41.9233,0.0555999999999999,,0.0,1.0,,,,0.931219131832968
robot_3,hospital,robot_anomaly_hospital,2026-05-01 07:10:42.349000+00:00,,,,,,,30.3426,41.8399,0.0707999999999999,,0.0,1.0,,,,0.8820413887914549
robot_2,outdoor,robot_anomaly_outdoor,2026-04-29 22:10:33.837000+00:00,,,,,,,34.4988,41.9377,0.0442,,0.0,1.0,,,,0.8601612503135992
robot_3,warehouse,robot_anomaly_warehouse,2026-04-25 08:18:06.943000+00:00,,,,,,,26.296,49.1733,0.036,,0.0,1.0,,,,0.9505896560126484
robot_5,outdoor,robot_anomaly_outdoor,2026-04-23 00:55:59.811000+00:00,,,,,,,33.8624,59.8487,0.0913,,0.0,1.0,,,,0.9309916950406968
robot_2,outdoor,robot_anomaly_outdoor,2026-04-25 16:29:54.709000+00:00,,,,,,,38.6963,53.945,0.0794,,0.0,1.0,,,,0.8560639646580966
robot_2,warehouse,robot_anomaly_warehouse,2026-04-11 13:27:32.222000+00:00,,,,,,,14.9298,55.9136,0.037,,0.0,1.0,,,,0.9209531529070488
robot_2,hospital,robot_anomaly_hospital,2026-05-04 23:08:59.167000+00:00,,,,,,,43.5002,52.3889,0.0697999999999999,,0.0,1.0,,,,0.8597764870725344
robot_3,lab,robot_anomaly_lab,2026-04-21 08:43:03.609000+00:00,,,,,,,15.738,44.8,0.0633,,0.0,1.0,,,,0.9138394264471532
robot_3,lab,robot_anomaly_lab,2026-04-26 18:18:26.279000+00:00,,,,,,,34.3432,48.5394,0.0486999999999999,,0.0,1.0,,,,0.956074277463172
robot_3,hospital,robot_anomaly_hospital,2026-05-02 08:13:58.889000+00:00,,,,,,,38.7368,44.0775,0.0427999999999999,,0.0,1.0,,,,0.9532416980530212
robot_5,outdoor,robot_anomaly_outdoor,2026-05-09 08:47:33.608000+00:00,,,,,,,32.8415,44.3525,0.0489,,0.0,1.0,,,,0.9260793556616288
robot_3,warehouse,robot_anomaly_warehouse,2026-04-26 16:31:27.719000+00:00,,,,,,,37.3216,51.157,0.0452,,0.0,1.0,,,,0.9459048291334308
robot_1,outdoor,robot_anomaly_outdoor,2026-04-27 21:52:34.644000+00:00,,,,,,,30.106,56.4043,0.0255999999999999,,0.0,1.0,,,,0.961463420015269
robot_3,outdoor,robot_anomaly_outdoor,2026-04-14 22:41:23.093000+00:00,,,,,,,37.4951,46.7937,0.0285999999999999,,0.0,1.0,,,,0.858888830597416
robot_3,warehouse,robot_anomaly_warehouse,2026-05-05 21:01:43.893000+00:00,,,,,,,47.6536,52.047,0.0692,,0.0,1.0,,,,0.874913655671566
robot_2,outdoor,robot_anomaly_outdoor,2026-04-16 15:14:18.309000+00:00,,,,,,,35.7662,59.0146,0.0384999999999999,,1.0,0.0,,,,0.6067269415333938
robot_1,lab,robot_anomaly_lab,2026-05-07 01:00:21.635000+00:00,,,,,,,37.6832,58.613,0.0,,0.0,1.0,,,,0.9331959979868832
robot_4,warehouse,robot_anomaly_warehouse,2026-04-21 06:14:58.165000+00:00,,,,,,,27.1765,48.783,0.0464999999999999,,1.0,0.0,,,,0.6777402488114878
robot_1,outdoor,robot_anomaly_outdoor,2026-05-05 14:03:26.072000+00:00,,,,,,,29.954,39.5379,0.0482,,0.0,1.0,,,,0.950279063770702
robot_2,warehouse,robot_anomaly_warehouse,2026-05-09 02:39:10.509000+00:00,,,,,,,36.1427,52.0839,0.0919999999999999,,0.0,1.0,,,,0.9308552996302724
robot_2,hospital,robot_anomaly_hospital,2026-04-15 06:36:24.861000+00:00,,,,,,,33.5968,47.5699,0.0221999999999999,,0.0,1.0,,,,0.9524564820180634
robot_2,lab,robot_anomaly_lab,2026-05-08 13:20:37.649000+00:00,,,,,,,45.3131,48.533,0.0793,,0.0,1.0,,,,0.893818540084516
robot_4,outdoor,robot_anomaly_outdoor,2026-04-28 08:07:38.312000+00:00,,,,,,,46.2767,58.5555,0.0033999999999999,,0.0,1.0,,,,0.8532474692569849
robot_2,outdoor,robot_anomaly_outdoor,2026-04-17 16:22:40.805000+00:00,,,,,,,30.2704,57.8115,0.0524999999999999,,0.0,1.0,,,,0.8809120719789826
robot_3,hospital,robot_anomaly_hospital,2026-05-10 14:15:14.939000+00:00,,,,,,,242.9733,3.5735,0.0924,,1.0,0.0,,,,0.5642670882424002
robot_4,outdoor,robot_anomaly_outdoor,2026-04-26 13:40:12.982000+00:00,,,,,,,32.1417,50.978,0.1084,,0.0,1.0,,,,0.9495707706170884
robot_4,warehouse,robot_anomaly_warehouse,2026-05-06 17:31:17.915000+00:00,,,,,,,30.665,46.4843,0.0839999999999999,,0.0,1.0,,,,0.8736345217917328
robot_4,warehouse,robot_anomaly_warehouse,2026-05-07 01:52:10.284000+00:00,,,,,,,21.315,54.8356,0.0032999999999999,,0.0,1.0,,,,0.8798006229906811
robot_3,warehouse,robot_anomaly_warehouse,2026-04-13 18:05:14.900000+00:00,,,,,,,21.0144,65.3777,0.0256999999999999,,0.0,1.0,,,,0.9426608865595264
robot_3,lab,robot_anomaly_lab,2026-04-14 17:42:42.708000+00:00,,,,,,,37.4648,43.6329,0.0492,,0.0,1.0,,,,0.8882303718809881
robot_2,lab,robot_anomaly_lab,2026-04-24 15:53:39.807000+00:00,,,,,,,179.4114,9.4851,0.0792,,1.0,0.0,,,,0.5979636649078449
robot_2,lab,robot_anomaly_lab,2026-04-27 09:51:48.659000+00:00,,,,,,,41.0042,54.0454,0.0483,,0.0,1.0,,,,0.8801496814981672
robot_2,lab,robot_anomaly_lab,2026-04-26 14:04:52.732000+00:00,,,,,,,29.5159,46.7419,0.0849999999999999,,0.0,1.0,,,,0.9088937297978208
robot_5,warehouse,robot_anomaly_warehouse,2026-04-12 22:19:09.498000+00:00,,,,,,,39.5636,48.9388,0.0201,,0.0,1.0,,,,0.8653861788093373
robot_4,warehouse,robot_anomaly_warehouse,2026-04-28 20:26:47.116000+00:00,,,,,,,25.0614,75.0,0.0538999999999999,,0.0,1.0,,,,0.9668149382605328
robot_4,warehouse,robot_anomaly_warehouse,2026-04-16 08:09:48.998000+00:00,,,,,,,22.3257,40.4168,0.0,,0.0,1.0,,,,0.9074556667744365
robot_3,outdoor,robot_anomaly_outdoor,2026-04-24 02:11:04.020000+00:00,,,,,,,40.6034,59.6099,0.0228,,1.0,0.0,,,,0.6164624210009568
robot_1,hospital,robot_anomaly_hospital,2026-05-02 10:21:17.290000+00:00,,,,,,,35.6635,45.8709,0.1056,,0.0,1.0,,,,0.8951854558083273
robot_2,lab,robot_anomaly_lab,2026-04-15 07:46:10.792000+00:00,,,,,,,42.0607,52.7604,0.0595999999999999,,0.0,1.0,,,,0.947538245099427
robot_3,outdoor,robot_anomaly_outdoor,2026-04-22 15:19:03.735000+00:00,,,,,,,25.1091,61.8527,0.0681,,0.0,1.0,,,,0.8821338583812277
robot_3,lab,robot_anomaly_lab,2026-04-25 18:51:49.387000+00:00,,,,,,,59.0444,46.922,0.0434999999999999,,0.0,1.0,,,,0.8686444064357686
robot_1,outdoor,robot_anomaly_outdoor,2026-05-07 04:06:18.910000+00:00,,,,,,,25.4193,52.9087,0.014,,0.0,1.0,,,,0.97109039464334
robot_2,hospital,robot_anomaly_hospital,2026-04-13 08:37:50.313000+00:00,,,,,,,42.6502,54.2351,0.0847999999999999,,0.0,1.0,,,,0.8745806076562351
robot_2,lab,robot_anomaly_lab,2026-05-01 11:38:24.392000+00:00,,,,,,,41.7751,45.1275,0.0678999999999999,,0.0,1.0,,,,0.8600036548148806
robot_1,warehouse,robot_anomaly_warehouse,2026-04-23 08:38:12.626000+00:00,,,,,,,38.7139,55.4294,0.6856,,1.0,0.0,,,,0.5406909764545473
robot_3,outdoor,robot_anomaly_outdoor,2026-05-07 18:20:45.202000+00:00,,,,,,,47.5108,43.2599,0.0656999999999999,,0.0,1.0,,,,0.969481077600194
robot_2,lab,robot_anomaly_lab,2026-04-29 12:17:32.895000+00:00,,,,,,,42.1499,47.4178,0.0385999999999999,,0.0,1.0,,,,0.9571465194922852
robot_2,outdoor,robot_anomaly_outdoor,2026-04-11 23:11:52.614000+00:00,,,,,,,39.6045,53.1687,0.0,,0.0,1.0,,,,0.8590569723211768
robot_3,lab,robot_anomaly_lab,2026-04-26 04:22:43.804000+00:00,,,,,,,45.5505,44.699,0.0178,,0.0,1.0,,,,0.9172285629075708
robot_1,outdoor,robot_anomaly_outdoor,2026-05-02 00:44:19.938000+00:00,,,,,,,23.3449,58.3747,0.0322999999999999,,0.0,1.0,,,,0.9060937674204644
robot_3,lab,robot_anomaly_lab,2026-04-28 20:36:28.073000+00:00,,,,,,,37.3494,53.9582,0.0121,,0.0,1.0,,,,0.9421969861499075
robot_1,lab,robot_anomaly_lab,2026-05-08 20:42:15.879000+00:00,,,,,,,48.9831,52.8907,0.0988,,0.0,1.0,,,,0.8946439885437407
robot_3,hospital,robot_anomaly_hospital,2026-05-09 20:59:20.786000+00:00,,,,,,,54.0018,44.8602,0.0147,,0.0,1.0,,,,0.8770446008502484
robot_4,outdoor,robot_anomaly_outdoor,2026-04-30 15:58:51.153000+00:00,,,,,,,18.5146,46.1205,0.0332,,0.0,1.0,,,,0.9128393244455234
robot_3,outdoor,robot_anomaly_outdoor,2026-04-14 09:57:35.313000+00:00,,,,,,,28.3996,46.1581,0.0714,,0.0,1.0,,,,0.9159802560268752
robot_3,warehouse,robot_anomaly_warehouse,2026-04-23 02:07:10.276000+00:00,,,,,,,42.5183,55.6222,0.0238,,1.0,0.0,,,,0.5863127651065689
robot_2,warehouse,robot_anomaly_warehouse,2026-04-10 21:54:47.869000+00:00,,,,,,,37.949,51.8726,0.0944,,0.0,1.0,,,,0.8971348892845858
robot_3,lab,robot_anomaly_lab,2026-04-25 19:28:00.244000+00:00,,,,,,,35.6553,64.5628,0.0877,,0.0,1.0,,,,0.9673247495017636
robot_4,lab,robot_anomaly_lab,2026-04-23 20:51:37.205000+00:00,,,,,,,40.1805,42.2436,0.0574999999999999,,0.0,1.0,,,,0.964920662383318
robot_1,outdoor,robot_anomaly_outdoor,2026-05-10 04:24:54.443000+00:00,,,,,,,32.9945,55.089,0.04,,1.0,0.0,,,,0.5980191429068757
robot_1,lab,robot_anomaly_lab,2026-04-14 20:17:14.408000+00:00,,,,,,,26.7601,54.3346,0.0104999999999999,,1.0,0.0,,,,0.7629874325270029
robot_5,warehouse,robot_anomaly_warehouse,2026-05-08 21:27:53.904000+00:00,,,,,,,34.28,61.398,0.0842,,1.0,0.0,,,,0.5426795742018247
robot_3,lab,robot_anomaly_lab,2026-04-29 13:45:38.344000+00:00,,,,,,,34.5286,48.8261,0.0495999999999999,,0.0,1.0,,,,0.9370620142728172
robot_5,warehouse,robot_anomaly_warehouse,2026-04-25 17:03:55.128000+00:00,,,,,,,33.5909,47.8549,0.0524,,0.0,1.0,,,,0.8739712947011729
robot_3,warehouse,robot_anomaly_warehouse,2026-05-07 16:48:24.067000+00:00,,,,,,,16.7931,47.987,0.0403999999999999,,0.0,1.0,,,,0.920777431428802
robot_2,hospital,robot_anomaly_hospital,2026-04-11 22:22:09.581000+00:00,,,,,,,58.4798,46.8236,0.0502,,0.0,1.0,,,,0.926432093405226
robot_5,warehouse,robot_anomaly_warehouse,2026-04-24 20:21:36.374000+00:00,,,,,,,26.2703,50.5339,0.1019999999999999,,1.0,0.0,,,,0.6307694950361272
robot_4,warehouse,robot_anomaly_warehouse,2026-04-21 05:47:10.533000+00:00,,,,,,,30.0802,53.6161,0.0991999999999999,,0.0,1.0,,,,0.9090978216070624
robot_2,lab,robot_anomaly_lab,2026-04-29 17:26:31.184000+00:00,,,,,,,19.1732,46.1436,0.0316999999999999,,0.0,1.0,,,,0.9290316803037256
robot_3,hospital,robot_anomaly_hospital,2026-04-15 20:43:13.532000+00:00,,,,,,,34.8269,53.9932,0.0,,1.0,0.0,,,,0.6056048252134617
robot_3,hospital,robot_anomaly_hospital,2026-04-21 02:29:50.834000+00:00,,,,,,,34.6665,55.6031,0.0349,,0.0,1.0,,,,0.8849848743382573
robot_5,warehouse,robot_anomaly_warehouse,2026-04-28 17:28:11.436000+00:00,,,,,,,42.9065,51.2264,0.0735,,0.0,1.0,,,,0.967592751876296
robot_4,outdoor,robot_anomaly_outdoor,2026-04-27 21:50:49.309000+00:00,,,,,,,24.5441,33.7717,0.0719999999999999,,0.0,1.0,,,,0.9626862276939152
robot_1,lab,robot_anomaly_lab,2026-04-10 21:51:05.072000+00:00,,,,,,,43.0653,65.1584,0.0043999999999999,,0.0,1.0,,,,0.9516370350646854
robot_1,lab,robot_anomaly_lab,2026-05-06 01:06:19.182000+00:00,,,,,,,26.1993,51.2633,0.0523,,0.0,1.0,,,,0.8748578158413188
robot_1,warehouse,robot_anomaly_warehouse,2026-04-25 19:46:34.304000+00:00,,,,,,,49.26,53.5828,0.0162999999999999,,0.0,1.0,,,,0.8751579688072526
robot_5,lab,robot_anomaly_lab,2026-05-07 05:43:05.837000+00:00,,,,,,,39.5612,55.5366,0.0718999999999999,,0.0,1.0,,,,0.9105353085612936
robot_3,outdoor,robot_anomaly_outdoor,2026-05-09 10:37:24.582000+00:00,,,,,,,56.6801,40.702,0.0948,,0.0,1.0,,,,0.8904515123353034
robot_4,hospital,robot_anomaly_hospital,2026-05-10 05:34:13.304000+00:00,,,,,,,31.4392,49.8881,0.0707999999999999,,0.0,1.0,,,,0.912595898581834
robot_2,warehouse,robot_anomaly_warehouse,2026-04-19 23:05:05.578000+00:00,,,,,,,36.5995,47.0821,0.0456999999999999,,0.0,1.0,,,,0.8767572353256737
robot_4,hospital,robot_anomaly_hospital,2026-05-10 03:48:43.934000+00:00,,,,,,,38.2024,64.336,0.0947,,1.0,0.0,,,,0.5541320912399177
robot_2,lab,robot_anomaly_lab,2026-04-19 15:45:42.459000+00:00,,,,,,,22.2493,52.6179,0.0306999999999999,,1.0,0.0,,,,0.6649800232377998
robot_5,outdoor,robot_anomaly_outdoor,2026-04-30 01:55:46.700000+00:00,,,,,,,41.5414,31.551,0.0091999999999999,,0.0,1.0,,,,0.9072272393945472
robot_3,lab,robot_anomaly_lab,2026-04-22 21:34:57.206000+00:00,,,,,,,42.8931,60.1638,0.0322999999999999,,0.0,1.0,,,,0.9180393855311358
robot_3,lab,robot_anomaly_lab,2026-04-22 01:02:48.065000+00:00,,,,,,,34.1016,30.0,0.1245,,0.0,1.0,,,,0.8668942816160957
robot_1,warehouse,robot_anomaly_warehouse,2026-04-11 22:22:23.520000+00:00,,,,,,,31.4977,42.6628,0.0766,,0.0,1.0,,,,0.8878984260537617
robot_2,warehouse,robot_anomaly_warehouse,2026-04-25 05:27:33.721000+00:00,,,,,,,47.8421,54.9326,0.0635999999999999,,0.0,1.0,,,,0.8673856037660007
robot_3,hospital,robot_anomaly_hospital,2026-04-30 14:20:49.700000+00:00,,,,,,,34.2606,61.5037,0.0,,0.0,1.0,,,,0.892318396357887
robot_4,lab,robot_anomaly_lab,2026-04-17 09:05:29.319000+00:00,,,,,,,50.8907,50.8415,0.0864,,0.0,1.0,,,,0.8650869725946201
robot_1,lab,robot_anomaly_lab,2026-04-14 13:52:40.114000+00:00,,,,,,,36.9646,48.8458,0.0399,,0.0,1.0,,,,0.9577502285366024
robot_3,warehouse,robot_anomaly_warehouse,2026-04-20 18:33:27.614000+00:00,,,,,,,46.7372,46.9288,0.0,,0.0,1.0,,,,0.9013273492945032
robot_2,lab,robot_anomaly_lab,2026-05-01 18:39:30.141000+00:00,,,,,,,44.343,49.9368,0.0405999999999999,,1.0,0.0,,,,0.7146519439092078
robot_4,hospital,robot_anomaly_hospital,2026-04-11 10:06:35.153000+00:00,,,,,,,20.0905,47.2676,0.0964,,0.0,1.0,,,,0.943141099708874
robot_4,hospital,robot_anomaly_hospital,2026-04-28 05:48:22.098000+00:00,,,,,,,34.5637,44.1597,0.0353,,0.0,1.0,,,,0.9106809336887944
robot_4,hospital,robot_anomaly_hospital,2026-05-03 11:37:23.910000+00:00,,,,,,,21.7716,30.0,0.0698999999999999,,0.0,1.0,,,,0.8901579697354964
robot_1,warehouse,robot_anomaly_warehouse,2026-04-14 10:50:04.523000+00:00,,,,,,,31.5314,49.7084,0.0552,,0.0,1.0,,,,0.941151287067236
robot_3,hospital,robot_anomaly_hospital,2026-04-21 04:40:37.877000+00:00,,,,,,,42.4352,49.792,0.0564999999999999,,0.0,1.0,,,,0.8939650103469831
robot_3,outdoor,robot_anomaly_outdoor,2026-04-22 10:12:28.817000+00:00,,,,,,,36.9295,48.2395,0.0309,,0.0,1.0,,,,0.9525857809275852
robot_5,warehouse,robot_anomaly_warehouse,2026-04-14 14:58:48.408000+00:00,,,,,,,46.6027,40.357,0.0242999999999999,,1.0,0.0,,,,0.7503401001980279
robot_1,outdoor,robot_anomaly_outdoor,2026-05-02 09:07:03.347000+00:00,,,,,,,32.4097,58.6846,0.0348,,0.0,1.0,,,,0.9175238767399464
robot_5,lab,robot_anomaly_lab,2026-04-15 21:30:58.578000+00:00,,,,,,,27.5087,55.7719,0.0503,,0.0,1.0,,,,0.8277462770507246
robot_5,lab,robot_anomaly_lab,2026-04-18 00:23:57.956000+00:00,,,,,,,34.7919,48.1267,0.0526999999999999,,0.0,1.0,,,,0.9264344716207086
robot_4,lab,robot_anomaly_lab,2026-04-24 21:36:17.364000+00:00,,,,,,,35.0686,44.1034,0.0664,,0.0,1.0,,,,0.9079263582503028
robot_3,lab,robot_anomaly_lab,2026-04-28 08:23:50.504000+00:00,,,,,,,31.9935,61.743,0.0678999999999999,,0.0,1.0,,,,0.900108336931635
robot_4,outdoor,robot_anomaly_outdoor,2026-05-06 23:14:51.960000+00:00,,,,,,,45.8237,54.0475,0.0747999999999999,,0.0,1.0,,,,0.932553667323476
robot_2,outdoor,robot_anomaly_outdoor,2026-05-05 09:07:55.869000+00:00,,,,,,,37.387,39.7396,9.9999999999989e-05,,0.0,1.0,,,,0.9280035625539694
robot_3,warehouse,robot_anomaly_warehouse,2026-04-18 20:58:11.503000+00:00,,,,,,,26.9385,41.071,0.0528999999999999,,0.0,1.0,,,,0.9089508176380092
robot_3,warehouse,robot_anomaly_warehouse,2026-04-25 15:45:45.458000+00:00,,,,,,,24.7546,47.7739,0.0,,1.0,0.0,,,,0.7347576540318355
robot_4,lab,robot_anomaly_lab,2026-04-20 18:44:24.454000+00:00,,,,,,,41.908,55.202,0.018,,0.0,1.0,,,,0.8742898981189644
robot_3,warehouse,robot_anomaly_warehouse,2026-04-25 03:13:08.323000+00:00,,,,,,,27.5265,48.9604,0.1099,,0.0,1.0,,,,0.9600498354430684
robot_1,lab,robot_anomaly_lab,2026-04-12 12:23:41.285000+00:00,,,,,,,40.2092,31.1896,0.0776,,0.0,1.0,,,,0.8492359728596156
robot_1,hospital,robot_anomaly_hospital,2026-04-25 01:22:56.068000+00:00,,,,,,,39.0066,63.3345,0.0,,0.0,1.0,,,,0.885799669882196
robot_1,warehouse,robot_anomaly_warehouse,2026-04-12 20:20:50.802000+00:00,,,,,,,45.7206,64.9185,0.0399,,0.0,1.0,,,,0.8655596914089185
robot_1,warehouse,robot_anomaly_warehouse,2026-05-08 01:37:29.077000+00:00,,,,,,,40.0848,44.4454,0.0181,,0.0,1.0,,,,0.954317077119374
robot_4,lab,robot_anomaly_lab,2026-04-28 11:13:00.902000+00:00,,,,,,,16.3241,40.2007,0.0613,,0.0,1.0,,,,0.9515224666027036
robot_2,hospital,robot_anomaly_hospital,2026-05-01 22:31:23.810000+00:00,,,,,,,39.7847,55.3161,0.0443999999999999,,0.0,1.0,,,,0.9463464194290532
robot_5,lab,robot_anomaly_lab,2026-04-18 00:14:40.274000+00:00,,,,,,,230.9895,4.5135,0.0432,,1.0,0.0,,,,0.6186113452664749
robot_3,lab,robot_anomaly_lab,2026-05-06 15:27:09.107000+00:00,,,,,,,58.5919,59.5873,0.0182999999999999,,0.0,1.0,,,,0.898404479235898
robot_3,outdoor,robot_anomaly_outdoor,2026-04-29 18:55:18.837000+00:00,,,,,,,34.4385,50.9543,0.0443999999999999,,0.0,1.0,,,,0.850988647557785
robot_4,hospital,robot_anomaly_hospital,2026-04-19 23:51:30.956000+00:00,,,,,,,39.0995,58.0044,0.06,,1.0,0.0,,,,0.671111288170549
robot_5,warehouse,robot_anomaly_warehouse,2026-04-27 17:02:24.164000+00:00,,,,,,,43.257,42.0635,0.0634,,1.0,0.0,,,,0.591069637458375
robot_4,warehouse,robot_anomaly_warehouse,2026-04-16 03:58:44.655000+00:00,,,,,,,48.2466,51.1139,0.0041999999999999,,0.0,1.0,,,,0.9619886349436448
robot_1,lab,robot_anomaly_lab,2026-04-11 20:43:54.288000+00:00,,,,,,,33.9147,54.0476,0.0493,,0.0,1.0,,,,0.9596859420061932
robot_4,lab,robot_anomaly_lab,2026-04-29 05:34:25.213000+00:00,,,,,,,38.1861,48.8872,0.0,,1.0,0.0,,,,0.584629938563283
robot_3,warehouse,robot_anomaly_warehouse,2026-05-06 11:00:38.400000+00:00,,,,,,,29.0569,56.6664,0.0231,,0.0,1.0,,,,0.949711925173921
robot_1,lab,robot_anomaly_lab,2026-04-13 11:21:57.109000+00:00,,,,,,,46.5274,48.9473,0.0535999999999999,,1.0,0.0,,,,0.7249592962617984
robot_2,hospital,robot_anomaly_hospital,2026-05-08 18:10:32.529000+00:00,,,,,,,30.3025,41.0573,0.0482,,0.0,1.0,,,,0.8727938500584488
robot_3,outdoor,robot_anomaly_outdoor,2026-05-06 19:57:13.304000+00:00,,,,,,,40.5548,54.8777,0.0,,0.0,1.0,,,,0.9104197721087356
robot_5,outdoor,robot_anomaly_outdoor,2026-04-17 06:33:50.230000+00:00,,,,,,,35.7212,59.5087,0.0906,,0.0,1.0,,,,0.9414612306911122
robot_4,hospital,robot_anomaly_hospital,2026-05-06 10:45:41.069000+00:00,,,,,,,44.619,61.3203,0.0602,,0.0,1.0,,,,0.9043840649502296
robot_4,outdoor,robot_anomaly_outdoor,2026-04-22 07:45:22.780000+00:00,,,,,,,24.9795,52.6049,0.0736999999999999,,0.0,1.0,,,,0.965418188924578
robot_4,lab,robot_anomaly_lab,2026-05-05 02:36:35.792000+00:00,,,,,,,38.6211,41.4536,0.0153999999999999,,1.0,0.0,,,,0.5940671761946167
robot_4,warehouse,robot_anomaly_warehouse,2026-04-13 08:08:54.189000+00:00,,,,,,,36.95,34.2585,0.0776999999999999,,0.0,1.0,,,,0.9526365235502686
robot_4,lab,robot_anomaly_lab,2026-05-01 17:50:50.893000+00:00,,,,,,,38.3869,44.798,0.0866,,1.0,0.0,,,,0.6138886018399129
robot_1,warehouse,robot_anomaly_warehouse,2026-05-04 08:28:59.730000+00:00,,,,,,,17.7824,51.6443,0.053,,0.0,1.0,,,,0.8955431676915568
robot_1,hospital,robot_anomaly_hospital,2026-04-15 15:48:54.994000+00:00,,,,,,,38.585,60.4793,0.0362,,0.0,1.0,,,,0.935996535845573
robot_4,warehouse,robot_anomaly_warehouse,2026-04-11 02:52:28.847000+00:00,,,,,,,33.0302,40.0651,0.0456999999999999,,0.0,1.0,,,,0.9005247043312382
robot_1,outdoor,robot_anomaly_outdoor,2026-05-02 20:22:03.026000+00:00,,,,,,,23.1639,47.2039,0.0178,,1.0,0.0,,,,0.5623382882494673
robot_2,lab,robot_anomaly_lab,2026-05-04 08:46:11.121000+00:00,,,,,,,28.4199,40.5807,0.0582,,1.0,0.0,,,,0.5446374744468174
robot_4,outdoor,robot_anomaly_outdoor,2026-04-19 04:56:37.586000+00:00,,,,,,,49.2615,49.5982,0.0850999999999999,,0.0,1.0,,,,0.8958733070085396
robot_1,hospital,robot_anomaly_hospital,2026-04-23 00:53:37.139000+00:00,,,,,,,29.9922,40.9195,0.0534999999999999,,0.0,1.0,,,,0.9308643953274948
robot_5,outdoor,robot_anomaly_outdoor,2026-04-13 19:07:03.374000+00:00,,,,,,,26.1353,44.396,0.0799999999999999,,0.0,1.0,,,,0.8894236972031603
robot_5,outdoor,robot_anomaly_outdoor,2026-04-21 19:10:40.842000+00:00,,,,,,,39.172,52.3248,0.0239,,0.0,1.0,,,,0.9149402412282038
robot_5,warehouse,robot_anomaly_warehouse,2026-05-09 20:19:55.843000+00:00,,,,,,,29.6199,42.9852,0.0249,,1.0,0.0,,,,0.6804347894866953
robot_4,lab,robot_anomaly_lab,2026-04-23 02:48:24.523000+00:00,,,,,,,31.0128,38.9733,0.0825,,1.0,0.0,,,,0.5410276424971103
robot_4,lab,robot_anomaly_lab,2026-04-21 14:12:31.853000+00:00,,,,,,,25.7684,47.5666,0.0576999999999999,,0.0,1.0,,,,0.8416596430498868
robot_3,hospital,robot_anomaly_hospital,2026-05-08 21:24:04.208000+00:00,,,,,,,33.3506,58.5818,0.0276999999999999,,0.0,1.0,,,,0.9175463030393552
robot_4,outdoor,robot_anomaly_outdoor,2026-05-02 15:33:14.564000+00:00,,,,,,,28.3637,51.8783,0.7341,,1.0,0.0,,,,0.5738115921850204
robot_1,warehouse,robot_anomaly_warehouse,2026-05-01 00:27:24.339000+00:00,,,,,,,26.4227,50.3761,0.0776,,0.0,1.0,,,,0.9204630814118762
robot_5,lab,robot_anomaly_lab,2026-04-17 12:37:16.983000+00:00,,,,,,,20.8618,44.613,0.0343999999999999,,0.0,1.0,,,,0.8753711508089002
robot_5,hospital,robot_anomaly_hospital,2026-04-23 12:55:00.412000+00:00,,,,,,,47.4344,49.8584,0.0309,,0.0,1.0,,,,0.9278201433123634
robot_4,warehouse,robot_anomaly_warehouse,2026-04-15 10:04:08.962000+00:00,,,,,,,47.2493,49.2953,0.0941999999999999,,0.0,1.0,,,,0.9280203222466912
robot_1,warehouse,robot_anomaly_warehouse,2026-04-11 14:11:43.541000+00:00,,,,,,,35.2824,49.9369,0.0474999999999999,,1.0,0.0,,,,0.5885777432256823
robot_4,outdoor,robot_anomaly_outdoor,2026-04-24 09:09:17.101000+00:00,,,,,,,33.3352,52.8629,0.0671,,0.0,1.0,,,,0.9530080982149484
robot_5,hospital,robot_anomaly_hospital,2026-04-18 15:18:09.457000+00:00,,,,,,,32.3618,32.256,0.0199,,0.0,1.0,,,,0.9176929924686158
robot_3,lab,robot_anomaly_lab,2026-04-17 18:06:31.849000+00:00,,,,,,,32.3168,42.7591,0.0564,,0.0,1.0,,,,0.8884684893926019
robot_5,hospital,robot_anomaly_hospital,2026-04-13 18:25:57.342000+00:00,,,,,,,29.8989,55.0212,0.0248,,0.0,1.0,,,,0.9556647591280454
robot_5,warehouse,robot_anomaly_warehouse,2026-05-08 21:18:21.982000+00:00,,,,,,,210.3089,6.8541,0.0443,,1.0,0.0,,,,0.6108554311512726
robot_4,lab,robot_anomaly_lab,2026-04-29 20:19:47.113000+00:00,,,,,,,27.6939,54.4014,0.8991,,1.0,0.0,,,,0.5309122055561459
robot_5,outdoor,robot_anomaly_outdoor,2026-04-11 20:25:25.959000+00:00,,,,,,,31.3187,55.6421,0.0651,,0.0,1.0,,,,0.9218817381440962
robot_3,outdoor,robot_anomaly_outdoor,2026-04-26 21:42:24.953000+00:00,,,,,,,41.1118,44.1067,0.0163999999999999,,0.0,1.0,,,,0.9289318651931876
robot_1,hospital,robot_anomaly_hospital,2026-05-10 00:15:16.619000+00:00,,,,,,,10.0,59.9402,0.0121,,1.0,0.0,,,,0.7504479907325848
robot_1,outdoor,robot_anomaly_outdoor,2026-04-18 17:12:41.793000+00:00,,,,,,,27.7962,44.8888,0.0464999999999999,,0.0,1.0,,,,0.8634254632342682
robot_4,warehouse,robot_anomaly_warehouse,2026-04-24 20:38:41.372000+00:00,,,,,,,29.8155,40.8863,0.0885,,0.0,1.0,,,,0.8821304721738942
robot_5,lab,robot_anomaly_lab,2026-04-20 06:30:43.868000+00:00,,,,,,,21.7062,41.4201,0.0615999999999999,,0.0,1.0,,,,0.9506138131774357
robot_1,outdoor,robot_anomaly_outdoor,2026-05-04 01:56:40.046000+00:00,,,,,,,53.1966,46.8323,0.0911999999999999,,0.0,1.0,,,,0.8550990299021599
robot_5,warehouse,robot_anomaly_warehouse,2026-05-02 13:19:30.606000+00:00,,,,,,,289.6379,2.607,0.0537999999999999,,1.0,0.0,,,,0.6147165509151234
robot_2,hospital,robot_anomaly_hospital,2026-04-11 05:34:30.155000+00:00,,,,,,,27.5093,43.5049,0.0016,,0.0,1.0,,,,0.9128796800416792
robot_3,lab,robot_anomaly_lab,2026-05-07 14:19:30.848000+00:00,,,,,,,44.3796,59.7249,0.1107,,0.0,1.0,,,,0.9050913923583062
robot_1,lab,robot_anomaly_lab,2026-04-17 02:48:28.939000+00:00,,,,,,,48.7983,50.9885,0.0113999999999999,,0.0,1.0,,,,0.8769632556182947
robot_5,warehouse,robot_anomaly_warehouse,2026-05-07 15:24:33.643000+00:00,,,,,,,37.5608,36.8666,0.0311,,0.0,1.0,,,,0.9141963931668036
robot_5,warehouse,robot_anomaly_warehouse,2026-04-14 10:06:38.339000+00:00,,,,,,,25.6253,42.7586,0.0311,,0.0,1.0,,,,0.8976084264878141
robot_3,outdoor,robot_anomaly_outdoor,2026-04-26 11:33:41.388000+00:00,,,,,,,47.7898,46.8226,0.0395999999999999,,1.0,0.0,,,,0.6425709270380829
robot_4,hospital,robot_anomaly_hospital,2026-04-22 04:03:12.976000+00:00,,,,,,,16.7387,46.7132,0.0724,,0.0,1.0,,,,0.918915040603736
robot_4,hospital,robot_anomaly_hospital,2026-04-29 09:55:14.925000+00:00,,,,,,,32.3113,54.1225,0.0449,,1.0,0.0,,,,0.6158518777065523
robot_3,lab,robot_anomaly_lab,2026-04-27 17:17:52.303000+00:00,,,,,,,42.5172,53.0379,0.0684,,1.0,0.0,,,,0.6338656502875031
robot_2,hospital,robot_anomaly_hospital,2026-04-16 04:13:39.521000+00:00,,,,,,,17.0223,55.3152,0.4575,,1.0,0.0,,,,0.6457535978429422
robot_1,warehouse,robot_anomaly_warehouse,2026-04-15 10:10:01.084000+00:00,,,,,,,27.7805,41.9199,0.0754,,0.0,1.0,,,,0.8984540753251528
robot_3,hospital,robot_anomaly_hospital,2026-04-20 11:33:44.515000+00:00,,,,,,,39.5701,43.7652,0.0815,,1.0,0.0,,,,0.6438492845938899
robot_3,lab,robot_anomaly_lab,2026-04-26 00:05:35.952000+00:00,,,,,,,33.6666,59.5483,0.0731,,0.0,1.0,,,,0.8669122318515197
robot_1,lab,robot_anomaly_lab,2026-04-20 09:17:16.214000+00:00,,,,,,,34.2845,54.8609,0.0038,,0.0,1.0,,,,0.9425460575483194
robot_1,hospital,robot_anomaly_hospital,2026-05-04 07:01:53.405000+00:00,,,,,,,33.5215,55.751,0.0033999999999999,,0.0,1.0,,,,0.9251573484744894
robot_3,outdoor,robot_anomaly_outdoor,2026-05-05 21:55:19.109000+00:00,,,,,,,28.2723,31.2429,0.0855,,0.0,1.0,,,,0.826463467324057
robot_1,hospital,robot_anomaly_hospital,2026-05-08 16:52:09.558000+00:00,,,,,,,21.9129,45.1642,0.0467999999999999,,0.0,1.0,,,,0.8721638202748949
robot_5,hospital,robot_anomaly_hospital,2026-05-09 18:41:58.015000+00:00,,,,,,,36.1083,49.5852,0.0916,,0.0,1.0,,,,0.93517750628919
robot_3,hospital,robot_anomaly_hospital,2026-04-20 06:23:06.491000+00:00,,,,,,,22.6537,42.3456,0.0221,,1.0,0.0,,,,0.5749136951799004
robot_5,lab,robot_anomaly_lab,2026-05-05 00:28:53.793000+00:00,,,,,,,43.8245,43.6745,0.04,,0.0,1.0,,,,0.9073149267962002
robot_4,lab,robot_anomaly_lab,2026-04-13 10:06:30.358000+00:00,,,,,,,21.92,49.3593,0.0493,,0.0,1.0,,,,0.8989708382743956
robot_3,warehouse,robot_anomaly_warehouse,2026-04-24 23:31:38.292000+00:00,,,,,,,41.7485,61.0363,0.0839999999999999,,0.0,1.0,,,,0.9289573646202112
robot_5,warehouse,robot_anomaly_warehouse,2026-05-04 19:55:13.189000+00:00,,,,,,,30.1839,48.8816,0.0426999999999999,,0.0,1.0,,,,0.873218579943131
robot_2,outdoor,robot_anomaly_outdoor,2026-04-14 09:27:01.171000+00:00,,,,,,,18.0862,32.7507,0.0880999999999999,,0.0,1.0,,,,0.8953225311531867
robot_1,warehouse,robot_anomaly_warehouse,2026-05-09 02:59:55.632000+00:00,,,,,,,33.7058,69.5895,0.0252999999999999,,1.0,0.0,,,,0.6151697013998743
robot_5,hospital,robot_anomaly_hospital,2026-04-30 09:39:24.051000+00:00,,,,,,,32.6907,51.5945,0.045,,0.0,1.0,,,,0.8876841262227412
robot_5,hospital,robot_anomaly_hospital,2026-04-30 02:07:52.916000+00:00,,,,,,,34.791,49.2234,0.0426999999999999,,0.0,1.0,,,,0.8981858074605592
robot_3,lab,robot_anomaly_lab,2026-05-04 19:30:07.086000+00:00,,,,,,,31.351,41.5475,0.0612,,1.0,0.0,,,,0.7514275663117946
robot_5,hospital,robot_anomaly_hospital,2026-05-03 22:09:09.919000+00:00,,,,,,,34.2399,53.2378,0.0345999999999999,,0.0,1.0,,,,0.933829495068099
robot_3,hospital,robot_anomaly_hospital,2026-04-19 09:55:10.805000+00:00,,,,,,,28.6565,63.2037,0.045,,0.0,1.0,,,,0.9439102789279844
robot_3,hospital,robot_anomaly_hospital,2026-04-25 10:17:31.832000+00:00,,,,,,,26.3878,48.7785,0.0829999999999999,,0.0,1.0,,,,0.8688751476464415
robot_5,warehouse,robot_anomaly_warehouse,2026-05-01 00:26:15.615000+00:00,,,,,,,45.9646,55.5412,0.0423999999999999,,0.0,1.0,,,,0.9281992509845922
robot_5,lab,robot_anomaly_lab,2026-04-20 05:20:19.401000+00:00,,,,,,,14.4984,40.9541,0.0762,,0.0,1.0,,,,0.8526533776355609
robot_3,lab,robot_anomaly_lab,2026-04-24 18:46:20.395000+00:00,,,,,,,38.3357,42.1509,0.028,,0.0,1.0,,,,0.9016083909762816
robot_4,outdoor,robot_anomaly_outdoor,2026-05-02 13:16:09.393000+00:00,,,,,,,37.1687,44.6143,0.0061999999999999,,1.0,0.0,,,,0.7040501992255818
robot_1,warehouse,robot_anomaly_warehouse,2026-04-14 11:23:01.413000+00:00,,,,,,,36.3654,46.3752,0.0744,,0.0,1.0,,,,0.9015348185440856
robot_2,outdoor,robot_anomaly_outdoor,2026-04-24 00:20:30.580000+00:00,,,,,,,49.2868,49.531,0.0397999999999999,,0.0,1.0,,,,0.9424079753639588
robot_1,hospital,robot_anomaly_hospital,2026-04-27 13:48:12.839000+00:00,,,,,,,44.6835,40.4767,0.0461,,1.0,0.0,,,,0.6149140041938704
robot_1,hospital,robot_anomaly_hospital,2026-04-16 14:54:03.339000+00:00,,,,,,,41.2503,57.5029,0.0269,,0.0,1.0,,,,0.9109042894430563
robot_4,warehouse,robot_anomaly_warehouse,2026-05-03 17:09:30.490000+00:00,,,,,,,24.7808,45.3235,0.0384999999999999,,0.0,1.0,,,,0.8624329756175608
robot_5,warehouse,robot_anomaly_warehouse,2026-04-19 22:16:06.320000+00:00,,,,,,,31.0689,53.4931,0.0067,,0.0,1.0,,,,0.909178963253033
robot_1,hospital,robot_anomaly_hospital,2026-04-18 11:25:25.160000+00:00,,,,,,,27.1903,54.4835,0.0218,,0.0,1.0,,,,0.8356487954646182
robot_1,hospital,robot_anomaly_hospital,2026-05-02 15:02:38.120000+00:00,,,,,,,22.0398,41.2781,0.0254999999999999,,0.0,1.0,,,,0.9099333419133384
robot_2,lab,robot_anomaly_lab,2026-05-01 14:32:43.163000+00:00,,,,,,,22.2571,64.2837,0.0925,,1.0,0.0,,,,0.7652311884895414
robot_5,outdoor,robot_anomaly_outdoor,2026-04-18 18:01:26.080000+00:00,,,,,,,34.3247,56.5666,0.0689999999999999,,0.0,1.0,,,,0.9420772089626852
robot_2,warehouse,robot_anomaly_warehouse,2026-04-24 10:48:31.780000+00:00,,,,,,,47.3293,45.2853,0.0259,,0.0,1.0,,,,0.9552774512434776
robot_4,hospital,robot_anomaly_hospital,2026-04-30 12:45:17.873000+00:00,,,,,,,44.8875,51.2351,0.0374999999999999,,0.0,1.0,,,,0.9445201964673547
robot_5,outdoor,robot_anomaly_outdoor,2026-05-06 09:45:11.132000+00:00,,,,,,,35.2632,44.2514,0.0646999999999999,,0.0,1.0,,,,0.8727793972701134
robot_5,lab,robot_anomaly_lab,2026-05-04 10:42:23.676000+00:00,,,,,,,23.1968,50.6432,0.0363,,0.0,1.0,,,,0.93303676878471
robot_4,hospital,robot_anomaly_hospital,2026-04-22 20:38:57.700000+00:00,,,,,,,35.9923,37.6567,0.0242,,0.0,1.0,,,,0.8899425154705106
robot_2,hospital,robot_anomaly_hospital,2026-05-10 16:38:12.309000+00:00,,,,,,,57.8207,33.698,0.0338,,0.0,1.0,,,,0.862309491111878
robot_3,lab,robot_anomaly_lab,2026-05-09 17:52:46.587000+00:00,,,,,,,24.5581,51.0168,0.1069,,0.0,1.0,,,,0.8726841735451346
robot_3,lab,robot_anomaly_lab,2026-05-03 18:54:51.317000+00:00,,,,,,,39.142,58.2541,0.06,,0.0,1.0,,,,0.8937859372979918
robot_4,hospital,robot_anomaly_hospital,2026-04-29 10:02:30.467000+00:00,,,,,,,37.0496,53.9086,0.0957,,0.0,1.0,,,,0.880515179095936
robot_2,hospital,robot_anomaly_hospital,2026-04-25 10:50:29.470000+00:00,,,,,,,58.7258,41.8423,0.0188,,0.0,1.0,,,,0.8646537722491787
robot_1,outdoor,robot_anomaly_outdoor,2026-04-23 02:14:24.434000+00:00,,,,,,,41.7214,50.9288,0.0358,,0.0,1.0,,,,0.9287014789177578
robot_1,warehouse,robot_anomaly_warehouse,2026-05-05 10:15:11.118000+00:00,,,,,,,10.0,56.7918,0.0648999999999999,,0.0,1.0,,,,0.868952436672663
robot_2,hospital,robot_anomaly_hospital,2026-04-16 18:46:45.596000+00:00,,,,,,,23.7079,41.0727,0.0885,,0.0,1.0,,,,0.9713855802356284
robot_2,lab,robot_anomaly_lab,2026-05-07 19:31:30.888000+00:00,,,,,,,30.3813,41.6331,0.0535999999999999,,0.0,1.0,,,,0.8992587956401641
robot_4,lab,robot_anomaly_lab,2026-04-16 17:26:36.883000+00:00,,,,,,,30.9086,63.9787,0.0332,,0.0,1.0,,,,0.8655204491023618
robot_3,lab,robot_anomaly_lab,2026-04-15 16:23:15.180000+00:00,,,,,,,22.6341,52.1996,0.0476999999999999,,0.0,1.0,,,,0.8614333039327995
robot_2,warehouse,robot_anomaly_warehouse,2026-04-12 01:53:34.310000+00:00,,,,,,,27.3724,39.9465,0.0643,,1.0,0.0,,,,0.7183871076855602
robot_2,warehouse,robot_anomaly_warehouse,2026-04-22 21:33:44.387000+00:00,,,,,,,39.0345,43.0082,0.0675,,0.0,1.0,,,,0.8885345345121086
robot_1,lab,robot_anomaly_lab,2026-05-05 19:42:30.641000+00:00,,,,,,,285.8062,4.5668,0.0,,1.0,0.0,,,,0.5962121122115144
robot_5,outdoor,robot_anomaly_outdoor,2026-04-30 09:53:50.774000+00:00,,,,,,,24.9612,39.237,0.0486999999999999,,0.0,1.0,,,,0.957936510838606
robot_5,outdoor,robot_anomaly_outdoor,2026-04-24 02:29:46.217000+00:00,,,,,,,36.5201,45.8939,0.0393999999999999,,0.0,1.0,,,,0.9696008879439968
robot_2,outdoor,robot_anomaly_outdoor,2026-04-21 19:38:11.107000+00:00,,,,,,,35.7357,56.8395,0.0,,0.0,1.0,,,,0.9477275599664978
robot_4,lab,robot_anomaly_lab,2026-04-25 22:49:26.780000+00:00,,,,,,,29.2864,57.753,0.062,,0.0,1.0,,,,0.9135122156565798
robot_4,hospital,robot_anomaly_hospital,2026-05-05 08:51:19.554000+00:00,,,,,,,23.4795,51.9749,0.0031999999999999,,0.0,1.0,,,,0.8844771573541209
robot_3,hospital,robot_anomaly_hospital,2026-04-30 11:04:44.454000+00:00,,,,,,,21.5432,58.8525,0.0548999999999999,,0.0,1.0,,,,0.8926745013481272
robot_5,warehouse,robot_anomaly_warehouse,2026-05-03 22:43:21.186000+00:00,,,,,,,50.0583,56.5622,0.0819999999999999,,0.0,1.0,,,,0.9231608128340858
robot_4,lab,robot_anomaly_lab,2026-04-28 15:10:34.221000+00:00,,,,,,,58.6818,30.0,0.0568999999999999,,0.0,1.0,,,,0.9520832527450253
robot_2,outdoor,robot_anomaly_outdoor,2026-04-14 17:58:05.876000+00:00,,,,,,,19.1472,38.9614,0.0756,,0.0,1.0,,,,0.9210085321484568
robot_3,lab,robot_anomaly_lab,2026-04-14 17:25:18.839000+00:00,,,,,,,52.1374,42.7543,0.0936,,1.0,0.0,,,,0.5747825056919239
robot_3,outdoor,robot_anomaly_outdoor,2026-04-12 16:00:36.230000+00:00,,,,,,,43.7868,42.0194,0.027,,0.0,1.0,,,,0.8853776167505407
robot_4,hospital,robot_anomaly_hospital,2026-05-01 22:09:20.842000+00:00,,,,,,,48.5225,50.6517,0.0368,,0.0,1.0,,,,0.9298062317345458
robot_2,hospital,robot_anomaly_hospital,2026-04-19 09:03:15.311000+00:00,,,,,,,20.4751,34.8575,0.0072999999999999,,0.0,1.0,,,,0.8806528295650677
robot_1,outdoor,robot_anomaly_outdoor,2026-04-20 23:06:16.451000+00:00,,,,,,,22.4379,38.4355,0.0817,,0.0,1.0,,,,0.9338312432655016
robot_3,lab,robot_anomaly_lab,2026-04-21 07:01:49.874000+00:00,,,,,,,44.5653,58.8568,0.0772,,0.0,1.0,,,,0.8953896037978497
robot_5,hospital,robot_anomaly_hospital,2026-04-28 13:18:16.194000+00:00,,,,,,,41.0359,61.6835,0.0151,,1.0,0.0,,,,0.7202136589731555
robot_1,warehouse,robot_anomaly_warehouse,2026-05-02 00:13:09.005000+00:00,,,,,,,28.8444,56.9649,0.0223999999999999,,0.0,1.0,,,,0.914526835680866
robot_3,warehouse,robot_anomaly_warehouse,2026-04-11 03:01:56.503000+00:00,,,,,,,30.4907,43.3105,0.0798999999999999,,0.0,1.0,,,,0.8601673288948604
robot_5,outdoor,robot_anomaly_outdoor,2026-05-07 23:36:47.495000+00:00,,,,,,,31.3947,37.7896,0.0,,0.0,1.0,,,,0.9025299573060176
robot_5,warehouse,robot_anomaly_warehouse,2026-04-13 19:38:23.485000+00:00,,,,,,,39.1783,32.4041,0.0161,,0.0,1.0,,,,0.8933610497686404
robot_4,lab,robot_anomaly_lab,2026-05-03 01:42:45.803000+00:00,,,,,,,16.0061,52.8701,0.0865,,0.0,1.0,,,,0.8700015395569348
robot_2,outdoor,robot_anomaly_outdoor,2026-04-20 04:05:27.955000+00:00,,,,,,,37.5519,54.1543,0.0706,,0.0,1.0,,,,0.9190872077675424
robot_1,warehouse,robot_anomaly_warehouse,2026-04-26 11:10:00.221000+00:00,,,,,,,42.5991,55.7028,0.0,,0.0,1.0,,,,0.9347570776831312
robot_1,outdoor,robot_anomaly_outdoor,2026-04-26 18:16:14.434000+00:00,,,,,,,42.8385,54.2,0.0219,,0.0,1.0,,,,0.8544906892118453
robot_5,hospital,robot_anomaly_hospital,2026-04-28 16:47:53.980000+00:00,,,,,,,47.5844,45.5573,0.023,,0.0,1.0,,,,0.9209859337530764
robot_1,lab,robot_anomaly_lab,2026-05-01 20:19:09.858000+00:00,,,,,,,35.1121,47.3443,0.0189,,0.0,1.0,,,,0.8924162997766022
robot_1,hospital,robot_anomaly_hospital,2026-05-04 22:10:55.011000+00:00,,,,,,,54.3099,54.6526,0.0211,,1.0,0.0,,,,0.7021130181643965
robot_2,lab,robot_anomaly_lab,2026-04-11 23:11:40.110000+00:00,,,,,,,35.8503,45.1994,0.0639999999999999,,0.0,1.0,,,,0.9310807233360888
robot_1,warehouse,robot_anomaly_warehouse,2026-04-13 08:09:37.276000+00:00,,,,,,,23.2164,61.4848,0.015,,0.0,1.0,,,,0.9322603294753936
robot_1,warehouse,robot_anomaly_warehouse,2026-04-23 02:03:21.471000+00:00,,,,,,,31.6916,52.5361,0.0013999999999999,,0.0,1.0,,,,0.9511379739344756
robot_4,lab,robot_anomaly_lab,2026-05-07 05:50:17.113000+00:00,,,,,,,33.9095,44.0856,0.0545999999999999,,0.0,1.0,,,,0.8925558449475604
robot_5,lab,robot_anomaly_lab,2026-04-17 18:58:46.926000+00:00,,,,,,,39.4592,52.4449,0.0779999999999999,,0.0,1.0,,,,0.9337350042674892
robot_2,warehouse,robot_anomaly_warehouse,2026-05-09 16:10:53.805000+00:00,,,,,,,36.4006,49.9698,0.0494999999999999,,0.0,1.0,,,,0.910668300383994
robot_5,warehouse,robot_anomaly_warehouse,2026-05-08 14:07:46.451000+00:00,,,,,,,34.7962,54.1823,0.038,,0.0,1.0,,,,0.9616031223840886
robot_2,lab,robot_anomaly_lab,2026-05-08 07:59:45.484000+00:00,,,,,,,28.3447,45.9146,0.021,,1.0,0.0,,,,0.5963051039474835
robot_1,warehouse,robot_anomaly_warehouse,2026-04-20 04:35:49.075000+00:00,,,,,,,36.1012,49.9921,0.0804,,0.0,1.0,,,,0.9156695518341342
robot_1,warehouse,robot_anomaly_warehouse,2026-04-13 21:31:17.139000+00:00,,,,,,,34.5475,44.3216,0.013,,0.0,1.0,,,,0.9000721720819568
robot_5,outdoor,robot_anomaly_outdoor,2026-04-24 20:09:00.403000+00:00,,,,,,,42.0332,48.8577,0.0706999999999999,,0.0,1.0,,,,0.9202755564477284
robot_2,lab,robot_anomaly_lab,2026-04-18 03:44:24.632000+00:00,,,,,,,27.8975,46.9604,0.0111999999999999,,1.0,0.0,,,,0.5862398357339298
robot_3,hospital,robot_anomaly_hospital,2026-04-20 10:30:18.909000+00:00,,,,,,,23.4549,41.5241,0.0901999999999999,,0.0,1.0,,,,0.9353966858260312
robot_2,hospital,robot_anomaly_hospital,2026-05-07 06:26:37.318000+00:00,,,,,,,48.8564,48.0428,0.0635999999999999,,0.0,1.0,,,,0.8287947191522045
robot_3,hospital,robot_anomaly_hospital,2026-04-24 00:44:52.428000+00:00,,,,,,,35.3013,49.3967,0.0692,,0.0,1.0,,,,0.9677192404554532
robot_4,hospital,robot_anomaly_hospital,2026-05-08 08:35:46.776000+00:00,,,,,,,34.0949,60.3985,0.0608999999999999,,0.0,1.0,,,,0.94821170857316
robot_3,outdoor,robot_anomaly_outdoor,2026-04-10 20:40:06.775000+00:00,,,,,,,42.588,52.7402,0.0,,0.0,1.0,,,,0.9372599326910211
robot_2,outdoor,robot_anomaly_outdoor,2026-04-16 11:19:45.361000+00:00,,,,,,,20.7465,62.8816,0.037,,0.0,1.0,,,,0.8924793469174201
robot_5,lab,robot_anomaly_lab,2026-04-28 22:09:56.729000+00:00,,,,,,,54.4729,71.2143,0.029,,0.0,1.0,,,,0.8867712475546501
robot_1,hospital,robot_anomaly_hospital,2026-04-27 06:30:45.496000+00:00,,,,,,,40.1503,61.4339,0.0102999999999999,,0.0,1.0,,,,0.9662918118572128
robot_2,hospital,robot_anomaly_hospital,2026-04-30 05:11:02.486000+00:00,,,,,,,26.3045,50.1627,0.0564999999999999,,0.0,1.0,,,,0.9187461237179212
robot_3,hospital,robot_anomaly_hospital,2026-04-11 16:45:59.671000+00:00,,,,,,,39.4261,39.0542,0.0797999999999999,,0.0,1.0,,,,0.94975519957913
robot_5,hospital,robot_anomaly_hospital,2026-05-06 12:08:20.712000+00:00,,,,,,,37.8353,53.1672,0.0504999999999999,,0.0,1.0,,,,0.8856686954284102
robot_4,hospital,robot_anomaly_hospital,2026-04-14 19:47:11.880000+00:00,,,,,,,39.672,43.7867,0.3188999999999999,,1.0,0.0,,,,0.6012294925762869
robot_3,outdoor,robot_anomaly_outdoor,2026-04-29 05:31:07.877000+00:00,,,,,,,20.9831,57.5383,0.0023999999999999,,0.0,1.0,,,,0.8788039923886
robot_5,lab,robot_anomaly_lab,2026-04-17 16:39:41.201000+00:00,,,,,,,401.6383,4.5428,0.0165999999999999,,1.0,0.0,,,,0.528157439471222
robot_5,hospital,robot_anomaly_hospital,2026-04-16 15:43:25.634000+00:00,,,,,,,33.7797,58.6714,0.0594,,0.0,1.0,,,,0.8957872562630469
robot_4,hospital,robot_anomaly_hospital,2026-04-15 03:40:16.384000+00:00,,,,,,,39.7069,48.118,0.0659999999999999,,0.0,1.0,,,,0.9319996439460888
robot_4,warehouse,robot_anomaly_warehouse,2026-04-20 14:36:54.073000+00:00,,,,,,,50.2202,41.2007,0.0832,,0.0,1.0,,,,0.883515774846499
robot_5,hospital,robot_anomaly_hospital,2026-05-09 16:53:43.440000+00:00,,,,,,,23.5153,36.2497,0.1070999999999999,,0.0,1.0,,,,0.9042944087751458
robot_3,hospital,robot_anomaly_hospital,2026-05-08 13:15:56.335000+00:00,,,,,,,38.7601,53.4705,0.0548999999999999,,0.0,1.0,,,,0.9171036228488638
robot_2,warehouse,robot_anomaly_warehouse,2026-05-08 07:16:18.010000+00:00,,,,,,,44.3931,40.6447,0.0261,,0.0,1.0,,,,0.8896231041805583
robot_2,outdoor,robot_anomaly_outdoor,2026-04-13 21:00:31.285000+00:00,,,,,,,48.0107,49.7811,0.0144999999999999,,0.0,1.0,,,,0.8749574980422418
robot_4,outdoor,robot_anomaly_outdoor,2026-04-25 14:24:12.115000+00:00,,,,,,,33.888,55.629,0.0158,,0.0,1.0,,,,0.9445326171588224
robot_4,hospital,robot_anomaly_hospital,2026-04-11 03:00:48.342000+00:00,,,,,,,41.6441,41.8285,0.0758999999999999,,0.0,1.0,,,,0.9207415222910048
robot_1,warehouse,robot_anomaly_warehouse,2026-04-11 17:26:14.918000+00:00,,,,,,,24.239,51.0641,0.0538999999999999,,0.0,1.0,,,,0.931510155673849
robot_3,lab,robot_anomaly_lab,2026-04-30 10:55:47.153000+00:00,,,,,,,23.0138,47.2348,0.0739999999999999,,0.0,1.0,,,,0.8822483060318053
robot_2,warehouse,robot_anomaly_warehouse,2026-04-30 23:16:25.251000+00:00,,,,,,,18.2528,51.7487,0.0909999999999999,,0.0,1.0,,,,0.8788229701770284
robot_5,warehouse,robot_anomaly_warehouse,2026-05-04 09:13:55.668000+00:00,,,,,,,32.6616,47.8617,0.0533,,0.0,1.0,,,,0.9008540617147592
robot_5,outdoor,robot_anomaly_outdoor,2026-04-30 07:07:40.603000+00:00,,,,,,,33.1739,50.1495,0.0494999999999999,,0.0,1.0,,,,0.8979029434364026
robot_3,lab,robot_anomaly_lab,2026-04-18 21:16:14.692000+00:00,,,,,,,24.8271,53.6593,0.0131999999999999,,1.0,0.0,,,,0.5896660119154936
robot_2,lab,robot_anomaly_lab,2026-04-23 15:40:22.914000+00:00,,,,,,,39.5429,42.0182,0.0425999999999999,,0.0,1.0,,,,0.9020795536810776
robot_4,lab,robot_anomaly_lab,2026-04-18 21:50:01.821000+00:00,,,,,,,28.2351,60.6994,0.0172999999999999,,0.0,1.0,,,,0.937301024357424
robot_4,outdoor,robot_anomaly_outdoor,2026-05-04 23:09:45.667000+00:00,,,,,,,34.1323,47.071,0.0,,0.0,1.0,,,,0.9667070675544568
robot_2,warehouse,robot_anomaly_warehouse,2026-04-26 17:44:27.865000+00:00,,,,,,,22.497,47.6355,0.0629999999999999,,0.0,1.0,,,,0.9436721673267956
robot_1,warehouse,robot_anomaly_warehouse,2026-04-14 20:49:30.432000+00:00,,,,,,,50.9086,52.4784,0.0484999999999999,,0.0,1.0,,,,0.9289042502125826
robot_2,hospital,robot_anomaly_hospital,2026-05-02 23:22:12.090000+00:00,,,,,,,21.9415,30.0,0.0456999999999999,,0.0,1.0,,,,0.9081071252902287
robot_1,hospital,robot_anomaly_hospital,2026-04-22 10:39:07.030000+00:00,,,,,,,47.3702,55.7461,0.0551,,0.0,1.0,,,,0.920432657781804
robot_4,outdoor,robot_anomaly_outdoor,2026-05-08 07:45:10.771000+00:00,,,,,,,28.3559,58.4946,0.0292,,0.0,1.0,,,,0.9269849990193778
robot_5,lab,robot_anomaly_lab,2026-04-22 02:18:48.087000+00:00,,,,,,,20.8652,50.6423,0.0396999999999999,,0.0,1.0,,,,0.8797669858210385
robot_4,warehouse,robot_anomaly_warehouse,2026-04-11 18:19:42.622000+00:00,,,,,,,40.5545,58.5745,0.0794,,0.0,1.0,,,,0.9199835795084884
robot_5,lab,robot_anomaly_lab,2026-05-09 01:56:58.458000+00:00,,,,,,,25.5398,48.5982,0.0957,,0.0,1.0,,,,0.90272149845928
robot_4,hospital,robot_anomaly_hospital,2026-05-05 01:44:00.542000+00:00,,,,,,,43.7073,58.5423,0.0676999999999999,,0.0,1.0,,,,0.8299151243880191
robot_3,lab,robot_anomaly_lab,2026-04-15 14:44:11.424000+00:00,,,,,,,18.7297,45.3946,0.0719999999999999,,0.0,1.0,,,,0.9369605839615984
robot_4,outdoor,robot_anomaly_outdoor,2026-04-29 17:28:54.697000+00:00,,,,,,,46.5824,40.2694,0.6584,,1.0,0.0,,,,0.6242963819455692
robot_4,lab,robot_anomaly_lab,2026-04-14 23:51:08.967000+00:00,,,,,,,31.9083,53.9371,0.009,,0.0,1.0,,,,0.9358520206584876
robot_2,lab,robot_anomaly_lab,2026-05-04 21:59:08.401000+00:00,,,,,,,10.0,46.0563,0.0129,,1.0,0.0,,,,0.603922472861485
robot_4,outdoor,robot_anomaly_outdoor,2026-04-24 23:45:25.282000+00:00,,,,,,,41.4021,45.5664,0.0,,0.0,1.0,,,,0.9188920106108668
robot_1,lab,robot_anomaly_lab,2026-05-04 05:54:13.980000+00:00,,,,,,,35.5594,50.5808,0.0403999999999999,,0.0,1.0,,,,0.9643540696362198
robot_4,lab,robot_anomaly_lab,2026-05-09 11:08:03.558000+00:00,,,,,,,38.687,46.3674,0.0316999999999999,,0.0,1.0,,,,0.906201512281304
robot_5,outdoor,robot_anomaly_outdoor,2026-04-24 22:04:48.435000+00:00,,,,,,,32.7803,51.8111,0.0572,,0.0,1.0,,,,0.9042438176458572
robot_4,outdoor,robot_anomaly_outdoor,2026-04-28 13:50:11.955000+00:00,,,,,,,36.6906,50.2795,0.0593,,0.0,1.0,,,,0.9137760724558144
robot_4,warehouse,robot_anomaly_warehouse,2026-04-29 17:16:51.640000+00:00,,,,,,,30.531,52.6213,0.0171,,1.0,0.0,,,,0.5900260852739427
robot_4,outdoor,robot_anomaly_outdoor,2026-04-15 02:20:31.443000+00:00,,,,,,,45.737,54.154,0.0725,,0.0,1.0,,,,0.8995141975398177
robot_2,outdoor,robot_anomaly_outdoor,2026-04-27 01:26:37.941000+00:00,,,,,,,50.8752,48.5154,0.0592,,0.0,1.0,,,,0.9238772166607168
robot_5,warehouse,robot_anomaly_warehouse,2026-05-03 14:07:17.732000+00:00,,,,,,,36.602,35.9286,0.0352,,0.0,1.0,,,,0.9349062416965508
robot_1,warehouse,robot_anomaly_warehouse,2026-04-11 18:29:21.331000+00:00,,,,,,,60.0461,41.6482,0.1196,,0.0,1.0,,,,0.9121900426481768
robot_5,lab,robot_anomaly_lab,2026-05-06 06:51:33.987000+00:00,,,,,,,22.5755,42.9859,0.0607999999999999,,1.0,0.0,,,,0.714728823043826
robot_5,lab,robot_anomaly_lab,2026-04-15 21:26:51.413000+00:00,,,,,,,41.4004,49.7729,0.0897,,0.0,1.0,,,,0.8666080812879129
robot_2,hospital,robot_anomaly_hospital,2026-04-21 03:06:58.032000+00:00,,,,,,,39.0474,52.5498,0.0043999999999999,,0.0,1.0,,,,0.9754821806797996
robot_4,hospital,robot_anomaly_hospital,2026-04-30 05:08:15.159000+00:00,,,,,,,42.6736,40.0811,0.0644,,0.0,1.0,,,,0.8438077265737949
robot_2,hospital,robot_anomaly_hospital,2026-04-21 00:58:30.764000+00:00,,,,,,,40.9157,42.0629,0.5746,,1.0,0.0,,,,0.5472587451645716
robot_5,warehouse,robot_anomaly_warehouse,2026-05-05 14:16:54.460000+00:00,,,,,,,28.3139,61.5551,0.0920999999999999,,1.0,0.0,,,,0.721640759480731
robot_1,outdoor,robot_anomaly_outdoor,2026-04-20 15:22:43.232000+00:00,,,,,,,47.5499,48.0172,0.0975,,0.0,1.0,,,,0.9446336644963436
robot_1,hospital,robot_anomaly_hospital,2026-05-01 02:43:15.661000+00:00,,,,,,,41.4982,47.9539,0.0694,,0.0,1.0,,,,0.9043642166393282
robot_5,lab,robot_anomaly_lab,2026-04-17 19:51:08.777000+00:00,,,,,,,38.8414,37.6606,0.0254999999999999,,0.0,1.0,,,,0.9358803693551442
robot_4,outdoor,robot_anomaly_outdoor,2026-05-07 10:27:41.850000+00:00,,,,,,,20.2716,47.5827,0.0525999999999999,,1.0,0.0,,,,0.5820783777903729
robot_5,hospital,robot_anomaly_hospital,2026-04-24 22:10:39.211000+00:00,,,,,,,46.6711,44.4579,0.0845,,0.0,1.0,,,,0.8628442257583778
robot_2,outdoor,robot_anomaly_outdoor,2026-05-07 00:41:27.473000+00:00,,,,,,,40.4686,62.5195,0.0790999999999999,,0.0,1.0,,,,0.8200223952213607
robot_4,outdoor,robot_anomaly_outdoor,2026-04-21 00:00:07.553000+00:00,,,,,,,14.0969,48.3346,0.0651,,0.0,1.0,,,,0.9198062776833924
robot_2,hospital,robot_anomaly_hospital,2026-04-23 09:18:20.910000+00:00,,,,,,,223.4693,8.1768,0.0484999999999999,,1.0,0.0,,,,0.6370534149117579
robot_5,lab,robot_anomaly_lab,2026-04-15 02:46:15.181000+00:00,,,,,,,34.789,47.5462,0.0407999999999999,,1.0,0.0,,,,0.5917311044071549
robot_1,outdoor,robot_anomaly_outdoor,2026-05-05 15:06:27.389000+00:00,,,,,,,42.3144,50.6849,0.0874,,0.0,1.0,,,,0.8667434076966909
robot_3,outdoor,robot_anomaly_outdoor,2026-04-21 18:36:28.056000+00:00,,,,,,,290.8789,3.2101,0.0355999999999999,,1.0,0.0,,,,0.64130356801074
robot_1,warehouse,robot_anomaly_warehouse,2026-04-22 07:59:57.971000+00:00,,,,,,,27.8534,30.0,0.1044,,0.0,1.0,,,,0.8670236804233007
robot_1,hospital,robot_anomaly_hospital,2026-04-13 12:15:21.086000+00:00,,,,,,,31.3667,52.8821,0.0651,,0.0,1.0,,,,0.889283693529886
robot_5,hospital,robot_anomaly_hospital,2026-04-20 18:44:37.095000+00:00,,,,,,,22.8935,64.8256,0.0363,,0.0,1.0,,,,0.8596585022513711
robot_4,hospital,robot_anomaly_hospital,2026-05-02 22:55:51.319000+00:00,,,,,,,28.9472,59.7667,0.0546999999999999,,0.0,1.0,,,,0.8741969213833652
robot_5,hospital,robot_anomaly_hospital,2026-04-29 20:28:48.738000+00:00,,,,,,,49.9188,55.8505,0.0564999999999999,,0.0,1.0,,,,0.8886473714784563
robot_4,lab,robot_anomaly_lab,2026-04-21 05:30:59.641000+00:00,,,,,,,24.7388,44.2659,0.0132999999999999,,0.0,1.0,,,,0.8781131317863762
robot_4,warehouse,robot_anomaly_warehouse,2026-04-21 08:23:47.792000+00:00,,,,,,,36.8226,45.0757,0.0,,1.0,0.0,,,,0.7432239284684296
robot_5,hospital,robot_anomaly_hospital,2026-04-15 18:13:56.649000+00:00,,,,,,,25.3945,41.1752,0.0433999999999999,,1.0,0.0,,,,0.7377399201208705
robot_2,hospital,robot_anomaly_hospital,2026-04-21 10:22:39.180000+00:00,,,,,,,38.4328,47.4325,0.0238,,0.0,1.0,,,,0.8936893285947164
robot_5,hospital,robot_anomaly_hospital,2026-04-20 15:45:20.229000+00:00,,,,,,,36.0768,49.3902,0.018,,0.0,1.0,,,,0.9023312536992826
robot_2,hospital,robot_anomaly_hospital,2026-05-01 09:13:48.573000+00:00,,,,,,,22.8823,54.4646,0.0443999999999999,,0.0,1.0,,,,0.9338286089411544
robot_4,lab,robot_anomaly_lab,2026-04-28 11:26:30.505000+00:00,,,,,,,21.9881,40.3026,0.0937,,0.0,1.0,,,,0.8984094421978377
robot_3,hospital,robot_anomaly_hospital,2026-04-29 05:00:16.107000+00:00,,,,,,,24.4448,37.5338,0.0698999999999999,,0.0,1.0,,,,0.9189782120780654
robot_5,hospital,robot_anomaly_hospital,2026-04-20 20:51:26.957000+00:00,,,,,,,41.9791,51.1551,0.0562,,0.0,1.0,,,,0.8781858152044866
robot_2,lab,robot_anomaly_lab,2026-04-16 00:43:04.257000+00:00,,,,,,,44.9781,67.594,0.0919999999999999,,0.0,1.0,,,,0.8596703119560972
robot_1,hospital,robot_anomaly_hospital,2026-04-14 10:16:54.917000+00:00,,,,,,,22.3398,30.0,0.0762,,0.0,1.0,,,,0.8898688133598656
robot_4,hospital,robot_anomaly_hospital,2026-05-09 07:41:54.013000+00:00,,,,,,,47.93,42.0954,0.1065,,0.0,1.0,,,,0.8819986141386027
robot_5,hospital,robot_anomaly_hospital,2026-04-22 00:13:29.215000+00:00,,,,,,,26.0025,47.2718,0.0719999999999999,,0.0,1.0,,,,0.944033339789294
robot_4,outdoor,robot_anomaly_outdoor,2026-04-28 07:17:53.587000+00:00,,,,,,,404.8366,13.8235,0.0693,,1.0,0.0,,,,0.5527091636863648
robot_2,lab,robot_anomaly_lab,2026-04-28 23:11:07.904000+00:00,,,,,,,19.0039,38.8506,0.0636999999999999,,0.0,1.0,,,,0.9355811410517776
robot_4,outdoor,robot_anomaly_outdoor,2026-05-05 10:53:35.464000+00:00,,,,,,,35.307,39.9131,0.0525999999999999,,0.0,1.0,,,,0.933403659068641
robot_3,warehouse,robot_anomaly_warehouse,2026-04-23 07:47:44.304000+00:00,,,,,,,34.8373,46.9067,0.0744,,0.0,1.0,,,,0.856111035545602
robot_5,warehouse,robot_anomaly_warehouse,2026-05-01 02:51:31.459000+00:00,,,,,,,55.0823,61.0379,0.0229,,0.0,1.0,,,,0.9100648992376352
robot_4,hospital,robot_anomaly_hospital,2026-05-01 04:39:39.031000+00:00,,,,,,,25.11,48.8798,0.0666999999999999,,0.0,1.0,,,,0.9248851752428228
robot_4,hospital,robot_anomaly_hospital,2026-04-24 09:06:52.272000+00:00,,,,,,,39.1068,48.7612,0.0,,1.0,0.0,,,,0.7584372979988687
robot_3,hospital,robot_anomaly_hospital,2026-04-27 00:56:57.565000+00:00,,,,,,,40.7023,40.985,0.0768999999999999,,0.0,1.0,,,,0.9048438045502608
robot_3,warehouse,robot_anomaly_warehouse,2026-04-21 11:32:48.745000+00:00,,,,,,,53.7214,59.1312,0.0924,,0.0,1.0,,,,0.9083900384226722
robot_5,lab,robot_anomaly_lab,2026-05-07 23:31:43.758000+00:00,,,,,,,41.0844,56.0145,0.0532,,0.0,1.0,,,,0.8817948528541366
robot_5,warehouse,robot_anomaly_warehouse,2026-04-14 00:37:19.198000+00:00,,,,,,,32.0182,41.7215,0.0565999999999999,,0.0,1.0,,,,0.8896307732656423
robot_4,hospital,robot_anomaly_hospital,2026-04-11 18:55:40.809000+00:00,,,,,,,53.6035,46.8965,0.0387999999999999,,1.0,0.0,,,,0.5710316254535225
robot_3,warehouse,robot_anomaly_warehouse,2026-04-21 00:27:52.876000+00:00,,,,,,,31.0973,58.292,0.0252999999999999,,0.0,1.0,,,,0.9192520876547328
robot_3,hospital,robot_anomaly_hospital,2026-05-05 11:35:15.120000+00:00,,,,,,,50.1882,55.1974,0.0446999999999999,,0.0,1.0,,,,0.9208049021473566
robot_4,hospital,robot_anomaly_hospital,2026-05-07 11:38:21.751000+00:00,,,,,,,30.7522,57.8922,0.041,,1.0,0.0,,,,0.6828820797573266
robot_5,hospital,robot_anomaly_hospital,2026-05-01 08:18:06.775000+00:00,,,,,,,32.0351,47.1984,0.0817,,0.0,1.0,,,,0.9140770017326856
robot_3,outdoor,robot_anomaly_outdoor,2026-04-17 22:12:47.633000+00:00,,,,,,,20.5085,37.1235,0.0266999999999999,,1.0,0.0,,,,0.6881448088895283
robot_2,outdoor,robot_anomaly_outdoor,2026-04-23 05:36:27.001000+00:00,,,,,,,27.1935,45.7052,0.0855,,0.0,1.0,,,,0.9097613239031944
robot_5,hospital,robot_anomaly_hospital,2026-04-30 06:37:32.195000+00:00,,,,,,,231.4986,3.4827,0.039,,1.0,0.0,,,,0.6888132646558631
robot_2,warehouse,robot_anomaly_warehouse,2026-04-30 11:54:40.478000+00:00,,,,,,,37.857,40.1699,0.0328,,0.0,1.0,,,,0.9236695783795076
robot_4,outdoor,robot_anomaly_outdoor,2026-04-12 20:36:10.905000+00:00,,,,,,,37.0834,52.0213,0.0564999999999999,,0.0,1.0,,,,0.90193467953849
robot_3,lab,robot_anomaly_lab,2026-05-02 19:12:41.390000+00:00,,,,,,,18.7415,41.5239,0.0777999999999999,,0.0,1.0,,,,0.9540614929666968
robot_2,outdoor,robot_anomaly_outdoor,2026-04-26 16:07:58.096000+00:00,,,,,,,31.6636,51.9539,0.0742,,0.0,1.0,,,,0.895348000810289
robot_5,outdoor,robot_anomaly_outdoor,2026-04-18 07:33:00.359000+00:00,,,,,,,37.2677,51.127,0.0434999999999999,,0.0,1.0,,,,0.878836394538188
robot_2,hospital,robot_anomaly_hospital,2026-05-05 04:17:22.475000+00:00,,,,,,,43.4884,52.8592,0.0565999999999999,,0.0,1.0,,,,0.9278473380326993
robot_3,outdoor,robot_anomaly_outdoor,2026-04-15 08:23:22.827000+00:00,,,,,,,43.1299,47.084,0.056,,0.0,1.0,,,,0.8894699813572811
robot_5,warehouse,robot_anomaly_warehouse,2026-05-06 11:50:24.310000+00:00,,,,,,,31.1953,52.7289,0.1169999999999999,,0.0,1.0,,,,0.9447755209450104
robot_2,outdoor,robot_anomaly_outdoor,2026-05-06 02:32:30.403000+00:00,,,,,,,24.7889,45.6147,0.0786999999999999,,0.0,1.0,,,,0.933427855112128
robot_1,lab,robot_anomaly_lab,2026-04-30 05:43:43.168000+00:00,,,,,,,36.8642,46.7872,0.1564999999999999,,0.0,1.0,,,,0.9073275816572977
robot_1,outdoor,robot_anomaly_outdoor,2026-04-28 13:15:55.506000+00:00,,,,,,,24.2967,53.0762,0.0826,,0.0,1.0,,,,0.9318425030645427
robot_4,hospital,robot_anomaly_hospital,2026-04-18 05:31:38.431000+00:00,,,,,,,41.3588,59.503,0.5458000000000001,,1.0,0.0,,,,0.6169139634752623
robot_3,warehouse,robot_anomaly_warehouse,2026-04-23 00:40:13.426000+00:00,,,,,,,17.1735,46.7595,0.0,,0.0,1.0,,,,0.8948450368559744
robot_5,hospital,robot_anomaly_hospital,2026-04-17 15:16:05.648000+00:00,,,,,,,21.8489,56.8299,0.0887999999999999,,0.0,1.0,,,,0.9057309079018564
robot_4,hospital,robot_anomaly_hospital,2026-04-10 20:05:26.095000+00:00,,,,,,,43.0337,40.2599,0.0466999999999999,,0.0,1.0,,,,0.900268990127145
robot_4,outdoor,robot_anomaly_outdoor,2026-05-07 04:25:10.921000+00:00,,,,,,,24.6121,52.7935,0.0272,,0.0,1.0,,,,0.9547976237744074
robot_1,outdoor,robot_anomaly_outdoor,2026-04-29 20:55:08.576000+00:00,,,,,,,27.4745,47.2868,0.0212999999999999,,0.0,1.0,,,,0.8979885388471889
robot_3,lab,robot_anomaly_lab,2026-04-14 12:25:19.062000+00:00,,,,,,,44.2519,56.7119,0.0,,0.0,1.0,,,,0.8838076422297213
robot_5,lab,robot_anomaly_lab,2026-05-04 15:59:25.944000+00:00,,,,,,,22.2082,51.7952,0.0324999999999999,,0.0,1.0,,,,0.8711545957657598
robot_1,outdoor,robot_anomaly_outdoor,2026-04-11 23:45:28.570000+00:00,,,,,,,29.8147,38.1853,0.0,,0.0,1.0,,,,0.949461543503863
robot_4,hospital,robot_anomaly_hospital,2026-04-21 18:49:35.734000+00:00,,,,,,,39.9746,56.0485,0.0838999999999999,,0.0,1.0,,,,0.9583699936203028
robot_3,hospital,robot_anomaly_hospital,2026-04-16 23:17:52.203000+00:00,,,,,,,36.2923,58.4926,0.0576999999999999,,0.0,1.0,,,,0.8522128292221061
robot_3,hospital,robot_anomaly_hospital,2026-04-13 12:24:29.035000+00:00,,,,,,,41.5313,52.5115,0.5777,,1.0,0.0,,,,0.6177008744509427
robot_4,outdoor,robot_anomaly_outdoor,2026-04-14 17:16:32.245000+00:00,,,,,,,27.4731,53.3371,0.0325999999999999,,0.0,1.0,,,,0.9126345902765822
robot_5,hospital,robot_anomaly_hospital,2026-05-02 05:19:24.338000+00:00,,,,,,,29.0496,52.8324,0.0955,,0.0,1.0,,,,0.9499388540838928
robot_4,lab,robot_anomaly_lab,2026-04-22 20:58:34.328000+00:00,,,,,,,39.5114,61.7509,0.0338,,0.0,1.0,,,,0.9657132789833608
robot_2,warehouse,robot_anomaly_warehouse,2026-04-13 03:10:44.234000+00:00,,,,,,,38.7893,39.2885,0.0293999999999999,,1.0,0.0,,,,0.6011770739604186
robot_1,hospital,robot_anomaly_hospital,2026-04-14 07:01:07.778000+00:00,,,,,,,31.0972,55.5064,0.0541,,0.0,1.0,,,,0.9517412317626543
robot_4,warehouse,robot_anomaly_warehouse,2026-04-23 06:47:34.863000+00:00,,,,,,,40.1272,57.1319,0.0548999999999999,,0.0,1.0,,,,0.8768462157799604
robot_2,warehouse,robot_anomaly_warehouse,2026-04-16 17:58:12.041000+00:00,,,,,,,10.5028,35.4407,0.0736,,0.0,1.0,,,,0.9133127223866973
robot_3,hospital,robot_anomaly_hospital,2026-04-30 08:32:16.796000+00:00,,,,,,,27.3823,42.3277,0.0645,,0.0,1.0,,,,0.9295562634937268
robot_1,warehouse,robot_anomaly_warehouse,2026-04-30 06:00:11.192000+00:00,,,,,,,34.5338,31.783,0.0602,,1.0,0.0,,,,0.5703760389165874
robot_4,warehouse,robot_anomaly_warehouse,2026-04-29 01:22:54.726000+00:00,,,,,,,38.9952,41.8841,0.3,,1.0,0.0,,,,0.7066399540254624
robot_1,outdoor,robot_anomaly_outdoor,2026-04-14 11:03:44.602000+00:00,,,,,,,49.441,45.6206,0.0568999999999999,,0.0,1.0,,,,0.907055672827825
robot_5,lab,robot_anomaly_lab,2026-04-24 03:52:44.441000+00:00,,,,,,,34.4873,42.5173,0.0023999999999999,,0.0,1.0,,,,0.9784647292316196
robot_3,outdoor,robot_anomaly_outdoor,2026-04-28 14:26:02.678000+00:00,,,,,,,35.0827,40.2999,0.0406999999999999,,0.0,1.0,,,,0.9435221182468106
robot_1,warehouse,robot_anomaly_warehouse,2026-04-30 17:16:57.072000+00:00,,,,,,,44.4175,61.6564,0.0767999999999999,,0.0,1.0,,,,0.9111860922105776
robot_4,warehouse,robot_anomaly_warehouse,2026-04-21 06:36:29.105000+00:00,,,,,,,31.01,55.0637,0.025,,1.0,0.0,,,,0.6427951399592093
robot_5,lab,robot_anomaly_lab,2026-04-17 20:20:24.301000+00:00,,,,,,,35.0499,41.5622,0.037,,0.0,1.0,,,,0.9101018860358778
robot_4,lab,robot_anomaly_lab,2026-04-14 09:15:34.488000+00:00,,,,,,,10.6766,59.0567,0.0128,,0.0,1.0,,,,0.9224848387882542
robot_4,lab,robot_anomaly_lab,2026-04-19 02:31:55.568000+00:00,,,,,,,36.1698,39.0934,0.0695,,0.0,1.0,,,,0.9230052134823442
robot_1,lab,robot_anomaly_lab,2026-04-17 08:25:14.491000+00:00,,,,,,,35.8735,48.1885,0.0665,,0.0,1.0,,,,0.95525063974311
robot_4,lab,robot_anomaly_lab,2026-04-20 08:55:32.486000+00:00,,,,,,,43.275,51.6601,0.1243999999999999,,0.0,1.0,,,,0.8618715548900088
robot_5,hospital,robot_anomaly_hospital,2026-04-23 05:01:14.226000+00:00,,,,,,,38.329,58.0968,0.0793,,0.0,1.0,,,,0.8947121157684679
robot_4,outdoor,robot_anomaly_outdoor,2026-05-05 19:18:03.492000+00:00,,,,,,,38.067,52.8143,0.0345999999999999,,0.0,1.0,,,,0.894576175750181
robot_4,outdoor,robot_anomaly_outdoor,2026-05-09 16:51:51.100000+00:00,,,,,,,29.9887,62.8699,0.0526999999999999,,1.0,0.0,,,,0.7225010142675806
robot_2,lab,robot_anomaly_lab,2026-04-11 21:39:53.179000+00:00,,,,,,,36.3178,56.4944,0.0794,,0.0,1.0,,,,0.8909738827938511
robot_5,warehouse,robot_anomaly_warehouse,2026-04-24 03:07:15.724000+00:00,,,,,,,42.5311,48.5845,0.0711,,1.0,0.0,,,,0.7225184461209695
robot_4,warehouse,robot_anomaly_warehouse,2026-05-08 11:59:17.558000+00:00,,,,,,,29.8291,61.4483,0.0613,,1.0,0.0,,,,0.7296770386476069
robot_1,outdoor,robot_anomaly_outdoor,2026-04-17 05:50:16.491000+00:00,,,,,,,41.7095,31.5969,0.0239,,0.0,1.0,,,,0.9283200921236766
robot_3,warehouse,robot_anomaly_warehouse,2026-05-03 13:12:11.149000+00:00,,,,,,,41.5102,49.5811,0.0575999999999999,,0.0,1.0,,,,0.8939786853536498
robot_2,warehouse,robot_anomaly_warehouse,2026-05-02 08:39:20.733000+00:00,,,,,,,36.1631,73.6662,0.0484,,0.0,1.0,,,,0.953570970046753
robot_3,lab,robot_anomaly_lab,2026-04-23 03:19:47.761000+00:00,,,,,,,30.3415,62.1534,0.0178,,0.0,1.0,,,,0.9673149241801924
robot_3,outdoor,robot_anomaly_outdoor,2026-04-29 20:03:52.567000+00:00,,,,,,,49.3809,48.5795,0.0854,,0.0,1.0,,,,0.9051312408103266
robot_2,warehouse,robot_anomaly_warehouse,2026-04-23 23:45:38.016000+00:00,,,,,,,46.8347,44.8575,0.1142999999999999,,0.0,1.0,,,,0.8885636563158776
robot_3,warehouse,robot_anomaly_warehouse,2026-05-05 07:51:16.698000+00:00,,,,,,,34.2183,40.2441,0.0406999999999999,,0.0,1.0,,,,0.947639427006661
robot_4,lab,robot_anomaly_lab,2026-04-30 07:53:46.041000+00:00,,,,,,,49.1555,65.6767,0.0359,,0.0,1.0,,,,0.9589497058939512
robot_5,hospital,robot_anomaly_hospital,2026-05-02 23:05:07.088000+00:00,,,,,,,31.2389,52.2741,0.0885,,0.0,1.0,,,,0.9128842723240604
robot_5,warehouse,robot_anomaly_warehouse,2026-04-23 07:00:53.037000+00:00,,,,,,,33.1403,61.4927,0.1042999999999999,,0.0,1.0,,,,0.937254690501596
robot_2,lab,robot_anomaly_lab,2026-04-13 13:41:16.834000+00:00,,,,,,,39.9643,51.0325,0.0,,0.0,1.0,,,,0.9511286832717982
robot_4,lab,robot_anomaly_lab,2026-05-04 07:31:23.959000+00:00,,,,,,,38.7348,60.2101,0.0967,,0.0,1.0,,,,0.8783893451267801
robot_4,lab,robot_anomaly_lab,2026-04-28 08:26:08.394000+00:00,,,,,,,34.8991,65.3015,0.0383,,1.0,0.0,,,,0.5903432583710738
robot_5,warehouse,robot_anomaly_warehouse,2026-05-08 17:27:19.214000+00:00,,,,,,,16.1843,49.4527,0.1018,,0.0,1.0,,,,0.937288288908845
robot_3,outdoor,robot_anomaly_outdoor,2026-04-30 06:35:16.128000+00:00,,,,,,,28.9407,57.4538,0.0586999999999999,,0.0,1.0,,,,0.9029555556149408
robot_5,outdoor,robot_anomaly_outdoor,2026-05-06 23:31:26.078000+00:00,,,,,,,32.9856,36.6331,0.0471,,0.0,1.0,,,,0.9041161788710538
robot_1,warehouse,robot_anomaly_warehouse,2026-04-17 21:12:28.491000+00:00,,,,,,,40.2997,64.8607,0.0426999999999999,,0.0,1.0,,,,0.8604742121969906
robot_2,lab,robot_anomaly_lab,2026-04-20 23:26:33.088000+00:00,,,,,,,54.2598,61.2842,0.0451,,1.0,0.0,,,,0.5788945045899011
robot_5,warehouse,robot_anomaly_warehouse,2026-04-18 02:51:57.911000+00:00,,,,,,,34.3305,51.7245,0.0709999999999999,,0.0,1.0,,,,0.9272421801244862
robot_1,warehouse,robot_anomaly_warehouse,2026-05-09 00:57:50.023000+00:00,,,,,,,30.5321,51.0481,0.0254999999999999,,0.0,1.0,,,,0.926309856714806
robot_1,hospital,robot_anomaly_hospital,2026-05-08 05:29:05.108000+00:00,,,,,,,52.257,50.8099,0.0482,,0.0,1.0,,,,0.9286216906240622
robot_4,lab,robot_anomaly_lab,2026-04-22 15:32:47.733000+00:00,,,,,,,30.3055,30.0,0.0268,,0.0,1.0,,,,0.9521333342396964
robot_2,lab,robot_anomaly_lab,2026-04-28 08:03:53.210000+00:00,,,,,,,31.2717,51.5662,0.0,,0.0,1.0,,,,0.8660559967625225
robot_2,outdoor,robot_anomaly_outdoor,2026-04-28 03:29:33.028000+00:00,,,,,,,41.281,55.5874,0.04,,0.0,1.0,,,,0.9284311372138102
robot_4,outdoor,robot_anomaly_outdoor,2026-04-26 10:52:30.257000+00:00,,,,,,,20.7292,50.8007,0.0335999999999999,,0.0,1.0,,,,0.9202751079953932
robot_5,outdoor,robot_anomaly_outdoor,2026-04-16 13:46:28.021000+00:00,,,,,,,22.1234,48.6613,0.0,,0.0,1.0,,,,0.8891102726161646
robot_5,hospital,robot_anomaly_hospital,2026-04-18 19:48:16.464000+00:00,,,,,,,46.9532,49.5223,0.0762,,0.0,1.0,,,,0.9018162706383664
robot_4,outdoor,robot_anomaly_outdoor,2026-04-12 00:24:25.421000+00:00,,,,,,,26.8793,52.0892,0.0318,,0.0,1.0,,,,0.915967130892254
robot_3,hospital,robot_anomaly_hospital,2026-05-04 03:51:33.135000+00:00,,,,,,,31.8206,54.6985,0.0526999999999999,,0.0,1.0,,,,0.9645588933125212
robot_4,hospital,robot_anomaly_hospital,2026-05-09 22:30:23.955000+00:00,,,,,,,46.713,37.7773,0.1038999999999999,,0.0,1.0,,,,0.9568010168610592
robot_2,warehouse,robot_anomaly_warehouse,2026-04-24 00:40:41.343000+00:00,,,,,,,33.391,54.9793,0.0642,,0.0,1.0,,,,0.9139805587321398
robot_4,hospital,robot_anomaly_hospital,2026-05-03 07:17:57.451000+00:00,,,,,,,35.1606,42.7967,0.0686,,0.0,1.0,,,,0.9163243707495752
robot_1,outdoor,robot_anomaly_outdoor,2026-05-04 17:44:39.112000+00:00,,,,,,,46.6023,58.0947,0.0854,,0.0,1.0,,,,0.8527257412038722
robot_1,lab,robot_anomaly_lab,2026-04-11 01:06:08.465000+00:00,,,,,,,34.9436,46.7872,0.0666999999999999,,0.0,1.0,,,,0.9022957234729556
robot_2,lab,robot_anomaly_lab,2026-04-23 07:22:05.821000+00:00,,,,,,,28.4336,46.1541,0.0019,,0.0,1.0,,,,0.907045791124376
robot_4,outdoor,robot_anomaly_outdoor,2026-05-01 21:39:52.900000+00:00,,,,,,,44.6763,58.6938,0.0202999999999999,,0.0,1.0,,,,0.8360659598786203
robot_1,warehouse,robot_anomaly_warehouse,2026-05-09 03:18:44.735000+00:00,,,,,,,32.5114,41.3767,0.0453,,0.0,1.0,,,,0.9475883548996032
robot_3,lab,robot_anomaly_lab,2026-05-02 08:52:22.483000+00:00,,,,,,,40.5365,43.6453,0.0648999999999999,,0.0,1.0,,,,0.8628978600422414
robot_2,lab,robot_anomaly_lab,2026-04-24 11:45:30.959000+00:00,,,,,,,38.7604,57.9183,0.0285999999999999,,0.0,1.0,,,,0.8668772528661449
robot_3,lab,robot_anomaly_lab,2026-04-13 10:51:34.436000+00:00,,,,,,,43.7708,49.962,0.0978999999999999,,0.0,1.0,,,,0.9197770347524364
robot_2,warehouse,robot_anomaly_warehouse,2026-04-21 14:43:31.272000+00:00,,,,,,,26.666,37.2253,0.0449,,0.0,1.0,,,,0.8695516004160361
robot_1,warehouse,robot_anomaly_warehouse,2026-05-08 22:23:46.702000+00:00,,,,,,,39.9134,47.6209,0.0341,,0.0,1.0,,,,0.8483341394082654
robot_5,warehouse,robot_anomaly_warehouse,2026-05-03 23:31:22.079000+00:00,,,,,,,48.7159,50.1695,0.0436999999999999,,0.0,1.0,,,,0.9137132979713803
robot_3,warehouse,robot_anomaly_warehouse,2026-04-16 09:31:46.520000+00:00,,,,,,,36.5249,59.2594,0.0512,,0.0,1.0,,,,0.8644149603053535
robot_1,outdoor,robot_anomaly_outdoor,2026-04-30 12:19:34.688000+00:00,,,,,,,64.8936,50.2109,0.0385999999999999,,0.0,1.0,,,,0.8820470226137387
robot_5,outdoor,robot_anomaly_outdoor,2026-04-13 13:26:43.784000+00:00,,,,,,,36.5483,59.1403,0.0403,,0.0,1.0,,,,0.8556548915670605
robot_2,outdoor,robot_anomaly_outdoor,2026-04-15 22:32:11.178000+00:00,,,,,,,53.2616,53.6697,0.0405999999999999,,0.0,1.0,,,,0.879157090973292
robot_4,outdoor,robot_anomaly_outdoor,2026-04-29 19:40:51.272000+00:00,,,,,,,47.7862,55.7741,0.0,,0.0,1.0,,,,0.8574344211201452
robot_4,hospital,robot_anomaly_hospital,2026-04-18 20:39:19.059000+00:00,,,,,,,33.4179,54.524,0.0177,,0.0,1.0,,,,0.9484075108527809
robot_5,hospital,robot_anomaly_hospital,2026-04-25 15:32:32.090000+00:00,,,,,,,31.9153,53.0243,0.017,,1.0,0.0,,,,0.5954692788021358
robot_4,lab,robot_anomaly_lab,2026-04-30 02:04:57.038000+00:00,,,,,,,29.7761,55.772,0.0431,,0.0,1.0,,,,0.9484202862262844
robot_1,hospital,robot_anomaly_hospital,2026-05-02 17:05:56.780000+00:00,,,,,,,22.6582,55.4859,0.0672,,0.0,1.0,,,,0.9387704486088962
robot_2,outdoor,robot_anomaly_outdoor,2026-04-18 03:02:25.716000+00:00,,,,,,,34.0262,49.9545,0.0685,,0.0,1.0,,,,0.8765685446585774
robot_5,outdoor,robot_anomaly_outdoor,2026-04-11 14:22:22.336000+00:00,,,,,,,44.4996,51.8442,0.0533,,0.0,1.0,,,,0.9046815441004924
robot_4,warehouse,robot_anomaly_warehouse,2026-04-12 23:56:21.935000+00:00,,,,,,,35.3391,63.6828,0.0602,,0.0,1.0,,,,0.965500034158218
robot_3,lab,robot_anomaly_lab,2026-04-24 22:58:05.056000+00:00,,,,,,,30.7621,49.7155,0.0691,,1.0,0.0,,,,0.5974120225886307
robot_2,hospital,robot_anomaly_hospital,2026-05-03 19:50:35.658000+00:00,,,,,,,46.9344,44.6136,0.0275999999999999,,0.0,1.0,,,,0.9007199473702728
robot_3,hospital,robot_anomaly_hospital,2026-04-28 03:28:48.205000+00:00,,,,,,,24.1399,51.2778,0.0286999999999999,,0.0,1.0,,,,0.9676695420722908
robot_4,warehouse,robot_anomaly_warehouse,2026-04-18 04:43:37.639000+00:00,,,,,,,48.0092,64.0634,0.0807999999999999,,0.0,1.0,,,,0.8834865468640924
robot_2,warehouse,robot_anomaly_warehouse,2026-04-11 02:32:21.884000+00:00,,,,,,,39.8833,46.8621,0.0352,,1.0,0.0,,,,0.6153797002732773
robot_3,outdoor,robot_anomaly_outdoor,2026-04-24 09:27:13.828000+00:00,,,,,,,50.4069,62.2574,0.0810999999999999,,1.0,0.0,,,,0.6933945281855504
robot_5,lab,robot_anomaly_lab,2026-04-28 05:39:14.646000+00:00,,,,,,,36.6016,60.006,0.0524999999999999,,0.0,1.0,,,,0.922296543244545
robot_2,outdoor,robot_anomaly_outdoor,2026-05-03 18:18:26.675000+00:00,,,,,,,21.9879,54.8936,0.0329,,0.0,1.0,,,,0.9311400663357698
robot_3,lab,robot_anomaly_lab,2026-04-26 16:48:11.320000+00:00,,,,,,,45.1924,48.7885,0.0842,,0.0,1.0,,,,0.9016317694568152
robot_4,warehouse,robot_anomaly_warehouse,2026-05-10 02:03:54.317000+00:00,,,,,,,36.4735,54.6637,0.054,,0.0,1.0,,,,0.9689565833681292
robot_2,warehouse,robot_anomaly_warehouse,2026-04-17 05:49:14.174000+00:00,,,,,,,36.1637,43.5072,0.043,,1.0,0.0,,,,0.58660545587376
robot_5,hospital,robot_anomaly_hospital,2026-04-26 15:03:40.415000+00:00,,,,,,,42.415,48.8485,0.0747999999999999,,0.0,1.0,,,,0.8606986740333742
robot_1,outdoor,robot_anomaly_outdoor,2026-05-09 22:51:37.241000+00:00,,,,,,,17.3819,50.0036,0.0833,,0.0,1.0,,,,0.9577652978096052
robot_4,hospital,robot_anomaly_hospital,2026-04-23 08:06:25.821000+00:00,,,,,,,37.7974,51.0409,0.046,,0.0,1.0,,,,0.9255423554049336
robot_3,warehouse,robot_anomaly_warehouse,2026-04-20 10:52:15.940000+00:00,,,,,,,41.862,62.6611,0.034,,0.0,1.0,,,,0.9162286925578708
robot_1,warehouse,robot_anomaly_warehouse,2026-04-17 09:41:22.911000+00:00,,,,,,,45.7485,39.4209,0.1419,,0.0,1.0,,,,0.9529831249737608
robot_4,lab,robot_anomaly_lab,2026-04-11 08:46:13.620000+00:00,,,,,,,47.499,56.5323,0.0004999999999999,,0.0,1.0,,,,0.8982270455134014
robot_5,hospital,robot_anomaly_hospital,2026-05-07 11:39:19.217000+00:00,,,,,,,36.1487,39.4051,0.0369,,0.0,1.0,,,,0.8934865006954539
robot_2,lab,robot_anomaly_lab,2026-05-02 08:34:17.235000+00:00,,,,,,,38.9003,50.1936,0.0,,0.0,1.0,,,,0.8803763233356501
robot_4,hospital,robot_anomaly_hospital,2026-04-27 22:19:13.169000+00:00,,,,,,,27.7956,59.8666,0.0274999999999999,,0.0,1.0,,,,0.907337348935082
robot_2,warehouse,robot_anomaly_warehouse,2026-04-16 04:09:53.969000+00:00,,,,,,,47.474,56.4658,0.0734,,0.0,1.0,,,,0.8819621600565982
robot_2,outdoor,robot_anomaly_outdoor,2026-04-30 12:20:55.087000+00:00,,,,,,,46.0222,62.4607,0.0611,,0.0,1.0,,,,0.9640437719975056
robot_3,hospital,robot_anomaly_hospital,2026-04-14 08:16:35.330000+00:00,,,,,,,42.6433,35.3767,0.0656999999999999,,1.0,0.0,,,,0.6478884340877495
robot_1,warehouse,robot_anomaly_warehouse,2026-04-30 10:35:35.655000+00:00,,,,,,,52.3949,50.3906,0.0482,,1.0,0.0,,,,0.5755935765439777
robot_1,warehouse,robot_anomaly_warehouse,2026-05-10 12:01:21.163000+00:00,,,,,,,52.2219,42.8741,0.0524,,1.0,0.0,,,,0.6541496018761578
robot_4,hospital,robot_anomaly_hospital,2026-05-02 13:26:04.293000+00:00,,,,,,,21.4677,44.6337,0.0703,,0.0,1.0,,,,0.9186089062902308
robot_1,lab,robot_anomaly_lab,2026-04-24 22:18:17.323000+00:00,,,,,,,47.971,44.0025,0.0083999999999999,,0.0,1.0,,,,0.9767990256292396
robot_3,outdoor,robot_anomaly_outdoor,2026-04-16 22:32:09.939000+00:00,,,,,,,32.356,59.6584,0.04,,0.0,1.0,,,,0.8469831158542993
robot_1,outdoor,robot_anomaly_outdoor,2026-04-24 01:59:58.548000+00:00,,,,,,,34.8179,45.7415,0.0833,,0.0,1.0,,,,0.8871168747973781
robot_3,hospital,robot_anomaly_hospital,2026-04-19 16:37:32.226000+00:00,,,,,,,40.3947,42.8766,0.055,,0.0,1.0,,,,0.9503821624473884
robot_1,outdoor,robot_anomaly_outdoor,2026-05-01 06:58:25.349000+00:00,,,,,,,40.1575,49.0785,0.0906,,0.0,1.0,,,,0.957656696604198
robot_2,warehouse,robot_anomaly_warehouse,2026-04-25 08:48:30.177000+00:00,,,,,,,39.7807,48.5477,0.0658999999999999,,0.0,1.0,,,,0.9114285551248622
robot_3,lab,robot_anomaly_lab,2026-04-30 10:45:27.158000+00:00,,,,,,,44.4245,39.8022,0.5996,,1.0,0.0,,,,0.573781572065038
robot_5,hospital,robot_anomaly_hospital,2026-05-02 10:32:35.168000+00:00,,,,,,,34.0609,54.8867,0.0837999999999999,,0.0,1.0,,,,0.8363787159854293
robot_4,outdoor,robot_anomaly_outdoor,2026-04-26 09:09:36.092000+00:00,,,,,,,51.6646,70.8258,0.0232,,0.0,1.0,,,,0.8858061434354261
robot_1,lab,robot_anomaly_lab,2026-05-10 08:39:22.953000+00:00,,,,,,,16.5928,51.8359,0.0522,,0.0,1.0,,,,0.9809347210571396
robot_1,outdoor,robot_anomaly_outdoor,2026-04-26 05:09:01.599000+00:00,,,,,,,16.6567,45.465,0.0653,,0.0,1.0,,,,0.9175389052969236
robot_5,lab,robot_anomaly_lab,2026-04-18 07:57:52.914000+00:00,,,,,,,23.1677,56.0054,0.046,,0.0,1.0,,,,0.8943290664006656
robot_5,lab,robot_anomaly_lab,2026-04-27 21:54:03.634000+00:00,,,,,,,39.7118,52.7769,0.0348,,0.0,1.0,,,,0.9560961748420398
robot_2,outdoor,robot_anomaly_outdoor,2026-05-06 01:29:55.798000+00:00,,,,,,,51.2659,59.5645,0.0576999999999999,,0.0,1.0,,,,0.9003021901871534
robot_1,lab,robot_anomaly_lab,2026-04-13 23:25:32.300000+00:00,,,,,,,50.7799,55.0476,0.0657999999999999,,0.0,1.0,,,,0.9140864146574136
robot_4,hospital,robot_anomaly_hospital,2026-05-05 00:08:05.438000+00:00,,,,,,,59.0813,40.686,0.0248,,0.0,1.0,,,,0.8644704071526288
robot_5,outdoor,robot_anomaly_outdoor,2026-05-08 22:51:36.305000+00:00,,,,,,,28.7873,50.1854,0.0499,,1.0,0.0,,,,0.5655627826154113
robot_1,lab,robot_anomaly_lab,2026-04-18 21:10:54.333000+00:00,,,,,,,17.3747,43.3542,0.039,,0.0,1.0,,,,0.8912427105007443
robot_1,outdoor,robot_anomaly_outdoor,2026-04-11 05:33:01.536000+00:00,,,,,,,29.1424,40.142,0.0692,,0.0,1.0,,,,0.914179480123862
robot_5,hospital,robot_anomaly_hospital,2026-04-16 02:14:35.635000+00:00,,,,,,,10.0,50.7701,0.0652,,1.0,0.0,,,,0.7417208663730538
robot_5,hospital,robot_anomaly_hospital,2026-05-10 01:54:55.394000+00:00,,,,,,,27.5989,33.0851,0.0153999999999999,,0.0,1.0,,,,0.9117704369073856
robot_1,hospital,robot_anomaly_hospital,2026-04-21 08:22:00.047000+00:00,,,,,,,28.1339,53.1381,0.0445999999999999,,0.0,1.0,,,,0.9029893777703109
robot_4,hospital,robot_anomaly_hospital,2026-05-08 06:55:29.755000+00:00,,,,,,,51.1597,41.1378,0.0423,,0.0,1.0,,,,0.9349932014742528
robot_5,warehouse,robot_anomaly_warehouse,2026-05-08 01:00:18.741000+00:00,,,,,,,34.1658,53.1789,0.0154999999999999,,0.0,1.0,,,,0.96186469428517
robot_5,lab,robot_anomaly_lab,2026-05-05 05:58:20.048000+00:00,,,,,,,25.4287,56.4947,0.0302,,0.0,1.0,,,,0.9229736012311738
robot_1,outdoor,robot_anomaly_outdoor,2026-04-20 08:18:37.957000+00:00,,,,,,,204.3196,12.7064,0.0243999999999999,,1.0,0.0,,,,0.6823971952033576
robot_2,lab,robot_anomaly_lab,2026-04-18 05:43:39.096000+00:00,,,,,,,30.8189,50.2316,0.0857999999999999,,0.0,1.0,,,,0.8929124386397198
robot_3,lab,robot_anomaly_lab,2026-04-26 09:46:12.085000+00:00,,,,,,,45.3915,41.2684,0.055,,0.0,1.0,,,,0.9455827942857472
robot_4,outdoor,robot_anomaly_outdoor,2026-05-08 20:42:41.818000+00:00,,,,,,,25.4535,57.0219,0.0661,,0.0,1.0,,,,0.9206555236042728
robot_5,lab,robot_anomaly_lab,2026-04-18 22:08:58.971000+00:00,,,,,,,34.7855,36.3591,0.0497999999999999,,0.0,1.0,,,,0.8948567737039184
robot_5,outdoor,robot_anomaly_outdoor,2026-05-06 18:57:05.056000+00:00,,,,,,,43.2296,50.64,0.0631,,0.0,1.0,,,,0.930007103327872
robot_5,hospital,robot_anomaly_hospital,2026-04-24 13:39:35.592000+00:00,,,,,,,25.4658,67.85,0.0655999999999999,,0.0,1.0,,,,0.979427630573578
robot_1,outdoor,robot_anomaly_outdoor,2026-05-04 09:32:20.606000+00:00,,,,,,,23.6826,40.0609,0.0533,,0.0,1.0,,,,0.9336688926010082
robot_1,hospital,robot_anomaly_hospital,2026-04-21 05:23:04.515000+00:00,,,,,,,31.2458,65.102,0.0533,,1.0,0.0,,,,0.7686330639931602
robot_5,lab,robot_anomaly_lab,2026-04-26 07:27:02.880000+00:00,,,,,,,28.2928,60.3577,0.0207,,0.0,1.0,,,,0.9189080084579992
robot_4,lab,robot_anomaly_lab,2026-04-19 02:33:19.069000+00:00,,,,,,,34.6946,50.3447,0.0790999999999999,,0.0,1.0,,,,0.9699965207727972
robot_1,hospital,robot_anomaly_hospital,2026-05-09 00:58:42.162000+00:00,,,,,,,22.8207,44.4753,0.0684,,0.0,1.0,,,,0.9672239928195092
robot_1,warehouse,robot_anomaly_warehouse,2026-04-25 01:45:40.087000+00:00,,,,,,,37.4637,37.6728,0.0502,,0.0,1.0,,,,0.9029655643381456
robot_4,hospital,robot_anomaly_hospital,2026-04-14 05:34:14.167000+00:00,,,,,,,46.5639,52.1549,0.0385999999999999,,0.0,1.0,,,,0.8699573358258277
robot_4,lab,robot_anomaly_lab,2026-04-11 03:24:41.423000+00:00,,,,,,,36.2478,44.6355,0.0870999999999999,,0.0,1.0,,,,0.8977166158291752
robot_5,warehouse,robot_anomaly_warehouse,2026-04-16 18:12:04.128000+00:00,,,,,,,37.9402,48.4915,0.0672,,0.0,1.0,,,,0.8998693799498492
robot_4,warehouse,robot_anomaly_warehouse,2026-04-12 19:28:10.853000+00:00,,,,,,,53.63,48.7738,0.0645999999999999,,0.0,1.0,,,,0.8973245307566717
robot_1,lab,robot_anomaly_lab,2026-04-22 03:30:17.701000+00:00,,,,,,,43.2577,45.5187,0.0273999999999999,,0.0,1.0,,,,0.9425209409540252
robot_5,hospital,robot_anomaly_hospital,2026-04-27 01:01:22.053000+00:00,,,,,,,31.7848,35.1004,0.0479,,0.0,1.0,,,,0.8655441713251543
robot_2,warehouse,robot_anomaly_warehouse,2026-04-24 23:07:57.788000+00:00,,,,,,,43.005,41.9871,0.0755,,0.0,1.0,,,,0.8632951734415553
robot_2,outdoor,robot_anomaly_outdoor,2026-04-29 08:05:03.227000+00:00,,,,,,,15.7025,60.648,0.0017,,1.0,0.0,,,,0.629443251417704
robot_3,outdoor,robot_anomaly_outdoor,2026-04-13 13:00:33.319000+00:00,,,,,,,49.8554,44.6996,0.0355999999999999,,0.0,1.0,,,,0.8702651816050876
robot_2,warehouse,robot_anomaly_warehouse,2026-04-25 14:35:46.678000+00:00,,,,,,,37.3771,56.7355,0.0525999999999999,,0.0,1.0,,,,0.9392397114663537
robot_5,outdoor,robot_anomaly_outdoor,2026-04-12 07:34:17.961000+00:00,,,,,,,14.266,46.8641,0.0663,,0.0,1.0,,,,0.90631907536395
robot_4,lab,robot_anomaly_lab,2026-04-23 07:11:50.835000+00:00,,,,,,,18.9193,49.3258,0.0577999999999999,,0.0,1.0,,,,0.9424855661232848
robot_3,lab,robot_anomaly_lab,2026-04-17 16:12:30.532000+00:00,,,,,,,37.1178,48.9218,0.1040999999999999,,0.0,1.0,,,,0.9667820163818368
robot_3,outdoor,robot_anomaly_outdoor,2026-04-29 01:39:39.870000+00:00,,,,,,,40.171,69.2321,0.0,,1.0,0.0,,,,0.5954348241822965
robot_2,lab,robot_anomaly_lab,2026-04-16 12:49:22.473000+00:00,,,,,,,30.4246,52.2975,0.0081999999999999,,1.0,0.0,,,,0.5481372879342575
robot_4,outdoor,robot_anomaly_outdoor,2026-04-19 08:11:30.458000+00:00,,,,,,,31.1724,58.964,0.1025,,0.0,1.0,,,,0.8812551567685325
robot_2,warehouse,robot_anomaly_warehouse,2026-04-22 13:32:53.635000+00:00,,,,,,,25.2529,54.4407,0.0285999999999999,,0.0,1.0,,,,0.9049867080462952
robot_5,lab,robot_anomaly_lab,2026-04-23 00:22:56.722000+00:00,,,,,,,24.2952,53.6255,0.1057,,0.0,1.0,,,,0.9564836765560788
robot_4,hospital,robot_anomaly_hospital,2026-04-25 08:53:57.755000+00:00,,,,,,,43.7002,48.8639,0.0557999999999999,,1.0,0.0,,,,0.5530982681526769
robot_3,outdoor,robot_anomaly_outdoor,2026-04-15 01:51:19.513000+00:00,,,,,,,47.8763,52.2161,0.0543,,0.0,1.0,,,,0.8905321076912658
robot_3,hospital,robot_anomaly_hospital,2026-04-28 08:15:41.766000+00:00,,,,,,,29.9661,42.3993,0.0853,,1.0,0.0,,,,0.6180256511275517
robot_2,hospital,robot_anomaly_hospital,2026-04-29 15:56:57.624000+00:00,,,,,,,32.9129,49.5544,0.5103,,1.0,0.0,,,,0.6404864351631667
robot_2,outdoor,robot_anomaly_outdoor,2026-04-15 14:32:20.098000+00:00,,,,,,,43.9125,42.7223,0.0100999999999999,,0.0,1.0,,,,0.8867025359056171
robot_3,hospital,robot_anomaly_hospital,2026-04-15 09:46:49.223000+00:00,,,,,,,38.2175,55.4294,0.0167,,0.0,1.0,,,,0.8821838321781765
robot_1,lab,robot_anomaly_lab,2026-04-28 20:18:08.709000+00:00,,,,,,,329.1811,6.809,0.0416999999999999,,1.0,0.0,,,,0.5888033962007868
robot_2,lab,robot_anomaly_lab,2026-04-14 03:28:32.803000+00:00,,,,,,,38.1989,33.2636,0.0429,,0.0,1.0,,,,0.8557817633032588
robot_1,warehouse,robot_anomaly_warehouse,2026-04-13 03:24:18.905000+00:00,,,,,,,16.5545,42.8024,0.041,,0.0,1.0,,,,0.9888128886854968
robot_3,hospital,robot_anomaly_hospital,2026-05-08 05:23:58.906000+00:00,,,,,,,30.3281,51.1367,0.013,,0.0,1.0,,,,0.8700112873183148
robot_3,outdoor,robot_anomaly_outdoor,2026-04-28 08:59:25.387000+00:00,,,,,,,41.5685,59.079,0.0217,,0.0,1.0,,,,0.9419528122131842
robot_4,lab,robot_anomaly_lab,2026-04-29 10:39:01.328000+00:00,,,,,,,23.3174,45.4937,0.0039,,0.0,1.0,,,,0.8841841905980568
robot_3,outdoor,robot_anomaly_outdoor,2026-04-12 01:18:44.255000+00:00,,,,,,,26.8361,50.7795,0.0923,,0.0,1.0,,,,0.9672024160335676
robot_2,outdoor,robot_anomaly_outdoor,2026-05-03 23:15:34.593000+00:00,,,,,,,16.8639,49.0813,0.0561,,0.0,1.0,,,,0.923050851317588
robot_2,outdoor,robot_anomaly_outdoor,2026-04-24 16:57:53.856000+00:00,,,,,,,244.2693,16.6125,0.1197,,1.0,0.0,,,,0.6008550868471085
robot_2,lab,robot_anomaly_lab,2026-04-14 17:11:08.433000+00:00,,,,,,,34.4099,49.2353,0.0484999999999999,,0.0,1.0,,,,0.901285134813402
robot_1,outdoor,robot_anomaly_outdoor,2026-04-15 05:12:48.081000+00:00,,,,,,,26.8043,47.7999,0.0161,,0.0,1.0,,,,0.9103693438723814
robot_2,lab,robot_anomaly_lab,2026-05-04 18:11:53.386000+00:00,,,,,,,24.3076,52.8539,0.0445999999999999,,0.0,1.0,,,,0.9758394702840338
robot_3,outdoor,robot_anomaly_outdoor,2026-04-21 19:24:58.202000+00:00,,,,,,,31.4686,41.5231,0.0,,0.0,1.0,,,,0.9732460762781164
robot_2,outdoor,robot_anomaly_outdoor,2026-04-18 04:37:35.135000+00:00,,,,,,,32.8361,42.6986,0.0641,,0.0,1.0,,,,0.9670931867171084
robot_4,outdoor,robot_anomaly_outdoor,2026-05-01 17:39:11.357000+00:00,,,,,,,41.1704,51.8084,0.0838999999999999,,0.0,1.0,,,,0.9087793291229154
robot_1,outdoor,robot_anomaly_outdoor,2026-04-26 18:24:55.707000+00:00,,,,,,,48.6551,50.6679,0.0211,,0.0,1.0,,,,0.9211065967489088
robot_2,outdoor,robot_anomaly_outdoor,2026-04-27 08:45:48.872000+00:00,,,,,,,20.9497,69.9074,0.1018999999999999,,0.0,1.0,,,,0.930814688530922
robot_3,warehouse,robot_anomaly_warehouse,2026-05-06 00:26:09.378000+00:00,,,,,,,21.0335,47.9498,0.0857999999999999,,0.0,1.0,,,,0.9537119411909718
robot_3,lab,robot_anomaly_lab,2026-04-14 05:15:15.356000+00:00,,,,,,,27.2329,51.359,0.0373999999999999,,0.0,1.0,,,,0.9097817104711132
robot_1,lab,robot_anomaly_lab,2026-04-18 23:36:46.525000+00:00,,,,,,,26.8057,45.159,0.0059,,0.0,1.0,,,,0.9493377881442472
robot_4,warehouse,robot_anomaly_warehouse,2026-04-30 22:44:38.861000+00:00,,,,,,,35.1266,37.9578,0.0312,,0.0,1.0,,,,0.8844884862816882
robot_2,lab,robot_anomaly_lab,2026-04-26 04:07:42.595000+00:00,,,,,,,11.7008,55.1995,0.0,,0.0,1.0,,,,0.9161388093064876
robot_5,warehouse,robot_anomaly_warehouse,2026-04-14 10:41:26.014000+00:00,,,,,,,38.5454,53.4067,0.0844,,0.0,1.0,,,,0.8946880682980382
robot_2,lab,robot_anomaly_lab,2026-05-05 19:08:48.983000+00:00,,,,,,,26.6764,51.205,0.0794,,0.0,1.0,,,,0.9244574027834098
robot_4,hospital,robot_anomaly_hospital,2026-04-27 21:19:47.814000+00:00,,,,,,,37.4539,43.7734,0.0,,0.0,1.0,,,,0.9182219914241044
robot_2,lab,robot_anomaly_lab,2026-04-20 13:21:24.891000+00:00,,,,,,,37.4485,40.1247,0.0649999999999999,,0.0,1.0,,,,0.9733195542083852
robot_4,hospital,robot_anomaly_hospital,2026-04-24 01:49:28.752000+00:00,,,,,,,47.5005,42.0826,0.0515999999999999,,0.0,1.0,,,,0.8100991875730099
robot_4,outdoor,robot_anomaly_outdoor,2026-05-03 11:21:55.677000+00:00,,,,,,,28.0478,35.9448,0.042,,0.0,1.0,,,,0.9447604499392102
robot_1,hospital,robot_anomaly_hospital,2026-04-16 03:52:02.418000+00:00,,,,,,,28.1891,52.5794,0.006,,0.0,1.0,,,,0.8921687908576171
robot_1,lab,robot_anomaly_lab,2026-05-01 12:16:30.280000+00:00,,,,,,,48.4436,58.0246,0.0793,,0.0,1.0,,,,0.9199324825651995
robot_1,outdoor,robot_anomaly_outdoor,2026-04-12 12:35:56.930000+00:00,,,,,,,43.0514,58.9057,0.0446999999999999,,0.0,1.0,,,,0.916021133319675
robot_1,hospital,robot_anomaly_hospital,2026-05-01 09:28:44.813000+00:00,,,,,,,158.8427,9.4273,0.0467999999999999,,1.0,0.0,,,,0.6610928016271981
robot_4,outdoor,robot_anomaly_outdoor,2026-04-22 16:22:06.319000+00:00,,,,,,,35.0756,54.7946,0.0707999999999999,,1.0,0.0,,,,0.5128167064007745
robot_4,hospital,robot_anomaly_hospital,2026-04-13 17:01:26.271000+00:00,,,,,,,34.0474,69.9059,0.0765,,0.0,1.0,,,,0.890076854879634
robot_4,hospital,robot_anomaly_hospital,2026-04-19 01:27:57.055000+00:00,,,,,,,28.3353,56.3895,0.0584,,0.0,1.0,,,,0.9320084715920174
robot_5,warehouse,robot_anomaly_warehouse,2026-04-20 18:08:25.215000+00:00,,,,,,,39.1331,54.4471,0.0688999999999999,,0.0,1.0,,,,0.964853266110008
robot_2,hospital,robot_anomaly_hospital,2026-04-15 21:27:47.729000+00:00,,,,,,,38.0703,40.4191,0.0586999999999999,,1.0,0.0,,,,0.5946220398649682
robot_3,outdoor,robot_anomaly_outdoor,2026-04-22 01:04:37.494000+00:00,,,,,,,21.0412,59.9807,0.0702,,1.0,0.0,,,,0.6000891608167473
robot_1,hospital,robot_anomaly_hospital,2026-04-12 01:33:19.242000+00:00,,,,,,,183.5923,10.2298,0.0527999999999999,,1.0,0.0,,,,0.5686434039401025
robot_5,outdoor,robot_anomaly_outdoor,2026-04-25 07:54:57.149000+00:00,,,,,,,40.1778,50.7541,0.0167,,0.0,1.0,,,,0.8767613689041724
robot_2,outdoor,robot_anomaly_outdoor,2026-04-26 11:41:05.675000+00:00,,,,,,,36.5792,60.2868,0.0568999999999999,,0.0,1.0,,,,0.9123768509234724
robot_1,hospital,robot_anomaly_hospital,2026-04-25 11:20:37.795000+00:00,,,,,,,42.0304,45.203,0.0699999999999999,,0.0,1.0,,,,0.9616689426512206
robot_5,warehouse,robot_anomaly_warehouse,2026-05-07 18:15:03.161000+00:00,,,,,,,40.698,52.2832,0.7581,,1.0,0.0,,,,0.557363403299938
robot_5,outdoor,robot_anomaly_outdoor,2026-04-13 10:31:15.463000+00:00,,,,,,,35.327,65.5218,0.6933,,1.0,0.0,,,,0.5558874584011451
robot_1,lab,robot_anomaly_lab,2026-04-12 10:53:52.878000+00:00,,,,,,,41.615,67.1653,0.0221,,0.0,1.0,,,,0.9053225266993432
robot_1,warehouse,robot_anomaly_warehouse,2026-05-01 10:33:25.697000+00:00,,,,,,,37.2784,40.3636,0.0974,,0.0,1.0,,,,0.95976785342244
robot_1,warehouse,robot_anomaly_warehouse,2026-04-30 05:38:17.731000+00:00,,,,,,,34.0079,37.1926,0.0698999999999999,,0.0,1.0,,,,0.931878666485762
robot_5,hospital,robot_anomaly_hospital,2026-05-05 16:03:13.349000+00:00,,,,,,,37.4647,55.3154,0.0282999999999999,,0.0,1.0,,,,0.9350310708180146
robot_1,outdoor,robot_anomaly_outdoor,2026-04-16 14:55:54.937000+00:00,,,,,,,50.4098,52.4471,0.0455999999999999,,0.0,1.0,,,,0.8888724205030059
robot_2,outdoor,robot_anomaly_outdoor,2026-04-14 23:22:31.145000+00:00,,,,,,,44.1034,53.2215,0.0331,,0.0,1.0,,,,0.9633790561400378
robot_3,lab,robot_anomaly_lab,2026-04-28 12:51:33.222000+00:00,,,,,,,26.9199,45.4831,0.0662,,0.0,1.0,,,,0.9305737553383662
robot_1,outdoor,robot_anomaly_outdoor,2026-04-18 13:38:53.536000+00:00,,,,,,,38.0652,57.2121,0.1467,,0.0,1.0,,,,0.8878078867822797
robot_5,hospital,robot_anomaly_hospital,2026-05-01 18:45:25.653000+00:00,,,,,,,44.5503,44.3927,0.0930999999999999,,0.0,1.0,,,,0.9133418686431152
robot_5,hospital,robot_anomaly_hospital,2026-04-18 02:44:11.997000+00:00,,,,,,,44.3662,57.4454,0.0,,0.0,1.0,,,,0.8692759127323321
robot_5,lab,robot_anomaly_lab,2026-04-27 07:53:43.775000+00:00,,,,,,,33.9276,40.6581,0.0182999999999999,,0.0,1.0,,,,0.9191474556014632
robot_3,outdoor,robot_anomaly_outdoor,2026-04-15 01:30:37.970000+00:00,,,,,,,31.7398,47.4537,0.0521,,0.0,1.0,,,,0.8980736763255625
robot_4,outdoor,robot_anomaly_outdoor,2026-05-09 07:02:02.120000+00:00,,,,,,,49.4767,46.0014,0.0422,,0.0,1.0,,,,0.9324033028211348
robot_1,lab,robot_anomaly_lab,2026-04-26 09:17:23.649000+00:00,,,,,,,44.9433,52.807,0.0691,,0.0,1.0,,,,0.8296168249021688
robot_2,outdoor,robot_anomaly_outdoor,2026-04-22 12:32:35.114000+00:00,,,,,,,43.3135,42.5188,0.0812,,0.0,1.0,,,,0.9018790972717252
robot_2,lab,robot_anomaly_lab,2026-04-25 19:16:20.718000+00:00,,,,,,,37.0125,72.165,0.0605999999999999,,0.0,1.0,,,,0.9351821563164002
robot_4,outdoor,robot_anomaly_outdoor,2026-04-24 11:57:15.914000+00:00,,,,,,,44.2254,60.019,0.0377999999999999,,0.0,1.0,,,,0.8214223337009658
robot_4,hospital,robot_anomaly_hospital,2026-04-12 08:32:52.890000+00:00,,,,,,,24.9283,66.4181,0.0471,,0.0,1.0,,,,0.9158376269040704
robot_4,outdoor,robot_anomaly_outdoor,2026-05-01 20:38:00.102000+00:00,,,,,,,22.4281,36.1996,0.0822,,0.0,1.0,,,,0.9638428990469508
robot_1,warehouse,robot_anomaly_warehouse,2026-05-01 19:26:45.346000+00:00,,,,,,,32.8734,58.5027,0.1014,,0.0,1.0,,,,0.8272348037198558
robot_1,warehouse,robot_anomaly_warehouse,2026-04-13 11:02:29.348000+00:00,,,,,,,21.0844,39.5424,0.0507999999999999,,0.0,1.0,,,,0.954772832688026
robot_3,hospital,robot_anomaly_hospital,2026-05-06 22:37:37.350000+00:00,,,,,,,45.4842,62.5299,0.061,,0.0,1.0,,,,0.918287467640635
robot_4,warehouse,robot_anomaly_warehouse,2026-04-28 08:13:32.923000+00:00,,,,,,,47.0612,45.5125,0.0711,,0.0,1.0,,,,0.9247996992899518
robot_5,hospital,robot_anomaly_hospital,2026-05-09 12:20:22.907000+00:00,,,,,,,22.6633,49.4104,0.0262,,0.0,1.0,,,,0.934203971594196
robot_3,outdoor,robot_anomaly_outdoor,2026-05-01 16:06:39.089000+00:00,,,,,,,37.8887,53.461,0.1094,,0.0,1.0,,,,0.914393114194549
robot_5,lab,robot_anomaly_lab,2026-04-12 14:59:25.590000+00:00,,,,,,,41.7215,62.793,0.0689999999999999,,0.0,1.0,,,,0.9405439018342144
robot_3,lab,robot_anomaly_lab,2026-05-01 20:33:24.835000+00:00,,,,,,,35.3619,52.6587,0.0848999999999999,,1.0,0.0,,,,0.666363984177001
robot_3,hospital,robot_anomaly_hospital,2026-04-11 03:47:50.376000+00:00,,,,,,,34.5405,51.971,0.0322,,0.0,1.0,,,,0.9032346624402624
robot_2,outdoor,robot_anomaly_outdoor,2026-04-14 17:24:31.086000+00:00,,,,,,,37.2656,50.5969,0.1070999999999999,,0.0,1.0,,,,0.8785981356981576
robot_3,outdoor,robot_anomaly_outdoor,2026-04-29 03:23:56.393000+00:00,,,,,,,38.0229,52.2094,0.0921999999999999,,0.0,1.0,,,,0.9198729073200184
robot_3,lab,robot_anomaly_lab,2026-05-03 01:16:55.833000+00:00,,,,,,,34.733,44.1146,0.0893,,0.0,1.0,,,,0.8625824768238765
robot_3,hospital,robot_anomaly_hospital,2026-04-10 23:01:01.906000+00:00,,,,,,,38.7935,53.1994,0.0003999999999999,,0.0,1.0,,,,0.9263476499122985
robot_2,lab,robot_anomaly_lab,2026-04-21 11:39:26.335000+00:00,,,,,,,33.8588,62.4346,0.0403999999999999,,0.0,1.0,,,,0.944420419654364
robot_5,lab,robot_anomaly_lab,2026-04-13 15:18:07.620000+00:00,,,,,,,43.1735,60.1341,0.0121999999999999,,0.0,1.0,,,,0.9753785243993794
robot_4,outdoor,robot_anomaly_outdoor,2026-04-20 19:05:43.955000+00:00,,,,,,,48.1438,57.1444,0.0406999999999999,,0.0,1.0,,,,0.9742986492845672
robot_1,outdoor,robot_anomaly_outdoor,2026-05-08 03:14:55.621000+00:00,,,,,,,39.3255,52.9071,0.0756,,0.0,1.0,,,,0.8682721702748889
robot_1,lab,robot_anomaly_lab,2026-05-02 11:54:07.605000+00:00,,,,,,,36.1866,60.4649,0.0770999999999999,,1.0,0.0,,,,0.6690758866838212
robot_5,outdoor,robot_anomaly_outdoor,2026-05-08 21:06:34.021000+00:00,,,,,,,38.3415,47.4082,0.0555999999999999,,0.0,1.0,,,,0.9301315071290884
robot_3,lab,robot_anomaly_lab,2026-05-02 07:50:16.279000+00:00,,,,,,,22.4116,54.6956,0.0786999999999999,,0.0,1.0,,,,0.894731295674181
robot_3,lab,robot_anomaly_lab,2026-04-27 22:44:24.052000+00:00,,,,,,,11.9664,50.1613,0.0459,,1.0,0.0,,,,0.6265628558878337
robot_3,hospital,robot_anomaly_hospital,2026-05-08 08:28:05.725000+00:00,,,,,,,38.6096,43.328,0.1051999999999999,,0.0,1.0,,,,0.868725135293767
robot_2,lab,robot_anomaly_lab,2026-04-11 17:24:38.234000+00:00,,,,,,,30.4859,37.0735,0.0144999999999999,,0.0,1.0,,,,0.97484361369497
robot_2,lab,robot_anomaly_lab,2026-04-25 21:44:44.212000+00:00,,,,,,,43.5685,64.5667,0.0855,,1.0,0.0,,,,0.6941880979975517
robot_1,warehouse,robot_anomaly_warehouse,2026-04-24 03:07:23.982000+00:00,,,,,,,43.6546,34.5183,0.0596999999999999,,0.0,1.0,,,,0.956957927112692
robot_1,lab,robot_anomaly_lab,2026-04-28 18:07:06.409000+00:00,,,,,,,26.8097,54.0881,0.1026,,1.0,0.0,,,,0.7416896107388669
robot_2,warehouse,robot_anomaly_warehouse,2026-05-03 23:28:58.928000+00:00,,,,,,,46.5888,47.2146,0.0422,,0.0,1.0,,,,0.8637709562223866
robot_2,warehouse,robot_anomaly_warehouse,2026-04-16 22:28:05.552000+00:00,,,,,,,46.9359,37.8112,0.0541,,0.0,1.0,,,,0.9397376268283054
robot_3,warehouse,robot_anomaly_warehouse,2026-04-17 04:58:41.017000+00:00,,,,,,,41.1262,38.4347,0.0799999999999999,,0.0,1.0,,,,0.9157692410391208
robot_2,outdoor,robot_anomaly_outdoor,2026-05-07 23:05:27.943000+00:00,,,,,,,28.0544,51.5848,0.0086,,0.0,1.0,,,,0.8748909093269012
robot_5,lab,robot_anomaly_lab,2026-04-14 06:01:16.386000+00:00,,,,,,,32.2766,55.6846,0.0312,,1.0,0.0,,,,0.7227752202436044
robot_1,warehouse,robot_anomaly_warehouse,2026-04-19 13:20:30.411000+00:00,,,,,,,33.0247,57.6079,0.0484,,0.0,1.0,,,,0.8913055288712292
robot_3,hospital,robot_anomaly_hospital,2026-04-17 18:33:46.905000+00:00,,,,,,,33.7593,56.2527,0.0796,,1.0,0.0,,,,0.7410035789983558
robot_3,hospital,robot_anomaly_hospital,2026-05-03 17:47:23.727000+00:00,,,,,,,37.7088,46.2915,0.3191,,1.0,0.0,,,,0.6110032241184071
robot_2,warehouse,robot_anomaly_warehouse,2026-04-18 17:14:47.118000+00:00,,,,,,,42.2062,49.6186,0.0219,,0.0,1.0,,,,0.87222066748426
robot_1,lab,robot_anomaly_lab,2026-04-28 16:46:26.552000+00:00,,,,,,,47.7245,49.1345,0.0275999999999999,,0.0,1.0,,,,0.9715048508743024
robot_2,outdoor,robot_anomaly_outdoor,2026-04-29 07:16:30.037000+00:00,,,,,,,42.092,44.6598,0.0782,,1.0,0.0,,,,0.7078739953586852
robot_5,outdoor,robot_anomaly_outdoor,2026-04-25 19:20:10.543000+00:00,,,,,,,31.326,60.9051,0.0727999999999999,,1.0,0.0,,,,0.606197255422326
robot_5,lab,robot_anomaly_lab,2026-04-23 21:21:57.417000+00:00,,,,,,,39.6013,53.0084,0.0445999999999999,,0.0,1.0,,,,0.823823300417555
robot_4,warehouse,robot_anomaly_warehouse,2026-05-09 19:13:44.166000+00:00,,,,,,,43.7724,46.0085,0.0533,,0.0,1.0,,,,0.86635459434422
robot_4,lab,robot_anomaly_lab,2026-04-19 12:14:29.392000+00:00,,,,,,,32.718,54.6063,0.0455999999999999,,0.0,1.0,,,,0.9692864169169686
robot_1,warehouse,robot_anomaly_warehouse,2026-04-23 13:35:56.236000+00:00,,,,,,,46.7982,61.8387,0.0915,,0.0,1.0,,,,0.8409286250515816
robot_4,outdoor,robot_anomaly_outdoor,2026-04-29 00:04:01.319000+00:00,,,,,,,25.8057,44.2376,0.051,,0.0,1.0,,,,0.8635198176359108
robot_2,lab,robot_anomaly_lab,2026-05-03 14:53:20.527000+00:00,,,,,,,32.9013,63.0573,0.0723,,0.0,1.0,,,,0.894783891909101
robot_5,lab,robot_anomaly_lab,2026-04-20 22:30:11.631000+00:00,,,,,,,40.0896,57.6266,0.0632,,0.0,1.0,,,,0.9207923652862018
robot_3,hospital,robot_anomaly_hospital,2026-05-01 19:02:19.673000+00:00,,,,,,,37.1076,46.3172,0.1143999999999999,,0.0,1.0,,,,0.9306550869548756
robot_2,outdoor,robot_anomaly_outdoor,2026-05-05 20:54:11.928000+00:00,,,,,,,25.8068,48.7928,0.0429,,0.0,1.0,,,,0.9119778884130438
robot_3,warehouse,robot_anomaly_warehouse,2026-04-22 20:00:25.540000+00:00,,,,,,,39.6076,31.8919,0.0862,,1.0,0.0,,,,0.661083889926914
robot_2,warehouse,robot_anomaly_warehouse,2026-05-02 22:19:02.938000+00:00,,,,,,,41.6894,48.1513,0.5468999999999999,,1.0,0.0,,,,0.5986264072855467
robot_2,lab,robot_anomaly_lab,2026-05-04 15:14:42.430000+00:00,,,,,,,52.3644,31.5354,0.0469,,0.0,1.0,,,,0.8788553682293616
robot_5,outdoor,robot_anomaly_outdoor,2026-04-27 15:39:44.472000+00:00,,,,,,,13.4425,44.557,0.0413999999999999,,0.0,1.0,,,,0.8594634541693535
robot_4,hospital,robot_anomaly_hospital,2026-04-30 04:17:07.465000+00:00,,,,,,,39.7796,60.2028,0.0053999999999999,,0.0,1.0,,,,0.9523020810352796
robot_1,outdoor,robot_anomaly_outdoor,2026-05-02 12:50:39.048000+00:00,,,,,,,25.571,47.4745,0.0785,,0.0,1.0,,,,0.8427944814437911
robot_4,hospital,robot_anomaly_hospital,2026-05-02 10:41:22.517000+00:00,,,,,,,19.5744,37.6303,0.0877,,0.0,1.0,,,,0.9059900023941864
robot_3,outdoor,robot_anomaly_outdoor,2026-04-16 15:17:34.992000+00:00,,,,,,,45.219,50.9434,0.0602,,0.0,1.0,,,,0.9062899519658574
robot_5,warehouse,robot_anomaly_warehouse,2026-04-20 04:07:53.620000+00:00,,,,,,,40.2289,40.5001,0.0770999999999999,,1.0,0.0,,,,0.6058101565163806
robot_1,warehouse,robot_anomaly_warehouse,2026-04-13 06:36:16.051000+00:00,,,,,,,30.259,51.9247,0.0875,,0.0,1.0,,,,0.8990637106163873
robot_2,hospital,robot_anomaly_hospital,2026-05-02 01:02:26.073000+00:00,,,,,,,26.0946,43.6073,0.0742,,0.0,1.0,,,,0.9136763055319256
robot_3,lab,robot_anomaly_lab,2026-04-10 21:31:51.129000+00:00,,,,,,,36.9086,54.9403,0.0071999999999999,,0.0,1.0,,,,0.876718643965544
robot_3,outdoor,robot_anomaly_outdoor,2026-04-30 05:33:15.270000+00:00,,,,,,,34.1688,55.8692,0.0614,,0.0,1.0,,,,0.8796745189787929
robot_3,outdoor,robot_anomaly_outdoor,2026-05-01 05:00:45.196000+00:00,,,,,,,24.3281,56.1916,0.0584,,1.0,0.0,,,,0.7716306852595491
robot_4,outdoor,robot_anomaly_outdoor,2026-04-16 12:42:34.762000+00:00,,,,,,,34.7054,43.84,0.0172999999999999,,0.0,1.0,,,,0.8977809674516146
robot_2,lab,robot_anomaly_lab,2026-05-04 13:32:12.916000+00:00,,,,,,,45.1605,55.0961,0.0964,,1.0,0.0,,,,0.6431231301945686
robot_4,lab,robot_anomaly_lab,2026-04-29 02:26:16.214000+00:00,,,,,,,25.0029,49.2605,0.0623,,0.0,1.0,,,,0.9020493203227528
robot_5,warehouse,robot_anomaly_warehouse,2026-04-26 12:26:15.147000+00:00,,,,,,,46.2833,36.3401,0.0143999999999999,,0.0,1.0,,,,0.8754864821091013
robot_2,outdoor,robot_anomaly_outdoor,2026-04-27 07:10:28.623000+00:00,,,,,,,31.7582,46.5093,0.0627999999999999,,0.0,1.0,,,,0.8842016805473945
robot_5,hospital,robot_anomaly_hospital,2026-05-09 14:25:56.761000+00:00,,,,,,,43.5939,37.244,0.0387999999999999,,0.0,1.0,,,,0.8895247997774602
robot_3,lab,robot_anomaly_lab,2026-04-28 06:23:14.285000+00:00,,,,,,,25.0034,60.0149,0.0,,0.0,1.0,,,,0.8961678729423784
robot_3,warehouse,robot_anomaly_warehouse,2026-04-21 12:08:23.885000+00:00,,,,,,,23.2435,42.5674,0.6375,,1.0,0.0,,,,0.5638496051660609
robot_3,warehouse,robot_anomaly_warehouse,2026-05-01 17:46:01.051000+00:00,,,,,,,15.6211,40.0201,0.0336999999999999,,1.0,0.0,,,,0.7799696093816056
robot_2,lab,robot_anomaly_lab,2026-04-11 16:37:20.202000+00:00,,,,,,,38.0202,56.0986,0.0171999999999999,,0.0,1.0,,,,0.9395593101872534
robot_5,warehouse,robot_anomaly_warehouse,2026-05-03 16:31:53.012000+00:00,,,,,,,50.9235,70.3117,0.0794,,0.0,1.0,,,,0.8543621426630061
robot_1,outdoor,robot_anomaly_outdoor,2026-04-17 17:21:10.437000+00:00,,,,,,,55.5039,53.0572,0.0,,0.0,1.0,,,,0.8771134387577891
robot_4,warehouse,robot_anomaly_warehouse,2026-05-06 13:55:02.760000+00:00,,,,,,,41.4857,55.8858,0.0746,,0.0,1.0,,,,0.933798119230696
robot_4,lab,robot_anomaly_lab,2026-04-19 05:00:17.229000+00:00,,,,,,,38.2992,41.605,0.0264999999999999,,0.0,1.0,,,,0.839607528783383
robot_3,outdoor,robot_anomaly_outdoor,2026-04-27 00:44:56.282000+00:00,,,,,,,44.522,41.6797,0.0,,1.0,0.0,,,,0.5614919870697881
robot_2,hospital,robot_anomaly_hospital,2026-05-01 20:41:51.553000+00:00,,,,,,,39.7213,47.9582,0.0266999999999999,,0.0,1.0,,,,0.955483245311531
robot_2,hospital,robot_anomaly_hospital,2026-04-10 19:41:14.361000+00:00,,,,,,,21.1802,38.522,0.0889999999999999,,0.0,1.0,,,,0.8833392781986168
robot_4,lab,robot_anomaly_lab,2026-04-17 08:50:34.254000+00:00,,,,,,,36.8426,51.7915,0.0376999999999999,,0.0,1.0,,,,0.9060375004949353
robot_3,warehouse,robot_anomaly_warehouse,2026-04-29 18:08:51.610000+00:00,,,,,,,35.2735,57.9878,0.0,,0.0,1.0,,,,0.9485805320215706
robot_4,warehouse,robot_anomaly_warehouse,2026-05-10 14:53:34.891000+00:00,,,,,,,25.1498,50.8312,0.0676,,0.0,1.0,,,,0.8519458341229292
robot_1,lab,robot_anomaly_lab,2026-05-10 07:06:14.387000+00:00,,,,,,,36.4675,50.5635,0.0,,1.0,0.0,,,,0.7076192874329025
robot_5,warehouse,robot_anomaly_warehouse,2026-04-22 17:01:06.802000+00:00,,,,,,,39.2426,44.1564,0.0401,,0.0,1.0,,,,0.9629503052164629
robot_2,outdoor,robot_anomaly_outdoor,2026-05-06 21:57:13.978000+00:00,,,,,,,38.5541,30.0,0.0272999999999999,,0.0,1.0,,,,0.8958965684003329
robot_2,hospital,robot_anomaly_hospital,2026-04-12 04:19:45.440000+00:00,,,,,,,39.2135,51.7314,0.0543,,0.0,1.0,,,,0.847210956098345
robot_2,lab,robot_anomaly_lab,2026-04-24 22:04:56.005000+00:00,,,,,,,27.8703,50.0266,0.0203999999999999,,0.0,1.0,,,,0.9316824031400804
robot_5,outdoor,robot_anomaly_outdoor,2026-04-30 10:56:28.860000+00:00,,,,,,,39.4985,39.6927,0.0901999999999999,,0.0,1.0,,,,0.8441287364320708
robot_3,hospital,robot_anomaly_hospital,2026-05-05 20:30:42.397000+00:00,,,,,,,33.1275,49.359,0.0696999999999999,,1.0,0.0,,,,0.6012271629019958
robot_4,outdoor,robot_anomaly_outdoor,2026-05-06 00:47:56.083000+00:00,,,,,,,31.4663,50.8552,0.0778999999999999,,0.0,1.0,,,,0.8912991661092361
robot_4,lab,robot_anomaly_lab,2026-05-02 01:34:46.811000+00:00,,,,,,,43.8922,52.2821,0.0383999999999999,,0.0,1.0,,,,0.912440183734667
robot_3,warehouse,robot_anomaly_warehouse,2026-05-08 15:33:59.066000+00:00,,,,,,,55.5755,56.3508,0.0339,,0.0,1.0,,,,0.8678264088041068
robot_5,outdoor,robot_anomaly_outdoor,2026-04-23 09:14:56.833000+00:00,,,,,,,29.1959,59.742,0.0393,,0.0,1.0,,,,0.9671919296719744
robot_1,warehouse,robot_anomaly_warehouse,2026-04-12 19:05:40.953000+00:00,,,,,,,35.185,47.6697,0.0701,,0.0,1.0,,,,0.8864429716696138
robot_4,warehouse,robot_anomaly_warehouse,2026-04-19 15:57:20.979000+00:00,,,,,,,37.62,62.8854,0.0301,,0.0,1.0,,,,0.9224496062570784
robot_3,lab,robot_anomaly_lab,2026-05-09 23:39:59.828000+00:00,,,,,,,47.9062,44.1397,0.0441,,0.0,1.0,,,,0.8980814993433193
robot_5,outdoor,robot_anomaly_outdoor,2026-05-05 18:31:29.655000+00:00,,,,,,,35.1557,52.1815,0.0445999999999999,,0.0,1.0,,,,0.9318426927659744
robot_3,warehouse,robot_anomaly_warehouse,2026-05-09 19:50:22.978000+00:00,,,,,,,39.8762,34.2717,0.0904,,0.0,1.0,,,,0.9198645173584488
robot_3,warehouse,robot_anomaly_warehouse,2026-04-15 01:10:11.256000+00:00,,,,,,,50.4832,37.5647,0.0385999999999999,,0.0,1.0,,,,0.9037419080886532
robot_5,warehouse,robot_anomaly_warehouse,2026-04-23 22:10:52.855000+00:00,,,,,,,25.4229,47.4113,0.0641,,0.0,1.0,,,,0.969570973249076
robot_1,outdoor,robot_anomaly_outdoor,2026-04-25 12:06:05.766000+00:00,,,,,,,47.9845,55.1121,0.0784,,0.0,1.0,,,,0.8933932741303579
robot_1,lab,robot_anomaly_lab,2026-04-30 02:09:17.457000+00:00,,,,,,,41.6447,52.8321,0.0588999999999999,,0.0,1.0,,,,0.9292413424893288
robot_1,warehouse,robot_anomaly_warehouse,2026-05-02 22:12:25.345000+00:00,,,,,,,32.6487,49.6822,0.0,,0.0,1.0,,,,0.9636460573807012
robot_4,outdoor,robot_anomaly_outdoor,2026-04-15 15:12:43.983000+00:00,,,,,,,32.3737,57.0311,0.0279,,0.0,1.0,,,,0.945747733620367
robot_3,outdoor,robot_anomaly_outdoor,2026-04-26 22:39:55.416000+00:00,,,,,,,24.5106,55.7905,0.0516999999999999,,0.0,1.0,,,,0.8783054540864577
robot_3,warehouse,robot_anomaly_warehouse,2026-05-04 10:19:58.115000+00:00,,,,,,,37.9528,50.8333,0.1029999999999999,,0.0,1.0,,,,0.9456518246840938
robot_5,outdoor,robot_anomaly_outdoor,2026-04-20 13:00:57.320000+00:00,,,,,,,44.9112,49.9994,0.0278,,0.0,1.0,,,,0.9743664138842996
robot_2,hospital,robot_anomaly_hospital,2026-05-04 02:02:12.674000+00:00,,,,,,,59.8376,38.1507,0.0386999999999999,,0.0,1.0,,,,0.8857412666622156
robot_2,warehouse,robot_anomaly_warehouse,2026-05-01 10:33:48.714000+00:00,,,,,,,30.7982,55.1267,0.1268,,0.0,1.0,,,,0.9604606764976272
robot_4,lab,robot_anomaly_lab,2026-04-23 23:06:30.775000+00:00,,,,,,,59.0358,48.8967,0.0392,,0.0,1.0,,,,0.8885159019067134
robot_4,lab,robot_anomaly_lab,2026-05-10 03:37:03.466000+00:00,,,,,,,17.9145,46.712,0.0,,0.0,1.0,,,,0.8925570873625178
robot_4,outdoor,robot_anomaly_outdoor,2026-04-24 23:06:23.840000+00:00,,,,,,,34.9179,60.2081,0.1263999999999999,,1.0,0.0,,,,0.5803431086164023
robot_1,warehouse,robot_anomaly_warehouse,2026-04-21 00:11:03.288000+00:00,,,,,,,37.0964,37.9985,0.0078,,0.0,1.0,,,,0.9831580077628894
robot_5,warehouse,robot_anomaly_warehouse,2026-04-16 16:34:22.980000+00:00,,,,,,,57.5507,42.6262,0.0806,,1.0,0.0,,,,0.5803831478744534
robot_5,warehouse,robot_anomaly_warehouse,2026-04-24 12:02:02.195000+00:00,,,,,,,24.3466,48.1049,0.052,,0.0,1.0,,,,0.8770995038871995
robot_4,warehouse,robot_anomaly_warehouse,2026-04-30 06:18:52.299000+00:00,,,,,,,28.5415,63.7838,0.057,,0.0,1.0,,,,0.8365759182663652
robot_4,outdoor,robot_anomaly_outdoor,2026-05-04 07:49:45.364000+00:00,,,,,,,44.565,40.3809,0.0383999999999999,,0.0,1.0,,,,0.921147281677101
robot_4,hospital,robot_anomaly_hospital,2026-04-28 01:56:04.677000+00:00,,,,,,,36.4798,41.5587,0.0043999999999999,,0.0,1.0,,,,0.9390406711592324
robot_4,lab,robot_anomaly_lab,2026-04-16 21:30:15.726000+00:00,,,,,,,23.2452,52.9666,0.0905,,1.0,0.0,,,,0.6468209794490049
robot_1,warehouse,robot_anomaly_warehouse,2026-04-30 00:13:38.194000+00:00,,,,,,,29.8579,53.8709,0.0483,,0.0,1.0,,,,0.9765728059712586
robot_5,hospital,robot_anomaly_hospital,2026-04-15 15:26:45.858000+00:00,,,,,,,29.8486,69.4462,0.0595,,0.0,1.0,,,,0.953007514490192
robot_1,lab,robot_anomaly_lab,2026-04-22 17:19:47.868000+00:00,,,,,,,49.4852,59.3666,0.0729999999999999,,0.0,1.0,,,,0.9243634760905785
robot_5,outdoor,robot_anomaly_outdoor,2026-04-27 05:03:33.379000+00:00,,,,,,,26.8698,45.2509,0.0696,,0.0,1.0,,,,0.956157824581314
robot_1,warehouse,robot_anomaly_warehouse,2026-04-22 08:13:28.573000+00:00,,,,,,,30.4786,40.0293,0.1018,,0.0,1.0,,,,0.9144585881480224
robot_3,lab,robot_anomaly_lab,2026-04-30 01:55:56.955000+00:00,,,,,,,36.0433,41.7793,0.0735,,0.0,1.0,,,,0.944704410716476
robot_2,warehouse,robot_anomaly_warehouse,2026-05-07 19:07:17.582000+00:00,,,,,,,22.3709,60.6402,0.0339,,0.0,1.0,,,,0.9486477872732152
robot_1,hospital,robot_anomaly_hospital,2026-04-20 22:05:22.559000+00:00,,,,,,,41.2799,52.8379,0.0665,,0.0,1.0,,,,0.9109401151433332
robot_2,lab,robot_anomaly_lab,2026-04-18 06:47:57.592000+00:00,,,,,,,23.1077,49.1211,0.0924,,0.0,1.0,,,,0.9432237378901578
robot_4,hospital,robot_anomaly_hospital,2026-05-03 20:48:41.043000+00:00,,,,,,,29.2781,36.6335,0.0693,,1.0,0.0,,,,0.6920298141923835
robot_5,warehouse,robot_anomaly_warehouse,2026-04-20 01:01:32.430000+00:00,,,,,,,56.6814,45.4289,0.0457999999999999,,0.0,1.0,,,,0.9223843894192656
robot_3,outdoor,robot_anomaly_outdoor,2026-04-23 00:16:34.941000+00:00,,,,,,,27.4112,37.1987,0.0626999999999999,,0.0,1.0,,,,0.9217196438709234
robot_4,outdoor,robot_anomaly_outdoor,2026-05-05 12:53:03.318000+00:00,,,,,,,31.6321,43.2605,0.0613,,0.0,1.0,,,,0.8680079324645353
robot_4,hospital,robot_anomaly_hospital,2026-04-29 05:33:49.742000+00:00,,,,,,,59.7098,52.72,0.4729,,1.0,0.0,,,,0.6127849733889005
robot_4,outdoor,robot_anomaly_outdoor,2026-04-23 13:24:10.415000+00:00,,,,,,,27.4598,64.503,0.0114999999999999,,0.0,1.0,,,,0.9170366823419546
robot_1,warehouse,robot_anomaly_warehouse,2026-04-30 20:15:52.837000+00:00,,,,,,,36.3127,47.4632,0.4669999999999999,,1.0,0.0,,,,0.5597490551624374
robot_4,lab,robot_anomaly_lab,2026-04-11 13:51:05.074000+00:00,,,,,,,37.2361,56.9106,0.0271,,0.0,1.0,,,,0.9065595343782668
robot_1,hospital,robot_anomaly_hospital,2026-04-19 11:09:27.594000+00:00,,,,,,,42.51,55.5015,0.0262999999999999,,0.0,1.0,,,,0.9553503206177464
robot_4,outdoor,robot_anomaly_outdoor,2026-04-22 18:01:06.142000+00:00,,,,,,,39.7277,65.4303,0.0272999999999999,,0.0,1.0,,,,0.914749674522906
robot_4,warehouse,robot_anomaly_warehouse,2026-04-28 17:00:02.100000+00:00,,,,,,,50.382,49.5281,0.0891999999999999,,0.0,1.0,,,,0.8429495926472509
robot_4,lab,robot_anomaly_lab,2026-04-21 07:55:36.122000+00:00,,,,,,,36.2067,56.3381,0.0312999999999999,,0.0,1.0,,,,0.9802831400971016
robot_2,outdoor,robot_anomaly_outdoor,2026-04-28 02:13:51.881000+00:00,,,,,,,28.0446,67.9841,0.0278,,1.0,0.0,,,,0.6737750131078541
robot_1,warehouse,robot_anomaly_warehouse,2026-05-02 08:35:18.616000+00:00,,,,,,,15.4416,58.9642,0.0524999999999999,,0.0,1.0,,,,0.9109777851912516
robot_4,lab,robot_anomaly_lab,2026-04-14 18:22:54.632000+00:00,,,,,,,48.5189,48.0259,0.0615999999999999,,0.0,1.0,,,,0.9272899399844636
robot_3,outdoor,robot_anomaly_outdoor,2026-05-01 02:12:55.507000+00:00,,,,,,,40.5728,43.5369,0.0139,,0.0,1.0,,,,0.9757015642131568
robot_3,warehouse,robot_anomaly_warehouse,2026-04-16 13:11:16.817000+00:00,,,,,,,50.0405,66.1323,0.0387999999999999,,0.0,1.0,,,,0.912667370104542
robot_4,lab,robot_anomaly_lab,2026-04-21 13:12:49.754000+00:00,,,,,,,39.6198,30.2095,0.0696,,0.0,1.0,,,,0.9331901764609982
robot_2,hospital,robot_anomaly_hospital,2026-04-12 15:07:59.751000+00:00,,,,,,,52.5869,48.2722,0.0382,,0.0,1.0,,,,0.9173731230917888
robot_1,lab,robot_anomaly_lab,2026-05-10 12:11:32.335000+00:00,,,,,,,42.7074,53.6143,0.0365999999999999,,0.0,1.0,,,,0.9705350451045568
robot_4,lab,robot_anomaly_lab,2026-04-17 06:22:21.234000+00:00,,,,,,,34.4516,46.515,0.0624,,0.0,1.0,,,,0.8200043197953472
robot_1,hospital,robot_anomaly_hospital,2026-05-05 17:11:58.537000+00:00,,,,,,,37.5702,57.6416,0.0587999999999999,,0.0,1.0,,,,0.8400787827705793
robot_2,hospital,robot_anomaly_hospital,2026-05-06 07:17:33.617000+00:00,,,,,,,41.1346,49.5914,0.0443,,0.0,1.0,,,,0.8910576213902471
robot_4,hospital,robot_anomaly_hospital,2026-04-21 20:25:40.665000+00:00,,,,,,,40.7971,30.0,0.0345999999999999,,0.0,1.0,,,,0.8957710498771183
robot_3,lab,robot_anomaly_lab,2026-04-13 08:42:55.923000+00:00,,,,,,,24.6109,64.8345,0.0633,,0.0,1.0,,,,0.9614073089779084
robot_3,hospital,robot_anomaly_hospital,2026-04-25 14:00:09.733000+00:00,,,,,,,39.0391,50.8637,0.055,,0.0,1.0,,,,0.8130362914046735
robot_5,outdoor,robot_anomaly_outdoor,2026-04-30 17:08:11.422000+00:00,,,,,,,22.2533,41.6109,0.1208,,0.0,1.0,,,,0.9015967672144676
robot_5,hospital,robot_anomaly_hospital,2026-05-04 20:20:00.942000+00:00,,,,,,,42.4903,59.071,0.0,,0.0,1.0,,,,0.9345186953382532
robot_1,hospital,robot_anomaly_hospital,2026-05-07 05:06:11.104000+00:00,,,,,,,23.4932,62.8935,0.0175999999999999,,1.0,0.0,,,,0.582636308322356
robot_1,warehouse,robot_anomaly_warehouse,2026-04-30 08:30:42.470000+00:00,,,,,,,29.7815,36.4289,0.0285999999999999,,0.0,1.0,,,,0.9064817984373514
robot_5,outdoor,robot_anomaly_outdoor,2026-04-16 10:41:16.883000+00:00,,,,,,,22.2967,63.1797,0.029,,0.0,1.0,,,,0.9580682194388505
robot_4,outdoor,robot_anomaly_outdoor,2026-05-09 18:49:57.816000+00:00,,,,,,,41.8745,40.9154,0.0938999999999999,,0.0,1.0,,,,0.8681479539141492
robot_3,warehouse,robot_anomaly_warehouse,2026-04-27 08:49:25.114000+00:00,,,,,,,34.2085,38.6869,0.0301,,0.0,1.0,,,,0.906908351667212
robot_3,outdoor,robot_anomaly_outdoor,2026-04-20 07:11:13.337000+00:00,,,,,,,34.5769,55.8267,0.1107,,1.0,0.0,,,,0.674780852625457
robot_5,lab,robot_anomaly_lab,2026-04-15 23:53:21.207000+00:00,,,,,,,26.91,53.4126,0.0175999999999999,,0.0,1.0,,,,0.9572917018563584
robot_2,warehouse,robot_anomaly_warehouse,2026-05-06 23:56:04.697000+00:00,,,,,,,40.785,60.6412,0.0576999999999999,,0.0,1.0,,,,0.9321071136213168
robot_1,hospital,robot_anomaly_hospital,2026-04-25 18:57:08.909000+00:00,,,,,,,21.6092,62.3831,0.05,,0.0,1.0,,,,0.9213774363080977
robot_4,hospital,robot_anomaly_hospital,2026-04-22 18:15:52.360000+00:00,,,,,,,23.5916,51.4158,0.0616999999999999,,0.0,1.0,,,,0.9138945566827148
robot_1,warehouse,robot_anomaly_warehouse,2026-04-29 00:47:46.292000+00:00,,,,,,,226.3585,10.3015,0.0134999999999999,,1.0,0.0,,,,0.5469637872701085
robot_2,outdoor,robot_anomaly_outdoor,2026-04-13 07:07:22.406000+00:00,,,,,,,230.898,8.7407,0.035,,1.0,0.0,,,,0.6665559472068144
robot_1,warehouse,robot_anomaly_warehouse,2026-04-23 17:25:07.233000+00:00,,,,,,,37.4162,39.846,0.0813,,0.0,1.0,,,,0.9463235027791028
robot_5,outdoor,robot_anomaly_outdoor,2026-04-29 06:03:16.102000+00:00,,,,,,,16.2328,43.1274,0.0527999999999999,,0.0,1.0,,,,0.9710150938685432
robot_4,lab,robot_anomaly_lab,2026-04-24 03:38:07.871000+00:00,,,,,,,16.5451,55.2365,0.0345999999999999,,0.0,1.0,,,,0.9648444356861502
robot_2,outdoor,robot_anomaly_outdoor,2026-04-11 23:18:07.567000+00:00,,,,,,,11.2204,50.6358,0.0673,,0.0,1.0,,,,0.9434440930923612
robot_2,outdoor,robot_anomaly_outdoor,2026-05-03 13:29:02.244000+00:00,,,,,,,10.0,68.6212,0.001,,0.0,1.0,,,,0.9274761684510888
robot_5,warehouse,robot_anomaly_warehouse,2026-05-05 07:59:41.027000+00:00,,,,,,,37.0,43.87,0.0659999999999999,,0.0,1.0,,,,0.8812609590380328
robot_5,lab,robot_anomaly_lab,2026-04-27 18:21:55.829000+00:00,,,,,,,19.2413,41.8607,0.0491,,0.0,1.0,,,,0.9222791546446356
robot_5,outdoor,robot_anomaly_outdoor,2026-04-27 10:33:45.706000+00:00,,,,,,,38.3204,63.5053,0.046,,0.0,1.0,,,,0.9103728619434632
robot_4,lab,robot_anomaly_lab,2026-04-20 05:42:04.179000+00:00,,,,,,,28.7244,58.3855,0.0671,,0.0,1.0,,,,0.8764185927780815
robot_5,lab,robot_anomaly_lab,2026-05-07 14:50:19.964000+00:00,,,,,,,28.864,52.9213,0.0429,,0.0,1.0,,,,0.9186456187522952
robot_4,lab,robot_anomaly_lab,2026-04-24 20:32:56.879000+00:00,,,,,,,56.2843,56.3135,0.0617999999999999,,0.0,1.0,,,,0.9219536882384296
robot_5,lab,robot_anomaly_lab,2026-05-07 07:02:34.556000+00:00,,,,,,,48.4675,43.5244,0.0818999999999999,,0.0,1.0,,,,0.9612653206305156
robot_3,warehouse,robot_anomaly_warehouse,2026-04-24 16:03:45.199000+00:00,,,,,,,50.4743,54.7455,0.0073999999999999,,0.0,1.0,,,,0.887393195674939
robot_2,warehouse,robot_anomaly_warehouse,2026-04-30 04:51:23.286000+00:00,,,,,,,32.9975,44.9267,0.0234999999999999,,0.0,1.0,,,,0.922752174436303
robot_2,lab,robot_anomaly_lab,2026-05-08 20:09:14.449000+00:00,,,,,,,39.7813,50.4032,0.0657999999999999,,1.0,0.0,,,,0.5520139973937773
robot_4,outdoor,robot_anomaly_outdoor,2026-04-25 22:16:09.652000+00:00,,,,,,,40.0795,36.1805,0.0213999999999999,,0.0,1.0,,,,0.9534666014963722
robot_3,warehouse,robot_anomaly_warehouse,2026-05-07 22:46:34.297000+00:00,,,,,,,24.96,47.3679,0.0830999999999999,,0.0,1.0,,,,0.9167828210653688
robot_4,warehouse,robot_anomaly_warehouse,2026-04-20 17:48:38.177000+00:00,,,,,,,13.9051,36.5191,0.0554,,0.0,1.0,,,,0.9451629804794432
robot_2,lab,robot_anomaly_lab,2026-04-14 14:14:09.744000+00:00,,,,,,,50.6302,52.903,0.042,,0.0,1.0,,,,0.8514649841142619
robot_1,hospital,robot_anomaly_hospital,2026-04-25 15:00:32.447000+00:00,,,,,,,40.4905,59.1006,0.0406999999999999,,0.0,1.0,,,,0.9061331154699204
robot_2,outdoor,robot_anomaly_outdoor,2026-05-10 08:50:45.529000+00:00,,,,,,,27.9673,39.0572,0.0369,,0.0,1.0,,,,0.8897872748050265
robot_2,hospital,robot_anomaly_hospital,2026-04-13 14:46:21.437000+00:00,,,,,,,26.2041,54.0783,0.0943,,1.0,0.0,,,,0.7052122807837808
robot_4,outdoor,robot_anomaly_outdoor,2026-04-17 02:48:13.577000+00:00,,,,,,,44.771,61.2639,0.0659999999999999,,0.0,1.0,,,,0.893189063475052
robot_5,hospital,robot_anomaly_hospital,2026-04-28 02:03:23.048000+00:00,,,,,,,42.8868,48.114,0.0767999999999999,,0.0,1.0,,,,0.886276960143109
robot_4,lab,robot_anomaly_lab,2026-05-01 11:54:54.974000+00:00,,,,,,,45.3458,40.8216,0.0936,,0.0,1.0,,,,0.8874073208571884
robot_4,lab,robot_anomaly_lab,2026-04-24 12:37:25.264000+00:00,,,,,,,33.6486,51.7095,0.0249,,1.0,0.0,,,,0.5846234453546915
robot_3,outdoor,robot_anomaly_outdoor,2026-04-11 07:40:37.150000+00:00,,,,,,,41.7468,46.8406,0.012,,0.0,1.0,,,,0.8969350614494809
robot_4,outdoor,robot_anomaly_outdoor,2026-05-09 00:04:18.008000+00:00,,,,,,,28.6936,51.8288,0.0707999999999999,,1.0,0.0,,,,0.6192454645137978
robot_4,lab,robot_anomaly_lab,2026-04-13 13:43:03.198000+00:00,,,,,,,33.1894,50.9486,0.0080999999999999,,0.0,1.0,,,,0.9750243590936482
robot_5,outdoor,robot_anomaly_outdoor,2026-04-27 13:38:49.313000+00:00,,,,,,,24.1485,47.4707,0.0913,,0.0,1.0,,,,0.8998700318255877
robot_5,warehouse,robot_anomaly_warehouse,2026-04-23 06:58:35.285000+00:00,,,,,,,51.0458,54.3476,0.0732,,0.0,1.0,,,,0.897395401038312
robot_3,outdoor,robot_anomaly_outdoor,2026-05-01 06:53:02.402000+00:00,,,,,,,38.1515,46.559,0.1138,,0.0,1.0,,,,0.9567483054310962
robot_4,lab,robot_anomaly_lab,2026-04-13 02:25:29.001000+00:00,,,,,,,36.0918,44.443,0.0632,,0.0,1.0,,,,0.8347916405257496
robot_2,warehouse,robot_anomaly_warehouse,2026-04-11 01:38:50.997000+00:00,,,,,,,40.6851,52.1489,0.0664,,0.0,1.0,,,,0.921771163310524
robot_4,hospital,robot_anomaly_hospital,2026-04-27 17:58:47.195000+00:00,,,,,,,46.9859,53.8349,0.0684,,0.0,1.0,,,,0.900830198188534
robot_5,outdoor,robot_anomaly_outdoor,2026-04-30 00:17:38.434000+00:00,,,,,,,18.5693,58.757,0.0426999999999999,,1.0,0.0,,,,0.721091000718675
robot_1,lab,robot_anomaly_lab,2026-05-10 01:23:15.296000+00:00,,,,,,,36.8158,59.4351,0.0201999999999999,,0.0,1.0,,,,0.9495217465280188
robot_4,outdoor,robot_anomaly_outdoor,2026-04-15 05:12:29.983000+00:00,,,,,,,34.6294,55.5271,0.0275999999999999,,0.0,1.0,,,,0.8922515253382637
robot_2,lab,robot_anomaly_lab,2026-05-09 07:10:27.333000+00:00,,,,,,,24.0439,62.6502,0.1071999999999999,,0.0,1.0,,,,0.926725024241596
robot_2,warehouse,robot_anomaly_warehouse,2026-04-16 02:17:16.359000+00:00,,,,,,,34.3215,63.7051,0.1021999999999999,,0.0,1.0,,,,0.9209246543098544
robot_3,outdoor,robot_anomaly_outdoor,2026-04-12 14:03:07.137000+00:00,,,,,,,35.752,49.5614,0.0203999999999999,,1.0,0.0,,,,0.6591168777197407
robot_3,outdoor,robot_anomaly_outdoor,2026-04-26 12:30:19.904000+00:00,,,,,,,33.6794,59.6414,0.0819999999999999,,0.0,1.0,,,,0.927248988556014
robot_2,warehouse,robot_anomaly_warehouse,2026-04-17 21:17:45.902000+00:00,,,,,,,30.1566,60.0464,0.0491,,0.0,1.0,,,,0.9654164943230304
robot_4,warehouse,robot_anomaly_warehouse,2026-04-21 06:21:21.980000+00:00,,,,,,,28.857,44.6315,0.0221999999999999,,0.0,1.0,,,,0.8898259399523601
robot_3,warehouse,robot_anomaly_warehouse,2026-04-16 00:26:50.601000+00:00,,,,,,,25.2615,62.7142,0.0413999999999999,,0.0,1.0,,,,0.9181240566296892
robot_1,warehouse,robot_anomaly_warehouse,2026-05-10 08:56:41.401000+00:00,,,,,,,38.7852,49.6559,0.0799999999999999,,0.0,1.0,,,,0.8931873048341823
robot_2,lab,robot_anomaly_lab,2026-04-13 06:43:10.727000+00:00,,,,,,,37.1212,45.7429,0.0078,,0.0,1.0,,,,0.953386754179162
robot_2,lab,robot_anomaly_lab,2026-05-02 01:07:07.882000+00:00,,,,,,,30.0971,63.6161,0.7855,,1.0,0.0,,,,0.5664422181654154
robot_3,outdoor,robot_anomaly_outdoor,2026-04-21 01:21:53.859000+00:00,,,,,,,43.958,50.8663,0.0897999999999999,,0.0,1.0,,,,0.9304389073881184
robot_2,lab,robot_anomaly_lab,2026-04-25 18:22:01.623000+00:00,,,,,,,29.5023,47.2893,0.0665999999999999,,0.0,1.0,,,,0.8948024805004616
robot_3,warehouse,robot_anomaly_warehouse,2026-05-05 01:01:37.694000+00:00,,,,,,,38.1078,56.7037,0.0456999999999999,,0.0,1.0,,,,0.9531482819574986
robot_5,hospital,robot_anomaly_hospital,2026-04-29 03:23:35.088000+00:00,,,,,,,40.847,60.1546,0.4584,,1.0,0.0,,,,0.6861806142007985
robot_2,warehouse,robot_anomaly_warehouse,2026-04-28 22:15:54.811000+00:00,,,,,,,28.3472,40.7536,0.0879999999999999,,0.0,1.0,,,,0.9196106472577568
robot_3,hospital,robot_anomaly_hospital,2026-04-21 12:41:14.040000+00:00,,,,,,,30.8104,40.7881,0.0338,,0.0,1.0,,,,0.8903723210864227
robot_3,hospital,robot_anomaly_hospital,2026-05-08 10:26:43.958000+00:00,,,,,,,41.0913,46.1004,0.0572,,0.0,1.0,,,,0.8776474569294148
robot_2,outdoor,robot_anomaly_outdoor,2026-04-16 07:10:46.279000+00:00,,,,,,,48.6381,61.2073,0.0,,0.0,1.0,,,,0.930194639751613
robot_4,hospital,robot_anomaly_hospital,2026-04-22 14:53:51.266000+00:00,,,,,,,40.7212,64.402,0.0394999999999999,,0.0,1.0,,,,0.9740870530113448
robot_3,hospital,robot_anomaly_hospital,2026-05-02 03:19:30.304000+00:00,,,,,,,33.77,41.5365,0.0,,0.0,1.0,,,,0.94765316051768
robot_5,hospital,robot_anomaly_hospital,2026-04-21 05:24:36.430000+00:00,,,,,,,48.2701,44.7477,0.0629999999999999,,0.0,1.0,,,,0.937299022841801
robot_5,outdoor,robot_anomaly_outdoor,2026-05-10 10:11:12.760000+00:00,,,,,,,33.3464,40.4753,0.0645999999999999,,0.0,1.0,,,,0.8814827418260152
robot_2,lab,robot_anomaly_lab,2026-04-19 10:16:31.815000+00:00,,,,,,,53.2106,45.483,0.007,,0.0,1.0,,,,0.8715240215569896
robot_2,lab,robot_anomaly_lab,2026-04-23 12:05:45.181000+00:00,,,,,,,36.3154,52.8123,0.0679999999999999,,0.0,1.0,,,,0.921302680370384
robot_5,lab,robot_anomaly_lab,2026-04-19 02:29:35.245000+00:00,,,,,,,35.1615,53.3224,0.0661,,0.0,1.0,,,,0.8283649283902778
robot_4,lab,robot_anomaly_lab,2026-04-16 18:20:36.258000+00:00,,,,,,,40.3049,55.585,0.0375999999999999,,0.0,1.0,,,,0.888156012437808
robot_4,warehouse,robot_anomaly_warehouse,2026-04-25 23:39:00.514000+00:00,,,,,,,36.1496,51.9985,0.0768999999999999,,0.0,1.0,,,,0.8938913937992172
robot_1,hospital,robot_anomaly_hospital,2026-04-25 03:28:25.912000+00:00,,,,,,,33.3394,42.7402,0.0632,,0.0,1.0,,,,0.8867899861573993
robot_2,outdoor,robot_anomaly_outdoor,2026-05-01 17:15:28.291000+00:00,,,,,,,33.9558,38.8844,0.0068,,0.0,1.0,,,,0.9822299036138328
robot_2,lab,robot_anomaly_lab,2026-05-07 04:59:23.563000+00:00,,,,,,,32.7333,59.5159,0.0,,0.0,1.0,,,,0.9527917598447068
robot_4,outdoor,robot_anomaly_outdoor,2026-04-15 02:24:37.310000+00:00,,,,,,,41.8906,57.0825,0.0626999999999999,,0.0,1.0,,,,0.9233188219389388
robot_4,lab,robot_anomaly_lab,2026-04-24 15:05:10.264000+00:00,,,,,,,317.3561,10.9487,0.0891999999999999,,1.0,0.0,,,,0.5208047811871482
robot_2,hospital,robot_anomaly_hospital,2026-05-07 12:28:30.938000+00:00,,,,,,,36.595,62.1949,0.04,,0.0,1.0,,,,0.977324426924902
robot_2,warehouse,robot_anomaly_warehouse,2026-05-03 12:38:12.825000+00:00,,,,,,,16.686,48.4385,0.0508999999999999,,0.0,1.0,,,,0.8873936342470863
robot_1,outdoor,robot_anomaly_outdoor,2026-05-05 11:23:36.310000+00:00,,,,,,,55.2018,51.418,0.043,,0.0,1.0,,,,0.923457305853528
robot_5,hospital,robot_anomaly_hospital,2026-04-18 09:44:19.732000+00:00,,,,,,,33.9083,48.2365,0.0461,,0.0,1.0,,,,0.9624766227755888
robot_2,warehouse,robot_anomaly_warehouse,2026-04-11 16:52:58.740000+00:00,,,,,,,31.5581,48.8402,0.034,,0.0,1.0,,,,0.8408364437860785
robot_2,outdoor,robot_anomaly_outdoor,2026-04-15 01:35:53.239000+00:00,,,,,,,59.3027,50.1928,0.0471,,0.0,1.0,,,,0.8843804440820394
robot_5,hospital,robot_anomaly_hospital,2026-05-08 06:29:58.736000+00:00,,,,,,,24.321,44.8672,0.0954,,0.0,1.0,,,,0.9429073672042204
robot_4,lab,robot_anomaly_lab,2026-05-03 18:29:07.484000+00:00,,,,,,,47.144,30.0,0.0634,,0.0,1.0,,,,0.9038579209121024
robot_4,lab,robot_anomaly_lab,2026-05-01 05:00:23.714000+00:00,,,,,,,49.4741,55.4355,0.0564,,0.0,1.0,,,,0.8862012304595499
robot_5,warehouse,robot_anomaly_warehouse,2026-04-30 01:41:43.339000+00:00,,,,,,,37.8203,48.0353,0.053,,0.0,1.0,,,,0.9071653333026442
robot_2,lab,robot_anomaly_lab,2026-05-07 10:20:59.514000+00:00,,,,,,,38.2245,43.4571,0.0433,,0.0,1.0,,,,0.9028196419997606
robot_3,lab,robot_anomaly_lab,2026-04-14 14:40:34.176000+00:00,,,,,,,30.7246,64.347,0.0433,,1.0,0.0,,,,0.5962394901170915
robot_3,hospital,robot_anomaly_hospital,2026-05-05 03:18:04.504000+00:00,,,,,,,42.5454,54.5679,0.1271,,0.0,1.0,,,,0.8603975276901089
robot_5,outdoor,robot_anomaly_outdoor,2026-04-11 16:19:53.692000+00:00,,,,,,,29.9515,46.8049,0.0686,,0.0,1.0,,,,0.9152622981913388
robot_3,outdoor,robot_anomaly_outdoor,2026-04-23 06:57:29.660000+00:00,,,,,,,43.7838,40.1961,0.0302,,0.0,1.0,,,,0.9052625105483264
robot_3,warehouse,robot_anomaly_warehouse,2026-04-26 06:35:17.395000+00:00,,,,,,,48.1167,46.7438,0.0832,,0.0,1.0,,,,0.8952076680917596
robot_4,lab,robot_anomaly_lab,2026-05-05 21:18:18.431000+00:00,,,,,,,31.631,52.9894,0.0638999999999999,,0.0,1.0,,,,0.8731666273098824
robot_2,outdoor,robot_anomaly_outdoor,2026-04-23 03:21:03.119000+00:00,,,,,,,30.1676,52.0118,0.0164999999999999,,0.0,1.0,,,,0.95481581667162
robot_5,warehouse,robot_anomaly_warehouse,2026-05-10 12:00:33.459000+00:00,,,,,,,32.4958,44.3725,0.0101999999999999,,0.0,1.0,,,,0.9274471405055426
robot_3,hospital,robot_anomaly_hospital,2026-04-28 08:57:25.791000+00:00,,,,,,,274.5987,2.3815,0.0379,,1.0,0.0,,,,0.5972596427169703
robot_3,warehouse,robot_anomaly_warehouse,2026-04-23 07:33:44.672000+00:00,,,,,,,24.2411,56.9388,0.0472,,0.0,1.0,,,,0.969089465230336
robot_3,warehouse,robot_anomaly_warehouse,2026-04-27 04:27:30.258000+00:00,,,,,,,34.5528,46.8515,0.0614,,0.0,1.0,,,,0.9262427664320848
robot_3,warehouse,robot_anomaly_warehouse,2026-04-29 09:47:37.564000+00:00,,,,,,,30.1835,51.3042,0.0314999999999999,,0.0,1.0,,,,0.9175630901382316
robot_2,hospital,robot_anomaly_hospital,2026-04-17 08:09:32.227000+00:00,,,,,,,41.5438,54.2794,0.037,,0.0,1.0,,,,0.9194054654145652
robot_4,outdoor,robot_anomaly_outdoor,2026-04-13 11:16:22.851000+00:00,,,,,,,31.2732,44.2541,0.049,,0.0,1.0,,,,0.9483397761399152
robot_2,warehouse,robot_anomaly_warehouse,2026-05-08 02:00:20.985000+00:00,,,,,,,38.9503,44.4435,0.0,,0.0,1.0,,,,0.9127118800938068
robot_1,outdoor,robot_anomaly_outdoor,2026-04-15 11:20:56.078000+00:00,,,,,,,36.4947,41.7601,0.0786,,1.0,0.0,,,,0.5892705406706324
robot_2,hospital,robot_anomaly_hospital,2026-04-23 06:27:16.897000+00:00,,,,,,,16.042,53.7919,0.0464999999999999,,0.0,1.0,,,,0.9192665608952229
robot_4,warehouse,robot_anomaly_warehouse,2026-04-14 20:03:56.093000+00:00,,,,,,,52.0871,48.3076,0.0093999999999999,,0.0,1.0,,,,0.8697443337790876
robot_1,hospital,robot_anomaly_hospital,2026-05-08 15:38:40.798000+00:00,,,,,,,44.7976,42.6509,0.0364999999999999,,0.0,1.0,,,,0.9212281826133356
robot_1,lab,robot_anomaly_lab,2026-04-18 01:53:10.579000+00:00,,,,,,,27.1125,42.5681,0.0081999999999999,,0.0,1.0,,,,0.9339797626651102
robot_4,lab,robot_anomaly_lab,2026-04-13 17:32:49.226000+00:00,,,,,,,27.9358,42.5073,0.048,,0.0,1.0,,,,0.9543642874343984
robot_3,warehouse,robot_anomaly_warehouse,2026-04-24 05:24:22.956000+00:00,,,,,,,146.2909,11.9801,0.0703,,1.0,0.0,,,,0.6756559722424855
robot_5,outdoor,robot_anomaly_outdoor,2026-04-27 07:44:38.366000+00:00,,,,,,,46.2844,54.5638,0.0256999999999999,,1.0,0.0,,,,0.5794206312064378
robot_2,hospital,robot_anomaly_hospital,2026-04-28 22:10:56.365000+00:00,,,,,,,25.9919,40.8891,0.0564999999999999,,0.0,1.0,,,,0.8442083997708816
robot_5,outdoor,robot_anomaly_outdoor,2026-04-13 22:00:36.045000+00:00,,,,,,,29.2885,47.773,0.0031999999999999,,0.0,1.0,,,,0.933753017577064
robot_5,lab,robot_anomaly_lab,2026-04-24 07:02:35.330000+00:00,,,,,,,41.3981,52.4203,0.0444999999999999,,0.0,1.0,,,,0.9190129750766032
robot_2,lab,robot_anomaly_lab,2026-04-28 11:50:47.557000+00:00,,,,,,,46.9349,60.1638,0.0274999999999999,,1.0,0.0,,,,0.694527794624226
robot_2,warehouse,robot_anomaly_warehouse,2026-04-13 13:52:25.534000+00:00,,,,,,,33.8933,43.5796,0.0,,1.0,0.0,,,,0.7152086738127778
robot_5,outdoor,robot_anomaly_outdoor,2026-05-10 06:41:03.994000+00:00,,,,,,,32.241,30.0,0.0532,,0.0,1.0,,,,0.9545417575994788
robot_4,outdoor,robot_anomaly_outdoor,2026-04-29 04:46:12.319000+00:00,,,,,,,24.2279,56.3354,0.0561,,1.0,0.0,,,,0.6835825792817015
robot_2,lab,robot_anomaly_lab,2026-04-27 00:14:26.739000+00:00,,,,,,,51.3282,48.3464,0.0582,,1.0,0.0,,,,0.6738523727285847
robot_2,hospital,robot_anomaly_hospital,2026-05-05 05:40:40.700000+00:00,,,,,,,35.2429,56.0147,0.0669999999999999,,0.0,1.0,,,,0.8708397996801447
robot_5,hospital,robot_anomaly_hospital,2026-04-15 13:20:35.954000+00:00,,,,,,,34.1138,38.529,0.0909999999999999,,0.0,1.0,,,,0.9163562902641929
robot_4,hospital,robot_anomaly_hospital,2026-04-19 22:32:10.339000+00:00,,,,,,,28.1937,58.3197,0.0275999999999999,,0.0,1.0,,,,0.9132985488295194
robot_5,warehouse,robot_anomaly_warehouse,2026-05-05 05:42:23.760000+00:00,,,,,,,30.211,57.2926,0.0687999999999999,,0.0,1.0,,,,0.8851298544676176
robot_2,warehouse,robot_anomaly_warehouse,2026-04-29 15:13:29.014000+00:00,,,,,,,23.8222,49.863,0.1105,,0.0,1.0,,,,0.9199215773060696
robot_2,outdoor,robot_anomaly_outdoor,2026-04-28 06:20:58.099000+00:00,,,,,,,18.9688,52.4061,0.0879999999999999,,1.0,0.0,,,,0.5647557111960013
robot_2,hospital,robot_anomaly_hospital,2026-04-28 15:37:43.862000+00:00,,,,,,,40.0153,42.8384,0.0737999999999999,,0.0,1.0,,,,0.8714460494935097
robot_2,hospital,robot_anomaly_hospital,2026-04-20 22:28:35.753000+00:00,,,,,,,53.8278,50.8391,0.0703,,0.0,1.0,,,,0.889512084320139
robot_3,warehouse,robot_anomaly_warehouse,2026-04-26 16:19:30.727000+00:00,,,,,,,40.3368,53.3469,0.0726,,1.0,0.0,,,,0.5774226362915813
robot_3,lab,robot_anomaly_lab,2026-04-22 13:24:37.064000+00:00,,,,,,,39.1136,30.9424,0.0617999999999999,,0.0,1.0,,,,0.8834410735004731
robot_3,lab,robot_anomaly_lab,2026-04-28 09:21:39.723000+00:00,,,,,,,22.4734,55.8147,0.0399,,0.0,1.0,,,,0.8796627264023884
robot_3,hospital,robot_anomaly_hospital,2026-04-16 07:27:56.917000+00:00,,,,,,,39.2922,49.5631,0.0645999999999999,,0.0,1.0,,,,0.912321197379074
robot_2,warehouse,robot_anomaly_warehouse,2026-04-28 19:17:50.710000+00:00,,,,,,,31.6911,43.4496,0.0154999999999999,,0.0,1.0,,,,0.9147529049945228
robot_5,outdoor,robot_anomaly_outdoor,2026-04-15 02:20:50.373000+00:00,,,,,,,36.8946,47.1397,0.0319,,1.0,0.0,,,,0.7153218010235733
robot_1,outdoor,robot_anomaly_outdoor,2026-05-05 02:19:26.159000+00:00,,,,,,,48.8381,42.556,0.0348,,0.0,1.0,,,,0.8697760077432376
robot_2,hospital,robot_anomaly_hospital,2026-05-05 22:35:06.203000+00:00,,,,,,,31.6085,51.8971,0.0409,,0.0,1.0,,,,0.9330894847539484
robot_3,lab,robot_anomaly_lab,2026-04-27 00:24:57.913000+00:00,,,,,,,39.2804,60.1151,0.0,,0.0,1.0,,,,0.8666027086704838
robot_1,hospital,robot_anomaly_hospital,2026-04-21 10:40:01.348000+00:00,,,,,,,30.1416,53.0169,0.0304999999999999,,0.0,1.0,,,,0.9083062175517708
robot_3,lab,robot_anomaly_lab,2026-04-20 12:33:39.215000+00:00,,,,,,,37.3749,58.5856,0.051,,0.0,1.0,,,,0.8604076431705703
robot_1,warehouse,robot_anomaly_warehouse,2026-04-17 21:23:29.644000+00:00,,,,,,,34.6126,51.3583,0.0728999999999999,,0.0,1.0,,,,0.9097304688355028
robot_4,warehouse,robot_anomaly_warehouse,2026-05-03 04:50:40.410000+00:00,,,,,,,40.4031,50.8394,0.1054,,1.0,0.0,,,,0.7513794401994203
robot_5,lab,robot_anomaly_lab,2026-05-02 23:25:49.041000+00:00,,,,,,,35.1668,62.41,0.0107,,0.0,1.0,,,,0.8992880580297801
robot_5,outdoor,robot_anomaly_outdoor,2026-04-21 21:42:29.917000+00:00,,,,,,,58.373,57.6864,0.0399,,0.0,1.0,,,,0.9286396679441596
robot_1,lab,robot_anomaly_lab,2026-05-09 08:50:15.528000+00:00,,,,,,,35.0893,32.5963,0.1038999999999999,,0.0,1.0,,,,0.8836391613451898
robot_4,outdoor,robot_anomaly_outdoor,2026-05-07 11:03:32.481000+00:00,,,,,,,277.9565,3.822,0.0436999999999999,,1.0,0.0,,,,0.643193690729235
robot_5,warehouse,robot_anomaly_warehouse,2026-05-09 10:09:59.568000+00:00,,,,,,,64.0938,50.722,0.0844,,0.0,1.0,,,,0.9082697416200334
robot_4,hospital,robot_anomaly_hospital,2026-04-28 21:59:22.698000+00:00,,,,,,,59.2212,51.6656,0.0358,,0.0,1.0,,,,0.9650495002137844
robot_1,lab,robot_anomaly_lab,2026-04-14 11:00:51.487000+00:00,,,,,,,29.9317,47.5004,0.0503,,0.0,1.0,,,,0.9677533130435872
robot_2,outdoor,robot_anomaly_outdoor,2026-04-23 08:23:47.786000+00:00,,,,,,,43.5794,59.2246,0.0779999999999999,,0.0,1.0,,,,0.8989337660916783
robot_1,warehouse,robot_anomaly_warehouse,2026-04-25 09:02:44.106000+00:00,,,,,,,48.5886,54.1061,0.0191999999999999,,0.0,1.0,,,,0.925506247870386
robot_2,warehouse,robot_anomaly_warehouse,2026-04-22 04:56:02.513000+00:00,,,,,,,28.6662,36.9571,0.0795,,0.0,1.0,,,,0.895778446740841
robot_2,warehouse,robot_anomaly_warehouse,2026-04-22 09:22:57.660000+00:00,,,,,,,26.9705,40.8606,0.041,,0.0,1.0,,,,0.908998912333306
robot_3,outdoor,robot_anomaly_outdoor,2026-05-08 08:20:58.683000+00:00,,,,,,,13.8331,37.2195,0.0739999999999999,,0.0,1.0,,,,0.8841014368741167
robot_3,warehouse,robot_anomaly_warehouse,2026-04-28 05:21:11.240000+00:00,,,,,,,38.7051,69.4653,0.0461,,0.0,1.0,,,,0.8701766454214048
robot_3,outdoor,robot_anomaly_outdoor,2026-04-22 22:01:32.253000+00:00,,,,,,,34.259,44.1228,0.0,,0.0,1.0,,,,0.8739547854045252
robot_4,hospital,robot_anomaly_hospital,2026-05-05 03:42:41.323000+00:00,,,,,,,24.3671,51.5154,0.0093999999999999,,0.0,1.0,,,,0.9057318311758468
robot_1,outdoor,robot_anomaly_outdoor,2026-05-09 01:04:09.356000+00:00,,,,,,,37.571,41.549,0.0135999999999999,,0.0,1.0,,,,0.9258345586089004
robot_2,lab,robot_anomaly_lab,2026-05-03 18:27:51.365000+00:00,,,,,,,46.3027,66.1236,0.0331,,0.0,1.0,,,,0.935661305049497
robot_1,warehouse,robot_anomaly_warehouse,2026-04-28 10:17:58.951000+00:00,,,,,,,30.5242,46.7643,0.0818999999999999,,0.0,1.0,,,,0.8619059558488844
robot_2,warehouse,robot_anomaly_warehouse,2026-05-07 20:43:37.778000+00:00,,,,,,,46.7147,38.887,0.0232,,0.0,1.0,,,,0.950045982993144
robot_2,hospital,robot_anomaly_hospital,2026-04-27 07:24:36.196000+00:00,,,,,,,23.0917,53.4666,0.011,,0.0,1.0,,,,0.9136417986065254
robot_1,hospital,robot_anomaly_hospital,2026-04-23 10:17:03.590000+00:00,,,,,,,45.864,40.2695,0.0404999999999999,,0.0,1.0,,,,0.8893911544636774
robot_1,warehouse,robot_anomaly_warehouse,2026-05-05 12:41:55.476000+00:00,,,,,,,17.5448,51.0324,0.037,,0.0,1.0,,,,0.9140158033963608
robot_3,warehouse,robot_anomaly_warehouse,2026-04-24 12:38:42.963000+00:00,,,,,,,40.0487,45.134,0.0890999999999999,,0.0,1.0,,,,0.8489649451879224
robot_1,hospital,robot_anomaly_hospital,2026-04-12 05:36:26.805000+00:00,,,,,,,29.7727,39.0365,0.0645,,0.0,1.0,,,,0.8920091071411977
robot_4,hospital,robot_anomaly_hospital,2026-04-11 22:25:47.178000+00:00,,,,,,,47.5981,63.5577,0.0484999999999999,,0.0,1.0,,,,0.8715051967615077
robot_2,lab,robot_anomaly_lab,2026-05-05 11:39:55.744000+00:00,,,,,,,34.5259,51.0805,0.0877,,1.0,0.0,,,,0.7514226254273794
robot_2,outdoor,robot_anomaly_outdoor,2026-04-21 19:58:42.093000+00:00,,,,,,,25.8537,60.0107,0.0207,,0.0,1.0,,,,0.882809681972758
robot_3,warehouse,robot_anomaly_warehouse,2026-04-23 02:45:07.345000+00:00,,,,,,,35.6918,48.3747,0.0199,,0.0,1.0,,,,0.9566041680125088
robot_1,outdoor,robot_anomaly_outdoor,2026-05-04 05:36:49.570000+00:00,,,,,,,34.2832,55.6186,0.3802999999999999,,1.0,0.0,,,,0.6741271552674092
robot_5,warehouse,robot_anomaly_warehouse,2026-04-29 06:29:05.814000+00:00,,,,,,,46.0939,49.8461,0.0365999999999999,,0.0,1.0,,,,0.9578344013848192
robot_4,outdoor,robot_anomaly_outdoor,2026-04-26 15:34:34.404000+00:00,,,,,,,43.348,45.8676,0.0748999999999999,,1.0,0.0,,,,0.5668323019294876
robot_2,warehouse,robot_anomaly_warehouse,2026-04-16 02:42:28.563000+00:00,,,,,,,24.3506,34.8163,0.0083999999999999,,0.0,1.0,,,,0.9278166068118232
robot_2,warehouse,robot_anomaly_warehouse,2026-05-09 04:58:38.456000+00:00,,,,,,,49.7647,50.649,0.0395999999999999,,0.0,1.0,,,,0.9084997570886052
robot_5,hospital,robot_anomaly_hospital,2026-05-08 11:22:23.863000+00:00,,,,,,,39.714,51.7742,0.0283999999999999,,0.0,1.0,,,,0.9046476214394172
robot_2,lab,robot_anomaly_lab,2026-04-15 01:40:18.633000+00:00,,,,,,,24.0418,45.0566,0.0934,,0.0,1.0,,,,0.8599064643408376
robot_3,warehouse,robot_anomaly_warehouse,2026-04-12 07:52:24.260000+00:00,,,,,,,27.4268,43.0182,0.0413999999999999,,1.0,0.0,,,,0.6542004651131944
robot_1,outdoor,robot_anomaly_outdoor,2026-04-21 16:10:34.464000+00:00,,,,,,,21.8849,47.4097,0.0425999999999999,,0.0,1.0,,,,0.8989921347011081
robot_4,outdoor,robot_anomaly_outdoor,2026-05-01 15:01:24.390000+00:00,,,,,,,35.8965,44.6642,0.0729999999999999,,0.0,1.0,,,,0.9088933204778776
robot_4,lab,robot_anomaly_lab,2026-05-06 00:55:02.992000+00:00,,,,,,,43.8018,46.8023,0.0403,,0.0,1.0,,,,0.9075463159397644
robot_4,hospital,robot_anomaly_hospital,2026-04-27 14:22:11.845000+00:00,,,,,,,46.7889,48.9264,0.0817999999999999,,1.0,0.0,,,,0.5812255217474271
robot_3,lab,robot_anomaly_lab,2026-05-05 05:53:00.194000+00:00,,,,,,,42.0455,38.4748,0.0899999999999999,,0.0,1.0,,,,0.8677737350627132
robot_5,hospital,robot_anomaly_hospital,2026-04-14 12:51:40.859000+00:00,,,,,,,38.1408,43.9948,0.0553,,0.0,1.0,,,,0.8896711275840008
robot_3,warehouse,robot_anomaly_warehouse,2026-04-15 06:19:18.693000+00:00,,,,,,,34.3196,46.3567,0.0507999999999999,,0.0,1.0,,,,0.9441478289213712
robot_3,warehouse,robot_anomaly_warehouse,2026-04-14 21:31:40.138000+00:00,,,,,,,23.9328,43.957,0.01,,0.0,1.0,,,,0.9131410244888324
robot_3,outdoor,robot_anomaly_outdoor,2026-05-07 07:09:07.597000+00:00,,,,,,,22.8416,53.6763,0.0466999999999999,,0.0,1.0,,,,0.9165834936547596
robot_4,warehouse,robot_anomaly_warehouse,2026-05-06 15:44:31.973000+00:00,,,,,,,26.3798,51.4995,0.0288,,0.0,1.0,,,,0.9087289718821764
robot_2,outdoor,robot_anomaly_outdoor,2026-04-20 20:42:40.345000+00:00,,,,,,,37.6294,56.2088,0.0676999999999999,,0.0,1.0,,,,0.9380610273229224
robot_4,lab,robot_anomaly_lab,2026-04-28 07:35:14.866000+00:00,,,,,,,16.2352,43.6352,0.0970999999999999,,0.0,1.0,,,,0.9431854662814654
robot_1,outdoor,robot_anomaly_outdoor,2026-05-01 01:47:44.314000+00:00,,,,,,,30.5,51.6751,0.3386,,1.0,0.0,,,,0.6843846231549108
robot_4,lab,robot_anomaly_lab,2026-04-13 01:58:59.617000+00:00,,,,,,,36.4687,41.3144,0.0812,,0.0,1.0,,,,0.8513570840977718
robot_2,hospital,robot_anomaly_hospital,2026-04-20 05:28:27.821000+00:00,,,,,,,45.9862,47.9887,0.6242,,1.0,0.0,,,,0.5569716499808357
robot_4,hospital,robot_anomaly_hospital,2026-04-24 04:28:12.608000+00:00,,,,,,,210.0376,9.9709,0.0847999999999999,,1.0,0.0,,,,0.5875334105693562
robot_2,warehouse,robot_anomaly_warehouse,2026-05-05 01:29:12.952000+00:00,,,,,,,22.4275,39.6664,0.0396999999999999,,0.0,1.0,,,,0.8916728405011298
robot_5,hospital,robot_anomaly_hospital,2026-04-26 12:18:53.259000+00:00,,,,,,,258.6368,4.9117,0.0521,,1.0,0.0,,,,0.6472031794425186
robot_4,lab,robot_anomaly_lab,2026-04-28 00:41:39.373000+00:00,,,,,,,48.6962,55.9176,0.0452,,0.0,1.0,,,,0.9334873013377528
robot_5,outdoor,robot_anomaly_outdoor,2026-04-26 00:17:56.294000+00:00,,,,,,,43.5454,33.7922,0.0676999999999999,,0.0,1.0,,,,0.919089379855911
robot_5,hospital,robot_anomaly_hospital,2026-04-30 04:24:02.297000+00:00,,,,,,,45.6184,55.7136,0.0936,,0.0,1.0,,,,0.863422318318365
robot_5,hospital,robot_anomaly_hospital,2026-04-16 20:41:02.290000+00:00,,,,,,,41.0573,44.8958,0.0151999999999999,,1.0,0.0,,,,0.5746660429286203
robot_2,warehouse,robot_anomaly_warehouse,2026-04-11 19:00:52.456000+00:00,,,,,,,23.5396,41.0014,0.0324999999999999,,0.0,1.0,,,,0.9663188428174352
robot_2,lab,robot_anomaly_lab,2026-04-13 02:00:32.068000+00:00,,,,,,,15.5404,57.3717,0.0794,,0.0,1.0,,,,0.9506321492730164
robot_4,hospital,robot_anomaly_hospital,2026-04-18 23:35:23.740000+00:00,,,,,,,23.5126,30.0,0.0,,0.0,1.0,,,,0.9040364616392792
robot_5,outdoor,robot_anomaly_outdoor,2026-04-14 05:38:35.658000+00:00,,,,,,,37.1445,40.5359,0.0201999999999999,,0.0,1.0,,,,0.9404560099098104
robot_2,warehouse,robot_anomaly_warehouse,2026-04-23 15:15:17.704000+00:00,,,,,,,32.483,61.6936,0.0810999999999999,,0.0,1.0,,,,0.8611333263976615
robot_4,outdoor,robot_anomaly_outdoor,2026-05-09 08:39:58.509000+00:00,,,,,,,34.8439,51.9606,0.0298,,0.0,1.0,,,,0.8965378519458854
robot_3,outdoor,robot_anomaly_outdoor,2026-05-07 08:08:47.503000+00:00,,,,,,,53.667,59.0944,0.0391,,0.0,1.0,,,,0.8825079932709514
robot_3,lab,robot_anomaly_lab,2026-05-02 02:51:13.434000+00:00,,,,,,,27.1055,59.2627,0.0308,,0.0,1.0,,,,0.9470908224421865
robot_2,lab,robot_anomaly_lab,2026-04-16 03:52:14.317000+00:00,,,,,,,40.3577,50.9191,0.0042999999999999,,0.0,1.0,,,,0.9466661218300136
robot_2,outdoor,robot_anomaly_outdoor,2026-04-14 17:12:03.192000+00:00,,,,,,,30.5676,65.3942,0.1079999999999999,,0.0,1.0,,,,0.936216636768758
robot_1,lab,robot_anomaly_lab,2026-04-15 00:37:35.195000+00:00,,,,,,,26.4217,38.3017,0.0704,,0.0,1.0,,,,0.9591084094956202
robot_5,hospital,robot_anomaly_hospital,2026-04-20 07:41:37.957000+00:00,,,,,,,37.3214,47.3556,0.035,,0.0,1.0,,,,0.8550342596233262
robot_2,hospital,robot_anomaly_hospital,2026-04-27 21:07:36.563000+00:00,,,,,,,44.4909,47.9828,0.0284999999999999,,0.0,1.0,,,,0.9101016385270732
robot_4,hospital,robot_anomaly_hospital,2026-04-20 23:58:11.221000+00:00,,,,,,,33.645,51.0437,0.0003999999999999,,0.0,1.0,,,,0.9627103615569697
robot_3,warehouse,robot_anomaly_warehouse,2026-05-05 06:22:45.172000+00:00,,,,,,,42.4343,48.8481,0.0806,,0.0,1.0,,,,0.9357580753847744
robot_1,outdoor,robot_anomaly_outdoor,2026-05-06 18:44:39.560000+00:00,,,,,,,33.7936,49.8334,0.0471,,0.0,1.0,,,,0.8321054415140432
robot_4,warehouse,robot_anomaly_warehouse,2026-04-24 05:56:41.996000+00:00,,,,,,,20.1255,52.8271,0.0454999999999999,,0.0,1.0,,,,0.931393717379538
robot_4,lab,robot_anomaly_lab,2026-04-11 01:13:49.977000+00:00,,,,,,,54.0845,46.836,0.0728999999999999,,0.0,1.0,,,,0.9229558293307704
robot_2,hospital,robot_anomaly_hospital,2026-04-16 04:04:34.325000+00:00,,,,,,,34.0416,42.8772,0.0732,,0.0,1.0,,,,0.9037649279458584
robot_2,lab,robot_anomaly_lab,2026-05-02 11:14:39.544000+00:00,,,,,,,25.2742,30.0,0.023,,0.0,1.0,,,,0.9853395257319134
robot_2,lab,robot_anomaly_lab,2026-04-18 11:48:39.670000+00:00,,,,,,,34.4118,50.9473,0.0253999999999999,,0.0,1.0,,,,0.9164020642649084
robot_5,warehouse,robot_anomaly_warehouse,2026-04-28 04:35:05.252000+00:00,,,,,,,39.1637,48.729,0.0079,,0.0,1.0,,,,0.9324114400245372
robot_3,outdoor,robot_anomaly_outdoor,2026-05-05 07:18:27.579000+00:00,,,,,,,51.9612,49.3785,0.0683,,1.0,0.0,,,,0.5872347903530358
robot_5,hospital,robot_anomaly_hospital,2026-04-16 18:29:31.363000+00:00,,,,,,,39.0084,54.8712,0.062,,0.0,1.0,,,,0.943702160276808
robot_1,warehouse,robot_anomaly_warehouse,2026-05-06 02:18:34.028000+00:00,,,,,,,18.6925,59.1541,0.0188,,0.0,1.0,,,,0.9851713345561588
robot_3,outdoor,robot_anomaly_outdoor,2026-05-01 04:46:49.710000+00:00,,,,,,,41.1316,47.698,0.0068,,0.0,1.0,,,,0.9109385224828656
robot_1,lab,robot_anomaly_lab,2026-04-24 19:27:33.710000+00:00,,,,,,,37.9184,53.8568,0.0738999999999999,,0.0,1.0,,,,0.9337877219453312
robot_5,outdoor,robot_anomaly_outdoor,2026-04-29 12:26:24.731000+00:00,,,,,,,15.113,35.367,0.0497999999999999,,0.0,1.0,,,,0.9132700554138392
robot_2,hospital,robot_anomaly_hospital,2026-05-04 16:27:09.506000+00:00,,,,,,,27.0745,33.4296,0.0883,,0.0,1.0,,,,0.9284299134650192
robot_4,warehouse,robot_anomaly_warehouse,2026-05-05 05:00:14.572000+00:00,,,,,,,36.9428,46.415,0.0504,,0.0,1.0,,,,0.9512221827149516
robot_2,warehouse,robot_anomaly_warehouse,2026-04-10 17:51:55.543000+00:00,,,,,,,126.2384,15.7178,0.1079999999999999,,1.0,0.0,,,,0.6868810179281734
robot_3,lab,robot_anomaly_lab,2026-04-14 13:24:14.536000+00:00,,,,,,,33.9747,56.3608,0.0672,,0.0,1.0,,,,0.8837579005768706
robot_3,warehouse,robot_anomaly_warehouse,2026-04-25 16:52:45.952000+00:00,,,,,,,41.2957,50.8307,0.0508999999999999,,0.0,1.0,,,,0.8163320808600408
robot_5,hospital,robot_anomaly_hospital,2026-04-16 09:22:04.793000+00:00,,,,,,,43.1195,51.2357,0.0953,,0.0,1.0,,,,0.8594789680352516
robot_3,warehouse,robot_anomaly_warehouse,2026-04-13 13:10:37.538000+00:00,,,,,,,53.5385,46.0174,0.1011999999999999,,1.0,0.0,,,,0.668190161702656
robot_4,outdoor,robot_anomaly_outdoor,2026-04-26 14:21:27.295000+00:00,,,,,,,39.3558,41.2562,0.0631,,0.0,1.0,,,,0.8956295971322513
robot_2,hospital,robot_anomaly_hospital,2026-04-28 08:37:57.441000+00:00,,,,,,,35.8584,53.7057,0.0644,,0.0,1.0,,,,0.9131181937865518
robot_1,warehouse,robot_anomaly_warehouse,2026-04-29 11:27:59.835000+00:00,,,,,,,54.5835,54.5983,0.0817999999999999,,0.0,1.0,,,,0.867116396492887
robot_3,outdoor,robot_anomaly_outdoor,2026-05-02 13:16:34.476000+00:00,,,,,,,24.9937,35.5507,0.001,,1.0,0.0,,,,0.7758946354936433
robot_4,lab,robot_anomaly_lab,2026-04-30 16:11:11.401000+00:00,,,,,,,48.1904,30.0,0.0523,,0.0,1.0,,,,0.9018278728480906
robot_2,hospital,robot_anomaly_hospital,2026-04-20 10:15:22.735000+00:00,,,,,,,28.3994,54.7661,0.0768999999999999,,0.0,1.0,,,,0.8248368288156357
robot_4,lab,robot_anomaly_lab,2026-04-28 09:35:35.033000+00:00,,,,,,,31.6213,45.9383,0.0546999999999999,,0.0,1.0,,,,0.9052751659668477
robot_5,warehouse,robot_anomaly_warehouse,2026-04-11 02:47:12.738000+00:00,,,,,,,47.4616,37.2743,0.0502,,0.0,1.0,,,,0.9624582089562717
robot_2,hospital,robot_anomaly_hospital,2026-04-13 09:09:05.984000+00:00,,,,,,,44.1458,53.6982,0.02,,0.0,1.0,,,,0.9633897617381592
robot_1,warehouse,robot_anomaly_warehouse,2026-05-07 10:32:54.929000+00:00,,,,,,,27.6042,43.0215,0.0211,,1.0,0.0,,,,0.7494656518641758
robot_2,lab,robot_anomaly_lab,2026-04-23 20:55:58.335000+00:00,,,,,,,50.3024,50.9918,0.028,,0.0,1.0,,,,0.9573927438157636
robot_5,outdoor,robot_anomaly_outdoor,2026-04-17 19:19:23.458000+00:00,,,,,,,49.9081,46.694,0.4363,,1.0,0.0,,,,0.6567901178916424
robot_4,hospital,robot_anomaly_hospital,2026-04-28 21:19:23.737000+00:00,,,,,,,29.9648,48.1849,0.0576999999999999,,0.0,1.0,,,,0.9034576316702876
robot_2,warehouse,robot_anomaly_warehouse,2026-04-14 19:18:36.782000+00:00,,,,,,,18.2659,50.1226,0.0161,,0.0,1.0,,,,0.869279860068582
robot_3,outdoor,robot_anomaly_outdoor,2026-04-19 15:53:00.829000+00:00,,,,,,,27.6036,43.671,0.0373,,0.0,1.0,,,,0.8985802042109794
robot_1,outdoor,robot_anomaly_outdoor,2026-04-24 17:48:01.436000+00:00,,,,,,,31.2042,45.492,0.1240999999999999,,0.0,1.0,,,,0.8897038331230069
robot_3,outdoor,robot_anomaly_outdoor,2026-04-19 16:57:56.878000+00:00,,,,,,,28.8931,45.8809,0.0203999999999999,,0.0,1.0,,,,0.8931443144742218
robot_4,lab,robot_anomaly_lab,2026-05-08 11:39:17.560000+00:00,,,,,,,39.9335,58.1396,0.0591,,1.0,0.0,,,,0.5858930631149519
robot_5,warehouse,robot_anomaly_warehouse,2026-05-05 08:54:29.622000+00:00,,,,,,,44.3531,40.4632,0.0587999999999999,,0.0,1.0,,,,0.94008601643919
robot_3,outdoor,robot_anomaly_outdoor,2026-05-08 01:03:10.289000+00:00,,,,,,,34.1521,50.4423,0.0753,,0.0,1.0,,,,0.9436346537939524
robot_1,outdoor,robot_anomaly_outdoor,2026-04-10 19:39:03.260000+00:00,,,,,,,212.0269,6.1759,0.0369,,1.0,0.0,,,,0.632651712799786
robot_4,outdoor,robot_anomaly_outdoor,2026-04-22 18:19:31.655000+00:00,,,,,,,38.3375,52.9722,0.0544,,0.0,1.0,,,,0.9664222583698387
robot_2,warehouse,robot_anomaly_warehouse,2026-04-17 15:01:30.904000+00:00,,,,,,,39.4097,42.6034,0.0928,,0.0,1.0,,,,0.8580018520984387
robot_4,warehouse,robot_anomaly_warehouse,2026-04-16 02:32:25.282000+00:00,,,,,,,25.1959,47.8954,0.0363,,1.0,0.0,,,,0.649996524867088
robot_1,warehouse,robot_anomaly_warehouse,2026-05-03 22:18:23.002000+00:00,,,,,,,29.7269,32.7958,0.0446999999999999,,0.0,1.0,,,,0.8917716986195184
robot_4,warehouse,robot_anomaly_warehouse,2026-04-28 07:27:37.706000+00:00,,,,,,,48.5144,43.1376,0.0789999999999999,,0.0,1.0,,,,0.8531270187867189
robot_3,outdoor,robot_anomaly_outdoor,2026-04-14 03:37:52.590000+00:00,,,,,,,34.8891,49.8403,0.0859999999999999,,1.0,0.0,,,,0.5755212504671194
robot_1,lab,robot_anomaly_lab,2026-05-05 01:30:12.293000+00:00,,,,,,,41.6321,55.391,0.033,,0.0,1.0,,,,0.910687285088376
robot_5,hospital,robot_anomaly_hospital,2026-04-11 10:45:34.101000+00:00,,,,,,,39.7541,43.8568,0.0597999999999999,,0.0,1.0,,,,0.8794619482997108
robot_1,hospital,robot_anomaly_hospital,2026-04-25 13:59:50.077000+00:00,,,,,,,293.7548,14.7994,0.0413,,1.0,0.0,,,,0.6179964370247488
robot_3,warehouse,robot_anomaly_warehouse,2026-04-17 06:13:39.343000+00:00,,,,,,,39.8682,57.2199,0.0129,,0.0,1.0,,,,0.9026242614378658
robot_5,lab,robot_anomaly_lab,2026-04-17 07:22:19.063000+00:00,,,,,,,15.9817,44.244,0.0515999999999999,,0.0,1.0,,,,0.9643428452183738
robot_3,lab,robot_anomaly_lab,2026-04-26 03:34:41.758000+00:00,,,,,,,53.8344,67.5765,0.0574,,0.0,1.0,,,,0.8950510658590615
robot_5,warehouse,robot_anomaly_warehouse,2026-05-08 09:15:09.876000+00:00,,,,,,,255.4194,17.5677,0.0973,,1.0,0.0,,,,0.6156483005525089
robot_2,outdoor,robot_anomaly_outdoor,2026-05-05 20:46:28.898000+00:00,,,,,,,28.8919,62.5861,0.0614,,0.0,1.0,,,,0.96154222896871
robot_1,hospital,robot_anomaly_hospital,2026-04-18 07:57:24.463000+00:00,,,,,,,36.7602,45.4885,0.056,,0.0,1.0,,,,0.8998276268378478
robot_2,outdoor,robot_anomaly_outdoor,2026-04-14 00:58:47.320000+00:00,,,,,,,42.4256,50.6802,0.7192000000000001,,1.0,0.0,,,,0.6114806482804325
robot_4,warehouse,robot_anomaly_warehouse,2026-04-18 16:17:41.133000+00:00,,,,,,,44.5186,49.5174,0.0,,1.0,0.0,,,,0.7041471436338549
robot_5,lab,robot_anomaly_lab,2026-04-27 14:23:37.235000+00:00,,,,,,,40.2662,49.9545,0.0783,,0.0,1.0,,,,0.9479323287452304
robot_4,hospital,robot_anomaly_hospital,2026-04-19 22:33:06.338000+00:00,,,,,,,58.3601,51.3594,0.0522,,0.0,1.0,,,,0.8969894490080298
robot_3,outdoor,robot_anomaly_outdoor,2026-04-10 22:37:36.510000+00:00,,,,,,,26.2983,57.237,0.0767999999999999,,0.0,1.0,,,,0.9076487541351296
robot_1,lab,robot_anomaly_lab,2026-04-12 22:58:09.998000+00:00,,,,,,,30.8746,52.5019,0.021,,0.0,1.0,,,,0.9285771138807994
robot_2,outdoor,robot_anomaly_outdoor,2026-05-03 16:47:36.570000+00:00,,,,,,,47.3377,52.9187,0.0447999999999999,,0.0,1.0,,,,0.9171135427167424
robot_2,outdoor,robot_anomaly_outdoor,2026-05-07 09:23:52.474000+00:00,,,,,,,50.7661,46.4235,0.0177,,0.0,1.0,,,,0.8959783375160999
robot_3,lab,robot_anomaly_lab,2026-05-04 10:47:18.858000+00:00,,,,,,,38.7898,53.7234,0.029,,0.0,1.0,,,,0.8290597237948572
robot_1,warehouse,robot_anomaly_warehouse,2026-04-10 20:37:56.407000+00:00,,,,,,,54.558,47.0399,0.0495999999999999,,0.0,1.0,,,,0.9694154551474304
robot_2,outdoor,robot_anomaly_outdoor,2026-05-08 04:06:15.509000+00:00,,,,,,,62.3856,49.7904,0.0407999999999999,,0.0,1.0,,,,0.9400282763444034
robot_5,lab,robot_anomaly_lab,2026-04-19 13:30:47.901000+00:00,,,,,,,26.4304,51.5201,0.1112999999999999,,0.0,1.0,,,,0.9302114115394818
robot_5,hospital,robot_anomaly_hospital,2026-04-27 07:44:58.986000+00:00,,,,,,,29.6636,43.2692,0.0069,,0.0,1.0,,,,0.9390569802079822
robot_1,warehouse,robot_anomaly_warehouse,2026-04-26 12:43:09.801000+00:00,,,,,,,25.129,50.8985,0.0402,,0.0,1.0,,,,0.9113426296238988
robot_2,lab,robot_anomaly_lab,2026-04-29 16:44:43.415000+00:00,,,,,,,39.1965,67.6025,0.0891999999999999,,0.0,1.0,,,,0.8937798407237774
robot_3,outdoor,robot_anomaly_outdoor,2026-05-06 12:59:47.114000+00:00,,,,,,,30.6985,38.0169,0.0735,,0.0,1.0,,,,0.8858997799472954
robot_1,warehouse,robot_anomaly_warehouse,2026-04-21 08:33:05.249000+00:00,,,,,,,23.6376,52.1736,0.0665,,0.0,1.0,,,,0.9069423203729564
robot_4,lab,robot_anomaly_lab,2026-04-30 04:26:06.532000+00:00,,,,,,,39.4031,52.6271,0.0,,0.0,1.0,,,,0.9040859705160946
robot_2,lab,robot_anomaly_lab,2026-04-28 13:36:22.347000+00:00,,,,,,,36.9651,34.169,0.0524999999999999,,0.0,1.0,,,,0.913931484015852
robot_1,outdoor,robot_anomaly_outdoor,2026-04-25 21:17:41.766000+00:00,,,,,,,26.2107,51.0638,0.0406999999999999,,1.0,0.0,,,,0.7403751442655109
robot_3,hospital,robot_anomaly_hospital,2026-05-02 07:32:25.608000+00:00,,,,,,,26.9575,33.1804,0.0355999999999999,,0.0,1.0,,,,0.8881008195905764
robot_1,lab,robot_anomaly_lab,2026-04-17 10:48:36.282000+00:00,,,,,,,31.0988,48.2375,0.0816,,0.0,1.0,,,,0.8936579261227526
robot_2,lab,robot_anomaly_lab,2026-05-09 03:21:06.715000+00:00,,,,,,,35.7418,47.3984,0.0048,,0.0,1.0,,,,0.9288524258686122
robot_3,lab,robot_anomaly_lab,2026-05-02 18:21:17.197000+00:00,,,,,,,25.7453,61.9008,0.0645,,0.0,1.0,,,,0.8956591951644338
robot_1,hospital,robot_anomaly_hospital,2026-04-24 21:09:34.927000+00:00,,,,,,,42.9294,52.9689,0.029,,0.0,1.0,,,,0.9359272965006368
robot_5,lab,robot_anomaly_lab,2026-04-25 22:36:41.231000+00:00,,,,,,,35.8141,55.0127,0.0518999999999999,,0.0,1.0,,,,0.8790031679050901
robot_1,warehouse,robot_anomaly_warehouse,2026-04-30 14:48:33.585000+00:00,,,,,,,37.2862,52.9028,0.0469,,0.0,1.0,,,,0.8855505019692623
robot_1,lab,robot_anomaly_lab,2026-04-30 12:39:37.315000+00:00,,,,,,,44.0007,52.6121,0.0584999999999999,,0.0,1.0,,,,0.9156952130550065
robot_4,hospital,robot_anomaly_hospital,2026-04-12 14:06:06.828000+00:00,,,,,,,31.7144,46.6447,0.0544,,1.0,0.0,,,,0.7485284547267839
robot_5,hospital,robot_anomaly_hospital,2026-04-18 05:36:02.932000+00:00,,,,,,,28.5339,48.0494,0.0148,,0.0,1.0,,,,0.9271394855046922
robot_2,hospital,robot_anomaly_hospital,2026-05-08 09:52:41.785000+00:00,,,,,,,36.7277,51.0342,0.0054999999999999,,0.0,1.0,,,,0.8639037400588725
robot_4,lab,robot_anomaly_lab,2026-04-29 23:53:48.566000+00:00,,,,,,,47.532,43.2133,0.0786,,0.0,1.0,,,,0.8792295382585685
robot_5,warehouse,robot_anomaly_warehouse,2026-05-02 21:28:15.068000+00:00,,,,,,,40.446,43.4457,0.1014,,0.0,1.0,,,,0.9323004759619844
robot_3,lab,robot_anomaly_lab,2026-05-06 14:56:00.267000+00:00,,,,,,,48.8267,54.3509,0.0351,,0.0,1.0,,,,0.8670628670741476
robot_2,hospital,robot_anomaly_hospital,2026-04-30 05:30:52.919000+00:00,,,,,,,35.7279,66.6908,0.0713,,1.0,0.0,,,,0.7454009774329498
robot_5,lab,robot_anomaly_lab,2026-05-02 20:56:01.702000+00:00,,,,,,,41.0319,40.4687,0.0174999999999999,,0.0,1.0,,,,0.9320671707126345
robot_2,outdoor,robot_anomaly_outdoor,2026-04-14 23:47:01.892000+00:00,,,,,,,33.8303,54.1977,0.0836,,0.0,1.0,,,,0.8977145132393772
robot_1,hospital,robot_anomaly_hospital,2026-04-15 11:30:49.691000+00:00,,,,,,,31.1235,40.9773,0.0754,,0.0,1.0,,,,0.9494276133344972
robot_2,outdoor,robot_anomaly_outdoor,2026-05-05 02:59:17.170000+00:00,,,,,,,29.9536,54.9509,0.0586999999999999,,0.0,1.0,,,,0.912888445338546
robot_5,outdoor,robot_anomaly_outdoor,2026-04-17 12:01:09.608000+00:00,,,,,,,23.1845,50.4743,0.0514,,0.0,1.0,,,,0.8863640089278666
robot_5,lab,robot_anomaly_lab,2026-04-18 20:55:28.867000+00:00,,,,,,,32.2804,47.1535,0.0639999999999999,,0.0,1.0,,,,0.9036782337524109
robot_3,warehouse,robot_anomaly_warehouse,2026-04-20 07:07:32.989000+00:00,,,,,,,38.9238,41.796,0.0,,0.0,1.0,,,,0.9088508052354188
robot_1,outdoor,robot_anomaly_outdoor,2026-04-25 05:36:35.921000+00:00,,,,,,,43.7473,60.2876,0.0615,,0.0,1.0,,,,0.9428678973846444
robot_1,outdoor,robot_anomaly_outdoor,2026-04-27 03:52:43.292000+00:00,,,,,,,34.9911,62.471,0.0409,,0.0,1.0,,,,0.929047616717378
robot_5,warehouse,robot_anomaly_warehouse,2026-04-25 05:58:13.383000+00:00,,,,,,,34.2055,59.8836,0.0606999999999999,,0.0,1.0,,,,0.9369320028373692
robot_5,outdoor,robot_anomaly_outdoor,2026-04-21 18:37:25.210000+00:00,,,,,,,36.3284,47.9403,0.0876,,0.0,1.0,,,,0.8328749423085728
robot_5,lab,robot_anomaly_lab,2026-04-13 18:33:37.466000+00:00,,,,,,,38.2213,67.4094,0.0455999999999999,,1.0,0.0,,,,0.7737248386278675
robot_4,outdoor,robot_anomaly_outdoor,2026-04-13 09:28:26.900000+00:00,,,,,,,19.4248,38.5875,0.0183999999999999,,1.0,0.0,,,,0.714666723059781
robot_1,lab,robot_anomaly_lab,2026-04-26 01:43:32.481000+00:00,,,,,,,24.153,39.4829,0.0443,,0.0,1.0,,,,0.8802878081812008
robot_4,lab,robot_anomaly_lab,2026-05-06 23:45:17.024000+00:00,,,,,,,31.1634,41.0965,0.004,,0.0,1.0,,,,0.9062229853860077
robot_4,lab,robot_anomaly_lab,2026-04-12 08:40:30.518000+00:00,,,,,,,39.9422,33.8117,0.5541,,1.0,0.0,,,,0.5886835991827577
robot_4,warehouse,robot_anomaly_warehouse,2026-04-29 04:05:18.381000+00:00,,,,,,,32.9213,38.8331,0.0546999999999999,,0.0,1.0,,,,0.9739058113706291
robot_3,hospital,robot_anomaly_hospital,2026-05-03 16:56:09.245000+00:00,,,,,,,42.3025,30.0,0.1202999999999999,,0.0,1.0,,,,0.8831373979139615
robot_2,lab,robot_anomaly_lab,2026-04-29 18:31:12.918000+00:00,,,,,,,31.4991,41.1192,0.0987,,0.0,1.0,,,,0.868194791509177
robot_1,warehouse,robot_anomaly_warehouse,2026-04-15 18:07:01.941000+00:00,,,,,,,25.8047,45.9936,0.0879999999999999,,0.0,1.0,,,,0.9496799084266828
robot_4,hospital,robot_anomaly_hospital,2026-04-15 21:39:04.352000+00:00,,,,,,,24.183,48.1254,0.0547999999999999,,0.0,1.0,,,,0.929656619362824
robot_2,outdoor,robot_anomaly_outdoor,2026-04-19 13:58:55.491000+00:00,,,,,,,34.7796,41.9264,0.0227,,0.0,1.0,,,,0.904768721118124
robot_5,outdoor,robot_anomaly_outdoor,2026-04-20 06:56:33.744000+00:00,,,,,,,39.3527,32.7528,0.0954,,0.0,1.0,,,,0.8613545136310978
robot_5,lab,robot_anomaly_lab,2026-04-26 17:32:58.208000+00:00,,,,,,,34.3523,36.7073,0.017,,0.0,1.0,,,,0.9107520538600384
robot_4,warehouse,robot_anomaly_warehouse,2026-04-12 15:06:00.695000+00:00,,,,,,,46.942,35.8805,0.06,,0.0,1.0,,,,0.8950490539487065
robot_5,lab,robot_anomaly_lab,2026-05-08 13:08:00.799000+00:00,,,,,,,39.5516,57.6509,0.0797,,0.0,1.0,,,,0.9561152756182464
robot_4,warehouse,robot_anomaly_warehouse,2026-04-25 12:06:55.008000+00:00,,,,,,,54.7574,45.0124,0.0443999999999999,,1.0,0.0,,,,0.5720426338817397
robot_2,hospital,robot_anomaly_hospital,2026-04-19 06:09:44.517000+00:00,,,,,,,57.2097,42.1006,0.0403,,0.0,1.0,,,,0.8517095925472387
robot_3,hospital,robot_anomaly_hospital,2026-04-12 06:33:05.705000+00:00,,,,,,,45.1338,54.3628,0.0269,,1.0,0.0,,,,0.59406523653633
robot_2,warehouse,robot_anomaly_warehouse,2026-05-06 04:07:49.406000+00:00,,,,,,,43.9005,51.0647,0.0968999999999999,,0.0,1.0,,,,0.8934004932690822
robot_3,hospital,robot_anomaly_hospital,2026-04-19 05:56:46.336000+00:00,,,,,,,36.4027,42.7654,0.0373999999999999,,0.0,1.0,,,,0.9358007259630602
robot_4,outdoor,robot_anomaly_outdoor,2026-05-01 13:37:54.169000+00:00,,,,,,,28.276,37.4397,0.0558999999999999,,0.0,1.0,,,,0.9656140771459832
robot_1,lab,robot_anomaly_lab,2026-04-21 06:20:05.905000+00:00,,,,,,,134.3727,8.6202,0.0752,,1.0,0.0,,,,0.6454016375876879
robot_2,lab,robot_anomaly_lab,2026-04-19 00:35:29.376000+00:00,,,,,,,33.5039,30.4466,0.06,,0.0,1.0,,,,0.8768051186270492
robot_3,lab,robot_anomaly_lab,2026-04-23 12:11:34.920000+00:00,,,,,,,37.9472,57.1032,0.7419,,1.0,0.0,,,,0.5626385268348908
robot_4,outdoor,robot_anomaly_outdoor,2026-04-26 11:44:36.851000+00:00,,,,,,,30.3762,49.9255,0.0,,0.0,1.0,,,,0.9471020923310628
robot_2,hospital,robot_anomaly_hospital,2026-05-09 01:57:15.641000+00:00,,,,,,,36.5451,52.0204,0.0384999999999999,,0.0,1.0,,,,0.9381240761859868
robot_2,warehouse,robot_anomaly_warehouse,2026-05-04 08:26:12.549000+00:00,,,,,,,37.5176,55.5772,0.052,,0.0,1.0,,,,0.9475059233797628
robot_3,hospital,robot_anomaly_hospital,2026-04-23 01:14:17.270000+00:00,,,,,,,35.2173,54.9215,0.0556999999999999,,0.0,1.0,,,,0.8926284287561138
robot_2,outdoor,robot_anomaly_outdoor,2026-05-09 23:50:46.297000+00:00,,,,,,,25.5592,55.3677,0.5624,,1.0,0.0,,,,0.5625562636613219
robot_1,lab,robot_anomaly_lab,2026-05-07 23:05:25.003000+00:00,,,,,,,53.928,46.2114,0.0768999999999999,,0.0,1.0,,,,0.8980575638604208
robot_3,outdoor,robot_anomaly_outdoor,2026-04-28 15:37:39.175000+00:00,,,,,,,181.9308,3.7307,0.0,,1.0,0.0,,,,0.6774443179898095
robot_1,lab,robot_anomaly_lab,2026-05-03 18:54:29.579000+00:00,,,,,,,22.8298,43.1973,0.0494,,0.0,1.0,,,,0.9053729444536438
robot_2,warehouse,robot_anomaly_warehouse,2026-05-06 16:41:23.411000+00:00,,,,,,,40.7508,46.171,0.0472,,0.0,1.0,,,,0.8882384550530394
robot_5,warehouse,robot_anomaly_warehouse,2026-04-28 10:42:14.082000+00:00,,,,,,,47.1476,46.1782,0.0525999999999999,,0.0,1.0,,,,0.9453508932899372
robot_3,lab,robot_anomaly_lab,2026-04-15 21:23:34.510000+00:00,,,,,,,22.2961,49.6496,0.0495999999999999,,0.0,1.0,,,,0.8629820422279343
robot_2,lab,robot_anomaly_lab,2026-04-30 01:38:45.350000+00:00,,,,,,,31.7941,37.1798,0.0825,,0.0,1.0,,,,0.937058764338384
robot_3,hospital,robot_anomaly_hospital,2026-04-30 04:52:15.813000+00:00,,,,,,,36.0836,42.5724,0.0131999999999999,,1.0,0.0,,,,0.5975356697442775
robot_5,outdoor,robot_anomaly_outdoor,2026-05-10 05:04:57.277000+00:00,,,,,,,49.1587,61.7628,0.0823,,0.0,1.0,,,,0.9034795699444622
robot_2,warehouse,robot_anomaly_warehouse,2026-04-24 22:54:17.887000+00:00,,,,,,,39.1562,37.9695,0.049,,0.0,1.0,,,,0.9318479133751522
robot_2,warehouse,robot_anomaly_warehouse,2026-04-12 22:40:11.604000+00:00,,,,,,,40.5339,52.4052,0.0938999999999999,,0.0,1.0,,,,0.9406400048880258
robot_1,warehouse,robot_anomaly_warehouse,2026-04-21 01:17:44.412000+00:00,,,,,,,17.2658,48.456,0.0524999999999999,,0.0,1.0,,,,0.9677545277069984
robot_2,lab,robot_anomaly_lab,2026-04-27 16:53:31.723000+00:00,,,,,,,41.5373,58.6393,0.0703,,0.0,1.0,,,,0.9016382217229352
robot_1,warehouse,robot_anomaly_warehouse,2026-05-07 07:02:01.717000+00:00,,,,,,,256.6862,6.7981,0.0534999999999999,,1.0,0.0,,,,0.6747497905430261
robot_3,lab,robot_anomaly_lab,2026-04-24 09:35:51.434000+00:00,,,,,,,42.0635,43.8645,0.0787999999999999,,0.0,1.0,,,,0.9236985994579344
robot_3,warehouse,robot_anomaly_warehouse,2026-04-17 02:40:58.971000+00:00,,,,,,,47.3523,60.064,0.0785,,1.0,0.0,,,,0.719859517475423
robot_1,hospital,robot_anomaly_hospital,2026-04-26 20:59:26.995000+00:00,,,,,,,32.4261,65.608,0.0265999999999999,,0.0,1.0,,,,0.950853212000552
robot_2,outdoor,robot_anomaly_outdoor,2026-05-01 01:59:14.621000+00:00,,,,,,,35.2966,30.0,0.0568999999999999,,0.0,1.0,,,,0.9047981071696002
robot_4,outdoor,robot_anomaly_outdoor,2026-04-20 19:58:24.068000+00:00,,,,,,,40.0113,54.6643,0.0863,,0.0,1.0,,,,0.9148864116765096
robot_3,warehouse,robot_anomaly_warehouse,2026-04-26 17:17:54.431000+00:00,,,,,,,21.9247,49.64,0.0558999999999999,,0.0,1.0,,,,0.9303544643212436
robot_4,warehouse,robot_anomaly_warehouse,2026-04-22 05:59:28.327000+00:00,,,,,,,57.8125,39.0586,0.0999999999999999,,0.0,1.0,,,,0.8539896449752788
robot_5,lab,robot_anomaly_lab,2026-04-21 03:28:06.168000+00:00,,,,,,,48.0247,51.345,0.0,,0.0,1.0,,,,0.9474850276537738
robot_5,hospital,robot_anomaly_hospital,2026-04-14 23:16:07.843000+00:00,,,,,,,32.1119,46.2161,0.051,,0.0,1.0,,,,0.9097379698983644
robot_1,outdoor,robot_anomaly_outdoor,2026-04-19 01:45:45.803000+00:00,,,,,,,31.8064,50.325,0.0616999999999999,,0.0,1.0,,,,0.8768331236245428
robot_2,warehouse,robot_anomaly_warehouse,2026-04-13 12:56:10.946000+00:00,,,,,,,35.9231,45.2776,0.0296999999999999,,0.0,1.0,,,,0.8836943853763495
robot_2,outdoor,robot_anomaly_outdoor,2026-04-14 13:54:19.604000+00:00,,,,,,,24.6208,45.7127,0.1124,,0.0,1.0,,,,0.8855552323935436
robot_1,warehouse,robot_anomaly_warehouse,2026-04-28 06:41:29.138000+00:00,,,,,,,38.7147,48.1345,0.0661,,0.0,1.0,,,,0.9316287052982648
robot_5,hospital,robot_anomaly_hospital,2026-04-25 10:29:11.098000+00:00,,,,,,,31.1032,47.3126,0.0633,,0.0,1.0,,,,0.8750576919308692
robot_3,warehouse,robot_anomaly_warehouse,2026-04-20 04:59:49.764000+00:00,,,,,,,51.647,46.4541,0.0615999999999999,,0.0,1.0,,,,0.8354086327865469
robot_3,lab,robot_anomaly_lab,2026-04-27 23:56:58.260000+00:00,,,,,,,37.5071,51.9194,0.0601,,0.0,1.0,,,,0.8639922254453524
robot_3,lab,robot_anomaly_lab,2026-04-28 14:01:41.711000+00:00,,,,,,,59.0391,48.8617,0.0514,,0.0,1.0,,,,0.951777784767236
robot_5,lab,robot_anomaly_lab,2026-05-10 10:41:49.527000+00:00,,,,,,,19.3869,54.2162,0.0481,,0.0,1.0,,,,0.9680811710891544
robot_5,warehouse,robot_anomaly_warehouse,2026-05-06 00:04:31.634000+00:00,,,,,,,40.8152,56.9708,0.0496999999999999,,0.0,1.0,,,,0.8560512910750319
robot_1,warehouse,robot_anomaly_warehouse,2026-05-03 12:24:27.354000+00:00,,,,,,,33.0657,60.7515,0.0499,,0.0,1.0,,,,0.8512599382155974
robot_1,lab,robot_anomaly_lab,2026-04-16 13:05:06.003000+00:00,,,,,,,33.6558,44.9499,0.0977,,0.0,1.0,,,,0.8797522784671626
robot_4,hospital,robot_anomaly_hospital,2026-04-13 07:14:39.746000+00:00,,,,,,,23.3635,39.654,0.0726999999999999,,1.0,0.0,,,,0.5917638835505151
robot_5,outdoor,robot_anomaly_outdoor,2026-04-19 05:19:02.491000+00:00,,,,,,,32.229,52.6722,0.0384999999999999,,0.0,1.0,,,,0.8933271756043434
robot_4,lab,robot_anomaly_lab,2026-04-16 02:08:41.066000+00:00,,,,,,,26.2295,51.3864,0.0773,,1.0,0.0,,,,0.5719301835809962
robot_2,hospital,robot_anomaly_hospital,2026-04-21 02:19:04.785000+00:00,,,,,,,27.7777,53.5879,0.028,,0.0,1.0,,,,0.9312556392843676
robot_3,outdoor,robot_anomaly_outdoor,2026-05-10 00:25:58.186000+00:00,,,,,,,35.1517,37.7818,0.0873,,1.0,0.0,,,,0.609214203438522
robot_5,lab,robot_anomaly_lab,2026-04-18 05:14:38.695000+00:00,,,,,,,25.6592,42.9746,0.0513,,0.0,1.0,,,,0.9039504803970388
robot_4,hospital,robot_anomaly_hospital,2026-05-01 03:14:49.534000+00:00,,,,,,,27.0193,52.7768,0.1011999999999999,,0.0,1.0,,,,0.9082037794422873
robot_2,warehouse,robot_anomaly_warehouse,2026-05-07 01:09:06.895000+00:00,,,,,,,44.5674,43.3531,0.0084999999999999,,0.0,1.0,,,,0.9458110436688332
robot_5,hospital,robot_anomaly_hospital,2026-04-12 20:09:30.604000+00:00,,,,,,,47.491,47.8056,0.0379,,0.0,1.0,,,,0.9577643232321706
robot_3,warehouse,robot_anomaly_warehouse,2026-04-12 00:05:35.964000+00:00,,,,,,,30.2251,50.1847,0.0375999999999999,,0.0,1.0,,,,0.9002562973870212
robot_5,outdoor,robot_anomaly_outdoor,2026-04-15 01:18:45.764000+00:00,,,,,,,29.5765,52.1071,0.0766,,0.0,1.0,,,,0.9072393320020928
robot_5,lab,robot_anomaly_lab,2026-04-10 18:54:11.495000+00:00,,,,,,,44.9732,57.4918,0.0628999999999999,,0.0,1.0,,,,0.9665149169822354
robot_3,warehouse,robot_anomaly_warehouse,2026-05-07 15:47:09.392000+00:00,,,,,,,43.535,36.5254,0.0990999999999999,,0.0,1.0,,,,0.939104081539154
robot_1,hospital,robot_anomaly_hospital,2026-05-06 10:28:23.652000+00:00,,,,,,,30.4732,50.601,0.0248,,1.0,0.0,,,,0.5893116048123354
robot_4,warehouse,robot_anomaly_warehouse,2026-04-19 18:27:23.166000+00:00,,,,,,,36.3632,44.9369,0.0336999999999999,,0.0,1.0,,,,0.9267074482943292
robot_5,outdoor,robot_anomaly_outdoor,2026-04-27 17:24:37.107000+00:00,,,,,,,41.2788,68.2672,0.0215999999999999,,0.0,1.0,,,,0.9547754412274372
robot_4,hospital,robot_anomaly_hospital,2026-04-17 07:33:41.102000+00:00,,,,,,,34.3423,61.3381,0.0464,,0.0,1.0,,,,0.973908031081076
robot_4,warehouse,robot_anomaly_warehouse,2026-05-01 02:37:27.450000+00:00,,,,,,,50.3448,52.1707,0.0141999999999999,,0.0,1.0,,,,0.9739143285032712
robot_1,lab,robot_anomaly_lab,2026-05-02 11:04:26.815000+00:00,,,,,,,51.3417,41.2747,0.0796,,0.0,1.0,,,,0.8869143627097598
robot_4,hospital,robot_anomaly_hospital,2026-04-29 09:57:13.570000+00:00,,,,,,,47.3036,45.1735,0.0352,,0.0,1.0,,,,0.8771859346190436
robot_1,warehouse,robot_anomaly_warehouse,2026-04-13 12:39:22.924000+00:00,,,,,,,31.0834,51.5057,0.0933,,0.0,1.0,,,,0.8922701140159195
robot_4,warehouse,robot_anomaly_warehouse,2026-04-13 07:16:02.198000+00:00,,,,,,,32.0517,34.4463,0.0432,,0.0,1.0,,,,0.8586574702029182
robot_4,hospital,robot_anomaly_hospital,2026-04-16 04:09:56.986000+00:00,,,,,,,43.4459,53.4623,0.0804,,0.0,1.0,,,,0.8544923901396707
robot_4,outdoor,robot_anomaly_outdoor,2026-04-28 16:30:58.090000+00:00,,,,,,,45.4142,50.409,0.0,,0.0,1.0,,,,0.9526130031696006
robot_4,outdoor,robot_anomaly_outdoor,2026-04-13 10:31:53.374000+00:00,,,,,,,45.8188,55.5862,0.0743,,0.0,1.0,,,,0.8921955608304776
robot_2,lab,robot_anomaly_lab,2026-04-13 00:37:38.933000+00:00,,,,,,,41.464,69.6869,0.0594,,1.0,0.0,,,,0.5657271441016941
robot_5,hospital,robot_anomaly_hospital,2026-05-08 10:46:38.480000+00:00,,,,,,,35.1432,66.8963,0.0,,0.0,1.0,,,,0.8947779822936361
robot_5,lab,robot_anomaly_lab,2026-04-23 10:26:32.852000+00:00,,,,,,,39.8954,43.128,0.0643,,0.0,1.0,,,,0.8615157352946639
robot_4,hospital,robot_anomaly_hospital,2026-04-30 08:45:38.847000+00:00,,,,,,,47.9425,54.3318,0.0495999999999999,,0.0,1.0,,,,0.9150591531947754
robot_4,lab,robot_anomaly_lab,2026-04-22 12:41:46.776000+00:00,,,,,,,39.8746,55.0122,0.0338,,0.0,1.0,,,,0.8797752370793628
robot_1,outdoor,robot_anomaly_outdoor,2026-04-13 13:28:27.275000+00:00,,,,,,,41.1254,42.4057,0.043,,0.0,1.0,,,,0.8860019017866196
robot_3,lab,robot_anomaly_lab,2026-04-12 07:26:46.067000+00:00,,,,,,,45.8023,50.2219,0.0423999999999999,,0.0,1.0,,,,0.961007655578172
robot_3,outdoor,robot_anomaly_outdoor,2026-04-16 13:26:11.289000+00:00,,,,,,,29.4632,44.4569,0.0456999999999999,,1.0,0.0,,,,0.5982961331428023
robot_4,lab,robot_anomaly_lab,2026-04-21 07:10:20.853000+00:00,,,,,,,43.0573,48.3586,0.0563,,0.0,1.0,,,,0.879545790681848
robot_4,warehouse,robot_anomaly_warehouse,2026-05-01 17:02:55.417000+00:00,,,,,,,30.3988,55.1413,0.0507999999999999,,1.0,0.0,,,,0.6165867567923498
robot_2,warehouse,robot_anomaly_warehouse,2026-04-16 19:08:26.906000+00:00,,,,,,,22.6628,52.9748,0.0699999999999999,,0.0,1.0,,,,0.9242829750318872
robot_2,hospital,robot_anomaly_hospital,2026-05-01 00:12:59.691000+00:00,,,,,,,51.2232,52.3384,0.3,,1.0,0.0,,,,0.6649368609981515
robot_2,warehouse,robot_anomaly_warehouse,2026-05-04 23:44:54.776000+00:00,,,,,,,36.3157,53.0668,0.0857,,1.0,0.0,,,,0.5592560497214534
robot_5,warehouse,robot_anomaly_warehouse,2026-04-26 02:23:57.519000+00:00,,,,,,,18.8301,43.6342,0.0316999999999999,,0.0,1.0,,,,0.8874742160899576
robot_4,outdoor,robot_anomaly_outdoor,2026-05-02 04:11:20.613000+00:00,,,,,,,35.6986,56.8876,0.0491,,0.0,1.0,,,,0.907374632119038
robot_1,warehouse,robot_anomaly_warehouse,2026-04-16 11:12:51.559000+00:00,,,,,,,10.0,57.0277,0.0197,,0.0,1.0,,,,0.8889690650952176
robot_5,lab,robot_anomaly_lab,2026-04-17 10:22:29.173000+00:00,,,,,,,23.2892,67.0626,0.0197,,0.0,1.0,,,,0.9376941051562474
robot_4,outdoor,robot_anomaly_outdoor,2026-05-07 15:58:54.448000+00:00,,,,,,,50.0754,51.6765,0.0281,,0.0,1.0,,,,0.9342519275285588
robot_4,hospital,robot_anomaly_hospital,2026-04-18 13:35:44.334000+00:00,,,,,,,241.6932,8.1549,0.1156,,1.0,0.0,,,,0.647811595720146
robot_4,outdoor,robot_anomaly_outdoor,2026-04-13 18:13:38.397000+00:00,,,,,,,41.3383,43.5255,0.0432,,0.0,1.0,,,,0.8619341320863733
robot_4,warehouse,robot_anomaly_warehouse,2026-05-06 04:44:08.178000+00:00,,,,,,,12.2303,52.0592,0.0452,,0.0,1.0,,,,0.918578331076875
robot_3,outdoor,robot_anomaly_outdoor,2026-05-05 19:08:35.427000+00:00,,,,,,,30.8002,54.2936,0.0669999999999999,,0.0,1.0,,,,0.8833476675976787
robot_2,hospital,robot_anomaly_hospital,2026-04-26 12:15:41.646000+00:00,,,,,,,42.7469,53.1469,0.0776,,0.0,1.0,,,,0.9015196149139738
robot_4,warehouse,robot_anomaly_warehouse,2026-04-24 22:54:13.965000+00:00,,,,,,,37.3251,53.8993,0.0325999999999999,,0.0,1.0,,,,0.9070634832161104
robot_3,lab,robot_anomaly_lab,2026-04-22 19:02:24.773000+00:00,,,,,,,25.2135,36.9045,0.06,,0.0,1.0,,,,0.9013584758980776
robot_3,hospital,robot_anomaly_hospital,2026-05-03 11:05:48.820000+00:00,,,,,,,27.8335,51.8276,0.1109,,0.0,1.0,,,,0.9069813914211852
robot_1,warehouse,robot_anomaly_warehouse,2026-05-10 04:33:59.097000+00:00,,,,,,,27.623,55.7966,0.0541,,0.0,1.0,,,,0.9028016943928614
robot_3,warehouse,robot_anomaly_warehouse,2026-04-26 17:55:18.728000+00:00,,,,,,,42.4352,65.864,0.0326999999999999,,0.0,1.0,,,,0.9402484059303836
robot_5,warehouse,robot_anomaly_warehouse,2026-04-28 22:07:15.946000+00:00,,,,,,,29.2989,55.1268,0.016,,0.0,1.0,,,,0.9728082023524772
robot_4,lab,robot_anomaly_lab,2026-04-27 21:26:11.932000+00:00,,,,,,,36.5727,47.8466,0.0588999999999999,,1.0,0.0,,,,0.7543728386939101
robot_4,hospital,robot_anomaly_hospital,2026-04-14 22:04:50.496000+00:00,,,,,,,23.2458,49.1314,0.0070999999999999,,0.0,1.0,,,,0.9027952321391096
robot_3,hospital,robot_anomaly_hospital,2026-04-25 19:32:57.272000+00:00,,,,,,,44.259,47.4124,0.0314999999999999,,0.0,1.0,,,,0.9389849288105756
robot_2,warehouse,robot_anomaly_warehouse,2026-04-11 18:03:36.314000+00:00,,,,,,,39.8729,60.5187,0.0392,,0.0,1.0,,,,0.9397035735835908
robot_3,hospital,robot_anomaly_hospital,2026-04-18 23:42:01.844000+00:00,,,,,,,25.6636,44.227,0.0364999999999999,,0.0,1.0,,,,0.8721155233219594
robot_4,lab,robot_anomaly_lab,2026-04-22 19:23:04.438000+00:00,,,,,,,323.3473,8.4815,0.0800999999999999,,1.0,0.0,,,,0.5789449301235711
robot_2,lab,robot_anomaly_lab,2026-04-11 00:33:06.648000+00:00,,,,,,,28.5693,49.4868,0.0147,,0.0,1.0,,,,0.9053857077994356
robot_5,warehouse,robot_anomaly_warehouse,2026-05-02 09:54:25.548000+00:00,,,,,,,44.2944,48.2068,0.0769999999999999,,0.0,1.0,,,,0.918058039288434
robot_2,hospital,robot_anomaly_hospital,2026-05-03 03:28:07.576000+00:00,,,,,,,29.1818,45.7555,0.0068,,0.0,1.0,,,,0.9220680780186216
robot_2,hospital,robot_anomaly_hospital,2026-04-20 02:08:33.137000+00:00,,,,,,,35.9083,42.2959,0.0464,,1.0,0.0,,,,0.5858631265241022
robot_5,warehouse,robot_anomaly_warehouse,2026-04-26 21:51:38.609000+00:00,,,,,,,54.1124,55.7454,0.0504999999999999,,0.0,1.0,,,,0.8660072854500447
robot_3,lab,robot_anomaly_lab,2026-04-29 03:21:50.588000+00:00,,,,,,,40.2252,39.6383,0.0853,,0.0,1.0,,,,0.8703827763328142
robot_4,outdoor,robot_anomaly_outdoor,2026-04-18 21:02:27.694000+00:00,,,,,,,33.2131,47.3554,0.1065,,0.0,1.0,,,,0.8699099421826977
robot_5,lab,robot_anomaly_lab,2026-05-02 20:22:02.387000+00:00,,,,,,,41.6335,51.38,0.1004,,0.0,1.0,,,,0.9235796194787208
robot_4,warehouse,robot_anomaly_warehouse,2026-05-04 04:11:23.073000+00:00,,,,,,,44.5553,47.9917,0.0243999999999999,,0.0,1.0,,,,0.8839479026490593
robot_2,lab,robot_anomaly_lab,2026-04-19 04:28:50.594000+00:00,,,,,,,43.4283,56.4079,0.0129,,0.0,1.0,,,,0.9166242513287668
robot_1,hospital,robot_anomaly_hospital,2026-04-23 13:32:04.074000+00:00,,,,,,,44.7534,45.3902,0.0409,,0.0,1.0,,,,0.8794470823094555
robot_5,outdoor,robot_anomaly_outdoor,2026-04-29 17:16:45.107000+00:00,,,,,,,18.6116,55.1823,0.0292,,0.0,1.0,,,,0.9298044845417082
robot_5,warehouse,robot_anomaly_warehouse,2026-04-24 16:53:35.532000+00:00,,,,,,,46.6897,58.6384,0.0,,0.0,1.0,,,,0.9655245885728772
robot_2,hospital,robot_anomaly_hospital,2026-04-14 01:51:27.995000+00:00,,,,,,,26.3056,57.845,0.0253999999999999,,0.0,1.0,,,,0.9017978346166348
robot_2,lab,robot_anomaly_lab,2026-05-08 11:04:42.122000+00:00,,,,,,,29.2847,58.6332,0.0504999999999999,,0.0,1.0,,,,0.9197449589221748
robot_3,outdoor,robot_anomaly_outdoor,2026-04-11 10:19:29.518000+00:00,,,,,,,32.5239,61.5948,0.043,,0.0,1.0,,,,0.9377780071993712
robot_1,outdoor,robot_anomaly_outdoor,2026-05-09 01:13:13.018000+00:00,,,,,,,28.3853,67.2173,0.0565999999999999,,0.0,1.0,,,,0.8571302027066036
robot_5,lab,robot_anomaly_lab,2026-04-19 03:08:39.857000+00:00,,,,,,,46.1906,43.0454,0.0161999999999999,,0.0,1.0,,,,0.8892088626962767
robot_5,hospital,robot_anomaly_hospital,2026-05-07 15:40:43.158000+00:00,,,,,,,17.4421,39.7554,0.0769999999999999,,0.0,1.0,,,,0.8929997615023222
robot_3,lab,robot_anomaly_lab,2026-05-01 22:38:54.720000+00:00,,,,,,,56.2428,51.7155,0.0702,,1.0,0.0,,,,0.6815565862459015
robot_5,hospital,robot_anomaly_hospital,2026-04-11 01:22:45.267000+00:00,,,,,,,62.8387,47.5919,0.0442,,0.0,1.0,,,,0.899209619164718
robot_3,warehouse,robot_anomaly_warehouse,2026-05-04 18:23:11.456000+00:00,,,,,,,32.8428,58.6507,0.0512,,0.0,1.0,,,,0.8826090953347603
robot_3,hospital,robot_anomaly_hospital,2026-04-20 17:16:22.980000+00:00,,,,,,,35.0018,48.0969,0.0617999999999999,,0.0,1.0,,,,0.9278381968720224
robot_5,warehouse,robot_anomaly_warehouse,2026-04-18 08:43:40.123000+00:00,,,,,,,32.039,48.8129,0.0326999999999999,,0.0,1.0,,,,0.8706849130540469
robot_1,outdoor,robot_anomaly_outdoor,2026-04-11 15:25:26.216000+00:00,,,,,,,15.7989,41.6415,0.0797,,0.0,1.0,,,,0.9339041294955784
robot_4,lab,robot_anomaly_lab,2026-04-23 19:05:16.358000+00:00,,,,,,,49.0793,50.6065,0.0455999999999999,,0.0,1.0,,,,0.8963156229225646
robot_4,hospital,robot_anomaly_hospital,2026-04-12 07:08:27.754000+00:00,,,,,,,30.0557,50.9298,0.0254999999999999,,0.0,1.0,,,,0.8748293505278404
robot_1,lab,robot_anomaly_lab,2026-04-26 18:45:20.590000+00:00,,,,,,,180.7983,13.4359,0.0877,,1.0,0.0,,,,0.638473941045126
robot_1,outdoor,robot_anomaly_outdoor,2026-04-23 23:21:17.579000+00:00,,,,,,,30.4965,46.2685,0.0,,1.0,0.0,,,,0.7313837349056163
robot_3,lab,robot_anomaly_lab,2026-04-15 03:57:05.207000+00:00,,,,,,,30.9757,52.7677,0.0633,,0.0,1.0,,,,0.8915110571346082
robot_5,outdoor,robot_anomaly_outdoor,2026-05-08 22:54:13.642000+00:00,,,,,,,23.1028,48.752,0.0416999999999999,,0.0,1.0,,,,0.8965459957790216
robot_4,outdoor,robot_anomaly_outdoor,2026-04-22 01:24:47.544000+00:00,,,,,,,42.0051,42.0012,0.0057,,0.0,1.0,,,,0.9021159577521626
robot_1,outdoor,robot_anomaly_outdoor,2026-05-08 12:43:05.577000+00:00,,,,,,,48.4291,60.7358,0.0704,,0.0,1.0,,,,0.9534930803911104
robot_5,hospital,robot_anomaly_hospital,2026-05-03 12:08:01.090000+00:00,,,,,,,56.7354,52.2183,0.0833,,0.0,1.0,,,,0.9086747613159286
robot_5,outdoor,robot_anomaly_outdoor,2026-05-01 06:01:43.561000+00:00,,,,,,,43.9348,48.0271,0.0724,,0.0,1.0,,,,0.8665073898025103
robot_4,hospital,robot_anomaly_hospital,2026-04-22 23:15:54.536000+00:00,,,,,,,27.9372,49.8608,0.1011999999999999,,0.0,1.0,,,,0.9614863400928408
robot_3,lab,robot_anomaly_lab,2026-04-19 20:52:04.589000+00:00,,,,,,,42.5665,57.8551,0.0797,,0.0,1.0,,,,0.8671878754872344
robot_1,outdoor,robot_anomaly_outdoor,2026-04-11 20:34:35.657000+00:00,,,,,,,41.5264,57.3952,0.0451,,0.0,1.0,,,,0.8864461939985124
robot_2,hospital,robot_anomaly_hospital,2026-04-11 13:59:14.867000+00:00,,,,,,,39.4273,46.2426,0.0741,,0.0,1.0,,,,0.9214140783356808
robot_5,outdoor,robot_anomaly_outdoor,2026-04-24 10:34:37.968000+00:00,,,,,,,22.9968,56.6724,0.0137,,0.0,1.0,,,,0.949725310513326
robot_3,lab,robot_anomaly_lab,2026-04-26 18:26:58.173000+00:00,,,,,,,49.7341,63.0324,0.0052999999999999,,0.0,1.0,,,,0.9596321668103268
robot_1,lab,robot_anomaly_lab,2026-04-13 18:01:44.872000+00:00,,,,,,,38.8147,55.3256,0.0288,,0.0,1.0,,,,0.8985454535022528
robot_4,warehouse,robot_anomaly_warehouse,2026-04-19 13:30:57.693000+00:00,,,,,,,231.9156,10.9704,0.0719999999999999,,1.0,0.0,,,,0.5694755717918574
robot_3,lab,robot_anomaly_lab,2026-05-02 05:03:13.116000+00:00,,,,,,,32.5251,56.4429,0.0980999999999999,,0.0,1.0,,,,0.9108247826372696
robot_1,lab,robot_anomaly_lab,2026-05-08 23:17:49.726000+00:00,,,,,,,19.0504,54.276,0.0349,,0.0,1.0,,,,0.9272211639803408
robot_4,outdoor,robot_anomaly_outdoor,2026-04-17 18:19:31.871000+00:00,,,,,,,13.2953,52.5826,0.0329,,1.0,0.0,,,,0.6910869108481431
robot_4,hospital,robot_anomaly_hospital,2026-04-22 11:53:57.759000+00:00,,,,,,,38.132,43.0131,0.0314999999999999,,0.0,1.0,,,,0.9761078133364174
robot_2,warehouse,robot_anomaly_warehouse,2026-04-13 21:11:56.119000+00:00,,,,,,,47.2459,52.7541,0.0819999999999999,,0.0,1.0,,,,0.8697013901934266
robot_4,hospital,robot_anomaly_hospital,2026-04-13 04:19:59.804000+00:00,,,,,,,28.6637,51.4619,0.0439,,0.0,1.0,,,,0.9677018010547848
robot_4,lab,robot_anomaly_lab,2026-04-29 14:02:15.747000+00:00,,,,,,,34.0737,56.2739,0.0365999999999999,,0.0,1.0,,,,0.956889719895432
robot_5,lab,robot_anomaly_lab,2026-05-07 22:15:35.736000+00:00,,,,,,,25.3002,42.7552,0.3883999999999999,,1.0,0.0,,,,0.5953890730063436
robot_4,hospital,robot_anomaly_hospital,2026-04-16 06:25:46.350000+00:00,,,,,,,28.9744,48.8531,0.0296999999999999,,0.0,1.0,,,,0.9438721541509012
robot_2,hospital,robot_anomaly_hospital,2026-05-06 16:10:03.887000+00:00,,,,,,,37.9654,53.6708,0.0314999999999999,,0.0,1.0,,,,0.8832755472174825
robot_4,hospital,robot_anomaly_hospital,2026-04-16 01:17:01.702000+00:00,,,,,,,25.9613,58.698,0.0254999999999999,,0.0,1.0,,,,0.986623684996604
robot_4,warehouse,robot_anomaly_warehouse,2026-04-22 18:35:56.121000+00:00,,,,,,,11.7001,57.4821,0.0626999999999999,,0.0,1.0,,,,0.9327549806573112
robot_1,hospital,robot_anomaly_hospital,2026-04-13 17:09:45.585000+00:00,,,,,,,52.3818,60.0654,0.0535999999999999,,1.0,0.0,,,,0.7092810840843449
robot_3,hospital,robot_anomaly_hospital,2026-04-27 01:41:29.748000+00:00,,,,,,,34.4702,39.0266,0.0793,,0.0,1.0,,,,0.8868471949850095
robot_5,lab,robot_anomaly_lab,2026-04-13 18:26:52.206000+00:00,,,,,,,42.2993,59.8953,0.0611,,1.0,0.0,,,,0.7720361394214184
robot_5,lab,robot_anomaly_lab,2026-05-02 08:22:38.551000+00:00,,,,,,,273.3914,11.0073,0.0843,,1.0,0.0,,,,0.6386100749109895
robot_1,warehouse,robot_anomaly_warehouse,2026-05-10 11:34:23.214000+00:00,,,,,,,38.5346,63.6827,0.0528999999999999,,0.0,1.0,,,,0.9002496774098041
robot_3,hospital,robot_anomaly_hospital,2026-05-07 23:31:43.528000+00:00,,,,,,,31.8813,40.2074,0.0,,0.0,1.0,,,,0.9735493513096228
robot_3,hospital,robot_anomaly_hospital,2026-04-29 22:38:43.514000+00:00,,,,,,,35.3778,45.0149,0.1155,,0.0,1.0,,,,0.8703195208406844
robot_2,lab,robot_anomaly_lab,2026-04-12 19:42:22.811000+00:00,,,,,,,40.5549,46.9334,0.0191999999999999,,1.0,0.0,,,,0.7421436434465061
robot_5,lab,robot_anomaly_lab,2026-05-05 01:16:37.640000+00:00,,,,,,,32.9166,54.9443,0.0192999999999999,,0.0,1.0,,,,0.9460591407111644
robot_5,warehouse,robot_anomaly_warehouse,2026-04-11 11:26:41.274000+00:00,,,,,,,22.8433,43.1457,0.0183999999999999,,0.0,1.0,,,,0.9847845849031522
robot_2,hospital,robot_anomaly_hospital,2026-04-14 20:18:49.150000+00:00,,,,,,,25.3106,51.6069,0.031,,0.0,1.0,,,,0.8627802830531419
robot_3,warehouse,robot_anomaly_warehouse,2026-04-14 09:30:19.156000+00:00,,,,,,,40.1388,54.7936,0.0502,,0.0,1.0,,,,0.8470041660931414
robot_1,lab,robot_anomaly_lab,2026-04-18 10:54:17.813000+00:00,,,,,,,298.6351,8.6952,0.0255999999999999,,1.0,0.0,,,,0.5904372371424382
robot_4,warehouse,robot_anomaly_warehouse,2026-04-19 03:02:53.245000+00:00,,,,,,,17.369,53.7444,0.0574,,0.0,1.0,,,,0.906016061715731
robot_5,warehouse,robot_anomaly_warehouse,2026-04-13 20:12:36.455000+00:00,,,,,,,26.5536,39.6903,0.0657999999999999,,0.0,1.0,,,,0.9151922929484562
robot_5,lab,robot_anomaly_lab,2026-04-20 16:54:14.465000+00:00,,,,,,,53.6665,58.8475,0.0592,,0.0,1.0,,,,0.8454006050455941
robot_3,warehouse,robot_anomaly_warehouse,2026-04-20 12:23:10.281000+00:00,,,,,,,30.4309,47.587,0.0976,,0.0,1.0,,,,0.8978649628229356
robot_2,outdoor,robot_anomaly_outdoor,2026-05-05 19:47:43.444000+00:00,,,,,,,39.4286,53.3769,0.0301,,0.0,1.0,,,,0.9240923492785847
robot_1,lab,robot_anomaly_lab,2026-04-14 03:06:32.100000+00:00,,,,,,,34.6985,48.6513,0.052,,0.0,1.0,,,,0.9063341003281388
robot_4,lab,robot_anomaly_lab,2026-05-06 15:03:56.556000+00:00,,,,,,,41.7066,34.2103,0.0985,,0.0,1.0,,,,0.8441064074484272
robot_5,hospital,robot_anomaly_hospital,2026-04-24 00:05:58.772000+00:00,,,,,,,41.8355,56.7806,0.0568999999999999,,0.0,1.0,,,,0.8826714571015053
robot_4,outdoor,robot_anomaly_outdoor,2026-04-13 03:34:18.434000+00:00,,,,,,,50.4512,37.5175,0.0601,,0.0,1.0,,,,0.935034430054854
robot_2,warehouse,robot_anomaly_warehouse,2026-05-04 23:01:00.495000+00:00,,,,,,,36.2183,42.1886,0.0504,,0.0,1.0,,,,0.9637973709139736
robot_1,outdoor,robot_anomaly_outdoor,2026-05-06 19:56:04.644000+00:00,,,,,,,44.1717,40.5313,0.0802,,0.0,1.0,,,,0.8142414649560047
robot_1,hospital,robot_anomaly_hospital,2026-05-05 11:14:17.234000+00:00,,,,,,,30.3574,56.4761,0.3,,1.0,0.0,,,,0.6882466748752636
robot_5,warehouse,robot_anomaly_warehouse,2026-04-23 16:32:36.130000+00:00,,,,,,,37.0585,51.7304,0.019,,0.0,1.0,,,,0.8578045254281417
robot_3,hospital,robot_anomaly_hospital,2026-04-28 19:11:58.187000+00:00,,,,,,,48.8233,46.7425,0.0033999999999999,,0.0,1.0,,,,0.9079260750494168
robot_1,outdoor,robot_anomaly_outdoor,2026-04-19 14:43:18.755000+00:00,,,,,,,40.2796,61.2283,0.0867,,1.0,0.0,,,,0.5823277916476763
robot_5,warehouse,robot_anomaly_warehouse,2026-04-21 21:52:49.243000+00:00,,,,,,,50.1324,62.6866,0.1010999999999999,,0.0,1.0,,,,0.950400316836418
robot_3,hospital,robot_anomaly_hospital,2026-04-16 14:45:56.241000+00:00,,,,,,,28.7331,53.9851,0.0536999999999999,,1.0,0.0,,,,0.6979082203662643
robot_5,warehouse,robot_anomaly_warehouse,2026-04-11 22:50:00.384000+00:00,,,,,,,56.7103,39.1579,0.0743,,0.0,1.0,,,,0.9602399930456402
robot_4,warehouse,robot_anomaly_warehouse,2026-05-08 00:47:11.828000+00:00,,,,,,,44.5204,45.1384,0.1281999999999999,,0.0,1.0,,,,0.9544765512296328
robot_2,hospital,robot_anomaly_hospital,2026-04-29 08:55:18.768000+00:00,,,,,,,34.3333,55.8084,0.0383,,1.0,0.0,,,,0.6997523059984085
robot_2,outdoor,robot_anomaly_outdoor,2026-04-12 11:17:10.494000+00:00,,,,,,,41.7548,36.3294,0.0453,,0.0,1.0,,,,0.94884710553457
robot_5,warehouse,robot_anomaly_warehouse,2026-04-16 10:52:57.522000+00:00,,,,,,,22.3879,53.3097,0.0563,,0.0,1.0,,,,0.8884297204010239
robot_4,hospital,robot_anomaly_hospital,2026-04-10 23:06:24.366000+00:00,,,,,,,18.3448,52.0042,0.0524999999999999,,0.0,1.0,,,,0.9359886139274638
robot_5,outdoor,robot_anomaly_outdoor,2026-05-01 13:46:48.810000+00:00,,,,,,,34.3075,72.7811,0.054,,0.0,1.0,,,,0.9209976662652222
robot_3,warehouse,robot_anomaly_warehouse,2026-05-07 17:54:56.312000+00:00,,,,,,,253.1484,4.0844,0.0668999999999999,,1.0,0.0,,,,0.6435049798017941
robot_2,lab,robot_anomaly_lab,2026-05-08 05:10:51.771000+00:00,,,,,,,15.709,43.752,0.0738999999999999,,0.0,1.0,,,,0.8932795299831013
robot_1,warehouse,robot_anomaly_warehouse,2026-04-14 19:35:02.532000+00:00,,,,,,,22.6175,51.6045,0.0382,,0.0,1.0,,,,0.8669307018108086
robot_5,hospital,robot_anomaly_hospital,2026-05-04 23:50:32.927000+00:00,,,,,,,35.9122,48.1756,0.0865,,0.0,1.0,,,,0.8639106855968436
robot_3,hospital,robot_anomaly_hospital,2026-04-13 07:52:31.114000+00:00,,,,,,,45.9896,49.4883,0.0376999999999999,,0.0,1.0,,,,0.8450878864817153
robot_1,warehouse,robot_anomaly_warehouse,2026-04-28 04:37:26.649000+00:00,,,,,,,16.9218,52.2249,0.0505999999999999,,0.0,1.0,,,,0.8871791129116433
robot_5,lab,robot_anomaly_lab,2026-04-13 07:42:23.082000+00:00,,,,,,,27.4083,40.0245,0.0285999999999999,,0.0,1.0,,,,0.8953939484519233
robot_4,lab,robot_anomaly_lab,2026-04-23 07:52:38.299000+00:00,,,,,,,48.8338,40.781,0.0855,,0.0,1.0,,,,0.9356292920087018
robot_4,lab,robot_anomaly_lab,2026-04-13 06:58:17.200000+00:00,,,,,,,30.6711,36.7932,0.0222999999999999,,0.0,1.0,,,,0.9204604219348992
robot_1,hospital,robot_anomaly_hospital,2026-04-20 04:28:04.146000+00:00,,,,,,,46.0798,54.4075,0.0497999999999999,,0.0,1.0,,,,0.901699489933687
robot_5,lab,robot_anomaly_lab,2026-05-02 06:30:55.499000+00:00,,,,,,,44.7809,53.8635,0.0527999999999999,,0.0,1.0,,,,0.8927159962945701
robot_1,outdoor,robot_anomaly_outdoor,2026-04-30 07:19:51.848000+00:00,,,,,,,44.1234,40.8578,0.1311999999999999,,1.0,0.0,,,,0.6756445653664691
robot_5,outdoor,robot_anomaly_outdoor,2026-04-22 09:51:25.179000+00:00,,,,,,,20.3532,53.2227,0.0464,,0.0,1.0,,,,0.8803803147878504
robot_2,lab,robot_anomaly_lab,2026-05-02 09:29:05.326000+00:00,,,,,,,26.8676,38.5749,0.1004,,0.0,1.0,,,,0.9215052734866968
robot_1,warehouse,robot_anomaly_warehouse,2026-04-12 13:25:28.941000+00:00,,,,,,,38.7539,43.677,0.0631,,0.0,1.0,,,,0.8636314855965729
robot_2,outdoor,robot_anomaly_outdoor,2026-05-05 23:51:19.193000+00:00,,,,,,,20.9191,45.2497,0.1074,,0.0,1.0,,,,0.8926901557056552
robot_2,hospital,robot_anomaly_hospital,2026-05-01 07:03:30.981000+00:00,,,,,,,36.8706,41.6995,0.0100999999999999,,0.0,1.0,,,,0.880730743962153
robot_5,outdoor,robot_anomaly_outdoor,2026-05-04 22:41:54.723000+00:00,,,,,,,33.7725,59.5273,0.0973,,0.0,1.0,,,,0.8997695977303165
robot_2,warehouse,robot_anomaly_warehouse,2026-05-04 21:25:43.505000+00:00,,,,,,,42.4324,45.7171,0.0554,,0.0,1.0,,,,0.893137378511892
robot_3,hospital,robot_anomaly_hospital,2026-05-04 01:35:35.489000+00:00,,,,,,,33.8604,50.0553,0.0062999999999999,,0.0,1.0,,,,0.8667536133879503
robot_4,lab,robot_anomaly_lab,2026-04-12 03:31:56.039000+00:00,,,,,,,10.6636,56.629,0.0483,,0.0,1.0,,,,0.9177106473667828
robot_4,warehouse,robot_anomaly_warehouse,2026-04-23 07:50:13.674000+00:00,,,,,,,39.6602,48.5957,0.0687999999999999,,0.0,1.0,,,,0.921331844820491
robot_1,hospital,robot_anomaly_hospital,2026-04-21 01:21:54.306000+00:00,,,,,,,38.1296,55.6565,0.1211999999999999,,0.0,1.0,,,,0.957917679717615
robot_2,hospital,robot_anomaly_hospital,2026-05-07 10:02:13.789000+00:00,,,,,,,41.1648,54.5372,0.044,,0.0,1.0,,,,0.915911126602786
robot_2,lab,robot_anomaly_lab,2026-05-03 06:20:08.792000+00:00,,,,,,,34.2527,68.5603,0.0917,,0.0,1.0,,,,0.8770198722427873
robot_1,outdoor,robot_anomaly_outdoor,2026-05-09 14:55:11.879000+00:00,,,,,,,37.1374,48.5372,0.0291,,0.0,1.0,,,,0.9563648441155076
robot_5,outdoor,robot_anomaly_outdoor,2026-04-19 03:05:47.356000+00:00,,,,,,,25.8691,55.7108,0.0232,,0.0,1.0,,,,0.9187451632812538
robot_5,hospital,robot_anomaly_hospital,2026-04-22 03:31:53.998000+00:00,,,,,,,21.6871,49.8071,0.0073999999999999,,0.0,1.0,,,,0.9374944662812424
robot_2,warehouse,robot_anomaly_warehouse,2026-05-04 03:38:29.426000+00:00,,,,,,,32.7958,47.9539,0.0496999999999999,,0.0,1.0,,,,0.9185704122498184
robot_4,hospital,robot_anomaly_hospital,2026-04-23 01:13:43.016000+00:00,,,,,,,19.3233,37.949,0.1185,,0.0,1.0,,,,0.9689893455187204
robot_1,warehouse,robot_anomaly_warehouse,2026-04-18 16:26:46.181000+00:00,,,,,,,48.6772,66.7681,0.0456999999999999,,0.0,1.0,,,,0.9220188952291162
robot_3,outdoor,robot_anomaly_outdoor,2026-05-10 09:15:00.789000+00:00,,,,,,,38.9659,50.9699,0.0342,,0.0,1.0,,,,0.9089467333812362
robot_4,warehouse,robot_anomaly_warehouse,2026-04-18 03:27:15.277000+00:00,,,,,,,37.1041,45.8015,0.0672,,0.0,1.0,,,,0.8892442263713585
robot_5,warehouse,robot_anomaly_warehouse,2026-05-03 12:27:07.884000+00:00,,,,,,,29.3608,41.3732,0.0832,,0.0,1.0,,,,0.8726641210923585
robot_4,hospital,robot_anomaly_hospital,2026-05-10 04:14:41.473000+00:00,,,,,,,36.2442,37.5194,0.0121999999999999,,0.0,1.0,,,,0.9362690712039612
robot_1,outdoor,robot_anomaly_outdoor,2026-04-19 10:11:49.885000+00:00,,,,,,,26.9465,49.0886,0.0238,,0.0,1.0,,,,0.9543483757482828
robot_5,warehouse,robot_anomaly_warehouse,2026-05-09 07:51:06.540000+00:00,,,,,,,43.2459,56.5135,0.0375999999999999,,0.0,1.0,,,,0.8783343630202006
robot_4,outdoor,robot_anomaly_outdoor,2026-04-14 18:13:08.838000+00:00,,,,,,,50.0065,46.818,0.0568999999999999,,0.0,1.0,,,,0.8755474130853245
robot_3,warehouse,robot_anomaly_warehouse,2026-04-28 19:04:32.416000+00:00,,,,,,,49.9211,48.8309,0.0054999999999999,,0.0,1.0,,,,0.875014060457584
robot_4,warehouse,robot_anomaly_warehouse,2026-04-24 12:01:26.051000+00:00,,,,,,,46.52,32.9382,0.0624,,0.0,1.0,,,,0.9435220098478948
robot_5,lab,robot_anomaly_lab,2026-04-22 01:19:56.251000+00:00,,,,,,,31.2412,51.1522,0.0415999999999999,,0.0,1.0,,,,0.9116660599819304
robot_2,warehouse,robot_anomaly_warehouse,2026-04-13 09:54:46.722000+00:00,,,,,,,33.0911,55.146,0.0,,0.0,1.0,,,,0.9276360489527666
robot_4,warehouse,robot_anomaly_warehouse,2026-04-16 05:44:23.895000+00:00,,,,,,,27.4837,43.4257,0.0377999999999999,,0.0,1.0,,,,0.8817095116236965
robot_3,warehouse,robot_anomaly_warehouse,2026-05-03 07:12:42.036000+00:00,,,,,,,21.1225,46.3803,0.0383,,0.0,1.0,,,,0.8985494731812249
robot_3,outdoor,robot_anomaly_outdoor,2026-04-12 19:10:09.395000+00:00,,,,,,,34.3368,53.9798,0.0864,,0.0,1.0,,,,0.9631935265471882
robot_5,hospital,robot_anomaly_hospital,2026-04-16 06:20:02.820000+00:00,,,,,,,33.5379,54.0352,0.0159,,1.0,0.0,,,,0.6616464380927652
robot_2,outdoor,robot_anomaly_outdoor,2026-04-11 16:06:39.897000+00:00,,,,,,,39.0878,35.6347,0.0431,,0.0,1.0,,,,0.9333344253807102
robot_5,warehouse,robot_anomaly_warehouse,2026-05-01 12:17:06.602000+00:00,,,,,,,22.4783,38.4462,0.0402,,0.0,1.0,,,,0.91111163924735
robot_5,hospital,robot_anomaly_hospital,2026-04-20 13:26:46.593000+00:00,,,,,,,27.1349,40.5449,0.4857,,1.0,0.0,,,,0.6098914883836148
robot_4,hospital,robot_anomaly_hospital,2026-04-22 21:42:39.671000+00:00,,,,,,,41.5162,45.7461,0.0466999999999999,,0.0,1.0,,,,0.9130457068890252
robot_3,warehouse,robot_anomaly_warehouse,2026-04-11 09:36:04.581000+00:00,,,,,,,33.3649,48.3722,0.0241,,0.0,1.0,,,,0.8394232090610719
robot_3,outdoor,robot_anomaly_outdoor,2026-04-18 12:09:37.792000+00:00,,,,,,,30.2428,43.3281,0.0,,0.0,1.0,,,,0.9414293712042024
robot_1,hospital,robot_anomaly_hospital,2026-05-02 09:39:20.721000+00:00,,,,,,,28.987,38.2388,0.0694,,0.0,1.0,,,,0.8938363742588817
robot_2,outdoor,robot_anomaly_outdoor,2026-04-18 12:30:24.220000+00:00,,,,,,,27.0004,57.4447,0.0281,,0.0,1.0,,,,0.921696136328266
robot_3,lab,robot_anomaly_lab,2026-05-06 20:35:46.697000+00:00,,,,,,,49.708,45.7606,0.0053999999999999,,0.0,1.0,,,,0.8610132703617637
robot_4,warehouse,robot_anomaly_warehouse,2026-05-10 06:52:14.222000+00:00,,,,,,,31.2824,51.2315,0.0867,,0.0,1.0,,,,0.8855650504361796
robot_5,hospital,robot_anomaly_hospital,2026-04-28 04:17:27.966000+00:00,,,,,,,36.3184,54.9761,0.035,,1.0,0.0,,,,0.769336903823389
robot_5,outdoor,robot_anomaly_outdoor,2026-05-07 07:05:50.870000+00:00,,,,,,,40.512,54.6764,0.0623,,0.0,1.0,,,,0.8227764654967329
robot_1,outdoor,robot_anomaly_outdoor,2026-04-23 07:11:27.284000+00:00,,,,,,,38.7302,45.2008,0.0417999999999999,,0.0,1.0,,,,0.9252986421886844
robot_4,warehouse,robot_anomaly_warehouse,2026-04-27 23:48:25.110000+00:00,,,,,,,27.8757,42.9878,0.0584999999999999,,0.0,1.0,,,,0.928061824786046
robot_2,outdoor,robot_anomaly_outdoor,2026-04-17 12:12:37.518000+00:00,,,,,,,19.0915,44.2009,0.0084999999999999,,0.0,1.0,,,,0.9328333224119988
robot_1,hospital,robot_anomaly_hospital,2026-04-26 07:47:52.565000+00:00,,,,,,,38.1007,62.7523,0.0515999999999999,,1.0,0.0,,,,0.6609641917664465
robot_5,lab,robot_anomaly_lab,2026-04-13 01:17:04.385000+00:00,,,,,,,40.594,57.9974,0.8766,,1.0,0.0,,,,0.5563992540384562
robot_3,hospital,robot_anomaly_hospital,2026-04-17 05:18:10.739000+00:00,,,,,,,43.9683,41.1935,0.005,,0.0,1.0,,,,0.9199278169426272
robot_1,hospital,robot_anomaly_hospital,2026-04-24 09:36:57.981000+00:00,,,,,,,34.3211,58.4311,0.0834,,1.0,0.0,,,,0.6430499035285883
robot_5,lab,robot_anomaly_lab,2026-04-21 23:19:11.009000+00:00,,,,,,,47.4046,32.4075,0.0,,0.0,1.0,,,,0.9455696573011636
robot_5,outdoor,robot_anomaly_outdoor,2026-04-15 16:19:50.352000+00:00,,,,,,,29.7978,45.6579,0.0642,,0.0,1.0,,,,0.9335317229395552
robot_2,warehouse,robot_anomaly_warehouse,2026-04-29 20:08:14.954000+00:00,,,,,,,36.3484,49.8449,0.0402,,0.0,1.0,,,,0.8286569644188203
robot_3,outdoor,robot_anomaly_outdoor,2026-04-11 08:19:18.501000+00:00,,,,,,,38.5009,55.2591,0.0516999999999999,,0.0,1.0,,,,0.8540154997038171
robot_4,warehouse,robot_anomaly_warehouse,2026-05-07 00:47:34.815000+00:00,,,,,,,21.8955,49.6216,0.683,,1.0,0.0,,,,0.5246695048541276
robot_3,warehouse,robot_anomaly_warehouse,2026-04-25 00:31:24.915000+00:00,,,,,,,26.7097,57.2882,0.0361,,0.0,1.0,,,,0.9488637595884114
robot_1,outdoor,robot_anomaly_outdoor,2026-04-22 15:05:30.646000+00:00,,,,,,,290.3282,7.5116,0.0928,,1.0,0.0,,,,0.6076270024295682
robot_4,hospital,robot_anomaly_hospital,2026-05-10 14:36:03.642000+00:00,,,,,,,36.2972,45.5443,0.0944,,1.0,0.0,,,,0.7220085058782457
robot_1,warehouse,robot_anomaly_warehouse,2026-04-14 16:42:20.345000+00:00,,,,,,,23.5572,50.8446,0.0870999999999999,,0.0,1.0,,,,0.9745255069059274
robot_2,lab,robot_anomaly_lab,2026-04-17 04:19:42.636000+00:00,,,,,,,32.2496,70.7368,0.0014999999999999,,0.0,1.0,,,,0.8919564890127223
robot_2,hospital,robot_anomaly_hospital,2026-04-22 19:26:56.934000+00:00,,,,,,,32.4213,60.544,0.0815,,0.0,1.0,,,,0.9232076630310444
robot_1,warehouse,robot_anomaly_warehouse,2026-04-13 04:55:02.105000+00:00,,,,,,,38.0848,55.8572,0.0621,,0.0,1.0,,,,0.8404412461579085
robot_2,lab,robot_anomaly_lab,2026-05-02 15:03:00.361000+00:00,,,,,,,35.934,53.7311,0.0988,,0.0,1.0,,,,0.9534157968610848
robot_1,lab,robot_anomaly_lab,2026-05-05 05:48:43.967000+00:00,,,,,,,35.4523,50.724,0.031,,0.0,1.0,,,,0.9099961755374396
robot_5,outdoor,robot_anomaly_outdoor,2026-04-11 07:21:54.259000+00:00,,,,,,,41.968,43.9667,0.123,,0.0,1.0,,,,0.8653772255377282
robot_3,hospital,robot_anomaly_hospital,2026-04-18 00:04:49.961000+00:00,,,,,,,34.0241,50.9908,0.0,,0.0,1.0,,,,0.9372614952968676
robot_2,lab,robot_anomaly_lab,2026-04-21 08:40:37.936000+00:00,,,,,,,48.4033,57.3881,0.0526999999999999,,0.0,1.0,,,,0.8494382977635627
robot_5,lab,robot_anomaly_lab,2026-05-06 11:14:46.998000+00:00,,,,,,,36.7344,38.2742,0.0511,,0.0,1.0,,,,0.928178451976568
robot_3,warehouse,robot_anomaly_warehouse,2026-04-18 17:15:06.391000+00:00,,,,,,,51.6756,50.0014,0.0001999999999999,,1.0,0.0,,,,0.6655351231377779
robot_5,outdoor,robot_anomaly_outdoor,2026-04-11 23:41:11.925000+00:00,,,,,,,44.5199,60.4872,0.0615999999999999,,0.0,1.0,,,,0.964667320153336
robot_1,warehouse,robot_anomaly_warehouse,2026-04-13 10:14:21.791000+00:00,,,,,,,50.7985,49.6122,0.0581,,0.0,1.0,,,,0.879843485480101
robot_3,warehouse,robot_anomaly_warehouse,2026-04-13 05:28:18.812000+00:00,,,,,,,32.3433,66.8957,0.0644,,0.0,1.0,,,,0.9159576741821354
robot_2,lab,robot_anomaly_lab,2026-04-11 13:24:45.621000+00:00,,,,,,,10.0,38.7219,0.0474,,0.0,1.0,,,,0.983727617393462
robot_3,lab,robot_anomaly_lab,2026-04-25 03:48:17.397000+00:00,,,,,,,32.9656,59.4715,0.0243999999999999,,0.0,1.0,,,,0.9008339030544606
robot_1,warehouse,robot_anomaly_warehouse,2026-05-10 05:22:58.004000+00:00,,,,,,,17.7965,61.3575,0.0557999999999999,,0.0,1.0,,,,0.901831515728509
robot_3,lab,robot_anomaly_lab,2026-04-12 19:05:18.364000+00:00,,,,,,,29.5063,44.5705,0.0615999999999999,,0.0,1.0,,,,0.8770374288192919
robot_5,warehouse,robot_anomaly_warehouse,2026-04-27 20:49:07.843000+00:00,,,,,,,28.8261,60.6551,0.0760999999999999,,0.0,1.0,,,,0.9030332951545984
robot_5,lab,robot_anomaly_lab,2026-04-27 19:12:02.028000+00:00,,,,,,,10.0,46.5731,0.0282,,0.0,1.0,,,,0.9018929420755536
robot_3,warehouse,robot_anomaly_warehouse,2026-04-16 14:26:41.410000+00:00,,,,,,,35.6452,49.9346,0.061,,0.0,1.0,,,,0.9111317437914576
robot_4,outdoor,robot_anomaly_outdoor,2026-04-11 06:37:20.040000+00:00,,,,,,,29.9943,48.3578,0.4937,,1.0,0.0,,,,0.5909597366065796
robot_2,outdoor,robot_anomaly_outdoor,2026-04-28 02:00:53.320000+00:00,,,,,,,46.124,52.9481,0.4375,,1.0,0.0,,,,0.6249847950015393
robot_4,hospital,robot_anomaly_hospital,2026-05-05 15:56:55.169000+00:00,,,,,,,37.6386,49.4493,0.0037,,0.0,1.0,,,,0.9522275840954596
robot_1,outdoor,robot_anomaly_outdoor,2026-04-23 17:24:15.756000+00:00,,,,,,,40.8785,60.3339,0.0464999999999999,,0.0,1.0,,,,0.9003743631743047
robot_3,hospital,robot_anomaly_hospital,2026-04-17 07:17:43.816000+00:00,,,,,,,41.7591,53.9724,0.0825,,0.0,1.0,,,,0.8972105366713758
robot_4,warehouse,robot_anomaly_warehouse,2026-04-11 01:35:02.697000+00:00,,,,,,,31.6899,39.1142,0.0,,0.0,1.0,,,,0.8850271182173776
robot_3,outdoor,robot_anomaly_outdoor,2026-04-25 00:19:56.351000+00:00,,,,,,,35.0939,38.2607,0.0891999999999999,,0.0,1.0,,,,0.9691254865275628
robot_3,outdoor,robot_anomaly_outdoor,2026-05-05 00:29:17.072000+00:00,,,,,,,24.2575,54.6403,0.0988,,0.0,1.0,,,,0.9241498589984782
robot_2,warehouse,robot_anomaly_warehouse,2026-04-10 21:48:52.414000+00:00,,,,,,,29.9507,46.3975,0.1272999999999999,,0.0,1.0,,,,0.874011085543887
robot_4,lab,robot_anomaly_lab,2026-04-22 01:05:16.653000+00:00,,,,,,,13.116,46.4669,0.0764,,0.0,1.0,,,,0.9424989348354698
robot_5,lab,robot_anomaly_lab,2026-05-06 13:52:47.956000+00:00,,,,,,,42.6136,41.5305,0.0508999999999999,,0.0,1.0,,,,0.8990433974677906
robot_4,hospital,robot_anomaly_hospital,2026-04-26 12:13:22.916000+00:00,,,,,,,39.2069,47.642,0.059,,0.0,1.0,,,,0.9311832118523944
robot_1,hospital,robot_anomaly_hospital,2026-04-16 03:41:20.052000+00:00,,,,,,,37.4009,43.2373,0.0508999999999999,,1.0,0.0,,,,0.5837975048671826
robot_4,hospital,robot_anomaly_hospital,2026-05-03 11:38:02.200000+00:00,,,,,,,39.5773,43.8125,0.0924,,0.0,1.0,,,,0.9344774661214716
robot_2,warehouse,robot_anomaly_warehouse,2026-05-08 06:08:37.828000+00:00,,,,,,,37.4998,50.8599,0.0716,,0.0,1.0,,,,0.9008224810844352
robot_5,hospital,robot_anomaly_hospital,2026-04-17 01:10:14.197000+00:00,,,,,,,43.0691,53.1912,0.0477999999999999,,1.0,0.0,,,,0.7032645291640259
robot_2,hospital,robot_anomaly_hospital,2026-04-19 16:17:01.203000+00:00,,,,,,,41.5384,52.7988,0.0503,,0.0,1.0,,,,0.9464219083923826
robot_2,lab,robot_anomaly_lab,2026-04-14 05:15:55.126000+00:00,,,,,,,23.3339,53.6887,0.0346999999999999,,0.0,1.0,,,,0.9285458208798272
robot_2,lab,robot_anomaly_lab,2026-05-03 18:27:27.608000+00:00,,,,,,,39.2033,48.1621,0.0545999999999999,,0.0,1.0,,,,0.858525265589565
robot_5,outdoor,robot_anomaly_outdoor,2026-04-12 05:54:23.156000+00:00,,,,,,,40.1434,58.2988,0.0717999999999999,,0.0,1.0,,,,0.9127542291949984
robot_5,warehouse,robot_anomaly_warehouse,2026-04-18 22:06:11.378000+00:00,,,,,,,44.7101,39.6032,0.0359,,0.0,1.0,,,,0.9463397254660164
robot_3,outdoor,robot_anomaly_outdoor,2026-04-16 13:56:32.415000+00:00,,,,,,,39.5866,50.9492,0.0627999999999999,,0.0,1.0,,,,0.9050534562812804
robot_4,lab,robot_anomaly_lab,2026-04-22 07:32:21.641000+00:00,,,,,,,32.7692,64.548,0.0,,0.0,1.0,,,,0.9402096365269556
robot_2,lab,robot_anomaly_lab,2026-05-09 16:59:41.924000+00:00,,,,,,,20.1332,59.9574,0.0238,,0.0,1.0,,,,0.8938658531519547
robot_1,lab,robot_anomaly_lab,2026-04-21 21:23:41.349000+00:00,,,,,,,36.2512,52.9274,0.0212999999999999,,0.0,1.0,,,,0.8932933243231073
robot_2,warehouse,robot_anomaly_warehouse,2026-05-06 06:42:09.936000+00:00,,,,,,,38.3857,41.5635,0.0676,,0.0,1.0,,,,0.9177543110121504
robot_4,warehouse,robot_anomaly_warehouse,2026-04-17 17:27:21.645000+00:00,,,,,,,32.3782,41.1655,0.0793,,0.0,1.0,,,,0.9088070177484512
robot_5,warehouse,robot_anomaly_warehouse,2026-04-18 01:56:11.108000+00:00,,,,,,,26.0638,53.8702,0.0354999999999999,,0.0,1.0,,,,0.9509229305707868
robot_3,lab,robot_anomaly_lab,2026-05-05 19:21:00.968000+00:00,,,,,,,37.7519,52.2425,0.0322999999999999,,0.0,1.0,,,,0.8485847952616792
robot_2,outdoor,robot_anomaly_outdoor,2026-04-23 12:25:09.011000+00:00,,,,,,,47.5163,44.7251,0.0677999999999999,,0.0,1.0,,,,0.9250942920280092
robot_3,warehouse,robot_anomaly_warehouse,2026-05-04 18:37:27.766000+00:00,,,,,,,35.4997,38.6228,0.0502,,0.0,1.0,,,,0.957612485664425
robot_2,outdoor,robot_anomaly_outdoor,2026-05-06 18:40:26.265000+00:00,,,,,,,34.9191,54.0855,0.0695,,1.0,0.0,,,,0.6793731055045827
robot_5,warehouse,robot_anomaly_warehouse,2026-04-14 20:46:17.296000+00:00,,,,,,,33.7554,47.273,0.046,,1.0,0.0,,,,0.5957750641536401
robot_5,warehouse,robot_anomaly_warehouse,2026-04-30 04:01:28.507000+00:00,,,,,,,21.1638,58.0728,0.0044999999999999,,0.0,1.0,,,,0.8802298554372359
robot_1,hospital,robot_anomaly_hospital,2026-04-25 05:02:37.801000+00:00,,,,,,,31.776,43.4747,0.0284999999999999,,0.0,1.0,,,,0.9661948726101064
robot_5,lab,robot_anomaly_lab,2026-04-17 01:35:57.301000+00:00,,,,,,,47.6397,57.8026,0.015,,0.0,1.0,,,,0.946779637866758
robot_2,warehouse,robot_anomaly_warehouse,2026-04-26 13:37:06.540000+00:00,,,,,,,19.3926,53.7583,0.0482,,1.0,0.0,,,,0.7477207052410806
robot_2,hospital,robot_anomaly_hospital,2026-05-10 08:07:53.333000+00:00,,,,,,,57.1476,62.8678,0.0615,,0.0,1.0,,,,0.9620552423904234
robot_3,lab,robot_anomaly_lab,2026-05-10 02:10:06.780000+00:00,,,,,,,39.0016,57.3302,0.0704,,0.0,1.0,,,,0.9055464344743538
robot_3,outdoor,robot_anomaly_outdoor,2026-04-30 00:40:13.283000+00:00,,,,,,,34.6412,50.6627,0.0322999999999999,,0.0,1.0,,,,0.8896979854506132
robot_5,hospital,robot_anomaly_hospital,2026-04-24 19:00:02.395000+00:00,,,,,,,24.1475,42.864,0.0482,,0.0,1.0,,,,0.94861183149298
robot_2,outdoor,robot_anomaly_outdoor,2026-04-20 12:02:24.419000+00:00,,,,,,,33.1973,47.1769,0.0296999999999999,,0.0,1.0,,,,0.8927898098262034
robot_5,warehouse,robot_anomaly_warehouse,2026-05-01 21:00:46.946000+00:00,,,,,,,34.4966,60.1552,0.0155999999999999,,0.0,1.0,,,,0.9402042808578382
robot_3,warehouse,robot_anomaly_warehouse,2026-04-10 22:55:07.410000+00:00,,,,,,,38.409,58.4638,0.0537999999999999,,0.0,1.0,,,,0.948970603154932
robot_4,outdoor,robot_anomaly_outdoor,2026-04-11 02:33:00.384000+00:00,,,,,,,54.8046,51.5011,0.046,,0.0,1.0,,,,0.9199640425092904
robot_3,outdoor,robot_anomaly_outdoor,2026-05-10 08:24:18.227000+00:00,,,,,,,19.0256,58.5154,0.0695,,0.0,1.0,,,,0.8889091720706123
robot_5,lab,robot_anomaly_lab,2026-04-24 20:14:10.285000+00:00,,,,,,,36.2352,46.6522,0.0795,,0.0,1.0,,,,0.9143624956281482
robot_1,lab,robot_anomaly_lab,2026-04-21 08:16:56.494000+00:00,,,,,,,39.3491,48.7877,0.0304999999999999,,0.0,1.0,,,,0.905640418345255
robot_1,outdoor,robot_anomaly_outdoor,2026-04-29 18:32:42.683000+00:00,,,,,,,37.6786,45.6926,0.0797,,0.0,1.0,,,,0.9680217762348182
robot_1,hospital,robot_anomaly_hospital,2026-04-30 08:38:22.369000+00:00,,,,,,,30.3296,49.9154,0.0807,,0.0,1.0,,,,0.924652130686775
robot_1,hospital,robot_anomaly_hospital,2026-04-16 09:28:59.457000+00:00,,,,,,,25.6797,38.8141,0.0576999999999999,,0.0,1.0,,,,0.8979959729607929
robot_2,lab,robot_anomaly_lab,2026-04-22 21:20:42.914000+00:00,,,,,,,49.8439,58.4108,0.0525999999999999,,0.0,1.0,,,,0.857806540220397
robot_4,hospital,robot_anomaly_hospital,2026-05-09 18:42:10.828000+00:00,,,,,,,42.5927,54.2694,0.0162999999999999,,1.0,0.0,,,,0.6917621283551385
robot_4,hospital,robot_anomaly_hospital,2026-04-23 10:07:08.788000+00:00,,,,,,,23.9,43.7961,0.0376999999999999,,1.0,0.0,,,,0.7025051320459041
robot_1,hospital,robot_anomaly_hospital,2026-04-28 18:13:38.064000+00:00,,,,,,,41.4192,48.0659,0.0810999999999999,,0.0,1.0,,,,0.958966173267625
robot_4,lab,robot_anomaly_lab,2026-05-09 23:43:45.756000+00:00,,,,,,,48.9854,58.8961,0.0462,,0.0,1.0,,,,0.8141936057655332
robot_1,lab,robot_anomaly_lab,2026-04-27 06:32:22.096000+00:00,,,,,,,120.0,3.2212,0.0057,,1.0,0.0,,,,0.6324766653147007
robot_3,outdoor,robot_anomaly_outdoor,2026-04-18 05:42:26.041000+00:00,,,,,,,47.1496,52.9566,0.0451,,0.0,1.0,,,,0.9087896483252283
robot_5,outdoor,robot_anomaly_outdoor,2026-04-19 14:43:04.846000+00:00,,,,,,,31.0341,43.8653,0.0415999999999999,,0.0,1.0,,,,0.950335519496667
robot_2,warehouse,robot_anomaly_warehouse,2026-05-08 08:00:15.554000+00:00,,,,,,,52.4949,42.3675,0.0810999999999999,,0.0,1.0,,,,0.9597673937635356
robot_4,outdoor,robot_anomaly_outdoor,2026-04-26 00:57:59.664000+00:00,,,,,,,14.79,58.4608,0.0614,,0.0,1.0,,,,0.9352710726016898
robot_2,warehouse,robot_anomaly_warehouse,2026-04-11 17:00:48.188000+00:00,,,,,,,37.983,45.2304,0.419,,1.0,0.0,,,,0.5901342089239884
robot_5,outdoor,robot_anomaly_outdoor,2026-04-18 21:42:03.287000+00:00,,,,,,,24.593,35.777,0.0491,,0.0,1.0,,,,0.9465213519728112
robot_2,warehouse,robot_anomaly_warehouse,2026-05-01 00:05:12.696000+00:00,,,,,,,39.5441,58.8442,0.0313999999999999,,0.0,1.0,,,,0.9149819828749464
robot_3,lab,robot_anomaly_lab,2026-05-06 11:32:46.359000+00:00,,,,,,,23.4118,46.9204,0.0,,0.0,1.0,,,,0.9221500207307708
robot_1,warehouse,robot_anomaly_warehouse,2026-04-28 05:53:41.514000+00:00,,,,,,,26.2497,58.9447,0.0635,,0.0,1.0,,,,0.9734834303964351
robot_5,warehouse,robot_anomaly_warehouse,2026-04-14 02:24:57.194000+00:00,,,,,,,29.84,39.2333,0.0224999999999999,,0.0,1.0,,,,0.930011822144004
robot_5,warehouse,robot_anomaly_warehouse,2026-05-01 21:36:59.660000+00:00,,,,,,,21.6686,43.9386,0.0571,,0.0,1.0,,,,0.9203853763180668
robot_5,hospital,robot_anomaly_hospital,2026-04-13 06:34:38.594000+00:00,,,,,,,43.8013,50.7518,0.3169999999999999,,1.0,0.0,,,,0.7004685099611659
robot_1,hospital,robot_anomaly_hospital,2026-04-23 04:54:47.101000+00:00,,,,,,,41.8225,46.1031,0.0649999999999999,,0.0,1.0,,,,0.9109096186854304
robot_2,hospital,robot_anomaly_hospital,2026-04-24 14:55:14.331000+00:00,,,,,,,33.2044,38.8872,0.0773,,0.0,1.0,,,,0.8545628542136452
robot_1,lab,robot_anomaly_lab,2026-04-24 00:02:54.519000+00:00,,,,,,,35.1986,55.0212,0.0459,,0.0,1.0,,,,0.9212532020847692
robot_1,warehouse,robot_anomaly_warehouse,2026-05-01 08:46:26.041000+00:00,,,,,,,302.6434,6.771,0.0635999999999999,,1.0,0.0,,,,0.5693994105847732
robot_5,warehouse,robot_anomaly_warehouse,2026-04-26 14:10:12.941000+00:00,,,,,,,51.2726,62.1664,0.0,,0.0,1.0,,,,0.937434642356694
robot_4,lab,robot_anomaly_lab,2026-05-06 00:29:21.593000+00:00,,,,,,,32.1729,51.5013,0.0625,,0.0,1.0,,,,0.9075430088959362
robot_3,hospital,robot_anomaly_hospital,2026-05-09 05:26:57.387000+00:00,,,,,,,47.1437,48.1142,0.0726,,0.0,1.0,,,,0.9352642975073144
robot_2,lab,robot_anomaly_lab,2026-04-18 13:16:16.699000+00:00,,,,,,,48.5525,59.1867,0.3972,,1.0,0.0,,,,0.617880651203496
robot_4,lab,robot_anomaly_lab,2026-04-12 23:31:13.577000+00:00,,,,,,,37.0285,40.2021,0.0584999999999999,,0.0,1.0,,,,0.9502988081364756
robot_5,hospital,robot_anomaly_hospital,2026-05-01 12:18:57.594000+00:00,,,,,,,24.56,32.3786,0.0090999999999999,,0.0,1.0,,,,0.9601942775391632
robot_4,hospital,robot_anomaly_hospital,2026-04-16 04:40:35.636000+00:00,,,,,,,45.9705,43.6902,0.0,,0.0,1.0,,,,0.9775248008224182
robot_5,lab,robot_anomaly_lab,2026-05-10 03:52:43.777000+00:00,,,,,,,25.5193,49.5886,0.0397999999999999,,0.0,1.0,,,,0.8884095586403928
robot_5,warehouse,robot_anomaly_warehouse,2026-04-24 22:35:21.817000+00:00,,,,,,,29.6285,49.7167,0.0291,,0.0,1.0,,,,0.9241286418477708
robot_1,lab,robot_anomaly_lab,2026-05-08 14:15:13.128000+00:00,,,,,,,23.5732,52.1567,0.0266999999999999,,0.0,1.0,,,,0.9147130256201162
robot_1,warehouse,robot_anomaly_warehouse,2026-05-08 01:00:40.832000+00:00,,,,,,,43.9971,61.6084,0.0853,,0.0,1.0,,,,0.9002150283578365
robot_4,warehouse,robot_anomaly_warehouse,2026-04-27 05:35:51.643000+00:00,,,,,,,287.0329,7.4285,0.0508999999999999,,1.0,0.0,,,,0.5122562665705699
robot_5,outdoor,robot_anomaly_outdoor,2026-04-28 06:08:37.721000+00:00,,,,,,,42.8773,41.5276,0.0047,,0.0,1.0,,,,0.8866853216939641
robot_3,hospital,robot_anomaly_hospital,2026-04-12 11:42:16.847000+00:00,,,,,,,41.8991,51.7196,0.029,,0.0,1.0,,,,0.914182637042016
robot_2,outdoor,robot_anomaly_outdoor,2026-04-12 03:54:30.469000+00:00,,,,,,,27.3806,53.346,0.0691,,0.0,1.0,,,,0.8905014794843389
robot_1,warehouse,robot_anomaly_warehouse,2026-04-14 07:00:30.030000+00:00,,,,,,,29.1568,46.8379,0.0778999999999999,,0.0,1.0,,,,0.915165014396692
robot_2,hospital,robot_anomaly_hospital,2026-04-23 10:31:03.882000+00:00,,,,,,,38.2442,65.0504,0.0208,,0.0,1.0,,,,0.9046042203714936
robot_1,hospital,robot_anomaly_hospital,2026-05-03 18:49:01.540000+00:00,,,,,,,21.7244,60.0925,0.0494,,0.0,1.0,,,,0.9008342446015256
robot_3,lab,robot_anomaly_lab,2026-04-16 11:55:37.809000+00:00,,,,,,,31.591,48.6213,0.1218,,0.0,1.0,,,,0.869212188771417
robot_5,hospital,robot_anomaly_hospital,2026-05-01 08:29:30.562000+00:00,,,,,,,21.6453,54.9028,0.0718999999999999,,0.0,1.0,,,,0.9345226147999366
robot_2,hospital,robot_anomaly_hospital,2026-04-22 13:39:31.451000+00:00,,,,,,,49.8031,40.96,0.0742,,0.0,1.0,,,,0.8698099843635541
robot_5,warehouse,robot_anomaly_warehouse,2026-04-21 15:19:46.967000+00:00,,,,,,,31.0336,41.8688,0.0687999999999999,,0.0,1.0,,,,0.9312901967511188
robot_3,warehouse,robot_anomaly_warehouse,2026-05-03 01:28:18.997000+00:00,,,,,,,26.9638,53.0583,0.0445999999999999,,0.0,1.0,,,,0.8878300320513655
robot_1,lab,robot_anomaly_lab,2026-04-21 11:42:15.755000+00:00,,,,,,,16.9555,41.5106,0.0543,,0.0,1.0,,,,0.9470833800661757
robot_2,hospital,robot_anomaly_hospital,2026-05-07 18:37:41.163000+00:00,,,,,,,26.4769,65.7161,0.0384999999999999,,0.0,1.0,,,,0.9756966612902026
robot_1,outdoor,robot_anomaly_outdoor,2026-04-13 20:22:42.693000+00:00,,,,,,,166.0473,2.3052,0.0575999999999999,,1.0,0.0,,,,0.6101170404717036
robot_3,warehouse,robot_anomaly_warehouse,2026-04-17 10:42:29.086000+00:00,,,,,,,36.6854,43.1574,0.0826,,0.0,1.0,,,,0.9410163855826544
robot_3,warehouse,robot_anomaly_warehouse,2026-05-07 04:32:05.589000+00:00,,,,,,,59.9435,46.3237,0.0451,,0.0,1.0,,,,0.8635378715956616
robot_5,warehouse,robot_anomaly_warehouse,2026-04-19 05:38:58.437000+00:00,,,,,,,15.9149,59.6533,0.0,,1.0,0.0,,,,0.6042763874564946
robot_3,outdoor,robot_anomaly_outdoor,2026-04-16 00:03:35.800000+00:00,,,,,,,41.2254,58.1323,0.1152999999999999,,0.0,1.0,,,,0.9264752677686612
robot_4,outdoor,robot_anomaly_outdoor,2026-04-22 08:22:42.980000+00:00,,,,,,,61.2055,53.4427,0.0714,,0.0,1.0,,,,0.9192971401273716
robot_2,lab,robot_anomaly_lab,2026-04-25 22:41:28.658000+00:00,,,,,,,22.2625,45.0162,0.0434999999999999,,0.0,1.0,,,,0.9733448972516908
robot_3,warehouse,robot_anomaly_warehouse,2026-04-16 00:14:12.342000+00:00,,,,,,,178.9455,10.8402,0.0494,,1.0,0.0,,,,0.6166424224266438
robot_4,hospital,robot_anomaly_hospital,2026-04-25 19:17:58.502000+00:00,,,,,,,51.1061,52.2479,0.0703,,0.0,1.0,,,,0.89890724078935
robot_5,outdoor,robot_anomaly_outdoor,2026-04-28 02:14:58.189000+00:00,,,,,,,43.0789,55.7133,0.0411,,0.0,1.0,,,,0.9555428916072524
robot_3,warehouse,robot_anomaly_warehouse,2026-05-06 18:42:37.213000+00:00,,,,,,,41.0875,37.7294,0.0707999999999999,,0.0,1.0,,,,0.9012837622097656
robot_3,outdoor,robot_anomaly_outdoor,2026-04-27 00:24:19.429000+00:00,,,,,,,28.3991,50.3173,0.0595999999999999,,0.0,1.0,,,,0.8664149247334703
robot_1,lab,robot_anomaly_lab,2026-04-17 13:04:23.282000+00:00,,,,,,,34.5163,47.6202,0.0703,,0.0,1.0,,,,0.8740252449252477
robot_1,warehouse,robot_anomaly_warehouse,2026-05-08 12:12:15.280000+00:00,,,,,,,44.9782,53.4629,0.0883,,0.0,1.0,,,,0.847749799397087
robot_3,outdoor,robot_anomaly_outdoor,2026-04-11 05:20:41.016000+00:00,,,,,,,27.3807,59.0247,0.062,,0.0,1.0,,,,0.853403786700777
robot_1,lab,robot_anomaly_lab,2026-05-10 00:23:04.699000+00:00,,,,,,,31.3704,42.371,0.0675,,0.0,1.0,,,,0.9741508878192768
robot_1,hospital,robot_anomaly_hospital,2026-04-15 06:57:34.783000+00:00,,,,,,,39.9282,50.8828,0.008,,0.0,1.0,,,,0.9207894907981966
robot_1,hospital,robot_anomaly_hospital,2026-05-06 09:10:34.205000+00:00,,,,,,,20.4895,52.3848,0.0652,,0.0,1.0,,,,0.8751508971298773
robot_4,lab,robot_anomaly_lab,2026-04-21 23:50:13.384000+00:00,,,,,,,31.7424,56.374,0.1087,,1.0,0.0,,,,0.5903597170389865
robot_3,hospital,robot_anomaly_hospital,2026-04-10 21:18:20.013000+00:00,,,,,,,37.4859,55.5423,0.0252999999999999,,0.0,1.0,,,,0.9450385307568304
robot_1,hospital,robot_anomaly_hospital,2026-04-13 22:44:19.656000+00:00,,,,,,,196.7014,11.9362,0.0822,,1.0,0.0,,,,0.6684978578098366
robot_2,hospital,robot_anomaly_hospital,2026-04-23 16:27:16.615000+00:00,,,,,,,42.9135,42.2714,0.635,,1.0,0.0,,,,0.5749448526971976
robot_4,lab,robot_anomaly_lab,2026-05-01 04:19:11.180000+00:00,,,,,,,24.6557,47.8527,0.1099999999999999,,0.0,1.0,,,,0.9297565430710806
robot_1,outdoor,robot_anomaly_outdoor,2026-04-24 19:02:36.716000+00:00,,,,,,,40.9531,52.0072,0.0494,,0.0,1.0,,,,0.9020856367803204
robot_1,outdoor,robot_anomaly_outdoor,2026-05-01 01:25:07.406000+00:00,,,,,,,25.7074,61.637,0.0737999999999999,,0.0,1.0,,,,0.9166580424494366
robot_2,warehouse,robot_anomaly_warehouse,2026-04-22 00:21:11.037000+00:00,,,,,,,39.0394,51.0383,0.1099999999999999,,0.0,1.0,,,,0.8736361009393543
robot_4,outdoor,robot_anomaly_outdoor,2026-05-09 11:41:46.348000+00:00,,,,,,,14.4816,56.8705,0.0,,0.0,1.0,,,,0.9171894877105556
robot_2,warehouse,robot_anomaly_warehouse,2026-05-03 03:07:28.921000+00:00,,,,,,,29.4822,51.7207,0.0946,,0.0,1.0,,,,0.9252469862956672
robot_1,warehouse,robot_anomaly_warehouse,2026-05-09 05:10:27.418000+00:00,,,,,,,18.2796,51.9586,0.0296999999999999,,0.0,1.0,,,,0.8920011252729069
robot_5,hospital,robot_anomaly_hospital,2026-05-03 23:54:27.046000+00:00,,,,,,,33.7643,47.0738,0.0201999999999999,,0.0,1.0,,,,0.9061799963303964
robot_2,outdoor,robot_anomaly_outdoor,2026-04-10 21:17:59.951000+00:00,,,,,,,36.9355,48.8605,0.053,,0.0,1.0,,,,0.970156073674424
robot_4,lab,robot_anomaly_lab,2026-04-15 02:08:30.973000+00:00,,,,,,,33.8887,46.0332,0.1088,,0.0,1.0,,,,0.9129006060834162
robot_3,outdoor,robot_anomaly_outdoor,2026-05-07 16:53:56.262000+00:00,,,,,,,49.8029,41.3059,0.0645999999999999,,0.0,1.0,,,,0.8998559933287303
robot_1,warehouse,robot_anomaly_warehouse,2026-04-16 22:04:11.374000+00:00,,,,,,,53.3169,43.4119,0.0484999999999999,,1.0,0.0,,,,0.6525218928972828
robot_1,warehouse,robot_anomaly_warehouse,2026-04-16 06:41:05.671000+00:00,,,,,,,38.1415,54.3434,0.0683,,0.0,1.0,,,,0.889219680629927
robot_2,hospital,robot_anomaly_hospital,2026-04-19 09:29:45.144000+00:00,,,,,,,17.5251,45.3153,0.0638999999999999,,0.0,1.0,,,,0.9258173334174072
robot_3,outdoor,robot_anomaly_outdoor,2026-04-23 07:18:40.924000+00:00,,,,,,,17.4987,60.7507,0.0836,,0.0,1.0,,,,0.90074350068024
robot_5,warehouse,robot_anomaly_warehouse,2026-04-23 18:16:45.249000+00:00,,,,,,,34.2719,51.5769,0.0232999999999999,,0.0,1.0,,,,0.88713465214166
robot_5,outdoor,robot_anomaly_outdoor,2026-04-26 17:59:07.864000+00:00,,,,,,,41.7259,45.0386,0.0491,,0.0,1.0,,,,0.8791855625123762
robot_1,hospital,robot_anomaly_hospital,2026-05-02 04:13:09.345000+00:00,,,,,,,30.6396,49.1725,0.0909999999999999,,1.0,0.0,,,,0.5840842932703069
robot_2,warehouse,robot_anomaly_warehouse,2026-04-28 14:17:04.061000+00:00,,,,,,,244.4126,12.088,0.0739999999999999,,1.0,0.0,,,,0.6096617601595314
robot_2,hospital,robot_anomaly_hospital,2026-05-07 10:45:02.057000+00:00,,,,,,,33.2217,54.2531,0.0483,,0.0,1.0,,,,0.9073399172780948
robot_4,warehouse,robot_anomaly_warehouse,2026-05-08 07:14:07.233000+00:00,,,,,,,30.5287,38.6326,0.0335999999999999,,0.0,1.0,,,,0.9247828799620812
robot_1,outdoor,robot_anomaly_outdoor,2026-05-03 16:42:27.780000+00:00,,,,,,,35.8246,45.2068,0.0248,,0.0,1.0,,,,0.9350989457228824
robot_1,hospital,robot_anomaly_hospital,2026-04-23 03:09:01.632000+00:00,,,,,,,28.4955,55.2954,0.0888999999999999,,0.0,1.0,,,,0.8394014257503685
robot_3,outdoor,robot_anomaly_outdoor,2026-04-18 03:32:10.656000+00:00,,,,,,,24.4342,55.852,0.0756999999999999,,0.0,1.0,,,,0.8859476676802721
robot_3,lab,robot_anomaly_lab,2026-04-23 19:06:20.934000+00:00,,,,,,,45.5793,48.1902,0.4135,,1.0,0.0,,,,0.6885090905562643
robot_5,lab,robot_anomaly_lab,2026-04-11 06:16:11.759000+00:00,,,,,,,30.2464,43.357,0.0645,,0.0,1.0,,,,0.8765787589905105
robot_5,lab,robot_anomaly_lab,2026-05-04 11:18:42.659000+00:00,,,,,,,43.688,46.0452,0.0746,,0.0,1.0,,,,0.927857958605132
robot_3,outdoor,robot_anomaly_outdoor,2026-05-02 21:43:01.872000+00:00,,,,,,,45.523,56.7954,0.0616999999999999,,0.0,1.0,,,,0.9166205017975878
robot_3,warehouse,robot_anomaly_warehouse,2026-04-20 12:43:11.097000+00:00,,,,,,,18.7974,41.9938,0.0746999999999999,,0.0,1.0,,,,0.8790560477730882
robot_3,warehouse,robot_anomaly_warehouse,2026-05-09 01:47:03.723000+00:00,,,,,,,24.3318,54.3289,0.4872999999999999,,1.0,0.0,,,,0.631531040928507
robot_4,hospital,robot_anomaly_hospital,2026-05-10 16:11:49.992000+00:00,,,,,,,27.8993,54.0766,0.0079,,0.0,1.0,,,,0.8446639694136977
robot_3,outdoor,robot_anomaly_outdoor,2026-04-14 10:06:50.423000+00:00,,,,,,,31.5655,51.3884,0.013,,0.0,1.0,,,,0.9270455369241306
robot_2,outdoor,robot_anomaly_outdoor,2026-04-22 01:43:44.460000+00:00,,,,,,,43.1203,56.4182,0.0494999999999999,,0.0,1.0,,,,0.8894502030634491
robot_4,hospital,robot_anomaly_hospital,2026-04-15 23:35:03.752000+00:00,,,,,,,30.6553,54.6036,0.0242999999999999,,0.0,1.0,,,,0.909084256180973
robot_3,lab,robot_anomaly_lab,2026-04-21 04:29:09.056000+00:00,,,,,,,42.0605,52.3899,0.0,,0.0,1.0,,,,0.9351416353933052
robot_1,warehouse,robot_anomaly_warehouse,2026-05-09 16:38:02.099000+00:00,,,,,,,399.6078,15.8795,0.052,,1.0,0.0,,,,0.4978003427421284
robot_4,outdoor,robot_anomaly_outdoor,2026-04-23 22:47:41.121000+00:00,,,,,,,253.5662,11.4312,0.0489,,1.0,0.0,,,,0.6116811430564887
robot_2,warehouse,robot_anomaly_warehouse,2026-04-18 11:32:10.044000+00:00,,,,,,,42.4789,37.432,0.042,,0.0,1.0,,,,0.8677126052987768
robot_4,warehouse,robot_anomaly_warehouse,2026-04-11 08:25:36.434000+00:00,,,,,,,32.1525,44.5707,0.0724,,0.0,1.0,,,,0.9612395582424976
robot_3,outdoor,robot_anomaly_outdoor,2026-04-30 16:00:35.822000+00:00,,,,,,,42.3469,47.4074,0.0262999999999999,,0.0,1.0,,,,0.959471752015521
robot_4,warehouse,robot_anomaly_warehouse,2026-05-09 13:07:26.379000+00:00,,,,,,,21.2769,45.1904,0.0756999999999999,,0.0,1.0,,,,0.9125184399132752
robot_1,warehouse,robot_anomaly_warehouse,2026-04-23 13:07:02.370000+00:00,,,,,,,35.5306,42.1006,0.0395999999999999,,0.0,1.0,,,,0.8763960884548669
robot_4,hospital,robot_anomaly_hospital,2026-04-17 11:42:34.582000+00:00,,,,,,,31.5571,44.0819,0.0385999999999999,,1.0,0.0,,,,0.5944699248255944
robot_3,hospital,robot_anomaly_hospital,2026-04-26 03:19:20.949000+00:00,,,,,,,32.027,42.3344,0.0624,,1.0,0.0,,,,0.6352044024564674
robot_5,hospital,robot_anomaly_hospital,2026-04-19 11:51:11.491000+00:00,,,,,,,37.1941,52.3068,0.0179,,0.0,1.0,,,,0.91728171253083
robot_3,lab,robot_anomaly_lab,2026-04-17 12:07:16.630000+00:00,,,,,,,21.971,33.6876,0.0338,,0.0,1.0,,,,0.9184382586490752
robot_2,outdoor,robot_anomaly_outdoor,2026-04-26 07:59:36.769000+00:00,,,,,,,37.7716,46.1151,0.0887999999999999,,0.0,1.0,,,,0.9280309975401176
robot_2,lab,robot_anomaly_lab,2026-05-10 14:44:21.255000+00:00,,,,,,,44.5134,38.8356,0.0124999999999999,,0.0,1.0,,,,0.8524097110501307
robot_2,outdoor,robot_anomaly_outdoor,2026-05-03 18:15:12.603000+00:00,,,,,,,30.3497,48.274,0.036,,0.0,1.0,,,,0.9297130520238815
robot_5,lab,robot_anomaly_lab,2026-04-11 20:08:01.947000+00:00,,,,,,,39.5636,55.0815,0.1442999999999999,,0.0,1.0,,,,0.9452280926112108
robot_1,warehouse,robot_anomaly_warehouse,2026-04-22 11:08:33.128000+00:00,,,,,,,32.3238,51.9898,0.0072999999999999,,0.0,1.0,,,,0.9202697767031754
apple_health_user,apple_health_daily,apple_health_wearable_activity,2022-12-29 00:00:00,84.31766666666667,55.0,0.0017132258064516,,,,,,,0.0,0.0001532258064516,0.9998467741935484,,,,0.8289204420549581
apple_health_user,apple_health_daily,apple_health_wearable_activity,2022-12-30 00:00:00,73.47856666666667,55.0,0.0014447368421052,,,,,,,0.0,0.0,1.0,,,,0.7688437914230019
apple_health_user,apple_health_daily,apple_health_wearable_activity,2022-12-31 00:00:00,99.3741,55.0,0.001579857305936,,,,,,,0.0,6.458333333325683e-05,0.9999354166666669,,,,0.912641297564688
apple_health_user,apple_health_daily,apple_health_wearable_activity,2023-01-01 00:00:00,81.79853333333332,55.0,0.0016215714285714,,,,,,,0.0,8.000000000008001e-05,0.99992,,,,0.8149802169312169
apple_health_user,apple_health_daily,apple_health_wearable_activity,2023-01-02 00:00:00,73.64576666666667,55.0,0.0017680555555555,,,,,,,0.0,0.0002625,0.9997375,,,,0.7695774074074073
apple_health_user,apple_health_daily,apple_health_wearable_activity,2023-01-03 00:00:00,89.58193333333332,55.0,0.0015542307692307,,,,,,,0.0,2.692307692309104e-05,0.9999730769230768,,,,0.8582614672364671
apple_health_user,apple_health_daily,apple_health_wearable_activity,2023-01-04 00:00:00,79.28336666666667,55.0,0.0015624285714285,,,,,,,0.0,7.142857142850012e-05,0.9999285714285716,,,,0.8010296402116402
apple_health_user,apple_health_daily,apple_health_wearable_activity,2023-01-05 00:00:00,83.28323333333333,55.0,0.001628602484472,,,,,,,0.0,0.0001021739130434,0.9998978260869564,,,,0.8232188152749021
apple_health_user,apple_health_daily,apple_health_wearable_activity,2023-01-06 00:00:00,96.26713333333332,55.0,0.0016330172413793,,,,,,,0.0,0.0001155172413793,0.9998844827586206,,,,0.8953456736909322
apple_health_user,apple_health_daily,apple_health_wearable_activity,2023-01-07 00:00:00,76.31783333333334,55.0,0.0014958333333333,,,,,,,0.0,1.4999999999987246e-05,0.999985,,,,0.784595462962963
apple_health_user,apple_health_daily,apple_health_wearable_activity,2023-01-08 00:00:00,72.34083333333334,55.0,0.00146125,,,,,,,0.0,0.0,1.0,,,,0.7625175462962964
apple_health_user,apple_health_daily,apple_health_wearable_activity,2023-01-09 00:00:00,91.85823333333336,55.0,0.0015595974576271,,,,,,,0.0,4.375000000000906e-05,0.99995625,,,,0.8709001804770873
apple_health_user,apple_health_daily,apple_health_wearable_activity,2023-01-10 00:00:00,64.69613333333334,55.0,0.0015642307692307,,,,,,,0.0,4.999999999999449e-05,0.99995,,,,0.7199959971509973
apple_health_user,apple_health_daily,apple_health_wearable_activity,2023-01-11 00:00:00,98.592,55.0,0.0015989081632653,,,,,,,0.0,0.0001204081632653,0.9998795918367348,,,,0.9082713390022676
apple_health_user,apple_health_daily,apple_health_wearable_activity,2023-01-12 00:00:00,70.2001,55.0,0.0014075,,,,,,,0.0,0.0001249999999999,0.999875,,,,0.7506008333333334
apple_health_user,apple_health_daily,apple_health_wearable_activity,2023-01-13 00:00:00,77.66416666666666,55.0,0.0015566666666666,,,,,,,0.0,5.500000000002725e-05,0.999945,,,,0.7920414814814816
apple_health_user,apple_health_daily,apple_health_wearable_activity,2023-01-14 00:00:00,71.4503,55.0,0.0013563636363636,,,,,,,0.0,0.0,1.0,,,,0.757605101010101
apple_health_user,apple_health_daily,apple_health_wearable_activity,2023-01-15 00:00:00,72.5164,55.0,0.001395,,,,,,,0.0,0.0,1.0,,,,0.7635149999999999
apple_health_user,apple_health_daily,apple_health_wearable_activity,2023-01-16 00:00:00,80.49686666666666,55.0,0.0016560683760683,,,,,,,0.0,0.0003038461538461,0.9996961538461538,,,,0.807662621082621
apple_health_user,apple_health_daily,apple_health_wearable_activity,2023-01-17 00:00:00,79.56246666666667,55.0,0.0015385777777777,,,,,,,0.0,5.277777777779047e-05,0.9999472222222222,,,,0.8025943629629629
apple_health_user,apple_health_daily,apple_health_wearable_activity,2023-01-18 00:00:00,91.2642,55.0,0.0018347294117647,,,,,,,0.0,0.0003485294117646,0.9996514705882352,,,,0.8674066915032679
apple_health_user,apple_health_daily,apple_health_wearable_activity,2023-01-19 00:00:00,74.55813333333333,55.0,0.0015037499999999,,,,,,,0.0,0.0,1.0,,,,0.774821712962963
apple_health_user,apple_health_daily,apple_health_wearable_activity,2023-01-20 00:00:00,97.26663333333332,55.0,0.0015057702182284,,,,,,,0.0,4.024390243895226e-05,0.999959756097561,,,,0.9009659582560738
apple_health_user,apple_health_daily,apple_health_wearable_activity,2023-01-21 00:00:00,74.82036666666667,55.0,0.0015049999999999,,,,,,,0.0,2.142857142861665e-05,0.9999785714285714,,,,0.7762710052910053
apple_health_user,apple_health_daily,apple_health_wearable_activity,2023-01-22 00:00:00,73.08346666666667,55.0,0.0014720833333333,,,,,,,0.0,1.666666666666483e-05,0.9999833333333332,,,,0.7666341203703704
apple_health_user,apple_health_daily,apple_health_wearable_activity,2023-01-23 00:00:00,96.6658,55.0,0.0017199143610013,,,,,,,0.0,0.0001863636363637,0.9998136363636364,,,,0.8975079073342117
apple_health_user,apple_health_daily,apple_health_wearable_activity,2023-01-24 00:00:00,88.8115,55.0,0.0014475029377203,,,,,,,0.0,1.3043478260810204e-05,0.9999869565217392,,,,0.8540214845280062
apple_health_user,apple_health_daily,apple_health_wearable_activity,2023-01-25 00:00:00,81.1738,55.0,0.0014815207373271,,,,,,,0.0,3.571428571436108e-05,0.9999642857142856,,,,0.8115709216589861
apple_health_user,apple_health_daily,apple_health_wearable_activity,2023-01-26 00:00:00,73.7228,55.0,0.0014524999999999,,,,,,,0.0,0.0,1.0,,,,0.7701980555555555
apple_health_user,apple_health_daily,apple_health_wearable_activity,2023-01-27 00:00:00,91.49206666666666,55.0,0.001662626641651,,,,,,,0.0,0.0002038461538461,0.9997961538461538,,,,0.8687782127718714
apple_health_user,apple_health_daily,apple_health_wearable_activity,2023-01-28 00:00:00,88.71016666666667,55.0,0.0020179495614035,,,,,,,0.0,0.0004631578947368,0.9995368421052632,,,,0.8531183345516569
apple_health_user,apple_health_daily,apple_health_wearable_activity,2023-01-29 00:00:00,75.03753333333333,55.0,0.001462037037037,,,,,,,0.0,6.666666666710341e-06,0.9999933333333332,,,,0.7774967283950618
apple_health_user,apple_health_daily,apple_health_wearable_activity,2023-01-30 00:00:00,76.96323333333333,55.0,0.0015705278592375,,,,,,,0.0,8.18181818181829e-05,0.9999181818181818,,,,0.7881338476159444
apple_health_user,apple_health_daily,apple_health_wearable_activity,2023-01-31 00:00:00,75.62376666666667,55.0,0.0014556324110671,,,,,,,0.0,4.545454545423766e-06,0.9999954545454546,,,,0.7807564221929439
apple_health_user,apple_health_daily,apple_health_wearable_activity,2023-02-01 00:00:00,76.83696666666667,55.0,0.0014388988095238,,,,,,,0.0,1.785714285706952e-05,0.9999821428571428,,,,0.7874975628306878
apple_health_user,apple_health_daily,apple_health_wearable_activity,2023-02-02 00:00:00,73.50866666666667,55.0,0.001512738095238,,,,,,,0.0,2.916666666674672e-05,0.9999708333333333,,,,0.7689786243386242
apple_health_user,apple_health_daily,apple_health_wearable_activity,2023-02-03 00:00:00,90.37816666666666,55.0,0.0018101470588235,,,,,,,0.0,0.00035,0.99965,,,,0.8624919880174291
apple_health_user,apple_health_daily,apple_health_wearable_activity,2023-02-04 00:00:00,81.21303333333333,55.0,0.0015500247035573,,,,,,,0.0,3.695652173907327e-05,0.9999630434782608,,,,0.8117656358878641
apple_health_user,apple_health_daily,apple_health_wearable_activity,2023-02-05 00:00:00,76.3063,55.0,0.0015595614035087,,,,,,,0.0,1.666666666666483e-05,0.9999833333333332,,,,0.7845095906432747
apple_health_user,apple_health_daily,apple_health_wearable_activity,2023-02-06 00:00:00,84.4861,55.0,0.0015863846153846,,,,,,,0.0,6.53846153846338e-05,0.9999346153846154,,,,0.8299277435897436
apple_health_user,apple_health_daily,apple_health_wearable_activity,2023-02-07 00:00:00,76.2449,55.0,0.0014081578947368,,,,,,,0.0,0.0,1.0,,,,0.7842245029239766
apple_health_user,apple_health_daily,apple_health_wearable_activity,2023-02-08 00:00:00,87.0703,55.0,0.0016729607843137,,,,,,,0.0,0.000185294117647,0.999814705882353,,,,0.8442155816993465
apple_health_user,apple_health_daily,apple_health_wearable_activity,2023-02-09 00:00:00,76.44193333333334,55.0,0.0014852631578947,,,,,,,0.0,0.0,1.0,,,,0.7852934307992202
apple_health_user,apple_health_daily,apple_health_wearable_activity,2023-02-10 00:00:00,93.27326666666669,55.0,0.0017619213759213,,,,,,,0.0,0.0002486486486485,0.9997513513513514,,,,0.878625735917736
apple_health_user,apple_health_daily,apple_health_wearable_activity,2023-02-11 00:00:00,82.01286666666667,55.0,0.0015698863636363,,,,,,,0.0,6.818181818180058e-05,0.9999318181818182,,,,0.8161921254208755
apple_health_user,apple_health_daily,apple_health_wearable_activity,2023-02-12 00:00:00,81.60916666666667,55.0,0.0015110555555555,,,,,,,0.0,3.055555555553369e-05,0.9999694444444444,,,,0.8139815
apple_health_user,apple_health_daily,apple_health_wearable_activity,2023-02-13 00:00:00,95.4077,55.0,0.0015804415584415,,,,,,,0.0,0.0001357142857143,0.9998642857142856,,,,0.890581836940837
apple_health_user,apple_health_daily,apple_health_wearable_activity,2023-02-14 00:00:00,72.493,55.0,0.0014660714285714,,,,,,,0.0,0.0,1.0,,,,0.7633613095238095
apple_health_user,apple_health_daily,apple_health_wearable_activity,2023-02-15 00:00:00,71.2557,55.0,0.0014649673202614,,,,,,,0.0,5.555555555591951e-06,0.9999944444444444,,,,0.7564859368191721
apple_health_user,apple_health_daily,apple_health_wearable_activity,2023-02-16 00:00:00,67.26603333333333,55.0,0.001511923076923,,,,,,,0.0,0.0,1.0,,,,0.734307321937322
apple_health_user,apple_health_daily,apple_health_wearable_activity,2023-02-17 00:00:00,95.3522,55.0,0.0015395159313725,,,,,,,0.0,4.8437500000053646e-05,0.9999515625,,,,0.890316237745098
apple_health_user,apple_health_daily,apple_health_wearable_activity,2023-02-18 00:00:00,75.99003333333333,55.0,0.0015499285714285,,,,,,,0.0,4.642857142855839e-05,0.9999535714285714,,,,0.782745843915344
apple_health_user,apple_health_daily,apple_health_wearable_activity,2023-02-19 00:00:00,91.69783333333334,55.0,0.0016272916666666,,,,,,,0.0,0.0001183333333333,0.9998816666666668,,,,0.8699616435185185
apple_health_user,apple_health_daily,apple_health_wearable_activity,2023-02-20 00:00:00,67.9927,55.0,0.00149,,,,,,,0.0,0.0,1.0,,,,0.7383516666666666
apple_health_user,apple_health_daily,apple_health_wearable_activity,2023-02-21 00:00:00,65.91286666666667,55.0,0.0016064444444444,,,,,,,0.0,0.0001111111111111,0.9998888888888888,,,,0.7267211851851852
apple_health_user,apple_health_daily,apple_health_wearable_activity,2023-02-22 00:00:00,87.11500000000001,55.0,0.0015445616883116,,,,,,,0.0,4.285714285712228e-05,0.9999571428571428,,,,0.8445541937229436
apple_health_user,apple_health_daily,apple_health_wearable_activity,2023-02-23 00:00:00,72.84293333333333,55.0,0.0015005882352941,,,,,,,0.0,0.0,1.0,,,,0.7652938779956427
apple_health_user,apple_health_daily,apple_health_wearable_activity,2023-02-24 00:00:00,81.52973333333333,55.0,0.0015288324175824,,,,,,,0.0,4.615384615380691e-05,0.9999538461538462,,,,0.8135290786528286
apple_health_user,apple_health_daily,apple_health_wearable_activity,2023-02-25 00:00:00,72.506,55.0,0.0015828333333333,,,,,,,0.0,0.0001124999999999,0.9998875,,,,0.7633571111111112
apple_health_user,apple_health_daily,apple_health_wearable_activity,2023-02-26 00:00:00,83.19656666666667,55.0,0.0017827777777777,,,,,,,0.0,0.0002944444444443,0.9997055555555556,,,,0.8226218518518519
apple_health_user,apple_health_daily,apple_health_wearable_activity,2023-02-27 00:00:00,64.14423333333333,55.0,0.0018047222222222,,,,,,,0.0,0.0002874999999999,0.9997125,,,,0.7167705555555556
apple_health_user,apple_health_daily,apple_health_wearable_activity,2023-02-28 00:00:00,97.06956666666667,55.0,0.0015190835579514,,,,,,,0.0,8.285714285716228e-05,0.9999171428571428,,,,0.8998525012478785
apple_health_user,apple_health_daily,apple_health_wearable_activity,2023-03-01 00:00:00,69.24323333333334,55.0,0.0016060714285714,,,,,,,0.0,0.0001285714285714,0.9998714285714284,,,,0.7452175264550265
apple_health_user,apple_health_daily,apple_health_wearable_activity,2023-03-02 00:00:00,99.3397,55.0,0.0015769924528301,,,,,,,0.0,8.679245283016446e-05,0.9999132075471698,,,,0.91244373836478
apple_health_user,apple_health_daily,apple_health_wearable_activity,2023-03-03 00:00:00,99.8116,55.0,0.0015518829923273,,,,,,,0.0,6.195652173912602e-05,0.9999380434782608,,,,0.9150820534953112
apple_health_user,apple_health_daily,apple_health_wearable_activity,2023-03-04 00:00:00,75.76916666666666,55.0,0.0015208035714285,,,,,,,0.0,5.937499999997264e-05,0.999940625,,,,0.7815241997354497
apple_health_user,apple_health_daily,apple_health_wearable_activity,2023-03-05 00:00:00,72.16409999999999,55.0,0.0015733612040133,,,,,,,0.0,6.923076923071037e-05,0.9999307692307692,,,,0.7614752471200298
apple_health_user,apple_health_daily,apple_health_wearable_activity,2023-03-06 00:00:00,72.95423333333333,55.0,0.00149,,,,,,,0.0,0.0,1.0,,,,0.7659157407407408
apple_health_user,apple_health_daily,apple_health_wearable_activity,2023-03-07 00:00:00,93.58093333333332,55.0,0.0015224358974358,,,,,,,0.0,3.461538461535518e-05,0.9999653846153846,,,,0.8804861680911681
apple_health_user,apple_health_daily,apple_health_wearable_activity,2023-03-08 00:00:00,71.35363333333333,55.0,0.0018321428571428,,,,,,,0.0,0.0003071428571428,0.9996928571428572,,,,0.75680708994709
apple_health_user,apple_health_daily,apple_health_wearable_activity,2023-03-09 00:00:00,75.24036666666666,55.0,0.001808988095238,,,,,,,0.0,0.00026875,0.99973125,,,,0.7784205687830688
apple_health_user,apple_health_daily,apple_health_wearable_activity,2023-03-10 00:00:00,66.55476666666667,55.0,0.0017971794871794,,,,,,,0.0,0.0002833333333334,0.9997166666666666,,,,0.7301663105413105
apple_health_user,apple_health_daily,apple_health_wearable_activity,2023-03-11 00:00:00,82.90883333333333,55.0,0.0017688602150537,,,,,,,0.0,0.000224193548387,0.9997758064516128,,,,0.8210513894862604
apple_health_user,apple_health_daily,apple_health_wearable_activity,2023-03-12 00:00:00,60.935500000000005,55.0,0.001766,,,,,,,0.0,0.00035,0.99965,,,,0.6989363333333333
apple_health_user,apple_health_daily,apple_health_wearable_activity,2023-03-13 00:00:00,67.36853333333333,55.0,0.0014984210526315,,,,,,,0.0,0.0,1.0,,,,0.7348812670565302
apple_health_user,apple_health_daily,apple_health_wearable_activity,2023-03-14 00:00:00,94.8739,55.0,0.0015591108071135,,,,,,,0.0,7.352941176463901e-05,0.9999264705882354,,,,0.8876441199270406
apple_health_user,apple_health_daily,apple_health_wearable_activity,2023-03-15 00:00:00,59.73786666666667,55.0,0.001516,,,,,,,0.0,0.0,1.0,,,,0.6924828148148148
apple_health_user,apple_health_daily,apple_health_wearable_activity,2023-03-16 00:00:00,71.51453333333333,55.0,0.0015186111111111,,,,,,,0.0,0.0,1.0,,,,0.7579078703703703
apple_health_user,apple_health_daily,apple_health_wearable_activity,2023-03-17 00:00:00,64.57893333333334,55.0,0.0015512121212121,,,,,,,0.0,6.666666666665932e-05,0.9999333333333332,,,,0.7193436700336701
apple_health_user,apple_health_daily,apple_health_wearable_activity,2023-03-18 00:00:00,87.89186666666666,55.0,0.0019457275132275,,,,,,,0.0,0.000392857142857,0.9996071428571428,,,,0.8486197310405643
apple_health_user,apple_health_daily,apple_health_wearable_activity,2023-03-19 00:00:00,90.85566666666666,55.0,0.0015603545454545,,,,,,,0.0,9.545454545456522e-05,0.9999045454545454,,,,0.8653128784511784
apple_health_user,apple_health_daily,apple_health_wearable_activity,2023-03-20 00:00:00,83.0646,55.0,0.0014890138888888,,,,,,,0.0,2.8125000000045475e-05,0.999971875,,,,0.8220753981481481
apple_health_user,apple_health_daily,apple_health_wearable_activity,2023-03-21 00:00:00,75.86803333333333,55.0,0.0014647619047619,,,,,,,0.0,0.0,1.0,,,,0.7821119312169312
apple_health_user,apple_health_daily,apple_health_wearable_activity,2023-03-22 00:00:00,58.0913,55.0,0.003155,,,,,,,0.0,0.0,1.0,,,,0.6827888888888888
apple_health_user,apple_health_daily,apple_health_wearable_activity,2023-03-23 00:00:00,72.97716666666666,55.0,0.0014717207792207,,,,,,,0.0,3.636363636361217e-05,0.9999636363636364,,,,0.76603712000962
apple_health_user,apple_health_daily,apple_health_wearable_activity,2023-03-24 00:00:00,72.25603333333333,55.0,0.0014965,,,,,,,0.0,1.2499999999970868e-05,0.9999875,,,,0.7620305185185186
apple_health_user,apple_health_daily,apple_health_wearable_activity,2023-03-25 00:00:00,70.60183333333333,55.0,0.0015011029411764,,,,,,,0.0,6.875000000006182e-05,0.99993125,,,,0.752820234204793
apple_health_user,apple_health_daily,apple_health_wearable_activity,2023-03-26 00:00:00,74.61243333333334,55.0,0.0017090476190476,,,,,,,0.0,0.0001499999999999,0.99985,,,,0.775004947089947
apple_health_user,apple_health_daily,apple_health_wearable_activity,2023-03-27 00:00:00,75.09956666666666,55.0,0.0015832499999999,,,,,,,0.0,9.9999999999989e-05,0.9999,,,,0.7777698425925926
apple_health_user,apple_health_daily,apple_health_wearable_activity,2023-03-28 00:00:00,70.14956666666667,55.0,0.0015374436090225,,,,,,,0.0,6.428571428573893e-05,0.9999357142857144,,,,0.7502970161514898
apple_health_user,apple_health_daily,apple_health_wearable_activity,2023-03-29 00:00:00,92.785,55.0,0.00169127090301,,,,,,,0.0,0.000176923076923,0.9998230769230768,,,,0.875960602006689
apple_health_user,apple_health_daily,apple_health_wearable_activity,2023-03-30 00:00:00,70.00596666666667,55.0,0.001381,,,,,,,0.0,0.0,1.0,,,,0.7495728148148149
apple_health_user,apple_health_daily,apple_health_wearable_activity,2023-03-31 00:00:00,61.08293333333334,55.0,0.0015035714285714,,,,,,,0.0,0.0,1.0,,,,0.6999595502645503
apple_health_user,apple_health_daily,apple_health_wearable_activity,2023-04-01 00:00:00,85.53,55.0,0.0014775980392156,,,,,,,0.0,2.0833333333358794e-05,0.9999791666666666,,,,0.8357783006535948
apple_health_user,apple_health_daily,apple_health_wearable_activity,2023-04-02 00:00:00,62.09496666666666,55.0,0.0029388461538461,,,,,,,0.0,0.0013499999999999,0.99865,,,,0.7046535327635327
apple_health_user,apple_health_daily,apple_health_wearable_activity,2023-04-03 00:00:00,83.6469,55.0,0.0015517857142857,,,,,,,0.0,9.250000000005087e-05,0.9999075,,,,0.8252680158730158
apple_health_user,apple_health_daily,apple_health_wearable_activity,2023-04-04 00:00:00,73.7293,55.0,0.0015672794117647,,,,,,,0.0,4.375000000000906e-05,0.99995625,,,,0.7701813235294118
apple_health_user,apple_health_daily,apple_health_wearable_activity,2023-04-05 00:00:00,72.35810000000001,55.0,0.0014736111111111,,,,,,,0.0,0.0,1.0,,,,0.762609351851852
apple_health_user,apple_health_daily,apple_health_wearable_activity,2023-04-06 00:00:00,86.33956666666667,55.0,0.0016108783783783,,,,,,,0.0,0.0001225,0.9998775,,,,0.8401975775775776
apple_health_user,apple_health_daily,apple_health_wearable_activity,2023-04-07 00:00:00,115.0,55.0,0.0014880158730158,,,,,,,0.0,4.999999999999449e-05,0.99995,,,,0.999487328042328
apple_health_user,apple_health_daily,apple_health_wearable_activity,2023-04-08 00:00:00,79.1187,55.0,0.0017139448568398,,,,,,,0.0,0.000145652173913,0.999854347826087,,,,0.8000395787675267
apple_health_user,apple_health_daily,apple_health_wearable_activity,2023-04-09 00:00:00,62.78776666666667,55.0,0.0017153333333333,,,,,,,0.0,0.0001666666666666,0.9998333333333334,,,,0.7093047037037037
apple_health_user,apple_health_daily,apple_health_wearable_activity,2023-04-10 00:00:00,62.705466666666666,55.0,0.0021292857142857,,,,,,,0.0,0.00055,0.99945,,,,0.7085817195767196
apple_health_user,apple_health_daily,apple_health_wearable_activity,2023-04-11 00:00:00,72.83626666666666,55.0,0.0014992307692307,,,,,,,0.0,0.0,1.0,,,,0.7652572934472935
apple_health_user,apple_health_daily,apple_health_wearable_activity,2023-04-12 00:00:00,73.77966666666667,55.0,0.0023689285714285,,,,,,,0.0,0.0007708333333333,0.9992291666666666,,,,0.7699515608465607
apple_health_user,apple_health_daily,apple_health_wearable_activity,2023-04-13 00:00:00,71.65243333333333,55.0,0.0025077777777777,,,,,,,0.0,0.001,0.999,,,,0.7580109259259259
apple_health_user,apple_health_daily,apple_health_wearable_activity,2023-04-14 00:00:00,72.2471,55.0,0.0014173214285714,,,,,,,0.0,6.249999999985434e-06,0.99999375,,,,0.762009365079365
apple_health_user,apple_health_daily,apple_health_wearable_activity,2023-04-15 00:00:00,96.3685,55.0,0.0017581492666091,,,,,,,0.0,0.0002105263157894,0.9997894736842106,,,,0.8958354414725339
apple_health_user,apple_health_daily,apple_health_wearable_activity,2023-04-16 00:00:00,69.84046666666667,55.0,0.0014299999999999,,,,,,,0.0,0.0,1.0,,,,0.748637037037037
apple_health_user,apple_health_daily,apple_health_wearable_activity,2023-04-17 00:00:00,60.347366666666666,55.0,0.0014364285714285,,,,,,,0.0,0.0,1.0,,,,0.6958954497354498
apple_health_user,apple_health_daily,apple_health_wearable_activity,2023-04-18 00:00:00,86.46703333333335,55.0,0.0013966452991452,,,,,,,0.0,2.222222222214576e-05,0.999977777777778,,,,0.8410105626780627
apple_health_user,apple_health_daily,apple_health_wearable_activity,2023-04-19 00:00:00,67.37603333333334,55.0,0.0015029411764705,,,,,,,0.0,0.0,1.0,,,,0.7349214270152505
apple_health_user,apple_health_daily,apple_health_wearable_activity,2023-04-20 00:00:00,69.02376666666666,55.0,0.0016928571428571,,,,,,,0.0,0.0001083333333333,0.9998916666666666,,,,0.7439760846560847
apple_health_user,apple_health_daily,apple_health_wearable_activity,2023-04-21 00:00:00,68.55256666666666,55.0,0.0014573333333333,,,,,,,0.0,0.0,1.0,,,,0.741472925925926
apple_health_user,apple_health_daily,apple_health_wearable_activity,2023-04-22 00:00:00,74.07086666666666,55.0,0.002030424403183,,,,,,,0.0,0.0004807692307692,0.9995192307692308,,,,0.771778861381275
apple_health_user,apple_health_daily,apple_health_wearable_activity,2023-04-23 00:00:00,65.20066666666666,55.0,0.0015985576923076,,,,,,,0.0,0.0001062499999999,0.99989375,,,,0.7227687678062678
apple_health_user,apple_health_daily,apple_health_wearable_activity,2023-04-24 00:00:00,67.93166666666667,55.0,0.001547,,,,,,,0.0,3.500000000000725e-05,0.999965,,,,0.737981925925926
apple_health_user,apple_health_daily,apple_health_wearable_activity,2023-04-25 00:00:00,59.990633333333335,55.0,0.00342,,,,,,,10.550444444444452,0.1055044444444445,0.8944955555555555,,,,0.6580842592592592
apple_health_user,apple_health_daily,apple_health_wearable_activity,2023-04-26 00:00:00,67.11766666666666,55.0,0.0017657142857142,,,,,,,0.0,0.0002499999999999,0.99975,,,,0.7333151322751323
apple_health_user,apple_health_daily,apple_health_wearable_activity,2023-04-27 00:00:00,73.8401,55.0,0.0014608333333333,,,,,,,0.0,1.666666666666483e-05,0.9999833333333332,,,,0.7708413888888889
apple_health_user,apple_health_daily,apple_health_wearable_activity,2023-04-28 00:00:00,65.26616666666666,55.0,0.0016321666666666,,,,,,,0.0,0.0001375,0.9998625,,,,0.7231110370370369
apple_health_user,apple_health_daily,apple_health_wearable_activity,2023-04-29 00:00:00,65.10306666666666,55.0,0.0018508333333333,,,,,,,0.0,0.000375,0.999625,,,,0.7220528703703705
apple_health_user,apple_health_daily,apple_health_wearable_activity,2023-04-30 00:00:00,63.366166666666665,55.0,0.0015235714285714,,,,,,,0.0,5.999999999994898e-05,0.99994,,,,0.7126175132275132
apple_health_user,apple_health_daily,apple_health_wearable_activity,2023-05-01 00:00:00,64.66076666666666,55.0,0.0015263636363636,,,,,,,0.0,4.999999999999449e-05,0.99995,,,,0.719812138047138
apple_health_user,apple_health_daily,apple_health_wearable_activity,2023-05-02 00:00:00,74.42553333333333,55.0,0.0015613157894736,,,,,,,0.0,4.999999999999449e-05,0.99995,,,,0.7740491910331384
apple_health_user,apple_health_daily,apple_health_wearable_activity,2023-05-03 00:00:00,62.922133333333335,55.0,0.0015784415584415,,,,,,,0.0,8.571428571424455e-05,0.9999142857142858,,,,0.7101237999037999
apple_health_user,apple_health_daily,apple_health_wearable_activity,2023-05-04 00:00:00,76.7046,55.0,0.0015363815789473,,,,,,,0.0,4.375000000000906e-05,0.99995625,,,,0.7867210672514621
apple_health_user,apple_health_daily,apple_health_wearable_activity,2023-05-05 00:00:00,63.824133333333336,55.0,0.0015735,,,,,,,0.0,0.0,1.0,,,,0.7151651296296296
apple_health_user,apple_health_daily,apple_health_wearable_activity,2023-05-06 00:00:00,97.2195,55.0,0.001644294117647,,,,,,,0.0,0.0001352941176471,0.9998647058823528,,,,0.900626248366013
apple_health_user,apple_health_daily,apple_health_wearable_activity,2023-05-07 00:00:00,85.45426666666667,55.0,0.0015911458333333,,,,,,,0.0,7.812499999992895e-05,0.999921875,,,,0.8353006134259259
apple_health_user,apple_health_daily,apple_health_wearable_activity,2023-05-08 00:00:00,68.07986666666666,55.0,0.0015433333333333,,,,,,,0.0,0.0,1.0,,,,0.7388181481481482
apple_health_user,apple_health_daily,apple_health_wearable_activity,2023-05-09 00:00:00,93.7019,55.0,0.0014797540983606,,,,,,,0.0,2.999999999997449e-05,0.99997,,,,0.881173970856102
apple_health_user,apple_health_daily,apple_health_wearable_activity,2023-05-10 00:00:00,69.30236666666667,55.0,0.0015576315789473,,,,,,,0.0,0.0,1.0,,,,0.7456050487329434
apple_health_user,apple_health_daily,apple_health_wearable_activity,2023-05-11 00:00:00,75.60066666666667,55.0,0.0017760164835164,,,,,,,0.0,0.0002142857142857,0.9997857142857144,,,,0.7804513807488808
apple_health_user,apple_health_daily,apple_health_wearable_activity,2023-05-12 00:00:00,69.5542,55.0,0.0016988675213675,,,,,,,0.0,0.0001944444444443,0.9998055555555556,,,,0.7468922293447293
apple_health_user,apple_health_daily,apple_health_wearable_activity,2023-05-13 00:00:00,78.1282,55.0,0.0016623809523809,,,,,,,0.0,0.0001607142857142,0.9998392857142856,,,,0.7945489682539683
apple_health_user,apple_health_daily,apple_health_wearable_activity,2023-05-14 00:00:00,70.69613333333334,55.0,0.0015638095238095,,,,,,,0.0,4.999999999999449e-05,0.99995,,,,0.7533294708994709
apple_health_user,apple_health_daily,apple_health_wearable_activity,2023-05-15 00:00:00,75.13656666666667,55.0,0.0020879142857142,,,,,,,0.0,0.0005357142857143,0.9994642857142856,,,,0.7776619386243385
apple_health_user,apple_health_daily,apple_health_wearable_activity,2023-05-16 00:00:00,88.40520000000001,55.0,0.0016943718843469,,,,,,,0.0,0.0001941176470587,0.9998058823529412,,,,0.8516216146006426
apple_health_user,apple_health_daily,apple_health_wearable_activity,2023-05-17 00:00:00,63.74726666666667,55.0,0.0014893939393939,,,,,,,0.0,4.166666666671759e-05,0.9999583333333332,,,,0.7147522390572391
apple_health_user,apple_health_daily,apple_health_wearable_activity,2023-05-18 00:00:00,72.1092,55.0,0.0014706722689075,,,,,,,0.0,7.1428571428722165e-06,0.9999928571428572,,,,0.761225172735761
apple_health_user,apple_health_daily,apple_health_wearable_activity,2023-05-19 00:00:00,77.7299,55.0,0.0017728571428571,,,,,,,0.0,0.0002678571428571,0.9997321428571428,,,,0.7922636507936508
apple_health_user,apple_health_daily,apple_health_wearable_activity,2023-05-20 00:00:00,99.37063333333332,55.0,0.0017043919354838,,,,,,,0.0,0.0001927419354839,0.999807258064516,,,,0.912537807228196
apple_health_user,apple_health_daily,apple_health_wearable_activity,2023-05-21 00:00:00,74.25936666666666,55.0,0.0015531481481481,,,,,,,0.0,4.500000000007276e-05,0.999955,,,,0.7731304320987654
apple_health_user,apple_health_daily,apple_health_wearable_activity,2023-05-22 00:00:00,72.90923333333333,55.0,0.001435238095238,,,,,,,0.0,0.0,1.0,,,,0.7656839947089947
apple_health_user,apple_health_daily,apple_health_wearable_activity,2023-05-23 00:00:00,85.90593333333334,55.0,0.001564656019656,,,,,,,0.0,5.681818181813014e-05,0.999943181818182,,,,0.8378258048958048
apple_health_user,apple_health_daily,apple_health_wearable_activity,2023-05-24 00:00:00,73.20216666666667,55.0,0.0014461538461538,,,,,,,0.0,0.0,1.0,,,,0.7673077635327635
apple_health_user,apple_health_daily,apple_health_wearable_activity,2023-05-25 00:00:00,71.70673333333333,55.0,0.0020765217391304,,,,,,,0.0,0.0005349999999999,0.999465,,,,0.7586113446054751
apple_health_user,apple_health_daily,apple_health_wearable_activity,2023-05-26 00:00:00,72.48456666666667,55.0,0.00146375,,,,,,,0.0,0.0,1.0,,,,0.7633152314814815
apple_health_user,apple_health_daily,apple_health_wearable_activity,2023-05-27 00:00:00,79.63486666666667,55.0,0.0014916294642857,,,,,,,0.0,1.4285714285744431e-05,0.9999857142857144,,,,0.8030250653108465
apple_health_user,apple_health_daily,apple_health_wearable_activity,2023-05-28 00:00:00,82.5584,55.0,0.0015418727272727,,,,,,,0.0,2.727272727276464e-05,0.9999727272727272,,,,0.8192458404040405
apple_health_user,apple_health_daily,apple_health_wearable_activity,2023-05-29 00:00:00,67.0624,55.0,0.0014833333333333,,,,,,,0.0,0.0,1.0,,,,0.7331855555555555
apple_health_user,apple_health_daily,apple_health_wearable_activity,2023-05-30 00:00:00,68.0979,55.0,0.00179,,,,,,,0.0,0.00028125,0.99971875,,,,0.738742361111111
apple_health_user,apple_health_daily,apple_health_wearable_activity,2023-05-31 00:00:00,90.14443333333332,55.0,0.0014685875706214,,,,,,,0.0,3.333333333332966e-05,0.9999666666666668,,,,0.8614128782172003
apple_health_user,apple_health_daily,apple_health_wearable_activity,2023-06-01 00:00:00,97.3548,55.0,0.0016811724433033,,,,,,,0.0,0.0001579268292682,0.9998420731707316,,,,0.901358078020254
apple_health_user,apple_health_daily,apple_health_wearable_activity,2023-06-02 00:00:00,66.3517,55.0,0.00143125,,,,,,,0.0,0.0,1.0,,,,0.7292545833333334
apple_health_user,apple_health_daily,apple_health_wearable_activity,2023-06-03 00:00:00,94.83423333333332,55.0,0.0015307142857142,,,,,,,0.0,8.571428571424455e-05,0.9999142857142858,,,,0.8874291534391534
apple_health_user,apple_health_daily,apple_health_wearable_activity,2023-06-04 00:00:00,80.41453333333334,55.0,0.0016050985221674,,,,,,,0.0,0.0001428571428572,0.9998571428571428,,,,0.807275866630177
apple_health_user,apple_health_daily,apple_health_wearable_activity,2023-06-05 00:00:00,71.3737,55.0,0.0015274999999999,,,,,,,0.0,0.0001249999999999,0.999875,,,,0.7570808333333333
apple_health_user,apple_health_daily,apple_health_wearable_activity,2023-06-06 00:00:00,68.5132,55.0,0.0014320833333333,,,,,,,0.0,0.0,1.0,,,,0.7412626388888889
apple_health_user,apple_health_daily,apple_health_wearable_activity,2023-06-07 00:00:00,60.4586,55.0,0.001497,,,,,,,0.0,0.0,1.0,,,,0.6964932222222222
apple_health_user,apple_health_daily,apple_health_wearable_activity,2023-06-08 00:00:00,73.9517,55.0,0.0015474789915966,,,,,,,0.0,3.571428571436108e-05,0.9999642857142856,,,,0.7714261577964519
apple_health_user,apple_health_daily,apple_health_wearable_activity,2023-06-09 00:00:00,86.94713333333334,55.0,0.0014372222222222,,,,,,,0.0,1.0000000000065512e-05,0.99999,,,,0.8436683333333334
apple_health_user,apple_health_daily,apple_health_wearable_activity,2023-06-10 00:00:00,100.20903333333334,55.0,0.0015005628109452,,,,,,,0.0,6.145833333337514e-05,0.9999385416666666,,,,0.9173072892482034
apple_health_user,apple_health_daily,apple_health_wearable_activity,2023-06-11 00:00:00,87.31290000000001,55.0,0.0018692138009049,,,,,,,0.0,0.0003441176470588,0.9996558823529412,,,,0.8454450006284565
apple_health_user,apple_health_daily,apple_health_wearable_activity,2023-06-12 00:00:00,71.11203333333333,55.0,0.0015041666666666,,,,,,,0.0,1.2499999999970868e-05,0.9999875,,,,0.7556724074074074
apple_health_user,apple_health_daily,apple_health_wearable_activity,2023-06-13 00:00:00,92.67653333333334,55.0,0.0015371428571428,,,,,,,0.0,5.714285714286671e-05,0.9999428571428572,,,,0.8754493121693122
apple_health_user,apple_health_daily,apple_health_wearable_activity,2023-06-14 00:00:00,69.75203333333333,55.0,0.0015193236714975,,,,,,,0.0,3.888888888892161e-05,0.9999611111111112,,,,0.7481030032206119
apple_health_user,apple_health_daily,apple_health_wearable_activity,2023-06-15 00:00:00,79.0428,55.0,0.0015269318181818,,,,,,,0.0,4.749999999997812e-05,0.9999525,,,,0.799712967171717
apple_health_user,apple_health_daily,apple_health_wearable_activity,2023-06-16 00:00:00,72.66426666666666,55.0,0.001526983805668,,,,,,,0.0,8.46153846154607e-05,0.9999153846153844,,,,0.7642642817513869
apple_health_user,apple_health_daily,apple_health_wearable_activity,2023-06-17 00:00:00,72.09826666666666,55.0,0.0014976666666666,,,,,,,0.0,0.0,1.0,,,,0.7611578148148149
apple_health_user,apple_health_daily,apple_health_wearable_activity,2023-06-18 00:00:00,75.862,55.0,0.0014575,,,,,,,0.0,0.0,1.0,,,,0.7820808333333334
apple_health_user,apple_health_daily,apple_health_wearable_activity,2023-06-19 00:00:00,72.89916666666667,55.0,0.0014466,,,,,,,0.0,0.0,1.0,,,,0.7656242814814815
apple_health_user,apple_health_daily,apple_health_wearable_activity,2023-06-20 00:00:00,81.5585,55.0,0.0016243333333333,,,,,,,0.0,8.333333333332416e-05,0.9999166666666668,,,,0.8136446666666667
apple_health_user,apple_health_daily,apple_health_wearable_activity,2023-06-21 00:00:00,75.83833333333334,55.0,0.0018047368421052,,,,,,,0.0,0.0002947368421052,0.9997052631578948,,,,0.7817353606237818
apple_health_user,apple_health_daily,apple_health_wearable_activity,2023-06-22 00:00:00,80.78613333333334,55.0,0.0016481481481481,,,,,,,0.0,0.0001333333333333,0.9998666666666668,,,,0.8093291358024691
apple_health_user,apple_health_daily,apple_health_wearable_activity,2023-06-23 00:00:00,98.79186666666666,55.0,0.0015475198728139,,,,,,,0.0,0.0001081081081081,0.999891891891892,,,,0.909402938821174
apple_health_user,apple_health_daily,apple_health_wearable_activity,2023-06-24 00:00:00,83.5221,55.0,0.0017469047619047,,,,,,,0.0,0.0002458333333332,0.9997541666666668,,,,0.8244585317460317
apple_health_user,apple_health_daily,apple_health_wearable_activity,2023-06-25 00:00:00,78.39506666666666,55.0,0.0015978896103896,,,,,,,0.0,0.0001035714285714,0.9998964285714286,,,,0.7960721055796056
apple_health_user,apple_health_daily,apple_health_wearable_activity,2023-06-26 00:00:00,74.12676666666667,55.0,0.0014792753623188,,,,,,,0.0,4.666666666663932e-05,0.9999533333333334,,,,0.7724178341384863
apple_health_user,apple_health_daily,apple_health_wearable_activity,2023-06-27 00:00:00,73.2904,55.0,0.0014767647058823,,,,,,,0.0,2.000000000002e-05,0.99998,,,,0.7677810784313724
apple_health_user,apple_health_daily,apple_health_wearable_activity,2023-06-28 00:00:00,69.7221,55.0,0.0015738636363636,,,,,,,0.0,6.250000000007638e-05,0.9999375,,,,0.7479106565656566
apple_health_user,apple_health_daily,apple_health_wearable_activity,2023-06-29 00:00:00,70.32456666666667,55.0,0.0015183333333333,,,,,,,0.0,4.999999999999449e-05,0.99995,,,,0.7512803703703703
apple_health_user,apple_health_daily,apple_health_wearable_activity,2023-06-30 00:00:00,70.49116666666667,55.0,0.0014691666666666,,,,,,,0.0,2.4999999999941732e-05,0.999975,,,,0.7522306481481481
apple_health_user,apple_health_daily,apple_health_wearable_activity,2023-07-01 00:00:00,77.5848,55.0,0.001503731060606,,,,,,,0.0,2.727272727276464e-05,0.9999727272727272,,,,0.7916274431818181
apple_health_user,apple_health_daily,apple_health_wearable_activity,2023-07-02 00:00:00,77.67026666666666,55.0,0.0015409166666666,,,,,,,0.0,1.666666666666483e-05,0.9999833333333332,,,,0.792093398148148
apple_health_user,apple_health_daily,apple_health_wearable_activity,2023-07-03 00:00:00,64.16926666666667,55.0,0.0020155555555555,,,,,,,0.0,0.00048,0.99952,,,,0.7167751851851851
apple_health_user,apple_health_daily,apple_health_wearable_activity,2023-07-04 00:00:00,76.42263333333334,55.0,0.0015147402597402,,,,,,,0.0,1.4285714285744431e-05,0.9999857142857144,,,,0.785171620971621
apple_health_user,apple_health_daily,apple_health_wearable_activity,2023-07-05 00:00:00,68.8017,55.0,0.0014175833333333,,,,,,,0.0,6.249999999985434e-06,0.99999375,,,,0.7428681666666667
apple_health_user,apple_health_daily,apple_health_wearable_activity,2023-07-06 00:00:00,102.55326666666666,55.0,0.0013486951410658,,,,,,,0.0,5.17241379305311e-06,0.999994827586207,,,,0.9304001922965284
apple_health_user,apple_health_daily,apple_health_wearable_activity,2023-07-07 00:00:00,75.49943333333334,55.0,0.0016266666666666,,,,,,,0.0,0.0001124999999999,0.9998875,,,,0.7799726851851853
apple_health_user,apple_health_daily,apple_health_wearable_activity,2023-07-08 00:00:00,70.32023333333333,55.0,0.0015446153846153,,,,,,,0.0,1.0000000000065512e-05,0.99999,,,,0.751260868945869
apple_health_user,apple_health_daily,apple_health_wearable_activity,2023-07-09 00:00:00,73.91653333333333,55.0,0.001553988095238,,,,,,,0.0,1.87499999999563e-05,0.99998125,,,,0.7712342724867725
apple_health_user,apple_health_daily,apple_health_wearable_activity,2023-07-10 00:00:00,76.4837,55.0,0.0015115624999999,,,,,,,0.0,4.500000000007276e-05,0.999955,,,,0.7855017013888889
apple_health_user,apple_health_daily,apple_health_wearable_activity,2023-07-11 00:00:00,73.5107,55.0,0.001475,,,,,,,0.0,0.0,1.0,,,,0.7690122222222221
apple_health_user,apple_health_daily,apple_health_wearable_activity,2023-07-12 00:00:00,96.9605,55.0,0.0016096428571428,,,,,,,0.0,0.0001275,0.9998725,,,,0.899201507936508
apple_health_user,apple_health_daily,apple_health_wearable_activity,2023-07-13 00:00:00,79.23803333333333,55.0,0.0015891494435612,,,,,,,0.0,9.117647058820566e-05,0.9999088235294118,,,,0.8007622987693576
apple_health_user,apple_health_daily,apple_health_wearable_activity,2023-07-14 00:00:00,73.24036666666667,55.0,0.0016916379310344,,,,,,,0.0,0.0001875,0.9998125,,,,0.7673756577266923
apple_health_user,apple_health_daily,apple_health_wearable_activity,2023-07-15 00:00:00,80.9185,55.0,0.001844,,,,,,,0.0,0.00035,0.99965,,,,0.8099270000000001
apple_health_user,apple_health_daily,apple_health_wearable_activity,2023-07-16 00:00:00,78.07173333333333,55.0,0.001535,,,,,,,0.0,4.999999999999449e-05,0.99995,,,,0.7943146296296296
apple_health_user,apple_health_daily,apple_health_wearable_activity,2023-07-17 00:00:00,79.63316666666667,55.0,0.0015747727272727,,,,,,,0.0,8.636363636371769e-05,0.9999136363636364,,,,0.8029638804713805
apple_health_user,apple_health_daily,apple_health_wearable_activity,2023-07-18 00:00:00,78.8606,55.0,0.001450606060606,,,,,,,0.0,1.0000000000065512e-05,0.99999,,,,0.7987386868686869
apple_health_user,apple_health_daily,apple_health_wearable_activity,2023-07-19 00:00:00,88.73833333333333,55.0,0.0015579632867132,,,,,,,0.0,0.0001136363636363,0.9998863636363636,,,,0.8535446519684019
apple_health_user,apple_health_daily,apple_health_wearable_activity,2023-07-20 00:00:00,77.00373333333333,55.0,0.0015298076923076,,,,,,,0.0,2.4999999999941732e-05,0.999975,,,,0.7883913603988604
apple_health_user,apple_health_daily,apple_health_wearable_activity,2023-07-21 00:00:00,74.4378,55.0,0.0015537499999999,,,,,,,0.0,6.875000000006182e-05,0.99993125,,,,0.7741136111111112
apple_health_user,apple_health_daily,apple_health_wearable_activity,2023-07-22 00:00:00,71.2385,55.0,0.0014283333333333,,,,,,,0.0,0.0,1.0,,,,0.7564044444444443
apple_health_user,apple_health_daily,apple_health_wearable_activity,2023-07-23 00:00:00,88.16716666666667,55.0,0.0015089087301587,,,,,,,0.0,1.9444444444460807e-05,0.9999805555555557,,,,0.8504192526455027
apple_health_user,apple_health_daily,apple_health_wearable_activity,2023-07-24 00:00:00,84.74176666666666,55.0,0.0015427484472049,,,,,,,0.0,6.739130434785245e-05,0.999932608695652,,,,0.831361990453186
apple_health_user,apple_health_daily,apple_health_wearable_activity,2023-07-25 00:00:00,73.95186666666666,55.0,0.0014403333333333,,,,,,,0.0,0.0,1.0,,,,0.7714747037037037
apple_health_user,apple_health_daily,apple_health_wearable_activity,2023-07-26 00:00:00,81.75083333333333,55.0,0.0016506666666666,,,,,,,0.0,0.0001416666666667,0.9998583333333332,,,,0.814684962962963
apple_health_user,apple_health_daily,apple_health_wearable_activity,2023-07-27 00:00:00,84.22616666666667,55.0,0.0016941491841491,,,,,,,0.0,0.000180303030303,0.999819696969697,,,,0.8284094418544418
apple_health_user,apple_health_daily,apple_health_wearable_activity,2023-07-28 00:00:00,79.90466666666667,55.0,0.0021287142857142,,,,,,,0.0,0.0005859999999999,0.999414,,,,0.8041210211640211
apple_health_user,apple_health_daily,apple_health_wearable_activity,2023-07-29 00:00:00,72.00863333333334,55.0,0.0015156249999999,,,,,,,0.0,0.0,1.0,,,,0.7606538657407408
apple_health_user,apple_health_daily,apple_health_wearable_activity,2023-07-30 00:00:00,73.06803333333333,55.0,0.0016471031746031,,,,,,,0.0,0.0001357142857143,0.9998642857142856,,,,0.766450357142857
apple_health_user,apple_health_daily,apple_health_wearable_activity,2023-07-31 00:00:00,97.5132,55.0,0.0018962702366127,,,,,,,0.0,0.0003918181818181,0.999608181818182,,,,0.9020884149716344
apple_health_user,apple_health_daily,apple_health_wearable_activity,2023-08-01 00:00:00,92.63513333333331,55.0,0.0015452857142857,,,,,,,0.0,4.999999999999449e-05,0.99995,,,,0.8752189788359788
apple_health_user,apple_health_daily,apple_health_wearable_activity,2023-08-02 00:00:00,89.42150000000001,55.0,0.0015772595281306,,,,,,,0.0,8.620689655169933e-05,0.9999137931034484,,,,0.8573427334139948
apple_health_user,apple_health_daily,apple_health_wearable_activity,2023-08-03 00:00:00,76.25013333333334,55.0,0.0015483482142857,,,,,,,0.0,1.4285714285744431e-05,0.9999857142857144,,,,0.7842020849867725
apple_health_user,apple_health_daily,apple_health_wearable_activity,2023-08-04 00:00:00,72.03206666666667,55.0,0.0015092857142857,,,,,,,0.0,1.4285714285744431e-05,0.9999857142857144,,,,0.7607814021164021
apple_health_user,apple_health_daily,apple_health_wearable_activity,2023-08-05 00:00:00,73.69183333333334,55.0,0.0014821428571428,,,,,,,0.0,0.0,1.0,,,,0.7700161375661376
apple_health_user,apple_health_daily,apple_health_wearable_activity,2023-08-06 00:00:00,78.80053333333333,55.0,0.0014903772378516,,,,,,,0.0,4.347826086936735e-06,0.9999956521739132,,,,0.7983936101638723
apple_health_user,apple_health_daily,apple_health_wearable_activity,2023-08-07 00:00:00,78.76943333333332,55.0,0.0015479106858054,,,,,,,0.0,6.578947368418575e-05,0.9999342105263158,,,,0.7981811740209109
apple_health_user,apple_health_daily,apple_health_wearable_activity,2023-08-08 00:00:00,80.12043333333334,55.0,0.0015918222222222,,,,,,,0.0,7.222222222225128e-05,0.9999277777777776,,,,0.8056699481481481
apple_health_user,apple_health_daily,apple_health_wearable_activity,2023-08-09 00:00:00,80.77753333333334,55.0,0.0020638157894736,,,,,,,0.0,0.0005174999999999,0.9994825,,,,0.809014746588694
apple_health_user,apple_health_daily,apple_health_wearable_activity,2023-08-10 00:00:00,79.44313333333334,55.0,0.0015330357142857,,,,,,,0.0,4.999999999999449e-05,0.99995,,,,0.8019341732804234
apple_health_user,apple_health_daily,apple_health_wearable_activity,2023-08-11 00:00:00,79.33463333333333,55.0,0.0019182666666666,,,,,,,0.0,0.0004466666666667,0.9995533333333332,,,,0.8010707629629629
apple_health_user,apple_health_daily,apple_health_wearable_activity,2023-08-12 00:00:00,83.48473333333334,55.0,0.0015379999999999,,,,,,,0.0,4.999999999999449e-05,0.99995,,,,0.8243858518518518
apple_health_user,apple_health_daily,apple_health_wearable_activity,2023-08-13 00:00:00,99.32086666666666,55.0,0.0017691577879249,,,,,,,0.0,0.0002351851851851,0.9997648148148148,,,,0.9122255893793336
apple_health_user,apple_health_daily,apple_health_wearable_activity,2023-08-14 00:00:00,97.8108,55.0,0.001635424382716,,,,,,,0.0,0.0001010416666666,0.9998989583333332,,,,0.9039256224279836
apple_health_user,apple_health_daily,apple_health_wearable_activity,2023-08-15 00:00:00,72.3047,55.0,0.0015222222222222,,,,,,,0.0,8.333333333387927e-06,0.9999916666666666,,,,0.7622937037037038
apple_health_user,apple_health_daily,apple_health_wearable_activity,2023-08-16 00:00:00,90.18026666666668,55.0,0.0016181372549019,,,,,,,0.0,0.000145588235294,0.999854411764706,,,,0.8615246840958606
apple_health_user,apple_health_daily,apple_health_wearable_activity,2023-08-17 00:00:00,84.28909999999999,55.0,0.0016390209790209,,,,,,,0.0,0.0001136363636363,0.9998863636363636,,,,0.8287996697746697
apple_health_user,apple_health_daily,apple_health_wearable_activity,2023-08-18 00:00:00,94.21066666666668,55.0,0.001616875,,,,,,,0.0,0.000140625,0.999859375,,,,0.8839178703703704
apple_health_user,apple_health_daily,apple_health_wearable_activity,2023-08-19 00:00:00,77.4554,55.0,0.0014771428571428,,,,,,,0.0,7.1428571428722165e-06,0.9999928571428572,,,,0.7909241269841271
apple_health_user,apple_health_daily,apple_health_wearable_activity,2023-08-20 00:00:00,100.03516666666668,55.0,0.0015379356060606,,,,,,,0.0,3.939393939389469e-05,0.999960606060606,,,,0.9163362605218855
apple_health_user,apple_health_daily,apple_health_wearable_activity,2023-08-21 00:00:00,96.43063333333332,55.0,0.0015706884057971,,,,,,,0.0,6.666666666665932e-05,0.9999333333333332,,,,0.8962910668276972
apple_health_user,apple_health_daily,apple_health_wearable_activity,2023-08-22 00:00:00,71.95773333333334,55.0,0.0015646753246753,,,,,,,0.0,3.181818181818841e-05,0.9999681818181818,,,,0.7603441317941319
apple_health_user,apple_health_daily,apple_health_wearable_activity,2023-08-23 00:00:00,96.74646666666666,55.0,0.0021746675358539,,,,,,,0.0,0.0006057692307692,0.9993942307692308,,,,0.8976646692259403
apple_health_user,apple_health_daily,apple_health_wearable_activity,2023-08-24 00:00:00,89.27956666666667,55.0,0.0016131783681214,,,,,,,0.0,5.882352941177782e-05,0.9999411764705882,,,,0.8565513697378592
apple_health_user,apple_health_daily,apple_health_wearable_activity,2023-08-25 00:00:00,90.25586666666666,55.0,0.0016610038314176,,,,,,,0.0,0.000153448275862,0.999846551724138,,,,0.8619277752234993
apple_health_user,apple_health_daily,apple_health_wearable_activity,2023-08-26 00:00:00,88.0557,55.0,0.0016967806041335,,,,,,,0.0,0.000185294117647,0.999814705882353,,,,0.8496820862038509
apple_health_user,apple_health_daily,apple_health_wearable_activity,2023-08-27 00:00:00,88.05930000000001,55.0,0.0017920967741935,,,,,,,0.0,0.00028,0.99972,,,,0.8496387455197132
apple_health_user,apple_health_daily,apple_health_wearable_activity,2023-08-28 00:00:00,79.19276666666667,55.0,0.0015527777777777,,,,,,,0.0,3.888888888892161e-05,0.9999611111111112,,,,0.8005403703703703
apple_health_user,apple_health_daily,apple_health_wearable_activity,2023-08-29 00:00:00,79.35893333333334,55.0,0.0015763675213675,,,,,,,0.0,4.444444444451357e-05,0.9999555555555556,,,,0.8014538034188035
apple_health_user,apple_health_daily,apple_health_wearable_activity,2023-08-30 00:00:00,73.8336,55.0,0.0014969565217391,,,,,,,0.0,0.0,1.0,,,,0.7707987922705314
apple_health_user,apple_health_daily,apple_health_wearable_activity,2023-08-31 00:00:00,74.1482,55.0,0.0014802631578947,,,,,,,0.0,0.0,1.0,,,,0.7725521345029239
apple_health_user,apple_health_daily,apple_health_wearable_activity,2023-09-01 00:00:00,83.99380000000001,55.0,0.0016718623481781,,,,,,,0.0,0.0001526315789472,0.9998473684210528,,,,0.8271351686909583
apple_health_user,apple_health_daily,apple_health_wearable_activity,2023-09-02 00:00:00,75.61883333333333,55.0,0.0014433333333333,,,,,,,0.0,8.333333333387927e-06,0.9999916666666666,,,,0.7807318518518519
apple_health_user,apple_health_daily,apple_health_wearable_activity,2023-09-03 00:00:00,80.21976666666666,55.0,0.0015488416422287,,,,,,,0.0,4.545454545457073e-05,0.9999545454545454,,,,0.8062450494189203
apple_health_user,apple_health_daily,apple_health_wearable_activity,2023-09-04 00:00:00,77.04943333333333,55.0,0.0015023684210526,,,,,,,0.0,0.0,1.0,,,,0.7886627290448343
apple_health_user,apple_health_daily,apple_health_wearable_activity,2023-09-05 00:00:00,68.02033333333333,55.0,0.0016296874999999,,,,,,,0.0,0.0001499999999999,0.99985,,,,0.7384086226851853
apple_health_user,apple_health_daily,apple_health_wearable_activity,2023-09-06 00:00:00,78.70656666666667,55.0,0.0014921804511278,,,,,,,0.0,1.4285714285744431e-05,0.9999857142857144,,,,0.7978676594263435
apple_health_user,apple_health_daily,apple_health_wearable_activity,2023-09-07 00:00:00,100.00983333333332,55.0,0.0017494210526315,,,,,,,0.0,0.0001934210526315,0.9998065789473684,,,,0.9160736822612088
apple_health_user,apple_health_daily,apple_health_wearable_activity,2023-09-08 00:00:00,94.34093333333334,55.0,0.0017883290707587,,,,,,,0.0,0.0002397058823528,0.9997602941176472,,,,0.8845513957563703
apple_health_user,apple_health_daily,apple_health_wearable_activity,2023-09-09 00:00:00,79.78816666666667,55.0,0.001836351766513,,,,,,,0.0,0.0003261904761904,0.9996738095238096,,,,0.8036578562894693
apple_health_user,apple_health_daily,apple_health_wearable_activity,2023-09-10 00:00:00,105.6616,55.0,0.0016144352428393,,,,,,,0.0,0.0001157534246575,0.9998842465753424,,,,0.9475432704441676
apple_health_user,apple_health_daily,apple_health_wearable_activity,2023-09-11 00:00:00,77.51303333333334,55.0,0.0014882467532467,,,,,,,0.0,2.142857142861665e-05,0.9999785714285714,,,,0.791235848965849
apple_health_user,apple_health_daily,apple_health_wearable_activity,2023-09-12 00:00:00,84.52083333333333,55.0,0.0015525490196078,,,,,,,0.0,6.666666666665932e-05,0.9999333333333332,,,,0.8301315577342048
apple_health_user,apple_health_daily,apple_health_wearable_activity,2023-09-13 00:00:00,93.3432,55.0,0.0020354934687953,,,,,,,0.0,0.0005461538461538,0.999453846153846,,,,0.8788238953394614
apple_health_user,apple_health_daily,apple_health_wearable_activity,2023-09-14 00:00:00,93.99376666666666,55.0,0.0016247350230414,,,,,,,0.0,0.0001258064516129,0.999874193548387,,,,0.8827151898788189
apple_health_user,apple_health_daily,apple_health_wearable_activity,2023-09-15 00:00:00,94.48433333333332,55.0,0.0015316968599033,,,,,,,0.0,6.739130434785245e-05,0.999932608695652,,,,0.8854910446859904
apple_health_user,apple_health_daily,apple_health_wearable_activity,2023-09-16 00:00:00,69.9549,55.0,0.0014971874999999,,,,,,,0.0,0.0,1.0,,,,0.7492503819444444
apple_health_user,apple_health_daily,apple_health_wearable_activity,2023-09-17 00:00:00,72.7847,55.0,0.0014913888888888,,,,,,,0.0,1.2499999999970868e-05,0.9999875,,,,0.7649692592592593
apple_health_user,apple_health_daily,apple_health_wearable_activity,2023-09-18 00:00:00,84.9144,55.0,0.0015242068965517,,,,,,,0.0,3.620689655170484e-05,0.9999637931034484,,,,0.8323376398467434
apple_health_user,apple_health_daily,apple_health_wearable_activity,2023-09-19 00:00:00,84.18039999999999,55.0,0.001526221590909,,,,,,,0.0,6.59090909090887e-05,0.9999340909090908,,,,0.8282492897727272
apple_health_user,apple_health_daily,apple_health_wearable_activity,2023-09-20 00:00:00,74.27593333333334,55.0,0.0015752371541501,,,,,,,0.0,4.545454545457073e-05,0.9999545454545454,,,,0.7732149546186502
apple_health_user,apple_health_daily,apple_health_wearable_activity,2023-09-21 00:00:00,93.4366,55.0,0.0015196511627906,,,,,,,0.0,4.999999999999449e-05,0.99995,,,,0.8796801162790696
apple_health_user,apple_health_daily,apple_health_wearable_activity,2023-09-22 00:00:00,89.55013333333333,55.0,0.0015642424242424,,,,,,,0.0,2.2727272727340875e-05,0.9999772727272728,,,,0.8580828619528619
apple_health_user,apple_health_daily,apple_health_wearable_activity,2023-09-23 00:00:00,80.65226666666666,55.0,0.0015758749999999,,,,,,,0.0,7.187499999994351e-05,0.999928125,,,,0.8086300092592592
apple_health_user,apple_health_daily,apple_health_wearable_activity,2023-09-24 00:00:00,76.31443333333334,55.0,0.0014830208333333,,,,,,,0.0,3.333333333332966e-05,0.9999666666666668,,,,0.7845747337962963
apple_health_user,apple_health_daily,apple_health_wearable_activity,2023-09-25 00:00:00,85.81956666666667,55.0,0.0017554273504273,,,,,,,0.0,0.0002138888888889,0.999786111111111,,,,0.8372300427350426
apple_health_user,apple_health_daily,apple_health_wearable_activity,2023-09-26 00:00:00,85.4517,55.0,0.0015627976190476,,,,,,,0.0,5.3333333333349664e-05,0.9999466666666668,,,,0.8353040674603175
apple_health_user,apple_health_daily,apple_health_wearable_activity,2023-09-27 00:00:00,64.69796666666667,55.0,0.0032107692307692,,,,,,,0.0,0.0,1.0,,,,0.7194740028490028
apple_health_user,apple_health_daily,apple_health_wearable_activity,2023-09-28 00:00:00,80.55696666666667,55.0,0.0014772222222222,,,,,,,0.0,2.777777777773771e-05,0.9999722222222224,,,,0.8081481481481482
apple_health_user,apple_health_daily,apple_health_wearable_activity,2023-09-29 00:00:00,84.81396666666666,55.0,0.0015682954545454,,,,,,,0.0,3.7500000000023626e-05,0.9999625,,,,0.8317645496632996
apple_health_user,apple_health_daily,apple_health_wearable_activity,2023-09-30 00:00:00,68.82339999999999,55.0,0.0016578571428571,,,,,,,0.0,0.0001642857142857,0.9998357142857144,,,,0.7428559523809524
apple_health_user,apple_health_daily,apple_health_wearable_activity,2023-10-01 00:00:00,67.6463,55.0,0.0015330769230769,,,,,,,0.0,4.000000000004e-05,0.99996,,,,0.73639952991453
apple_health_user,apple_health_daily,apple_health_wearable_activity,2023-10-02 00:00:00,64.70026666666666,55.0,0.0015345833333333,,,,,,,0.0,0.0,1.0,,,,0.7200455092592591
apple_health_user,apple_health_daily,apple_health_wearable_activity,2023-10-03 00:00:00,84.98766666666667,55.0,0.0015242272727272,,,,,,,0.0,2.2727272727340875e-05,0.9999772727272728,,,,0.8327491632996633
apple_health_user,apple_health_daily,apple_health_wearable_activity,2023-10-04 00:00:00,78.46023333333333,55.0,0.0015724025974025,,,,,,,0.0,5.454545454552928e-05,0.9999454545454544,,,,0.7964589802789802
apple_health_user,apple_health_daily,apple_health_wearable_activity,2023-10-05 00:00:00,87.9836,55.0,0.0015879591836734,,,,,,,0.0,9.9999999999989e-05,0.9999,,,,0.8493462358276643
apple_health_user,apple_health_daily,apple_health_wearable_activity,2023-10-06 00:00:00,85.36683333333333,55.0,0.0016088409090909,,,,,,,0.0,0.0001059999999999,0.999894,,,,0.8347996826599328
apple_health_user,apple_health_daily,apple_health_wearable_activity,2023-10-07 00:00:00,71.61619999999999,55.0,0.0015440522875816,,,,,,,0.0,6.111111111106737e-05,0.9999388888888888,,,,0.758443834422658
apple_health_user,apple_health_daily,apple_health_wearable_activity,2023-10-08 00:00:00,68.1808,55.0,0.0014411538461538,,,,,,,0.0,0.0,1.0,,,,0.7394129487179487
apple_health_user,apple_health_daily,apple_health_wearable_activity,2023-10-09 00:00:00,95.9127,55.0,0.0014842101042502,,,,,,,0.0,3.793103448268553e-05,0.9999620689655172,,,,0.8934520640648668
apple_health_user,apple_health_daily,apple_health_wearable_activity,2023-10-10 00:00:00,73.76466666666667,55.0,0.0015636974789915,,,,,,,0.0,6.428571428573893e-05,0.9999357142857144,,,,0.770372153750389
apple_health_user,apple_health_daily,apple_health_wearable_activity,2023-10-11 00:00:00,74.12673333333333,55.0,0.0015653125,,,,,,,0.0,0.0,1.0,,,,0.7724045254629629
apple_health_user,apple_health_daily,apple_health_wearable_activity,2023-10-12 00:00:00,85.27336666666667,55.0,0.0015002923976608,,,,,,,0.0,5.555555555547542e-05,0.9999444444444444,,,,0.8343334210526315
apple_health_user,apple_health_daily,apple_health_wearable_activity,2023-10-13 00:00:00,67.86543333333333,55.0,0.0014996153846153,,,,,,,0.0,4.999999999999449e-05,0.99995,,,,0.7376247578347579
apple_health_user,apple_health_daily,apple_health_wearable_activity,2023-10-14 00:00:00,73.49753333333334,55.0,0.0014999456521739,,,,,,,0.0,6.249999999985434e-06,0.99999375,,,,0.7689286755233494
apple_health_user,apple_health_daily,apple_health_wearable_activity,2023-10-15 00:00:00,85.80243333333334,55.0,0.0018281003584229,,,,,,,0.0,0.0002777777777778,0.9997222222222222,,,,0.8370893369175626
apple_health_user,apple_health_daily,apple_health_wearable_activity,2023-10-16 00:00:00,97.2471,55.0,0.0014655265151515,,,,,,,0.0,1.5151515151523576e-05,0.9999848484848484,,,,0.9008792184343434
apple_health_user,apple_health_daily,apple_health_wearable_activity,2023-10-17 00:00:00,72.9398,55.0,0.0016329166666666,,,,,,,0.0,7.083333333335329e-05,0.9999291666666666,,,,0.7657643055555555
apple_health_user,apple_health_daily,apple_health_wearable_activity,2023-10-18 00:00:00,99.1344,55.0,0.0016413457207207,,,,,,,0.0,0.0001447916666665,0.9998552083333334,,,,0.9112623986486488
apple_health_user,apple_health_daily,apple_health_wearable_activity,2023-10-19 00:00:00,93.7929,55.0,0.0018863400686237,,,,,,,0.0,0.0003209302325581,0.9996790697674418,,,,0.8814470210107171
apple_health_user,apple_health_daily,apple_health_wearable_activity,2023-10-20 00:00:00,73.10606666666666,55.0,0.0016464114832535,,,,,,,0.0,0.0001227272727273,0.9998772727272728,,,,0.7666662130072656
apple_health_user,apple_health_daily,apple_health_wearable_activity,2023-10-21 00:00:00,77.39033333333333,55.0,0.0016077954545454,,,,,,,0.0,0.0001045454545454,0.9998954545454546,,,,0.7904866271043772
apple_health_user,apple_health_daily,apple_health_wearable_activity,2023-10-22 00:00:00,73.98496666666666,55.0,0.0017092156862745,,,,,,,0.0,0.0001833333333333,0.9998166666666668,,,,0.7715078540305012
apple_health_user,apple_health_daily,apple_health_wearable_activity,2023-10-23 00:00:00,82.70983333333334,55.0,0.0018365260545905,,,,,,,0.0,0.0002634615384615,0.9997365384615384,,,,0.8199101893208344
apple_health_user,apple_health_daily,apple_health_wearable_activity,2023-10-24 00:00:00,88.79616666666666,55.0,0.0018844648829431,,,,,,,0.0,0.0003586956521739,0.999641304347826,,,,0.8536754279697757
apple_health_user,apple_health_daily,apple_health_wearable_activity,2023-10-25 00:00:00,68.3386,55.0,0.0015121428571428,,,,,,,0.0,0.0,1.0,,,,0.7402659523809524
apple_health_user,apple_health_daily,apple_health_wearable_activity,2023-10-26 00:00:00,84.15016666666666,55.0,0.0020547522522522,,,,,,,0.0,0.0005208333333333,0.9994791666666668,,,,0.8277535085085086
apple_health_user,apple_health_daily,apple_health_wearable_activity,2023-10-27 00:00:00,74.89756666666666,55.0,0.0016761648745519,,,,,,,0.0,0.0001777777777778,0.9998222222222222,,,,0.7765907228195937
apple_health_user,apple_health_daily,apple_health_wearable_activity,2023-10-28 00:00:00,73.21836666666667,55.0,0.0015948809523809,,,,,,,0.0,9.166666666660106e-05,0.9999083333333334,,,,0.7673176322751324
apple_health_user,apple_health_daily,apple_health_wearable_activity,2023-10-29 00:00:00,70.21733333333333,55.0,0.0016458823529411,,,,,,,0.0,9.9999999999989e-05,0.9999,,,,0.7506254466230936
apple_health_user,apple_health_daily,apple_health_wearable_activity,2023-10-30 00:00:00,72.87663333333333,55.0,0.001582803030303,,,,,,,0.0,7.916666666663019e-05,0.9999208333333334,,,,0.7654273063973064
apple_health_user,apple_health_daily,apple_health_wearable_activity,2023-10-31 00:00:00,95.6982,55.0,0.0015820117302052,,,,,,,0.0,7.419354838711367e-05,0.9999258064516128,,,,0.8922157093515803
apple_health_user,apple_health_daily,apple_health_wearable_activity,2023-11-01 00:00:00,71.51076666666667,55.0,0.0018328571428571,,,,,,,0.0,0.0002428571428572,0.9997571428571428,,,,0.7577012433862432
apple_health_user,apple_health_daily,apple_health_wearable_activity,2023-11-02 00:00:00,85.44810000000001,55.0,0.0016038552188552,,,,,,,0.0,9.848484848484772e-05,0.9999015151515152,,,,0.8352553310886645
apple_health_user,apple_health_daily,apple_health_wearable_activity,2023-11-03 00:00:00,95.75383333333332,55.0,0.0016603434065934,,,,,,,0.0,0.0001542857142857,0.9998457142857142,,,,0.8924719754782254
apple_health_user,apple_health_daily,apple_health_wearable_activity,2023-11-04 00:00:00,66.35126666666667,55.0,0.0025145,,,,,,,0.0,0.0009399999999999,0.99906,,,,0.7285777592592592
apple_health_user,apple_health_daily,apple_health_wearable_activity,2023-11-05 00:00:00,80.37163333333334,55.0,0.0017314308426073,,,,,,,0.0,0.0002176470588235,0.9997823529411765,,,,0.8069704925513749
apple_health_user,apple_health_daily,apple_health_wearable_activity,2023-11-06 00:00:00,62.9475,55.0,0.0016966666666666,,,,,,,0.0,0.0001333333333333,0.9998666666666668,,,,0.7102094444444443
apple_health_user,apple_health_daily,apple_health_wearable_activity,2023-11-07 00:00:00,80.67866666666667,55.0,0.0016283714285714,,,,,,,0.0,0.0001285714285714,0.9998714285714284,,,,0.8087402783068782
apple_health_user,apple_health_daily,apple_health_wearable_activity,2023-11-08 00:00:00,95.34786666666668,55.0,0.001599693877551,,,,,,,0.0,8.469387755094537e-05,0.999915306122449,,,,0.8902600188964475
apple_health_user,apple_health_daily,apple_health_wearable_activity,2023-11-09 00:00:00,104.00013333333334,55.0,0.0015561148291651,,,,,,,0.0,8.294117647056343e-05,0.9999170588235294,,,,0.938343277627751
apple_health_user,apple_health_daily,apple_health_wearable_activity,2023-11-10 00:00:00,86.1711,55.0,0.0015284787059787,,,,,,,0.0,7.567567567567934e-05,0.9999243243243244,,,,0.8393047263172263
apple_health_user,apple_health_daily,apple_health_wearable_activity,2023-11-11 00:00:00,70.13753333333334,55.0,0.0015136666666666,,,,,,,0.0,0.0,1.0,,,,0.7502595185185186
apple_health_user,apple_health_daily,apple_health_wearable_activity,2023-11-12 00:00:00,73.47436666666667,55.0,0.0014753333333333,,,,,,,0.0,0.0,1.0,,,,0.7688102592592592
apple_health_user,apple_health_daily,apple_health_wearable_activity,2023-11-13 00:00:00,72.86943333333333,55.0,0.0015126666666666,,,,,,,0.0,0.0,1.0,,,,0.765437074074074
apple_health_user,apple_health_daily,apple_health_wearable_activity,2023-11-14 00:00:00,76.13929999999999,55.0,0.0014877450980392,,,,,,,0.0,7.941176470582789e-05,0.9999205882352942,,,,0.7835848366013072
apple_health_user,apple_health_daily,apple_health_wearable_activity,2023-11-15 00:00:00,74.4644,55.0,0.0015374603174603,,,,,,,0.0,2.8571428571488863e-05,0.9999714285714284,,,,0.7742802116402117
apple_health_user,apple_health_daily,apple_health_wearable_activity,2023-11-16 00:00:00,84.1448,55.0,0.0019243864468864,,,,,,,0.0,0.0003730769230769,0.999626923076923,,,,0.8278164010989011
apple_health_user,apple_health_daily,apple_health_wearable_activity,2023-11-17 00:00:00,86.67956666666666,55.0,0.0015913333333333,,,,,,,0.0,5.83333333332714e-05,0.9999416666666668,,,,0.8421143703703704
apple_health_user,apple_health_daily,apple_health_wearable_activity,2023-11-18 00:00:00,98.2792,55.0,0.0014732176896683,,,,,,,0.0,4.5348837209302495e-05,0.9999546511627908,,,,0.906600477824374
apple_health_user,apple_health_daily,apple_health_wearable_activity,2023-11-19 00:00:00,90.93516666666667,55.0,0.0016207335907335,,,,,,,0.0,0.0001035714285714,0.9998964285714286,,,,0.8657317131417132
apple_health_user,apple_health_daily,apple_health_wearable_activity,2023-11-20 00:00:00,67.61896666666667,55.0,0.0016227083333333,,,,,,,0.0,0.0001583333333332,0.9998416666666669,,,,0.7361783564814814
apple_health_user,apple_health_daily,apple_health_wearable_activity,2023-11-21 00:00:00,75.49926666666667,55.0,0.0014865909090909,,,,,,,0.0,0.0,1.0,,,,0.7800559511784512
apple_health_user,apple_health_daily,apple_health_wearable_activity,2023-11-22 00:00:00,81.25093333333334,55.0,0.0015214285714285,,,,,,,0.0,2.999999999997449e-05,0.99997,,,,0.8119880423280423
apple_health_user,apple_health_daily,apple_health_wearable_activity,2023-11-23 00:00:00,96.16926666666669,55.0,0.002213644773358,,,,,,,0.0,0.000691304347826,0.999308695652174,,,,0.8944164984410868
apple_health_user,apple_health_daily,apple_health_wearable_activity,2023-11-24 00:00:00,100.05773333333332,55.0,0.0015604056437389,,,,,,,0.0,7.738095238096765e-05,0.999922619047619,,,,0.9164414785420342
apple_health_user,apple_health_daily,apple_health_wearable_activity,2023-11-25 00:00:00,96.6497,55.0,0.0016769629629629,,,,,,,0.0,0.0001879629629629,0.999812037037037,,,,0.8974322469135801
apple_health_user,apple_health_daily,apple_health_wearable_activity,2023-11-26 00:00:00,93.02773333333332,55.0,0.001558669117647,,,,,,,0.0,6.029411764707504e-05,0.9999397058823528,,,,0.8773921974400872
apple_health_user,apple_health_daily,apple_health_wearable_activity,2023-11-27 00:00:00,85.50056666666667,55.0,0.0015553571428571,,,,,,,0.0,4.999999999999449e-05,0.99995,,,,0.8355791402116401
apple_health_user,apple_health_daily,apple_health_wearable_activity,2023-11-28 00:00:00,66.82593333333334,55.0,0.001570641025641,,,,,,,0.0,3.333333333332966e-05,0.9999666666666668,,,,0.7318316381766382
apple_health_user,apple_health_daily,apple_health_wearable_activity,2023-11-29 00:00:00,72.45410000000001,55.0,0.0015384523809523,,,,,,,0.0,1.4285714285744431e-05,0.9999857142857144,,,,0.7631163095238095
apple_health_user,apple_health_daily,apple_health_wearable_activity,2023-11-30 00:00:00,94.91803333333334,55.0,0.0016233125889046,,,,,,,0.0,0.0001283783783783,0.9998716216216216,,,,0.8878496215294241
apple_health_user,apple_health_daily,apple_health_wearable_activity,2023-12-01 00:00:00,99.57423333333332,55.0,0.0014804641122504,,,,,,,0.0,5.2941176470588935e-05,0.9999470588235294,,,,0.913790161200056
apple_health_user,apple_health_daily,apple_health_wearable_activity,2023-12-02 00:00:00,88.86949999999999,55.0,0.0014779430379746,,,,,,,0.0,6.250000000007638e-05,0.9999375,,,,0.8543170745428973
apple_health_user,apple_health_daily,apple_health_wearable_activity,2023-12-03 00:00:00,95.7624,55.0,0.0015134852971206,,,,,,,0.0,5.903614457825057e-05,0.9999409638554216,,,,0.8926002706305448
apple_health_user,apple_health_daily,apple_health_wearable_activity,2023-12-04 00:00:00,90.66213333333334,55.0,0.0015422765957446,,,,,,,0.0,4.599999999999049e-05,0.999954,,,,0.8642602040977149
apple_health_user,apple_health_daily,apple_health_wearable_activity,2023-12-05 00:00:00,86.2029,55.0,0.0015326315789473,,,,,,,0.0,6.842105263160647e-05,0.9999315789473684,,,,0.8394824269005848
apple_health_user,apple_health_daily,apple_health_wearable_activity,2023-12-06 00:00:00,89.82733333333333,55.0,0.0018850129870129,,,,,,,0.0,0.0003142857142857,0.9996857142857144,,,,0.8594187522847522
apple_health_user,apple_health_daily,apple_health_wearable_activity,2023-12-07 00:00:00,96.39486666666669,55.0,0.0016668372036768,,,,,,,0.0,0.0001811320754716,0.9998188679245285,,,,0.896022158388432
apple_health_user,apple_health_daily,apple_health_wearable_activity,2023-12-08 00:00:00,76.54876666666667,55.0,0.001597159090909,,,,,,,0.0,9.74999999999726e-05,0.9999025,,,,0.7858171506734006
apple_health_user,apple_health_daily,apple_health_wearable_activity,2023-12-09 00:00:00,90.5972,55.0,0.0015326619433198,,,,,,,0.0,2.631578947376312e-05,0.9999736842105262,,,,0.8639092296446244
apple_health_user,apple_health_daily,apple_health_wearable_activity,2023-12-10 00:00:00,91.89186666666666,55.0,0.001524990079365,,,,,,,0.0,0.0001071428571428,0.9998928571428572,,,,0.8710774371693121
apple_health_user,apple_health_daily,apple_health_wearable_activity,2023-12-11 00:00:00,79.97746666666667,55.0,0.0015406313131313,,,,,,,0.0,2.222222222214576e-05,0.999977777777778,,,,0.8049094191919193
apple_health_user,apple_health_daily,apple_health_wearable_activity,2023-12-12 00:00:00,89.78446666666667,55.0,0.0015354605263157,,,,,,,0.0,3.421052631580324e-05,0.9999657894736842,,,,0.8593904800194933
apple_health_user,apple_health_daily,apple_health_wearable_activity,2023-12-13 00:00:00,89.33053333333334,55.0,0.0015823717948717,,,,,,,0.0,7.083333333335329e-05,0.9999291666666666,,,,0.8568407834757835
apple_health_user,apple_health_daily,apple_health_wearable_activity,2023-12-14 00:00:00,84.3775,55.0,0.0023573076923076,,,,,,,0.0,0.00086,0.99914,,,,0.8288025641025641
apple_health_user,apple_health_daily,apple_health_wearable_activity,2023-12-15 00:00:00,99.52036666666666,55.0,0.0018811924342105,,,,,,,0.0,0.0003394736842105,0.9996605263157896,,,,0.9132618149975634
apple_health_user,apple_health_daily,apple_health_wearable_activity,2023-12-16 00:00:00,100.75123333333336,55.0,0.0014858200734394,,,,,,,0.0,2.105263157892168e-05,0.9999789473684212,,,,0.9203378942835124
apple_health_user,apple_health_daily,apple_health_wearable_activity,2023-12-17 00:00:00,70.36543333333333,55.0,0.0016591228070175,,,,,,,0.0,8.333333333332416e-05,0.9999166666666668,,,,0.7514493664717349
apple_health_user,apple_health_daily,apple_health_wearable_activity,2023-12-18 00:00:00,87.19576666666667,55.0,0.0018196895424836,,,,,,,0.0,0.0002902777777777,0.9997097222222222,,,,0.8448287145969499
apple_health_user,apple_health_daily,apple_health_wearable_activity,2023-12-19 00:00:00,96.2853,55.0,0.001631782051282,,,,,,,0.0,0.0001291666666667,0.9998708333333332,,,,0.8954424615384614
apple_health_user,apple_health_daily,apple_health_wearable_activity,2023-12-20 00:00:00,75.17523333333332,55.0,0.0015816666666666,,,,,,,0.0,6.333333333330415e-05,0.9999366666666668,,,,0.778202962962963
apple_health_user,apple_health_daily,apple_health_wearable_activity,2023-12-21 00:00:00,86.62813333333334,55.0,0.0018465666666666,,,,,,,0.0,0.0003166666666667,0.9996833333333331,,,,0.8416574407407408
apple_health_user,apple_health_daily,apple_health_wearable_activity,2023-12-22 00:00:00,81.43893333333332,55.0,0.0016365104166666,,,,,,,0.0,0.0001416666666667,0.9998583333333332,,,,0.8129569039351852
apple_health_user,apple_health_daily,apple_health_wearable_activity,2023-12-23 00:00:00,97.4752,55.0,0.0019459777777777,,,,,,,0.0,0.0004277777777778,0.9995722222222222,,,,0.901848748148148
apple_health_user,apple_health_daily,apple_health_wearable_activity,2023-12-24 00:00:00,92.20273333333331,55.0,0.0019481504702194,,,,,,,0.0,0.0003909090909091,0.9996090909090908,,,,0.8725688319981423
apple_health_user,apple_health_daily,apple_health_wearable_activity,2023-12-25 00:00:00,97.83096666666668,55.0,0.0017530805471124,,,,,,,0.0,0.0002287234042552,0.9997712765957448,,,,0.9039558801643588
apple_health_user,apple_health_daily,apple_health_wearable_activity,2023-12-26 00:00:00,61.99256666666667,55.0,0.0030822222222222,,,,,,,0.0,0.0,1.0,,,,0.7044868518518518
apple_health_user,apple_health_daily,apple_health_wearable_activity,2023-12-27 00:00:00,95.9395,55.0,0.0030685714285714,,,,,,,0.0,0.0,1.0,,,,0.8930854761904762
apple_health_user,apple_health_daily,apple_health_wearable_activity,2023-12-28 00:00:00,108.14843333333332,55.0,0.0018642391304347,,,,,,,0.0,0.0002836956521738,0.999716304347826,,,,0.9612197624798712
apple_health_user,apple_health_daily,apple_health_wearable_activity,2023-12-29 00:00:00,68.85136666666666,55.0,0.0018128571428571,,,,,,,0.0,0.0002249999999999,0.999775,,,,0.742939417989418
apple_health_user,apple_health_daily,apple_health_wearable_activity,2023-12-30 00:00:00,69.6547,55.0,0.002988,,,,,,,0.0,0.0,1.0,,,,0.7470856666666666
apple_health_user,apple_health_daily,apple_health_wearable_activity,2023-12-31 00:00:00,97.97933333333332,55.0,0.0016350663129973,,,,,,,0.0,0.0001423076923077,0.9998576923076924,,,,0.9048482827389724
apple_health_user,apple_health_daily,apple_health_wearable_activity,2024-01-01 00:00:00,86.82186666666666,55.0,0.0015936494252873,,,,,,,0.0,5.416666666668846e-05,0.9999458333333332,,,,0.8429055427841634
apple_health_user,apple_health_daily,apple_health_wearable_activity,2024-01-02 00:00:00,81.26153333333333,55.0,0.00149375,,,,,,,0.0,0.0,1.0,,,,0.8120661574074074
apple_health_user,apple_health_daily,apple_health_wearable_activity,2024-01-03 00:00:00,73.83483333333334,55.0,0.0016624305555555,,,,,,,0.0,0.0001388888888889,0.9998611111111112,,,,0.7707041898148148
apple_health_user,apple_health_daily,apple_health_wearable_activity,2024-01-04 00:00:00,94.67043333333334,55.0,0.0016467204301075,,,,,,,0.0,0.0001499999999999,0.99985,,,,0.8864590561529271
apple_health_user,apple_health_daily,apple_health_wearable_activity,2024-01-05 00:00:00,97.06426666666668,55.0,0.0015792364276833,,,,,,,0.0,9.40789473684589e-05,0.9999059210526317,,,,0.8997992652453531
apple_health_user,apple_health_daily,apple_health_wearable_activity,2024-01-06 00:00:00,88.73853333333332,55.0,0.0015602136752136,,,,,,,0.0,7.111111111113289e-05,0.9999288888888888,,,,0.8535591880341881
apple_health_user,apple_health_daily,apple_health_wearable_activity,2024-01-07 00:00:00,94.21286666666668,55.0,0.0016221532091097,,,,,,,0.0,0.0001114285714285,0.9998885714285716,,,,0.8839380653324133
apple_health_user,apple_health_daily,apple_health_wearable_activity,2024-01-08 00:00:00,67.67689984444445,55.0,0.0016193686868686,,,,,,,0.0,0.3303351372727272,0.6696648627272728,,,,0.6264423860381594
apple_health_user,apple_health_daily,apple_health_wearable_activity,2024-01-09 00:00:00,67.04613333333333,55.0,0.003265,,,,,,,2.370909090909079,0.0237090909090907,0.9762909090909092,,,,0.724598265993266
apple_health_user,apple_health_daily,apple_health_wearable_activity,2024-01-10 00:00:00,68.3395,55.0,0.0015499707602339,,,,,,,0.0,4.444444444451357e-05,0.9999555555555556,,,,0.7402435282651072
apple_health_user,apple_health_daily,apple_health_wearable_activity,2024-01-11 00:00:00,88.42399999999999,55.0,0.0016952322404371,,,,,,,0.0,0.0001791666666666,0.9998208333333334,,,,0.8517307559198543
apple_health_user,apple_health_daily,apple_health_wearable_activity,2024-01-12 00:00:00,94.12156666666668,55.0,0.0015573517599811,,,,,,,0.0,7.156862745105741e-05,0.9999284313725488,,,,0.8834657302412263
apple_health_user,apple_health_daily,apple_health_wearable_activity,2024-01-13 00:00:00,72.50086666666667,55.0,0.0015321212121212,,,,,,,0.0,4.166666666671759e-05,0.9999583333333332,,,,0.7633691077441077
apple_health_user,apple_health_daily,apple_health_wearable_activity,2024-01-14 00:00:00,81.99023333333334,55.0,0.0015608913043478,,,,,,,0.0,5.6000000000056005e-05,0.999944,,,,0.8160734436392915
apple_health_user,apple_health_daily,apple_health_wearable_activity,2024-01-15 00:00:00,68.44430657777778,55.0,0.0015776515151515,,,,,,,0.0,0.3302228533333333,0.6697771466666667,,,,0.6307570904826038
apple_health_user,apple_health_daily,apple_health_wearable_activity,2024-01-16 00:00:00,102.22266666666668,55.0,0.0016523470464135,,,,,,,0.0,0.0001229166666666,0.9998770833333334,,,,0.9284230602437882
apple_health_user,apple_health_daily,apple_health_wearable_activity,2024-01-17 00:00:00,72.02459999999999,55.0,0.0016138095238095,,,,,,,0.0,7.142857142850012e-05,0.9999285714285716,,,,0.7606860317460318
apple_health_user,apple_health_daily,apple_health_wearable_activity,2024-01-18 00:00:00,80.6322,55.0,0.0015864634146341,,,,,,,0.0,7.500000000004725e-05,0.999925,,,,0.8085139566395664
apple_health_user,apple_health_daily,apple_health_wearable_activity,2024-01-19 00:00:00,94.8923,55.0,0.0015705312499999,,,,,,,0.0,9.453125000002947e-05,0.99990546875,,,,0.8877355347222222
apple_health_user,apple_health_daily,apple_health_wearable_activity,2024-01-20 00:00:00,74.29143333333333,55.0,0.0017651647220315,,,,,,,0.0,0.0002854838709677,0.9997145161290324,,,,0.7731577467652965
apple_health_user,apple_health_daily,apple_health_wearable_activity,2024-01-21 00:00:00,86.4826,55.0,0.0015261173740053,,,,,,,0.0,3.448275862072414e-05,0.9999655172413792,,,,0.8410497999557913
apple_health_user,apple_health_daily,apple_health_wearable_activity,2024-01-22 00:00:00,64.18156522222222,55.0,0.0014273202614379,,,,,,,0.0,0.3301313203703704,0.6698686796296296,,,,0.6071558154684096
apple_health_user,apple_health_daily,apple_health_wearable_activity,2024-01-23 00:00:00,97.59503333333332,55.0,0.0017553626373626,,,,,,,0.0,0.0002642857142857,0.9997357142857144,,,,0.9026325246235248
apple_health_user,apple_health_daily,apple_health_wearable_activity,2024-01-24 00:00:00,76.21903333333333,55.0,0.0015522981366459,,,,,,,0.0,4.642857142855839e-05,0.9999535714285714,,,,0.7840172762824937
apple_health_user,apple_health_daily,apple_health_wearable_activity,2024-01-25 00:00:00,73.89736666666667,55.0,0.0015658173076923,,,,,,,0.0,0.000115625,0.999884375,,,,0.7710915562678062
apple_health_user,apple_health_daily,apple_health_wearable_activity,2024-01-26 00:00:00,82.35560000000001,55.0,0.001643143812709,,,,,,,0.0,0.0001192307692308,0.9998807692307692,,,,0.8180547640282424
apple_health_user,apple_health_daily,apple_health_wearable_activity,2024-01-27 00:00:00,89.34223333333333,55.0,0.0014797976190476,,,,,,,0.0,1.904761904758523e-05,0.9999809523809524,,,,0.8569572367724868
apple_health_user,apple_health_daily,apple_health_wearable_activity,2024-01-28 00:00:00,76.98866666666666,55.0,0.0015668506493506,,,,,,,0.0,3.571428571436108e-05,0.9999642857142856,,,,0.7882917376142377
apple_health_user,apple_health_daily,apple_health_wearable_activity,2024-01-29 00:00:00,68.46949262222222,55.0,0.001582738095238,,,,,,,0.0,0.33013716,0.66986284,,,,0.6309238818694886
apple_health_user,apple_health_daily,apple_health_wearable_activity,2024-01-30 00:00:00,94.54973333333334,55.0,0.0016169702719797,,,,,,,0.0,9.67741935483657e-05,0.9999032258064516,,,,0.8858161592522314
apple_health_user,apple_health_daily,apple_health_wearable_activity,2024-01-31 00:00:00,87.88823333333333,55.0,0.0016832150537634,,,,,,,0.0,0.0001935483870967,0.9998064516129032,,,,0.848753486260454
apple_health_user,apple_health_daily,apple_health_wearable_activity,2024-02-01 00:00:00,61.84063333333334,55.0,0.0016425,,,,,,,5.934571428571422,0.029672857142857,0.9703271428571428,,,,0.6942317328042328
apple_health_user,apple_health_daily,apple_health_wearable_activity,2024-02-02 00:00:00,80.7452,55.0,0.0017201051051051,,,,,,,0.0,0.0001888888888889,0.9998111111111112,,,,0.8090592242242242
apple_health_user,apple_health_daily,apple_health_wearable_activity,2024-02-03 00:00:00,68.26416666666667,55.0,0.0016058666666666,,,,,,,0.0,7.666666666672484e-05,0.9999233333333332,,,,0.739795637037037
apple_health_user,apple_health_daily,apple_health_wearable_activity,2024-02-04 00:00:00,73.0184,55.0,0.0020622180451127,,,,,,,0.0,0.0004714285714285,0.9995285714285714,,,,0.7659243400167085
apple_health_user,apple_health_daily,apple_health_wearable_activity,2024-02-05 00:00:00,83.4954105111111,55.0,0.001609044117647,,,,,,,0.0,0.3301416766666666,0.6698583233333334,,,,0.7143909292447349
apple_health_user,apple_health_daily,apple_health_wearable_activity,2024-02-06 00:00:00,96.6157,55.0,0.0022502958152958,,,,,,,0.0,0.0007204545454545,0.9992795454545454,,,,0.8968747498797498
apple_health_user,apple_health_daily,apple_health_wearable_activity,2024-02-07 00:00:00,95.8289,55.0,0.0018395454545454,,,,,,,0.0,0.0003199999999999,0.99968,,,,0.8927740404040404
apple_health_user,apple_health_daily,apple_health_wearable_activity,2024-02-08 00:00:00,84.4808,55.0,0.0015351277584204,,,,,,,0.0,5.476190476194631e-05,0.999945238095238,,,,0.829918925667828
apple_health_user,apple_health_daily,apple_health_wearable_activity,2024-02-09 00:00:00,85.00876666666667,55.0,0.001800412037037,,,,,,,0.0,0.000287037037037,0.999712962962963,,,,0.8326862206790123
apple_health_user,apple_health_daily,apple_health_wearable_activity,2024-02-10 00:00:00,82.9399,55.0,0.0015783273809523,,,,,,,0.0,8.095238095240376e-05,0.9999190476190476,,,,0.8213352400793651
apple_health_user,apple_health_daily,apple_health_wearable_activity,2024-02-11 00:00:00,72.68716666666667,55.0,0.0016415384615384,,,,,,,0.0,8.999999999992347e-05,0.99991,,,,0.7643515242165243
apple_health_user,apple_health_daily,apple_health_wearable_activity,2024-02-12 00:00:00,72.901508,55.0,0.0015829391304347,,,,,,,0.0,0.3302293594202897,0.6697706405797103,,,,0.6555153893719807
apple_health_user,apple_health_daily,apple_health_wearable_activity,2024-02-13 00:00:00,64.9173,55.0,0.0015814705882352,,,,,,,0.0,0.0,1.0,,,,0.7212356209150327
apple_health_user,apple_health_daily,apple_health_wearable_activity,2024-02-14 00:00:00,86.6723,55.0,0.0019265835579514,,,,,,,0.0,0.0004053571428571,0.9995946428571428,,,,0.8418465753219527
apple_health_user,apple_health_daily,apple_health_wearable_activity,2024-02-15 00:00:00,94.98926666666668,55.0,0.0016387220843672,,,,,,,0.0,0.0001230769230768,0.9998769230769232,,,,0.8882419929234446
apple_health_user,apple_health_daily,apple_health_wearable_activity,2024-02-16 00:00:00,95.3306,55.0,0.0015798557692307,,,,,,,0.0,8.750000000001812e-05,0.9999125,,,,0.8901697702991452
apple_health_user,apple_health_daily,apple_health_wearable_activity,2024-02-17 00:00:00,103.41176666666668,55.0,0.0015826124999999,,,,,,,0.0,9.48000000000615e-05,0.9999052,,,,0.935061788425926
apple_health_user,apple_health_daily,apple_health_wearable_activity,2024-02-18 00:00:00,92.09706666666666,55.0,0.0015693398484244,,,,,,,0.0,9.782608695652062e-05,0.9999021739130436,,,,0.8722057595030211
apple_health_user,apple_health_daily,apple_health_wearable_activity,2024-02-19 00:00:00,66.81606468888889,55.0,0.0016450815217391,,,,,,,0.0,0.330178374347826,0.669821625652174,,,,0.6217036518706388
apple_health_user,apple_health_daily,apple_health_wearable_activity,2024-02-20 00:00:00,96.522,55.0,0.0017457142857142,,,,,,,0.0,0.0001892857142857,0.9998107142857142,,,,0.8966994444444444
apple_health_user,apple_health_daily,apple_health_wearable_activity,2024-02-21 00:00:00,78.63836666666666,55.0,0.0015383333333333,,,,,,,0.0,3.124999999992717e-05,0.99996875,,,,0.7974677314814814
apple_health_user,apple_health_daily,apple_health_wearable_activity,2024-02-22 00:00:00,96.1261,55.0,0.0015673123262279,,,,,,,0.0,6.53846153846338e-05,0.9999346153846154,,,,0.8946007676861291
apple_health_user,apple_health_daily,apple_health_wearable_activity,2024-02-23 00:00:00,88.06043333333334,55.0,0.0016487051282051,,,,,,,0.0,0.0001579999999999,0.999842,,,,0.8497335056980058
apple_health_user,apple_health_daily,apple_health_wearable_activity,2024-02-24 00:00:00,86.19473333333333,55.0,0.0015560174418604,,,,,,,0.0,6.125000000001268e-05,0.99993875,,,,0.8394316515934538
apple_health_user,apple_health_daily,apple_health_wearable_activity,2024-02-25 00:00:00,92.5156,55.0,0.0015494088753387,,,,,,,0.0,5.9756097561036725e-05,0.999940243902439,,,,0.8745502783423668
apple_health_user,apple_health_daily,apple_health_wearable_activity,2024-02-26 00:00:00,70.0247398,55.0,0.0016623387096774,,,,,,,0.0,0.3301760033333334,0.6698239966666666,,,,0.6395246626523298
apple_health_user,apple_health_daily,apple_health_wearable_activity,2024-02-27 00:00:00,91.34043333333332,55.0,0.00177625,,,,,,,0.0,0.0002325,0.9997675,,,,0.8678883796296296
apple_health_user,apple_health_daily,apple_health_wearable_activity,2024-02-28 00:00:00,79.739,55.0,0.0016270833333333,,,,,,,0.0,8.666666666667933e-05,0.9999133333333332,,,,0.8035343055555556
apple_health_user,apple_health_daily,apple_health_wearable_activity,2024-02-29 00:00:00,97.57716666666668,55.0,0.0015848986856516,,,,,,,0.0,8.068181818177145e-05,0.9999193181818182,,,,0.9026512879802036
apple_health_user,apple_health_daily,apple_health_wearable_activity,2024-03-01 00:00:00,82.47646666666667,55.0,0.0015585326953748,,,,,,,0.0,5.151515151513575e-05,0.9999484848484848,,,,0.8187770210880737
apple_health_user,apple_health_daily,apple_health_wearable_activity,2024-03-02 00:00:00,85.43983333333333,55.0,0.001663120842572,,,,,,,0.0,0.0001524390243902,0.9998475609756098,,,,0.835171665229531
apple_health_user,apple_health_daily,apple_health_wearable_activity,2024-03-03 00:00:00,69.71673333333334,55.0,0.0015905519480519,,,,,,,0.0,5.714285714286671e-05,0.9999428571428572,,,,0.7478770646945647
apple_health_user,apple_health_daily,apple_health_wearable_activity,2024-03-04 00:00:00,62.476962666666665,55.0,0.0015373076923076,,,,,,,0.0,0.3302517333333332,0.6697482666666668,,,,0.5976090011396011
apple_health_user,apple_health_daily,apple_health_wearable_activity,2024-03-05 00:00:00,84.3894,55.0,0.0016695192307692,,,,,,,0.0,0.0001499999999999,0.99985,,,,0.8293346047008546
apple_health_user,apple_health_daily,apple_health_wearable_activity,2024-03-06 00:00:00,94.02686666666668,55.0,0.0018294263139814,,,,,,,0.0,0.0003109756097561,0.999689024390244,,,,0.8827691252846801
apple_health_user,apple_health_daily,apple_health_wearable_activity,2024-03-07 00:00:00,84.99696666666667,55.0,0.0016470614035087,,,,,,,0.0,0.0001166666666666,0.9998833333333332,,,,0.8327285721247564
apple_health_user,apple_health_daily,apple_health_wearable_activity,2024-03-08 00:00:00,97.20626666666666,55.0,0.0020479717813051,,,,,,,0.0,0.0004880952380952,0.9995119047619048,,,,0.9003005702527925
apple_health_user,apple_health_daily,apple_health_wearable_activity,2024-03-09 00:00:00,76.26373333333333,55.0,0.0018578333333333,,,,,,,0.0,0.0003458333333332,0.9996541666666668,,,,0.784063962962963
apple_health_user,apple_health_daily,apple_health_wearable_activity,2024-03-10 00:00:00,83.10466666666667,55.0,0.0017693681318681,,,,,,,0.0,0.0002357142857143,0.9997642857142855,,,,0.8221353428978428
apple_health_user,apple_health_daily,apple_health_wearable_activity,2024-03-11 00:00:00,61.74914415555556,55.0,0.0015367857142857,,,,,,,0.0,0.3301935233333334,0.6698064766666666,,,,0.5935851422927689
apple_health_user,apple_health_daily,apple_health_wearable_activity,2024-03-12 00:00:00,93.49103333333332,55.0,0.0017874121328839,,,,,,,0.0,0.0002403225806451,0.9997596774193548,,,,0.8798298291695644
apple_health_user,apple_health_daily,apple_health_wearable_activity,2024-03-13 00:00:00,62.496633333333335,55.0,0.001907,,,,,,,0.0,0.000425,0.999575,,,,0.7075372962962962
apple_health_user,apple_health_daily,apple_health_wearable_activity,2024-03-14 00:00:00,95.84076666666668,55.0,0.0016335576923076,,,,,,,0.0,0.0001062499999999,0.99989375,,,,0.892979878917379
apple_health_user,apple_health_daily,apple_health_wearable_activity,2024-03-15 00:00:00,93.44486666666666,55.0,0.0018022413793103,,,,,,,0.0,0.0002672413793103,0.9997327586206896,,,,0.8795594316730524
apple_health_user,apple_health_daily,apple_health_wearable_activity,2024-03-16 00:00:00,72.24663333333334,55.0,0.0016434999999999,,,,,,,0.0,0.0001291666666667,0.9998708333333332,,,,0.7618904074074074
apple_health_user,apple_health_daily,apple_health_wearable_activity,2024-03-17 00:00:00,89.1367,55.0,0.0016063477088948,,,,,,,0.0,8.285714285716228e-05,0.9999171428571428,,,,0.8557519317160827
apple_health_user,apple_health_daily,apple_health_wearable_activity,2024-03-18 00:00:00,82.95290702222222,55.0,0.0017332945736434,,,,,,,0.0,0.3303763386046512,0.6696236613953488,,,,0.7112573835084697
apple_health_user,apple_health_daily,apple_health_wearable_activity,2024-03-19 00:00:00,84.32533333333333,55.0,0.0015326829268292,,,,,,,0.0,2.4999999999941732e-05,0.999975,,,,0.8290659575429088
apple_health_user,apple_health_daily,apple_health_wearable_activity,2024-03-20 00:00:00,73.594,55.0,0.0014968421052631,,,,,,,0.0,0.0,1.0,,,,0.7694677192982456
apple_health_user,apple_health_daily,apple_health_wearable_activity,2024-03-21 00:00:00,98.08953333333334,55.0,0.0018133741258741,,,,,,,0.0,0.000274358974359,0.999725641025641,,,,0.9053570519295518
apple_health_user,apple_health_daily,apple_health_wearable_activity,2024-03-22 00:00:00,72.79463333333334,55.0,0.00178,,,,,,,0.0,0.0002357142857143,0.9997642857142855,,,,0.7648538359788359
apple_health_user,apple_health_daily,apple_health_wearable_activity,2024-03-23 00:00:00,95.22503333333331,55.0,0.0014630476190476,,,,,,,0.0,3.333333333332966e-05,0.9999666666666668,,,,0.8896402804232805
apple_health_user,apple_health_daily,apple_health_wearable_activity,2024-03-24 00:00:00,63.83736666666667,55.0,0.00172625,,,,,,,0.0,0.0001999999999999,0.9998,,,,0.7151210648148147
apple_health_user,apple_health_daily,apple_health_wearable_activity,2024-03-25 00:00:00,72.13913455555556,55.0,0.0014885968379446,,,,,,,0.0,0.3302321681818182,0.6697678318181818,,,,0.6513104925242765
apple_health_user,apple_health_daily,apple_health_wearable_activity,2024-03-26 00:00:00,90.65226666666666,55.0,0.0017892701525054,,,,,,,0.0,0.0003485294117646,0.9996514705882352,,,,0.8640222149600582
apple_health_user,apple_health_daily,apple_health_wearable_activity,2024-03-27 00:00:00,60.5125,55.0,0.0031588888888888,,,,,,,0.0,0.0,1.0,,,,0.6962387037037038
apple_health_user,apple_health_daily,apple_health_wearable_activity,2024-03-28 00:00:00,98.33456666666666,55.0,0.0016410840932117,,,,,,,0.0,0.0001148936170212,0.9998851063829788,,,,0.9068289333558482
apple_health_user,apple_health_daily,apple_health_wearable_activity,2024-03-29 00:00:00,89.76566666666668,55.0,0.0017221875,,,,,,,0.0,0.0001499999999999,0.99985,,,,0.8591851967592593
apple_health_user,apple_health_daily,apple_health_wearable_activity,2024-03-30 00:00:00,65.0103,55.0,0.0021810267857142,,,,,,,0.0,0.0006357142857142,0.9993642857142856,,,,0.7213405307539683
apple_health_user,apple_health_daily,apple_health_wearable_activity,2024-03-31 00:00:00,69.10066666666667,55.0,0.0017640833333333,,,,,,,0.0,0.0002333333333333,0.9997666666666668,,,,0.7443378981481481
apple_health_user,apple_health_daily,apple_health_wearable_activity,2024-04-01 00:00:00,79.85663757777778,55.0,0.0017124999999999,,,,,,,0.0,0.3303898366666665,0.6696101633333335,,,,0.6940583187654322
apple_health_user,apple_health_daily,apple_health_wearable_activity,2024-04-02 00:00:00,80.6285,55.0,0.0016692492260061,,,,,,,0.0,0.0001441176470589,0.9998558823529412,,,,0.8084427665978672
apple_health_user,apple_health_daily,apple_health_wearable_activity,2024-04-03 00:00:00,61.393,55.0,0.0035399999999999,,,,,,,7.567777777777785,0.0756777777777778,0.9243222222222222,,,,0.6757774074074074
apple_health_user,apple_health_daily,apple_health_wearable_activity,2024-04-04 00:00:00,97.3994,55.0,0.0017716586867305,,,,,,,0.0,0.0002465116279068,0.9997534883720932,,,,0.9015461654506765
apple_health_user,apple_health_daily,apple_health_wearable_activity,2024-04-05 00:00:00,95.4142,55.0,0.0018372016260162,,,,,,,0.0,0.0002792682926828,0.9997207317073172,,,,0.8904845100271003
apple_health_user,apple_health_daily,apple_health_wearable_activity,2024-04-06 00:00:00,70.71776666666666,55.0,0.0017858333333333,,,,,,,0.0,0.0002583333333333,0.9997416666666666,,,,0.7533062037037036
apple_health_user,apple_health_daily,apple_health_wearable_activity,2024-04-07 00:00:00,83.16193333333334,55.0,0.0015950293255131,,,,,,,0.0,8.548387096773968e-05,0.9999145161290324,,,,0.8225616807863583
apple_health_user,apple_health_daily,apple_health_wearable_activity,2024-04-08 00:00:00,84.37688535555556,55.0,0.0015937011494252,,,,,,,0.0,0.3302618596551724,0.6697381403448276,,,,0.7192530650404428
apple_health_user,apple_health_daily,apple_health_wearable_activity,2024-04-09 00:00:00,98.18236666666668,55.0,0.001686454398273,,,,,,,0.0,0.0001676470588235,0.9998323529411764,,,,0.9059506698846717
apple_health_user,apple_health_daily,apple_health_wearable_activity,2024-04-10 00:00:00,67.4076,55.0,0.0015561666666666,,,,,,,0.0,8.750000000001812e-05,0.9999125,,,,0.7350498888888889
apple_health_user,apple_health_daily,apple_health_wearable_activity,2024-04-11 00:00:00,98.2871,55.0,0.0014347041847041,,,,,,,0.0,4.682539682532294e-05,0.9999531746031748,,,,0.9066567123617124
apple_health_user,apple_health_daily,apple_health_wearable_activity,2024-04-12 00:00:00,94.80816666666666,55.0,0.0017485096153846,,,,,,,0.0,0.0003320512820512,0.9996679487179488,,,,0.8871296278490028
apple_health_user,apple_health_daily,apple_health_wearable_activity,2024-04-13 00:00:00,77.49766666666666,55.0,0.0014435714285714,,,,,,,0.0,9.499999999995624e-05,0.999905,,,,0.7911408465608466
apple_health_user,apple_health_daily,apple_health_wearable_activity,2024-04-14 00:00:00,103.68383333333333,55.0,0.001465094908298,,,,,,,0.0,0.0001079710144927,0.9998920289855072,,,,0.9366080520998104
apple_health_user,apple_health_daily,apple_health_wearable_activity,2024-04-15 00:00:00,78.9417998888889,55.0,0.0016074535679374,,,,,,,0.0,0.3302327964646464,0.6697672035353536,,,,0.6890632493718547
apple_health_user,apple_health_daily,apple_health_wearable_activity,2024-04-16 00:00:00,95.49586666666669,55.0,0.0015250416666666,,,,,,,0.0,0.0001260416666666,0.9998739583333334,,,,0.8910933425925927
apple_health_user,apple_health_daily,apple_health_wearable_activity,2024-04-17 00:00:00,94.54683333333332,55.0,0.0014226818181818,,,,,,,0.0,6.818181818180058e-05,0.9999318181818182,,,,0.8858743417508418
apple_health_user,apple_health_daily,apple_health_wearable_activity,2024-04-18 00:00:00,98.88383333333334,55.0,0.0015133288770053,,,,,,,0.0,0.0001051470588235,0.9998948529411764,,,,0.909926248762131
apple_health_user,apple_health_daily,apple_health_wearable_activity,2024-04-19 00:00:00,98.59506666666668,55.0,0.0015104761904761,,,,,,,0.0,9.76190476190686e-05,0.9999023809523808,,,,0.9083254497354498
apple_health_user,apple_health_daily,apple_health_wearable_activity,2024-04-20 00:00:00,84.163,55.0,0.0014740845070422,,,,,,,0.0,9.499999999995624e-05,0.999905,,,,0.8281603051643193
apple_health_user,apple_health_daily,apple_health_wearable_activity,2024-04-21 00:00:00,89.59753333333333,55.0,0.0015090714285714,,,,,,,0.0,0.0001625,0.9998375,,,,0.8583179947089947
apple_health_user,apple_health_daily,apple_health_wearable_activity,2024-04-22 00:00:00,83.19407791111111,55.0,0.001657985303123,,,,,,,0.0,0.330232872173913,0.6697671278260869,,,,0.7126701470138275
apple_health_user,apple_health_daily,apple_health_wearable_activity,2024-04-23 00:00:00,98.89923333333334,55.0,0.0015368977272727,,,,,,,0.0,0.0001522727272726,0.9998477272727272,,,,0.9099882394781144
apple_health_user,apple_health_daily,apple_health_wearable_activity,2024-04-24 00:00:00,84.5651,55.0,0.0016335416666666,,,,,,,0.0,0.00025625,0.99974375,,,,0.8302872916666667
apple_health_user,apple_health_daily,apple_health_wearable_activity,2024-04-25 00:00:00,93.7155,55.0,0.0014194917151813,,,,,,,0.0,4.741379310346794e-05,0.9999525862068964,,,,0.8812638092750161
apple_health_user,apple_health_daily,apple_health_wearable_activity,2024-04-26 00:00:00,86.21873333333333,55.0,0.0019274264705882,,,,,,,0.0,0.0004955882352941,0.9995044117647058,,,,0.8392964025054465
apple_health_user,apple_health_daily,apple_health_wearable_activity,2024-04-27 00:00:00,83.8289,55.0,0.0013586904761904,,,,,,,0.0,0.0,1.0,,,,0.8263743253968254
apple_health_user,apple_health_daily,apple_health_wearable_activity,2024-04-28 00:00:00,89.94266666666667,55.0,0.0014664312617702,,,,,,,0.0,0.0001138888888889,0.999886111111111,,,,0.8602658192090397
apple_health_user,apple_health_daily,apple_health_wearable_activity,2024-04-29 00:00:00,85.8428608888889,55.0,0.0014575704948646,,,,,,,0.0,0.3301105724867724,0.6698894275132276,,,,0.7274931794999482
apple_health_user,apple_health_daily,apple_health_wearable_activity,2024-04-30 00:00:00,99.59723333333334,55.0,0.0015227543035993,,,,,,,0.0,0.0001183098591549,0.999881690140845,,,,0.9138820526864894
apple_health_user,apple_health_daily,apple_health_wearable_activity,2024-05-01 00:00:00,82.30446666666667,55.0,0.0013990322580645,,,,,,,0.0,4.999999999999449e-05,0.99995,,,,0.8178751373954599
apple_health_user,apple_health_daily,apple_health_wearable_activity,2024-05-02 00:00:00,96.99093333333332,55.0,0.001463170289855,,,,,,,0.0,5.583333333336604e-05,0.9999441666666666,,,,0.8994432950885667
apple_health_user,apple_health_daily,apple_health_wearable_activity,2024-05-03 00:00:00,96.6497,55.0,0.0014631155172413,,,,,,,0.0,6.896551724144828e-05,0.9999310344827586,,,,0.8975431952107279
apple_health_user,apple_health_daily,apple_health_wearable_activity,2024-05-04 00:00:00,90.0181,55.0,0.0015312414965986,,,,,,,0.0,0.0001458333333332,0.9998541666666668,,,,0.8606526417233559
apple_health_user,apple_health_daily,apple_health_wearable_activity,2024-05-05 00:00:00,93.81586666666666,55.0,0.0014205857142857,,,,,,,0.0,5.178571428565704e-05,0.9999482142857145,,,,0.8818195798941799
apple_health_user,apple_health_daily,apple_health_wearable_activity,2024-05-06 00:00:00,82.17338537777778,55.0,0.0016368893756845,,,,,,,0.0,0.3302356309090909,0.6697643690909091,,,,0.7070057453371735
apple_health_user,apple_health_daily,apple_health_wearable_activity,2024-05-07 00:00:00,79.89976666666666,55.0,0.0015909427609427,,,,,,,0.0,0.0001590909090909,0.9998409090909092,,,,0.8044153591470259
apple_health_user,apple_health_daily,apple_health_wearable_activity,2024-05-08 00:00:00,87.69743333333332,55.0,0.0013846575342465,,,,,,,0.0,2.000000000002e-05,0.99998,,,,0.8478508548959919
apple_health_user,apple_health_daily,apple_health_wearable_activity,2024-05-09 00:00:00,98.28983333333332,55.0,0.0014272807017543,,,,,,,0.0,3.859649122806008e-05,0.999961403508772,,,,0.9066771150097468
apple_health_user,apple_health_daily,apple_health_wearable_activity,2024-05-10 00:00:00,85.1698,55.0,0.0014548913043478,,,,,,,0.0,6.304347826091572e-05,0.9999369565217392,,,,0.833770688405797
apple_health_user,apple_health_daily,apple_health_wearable_activity,2024-05-11 00:00:00,96.25383333333332,55.0,0.0014276217532467,,,,,,,0.0,7.142857142850012e-05,0.9999285714285716,,,,0.8953549461880712
apple_health_user,apple_health_daily,apple_health_wearable_activity,2024-05-12 00:00:00,92.65353333333334,55.0,0.001405225409836,,,,,,,0.0,6.875000000006182e-05,0.99993125,,,,0.8753616378263508
apple_health_user,apple_health_daily,apple_health_wearable_activity,2024-05-13 00:00:00,81.62686268888889,55.0,0.0014504367666232,,,,,,,0.0,0.3302847956410256,0.6697152043589744,,,,0.7040152708023887
apple_health_user,apple_health_daily,apple_health_wearable_activity,2024-05-14 00:00:00,100.74906666666666,55.0,0.001559572147651,,,,,,,0.0,0.00015625,0.99984375,,,,0.9202562074322644
apple_health_user,apple_health_daily,apple_health_wearable_activity,2024-05-15 00:00:00,85.62796666666667,55.0,0.0019869541778975,,,,,,,0.0,0.0005321428571428,0.9994678571428572,,,,0.8359823380253569
apple_health_user,apple_health_daily,apple_health_wearable_activity,2024-05-16 00:00:00,86.09553333333334,55.0,0.0014570511363636,,,,,,,0.0,5.468750000003908e-05,0.9999453125,,,,0.8389157167508419
apple_health_user,apple_health_daily,apple_health_wearable_activity,2024-05-17 00:00:00,97.40486666666666,55.0,0.0014955646965907,,,,,,,0.0,9.084507042256272e-05,0.9999091549295774,,,,0.9017204560035882
apple_health_user,apple_health_daily,apple_health_wearable_activity,2024-05-18 00:00:00,82.54156666666667,55.0,0.0016747952586206,,,,,,,0.0,0.0002578125,0.9997421875,,,,0.8190311677841634
apple_health_user,apple_health_daily,apple_health_wearable_activity,2024-05-19 00:00:00,85.31753333333333,55.0,0.0015244444444444,,,,,,,0.0,0.0001277777777777,0.9998722222222224,,,,0.8345466666666667
apple_health_user,apple_health_daily,apple_health_wearable_activity,2024-05-20 00:00:00,61.30222033333333,55.0,0.0016232692307692,,,,,,,0.0,0.3303335500000001,0.6696664499999999,,,,0.5910267287749287
apple_health_user,apple_health_daily,apple_health_wearable_activity,2024-05-21 00:00:00,73.90113333333333,55.0,0.0014281538461538,,,,,,,0.0,4.615384615380691e-05,0.9999538461538462,,,,0.7711815270655271
apple_health_user,apple_health_daily,apple_health_wearable_activity,2024-05-22 00:00:00,100.88763333333333,55.0,0.0014385231023102,,,,,,,0.0,5.416666666668846e-05,0.9999458333333332,,,,0.9211003997066372
apple_health_user,apple_health_daily,apple_health_wearable_activity,2024-05-23 00:00:00,82.65053333333333,55.0,0.0023741666666666,,,,,,,0.0,0.0009541666666665,0.9990458333333334,,,,0.8191712962962963
apple_health_user,apple_health_daily,apple_health_wearable_activity,2024-05-24 00:00:00,78.11546666666666,55.0,0.0014698611111111,,,,,,,0.0,8.999999999992347e-05,0.99991,,,,0.7945659722222222
apple_health_user,apple_health_daily,apple_health_wearable_activity,2024-05-25 00:00:00,94.68516666666667,55.0,0.0013638006072874,,,,,,,0.0,2.307692307690345e-05,0.9999769230769232,,,,0.8866775223046933
apple_health_user,apple_health_daily,apple_health_wearable_activity,2024-05-26 00:00:00,96.82073333333334,55.0,0.0014493295019157,,,,,,,0.0,7.777777777784323e-05,0.9999222222222222,,,,0.8984950383141763
apple_health_user,apple_health_daily,apple_health_wearable_activity,2024-05-27 00:00:00,83.79314491111111,55.0,0.0015719630245118,,,,,,,0.0,0.3303531148275862,0.6696468851724138,,,,0.7159868902221401
apple_health_user,apple_health_daily,apple_health_wearable_activity,2024-05-28 00:00:00,99.49003333333332,55.0,0.0015429285714285,,,,,,,0.0,0.0001414285714285,0.9998585714285716,,,,0.913272066137566
apple_health_user,apple_health_daily,apple_health_wearable_activity,2024-05-29 00:00:00,70.76363333333333,55.0,0.0017831034482758,,,,,,,0.0,0.00035,0.99965,,,,0.7535313729246488
apple_health_user,apple_health_daily,apple_health_wearable_activity,2024-05-30 00:00:00,96.2713,55.0,0.0015838540055675,,,,,,,0.0,0.0001819672131146,0.9998180327868852,,,,0.8953630595937726
apple_health_user,apple_health_daily,apple_health_wearable_activity,2024-05-31 00:00:00,71.321,55.0,0.0016635119047619,,,,,,,0.0,0.0002208333333333,0.9997791666666668,,,,0.7567107738095239
apple_health_user,apple_health_daily,apple_health_wearable_activity,2024-06-01 00:00:00,96.87813333333332,55.0,0.0014433999999999,,,,,,,0.0,8.399999999997299e-05,0.999916,,,,0.8988138296296296
apple_health_user,apple_health_daily,apple_health_wearable_activity,2024-06-02 00:00:00,74.25456666666668,55.0,0.0018310919540229,,,,,,,0.0,0.0003833333333334,0.9996166666666666,,,,0.7728983397190294
apple_health_user,apple_health_daily,apple_health_wearable_activity,2024-06-03 00:00:00,88.94167411111111,55.0,0.0015063179547458,,,,,,,0.0,0.3301652351405622,0.6698347648594378,,,,0.7446743384744036
apple_health_user,apple_health_daily,apple_health_wearable_activity,2024-06-04 00:00:00,96.7303,55.0,0.0014786309523809,,,,,,,0.0,7.738095238096765e-05,0.999922619047619,,,,0.8979829960317459
apple_health_user,apple_health_daily,apple_health_wearable_activity,2024-06-05 00:00:00,83.49510000000001,55.0,0.0014120588235294,,,,,,,0.0,4.333333333339517e-05,0.9999566666666666,,,,0.8244876470588235
apple_health_user,apple_health_daily,apple_health_wearable_activity,2024-06-06 00:00:00,109.10803333333334,55.0,0.0014808,,,,,,,0.0,8.125000000003268e-05,0.99991875,,,,0.9667461685185184
apple_health_user,apple_health_daily,apple_health_wearable_activity,2024-06-07 00:00:00,78.38033333333334,55.0,0.0014769444444444,,,,,,,0.0,6.875000000006182e-05,0.99993125,,,,0.7960421759259259
apple_health_user,apple_health_daily,apple_health_wearable_activity,2024-06-08 00:00:00,101.8845,55.0,0.0013823120567375,,,,,,,0.0,3.297872340424224e-05,0.9999670212765958,,,,0.9266643475177304
apple_health_user,apple_health_daily,apple_health_wearable_activity,2024-06-09 00:00:00,87.19566666666667,55.0,0.0013867614269788,,,,,,,0.0,1.3043478260810204e-05,0.9999869565217392,,,,0.8450648798464017
apple_health_user,apple_health_daily,apple_health_wearable_activity,2024-06-10 00:00:00,76.04006293333333,55.0,0.0017711442006269,,,,,,,0.0,0.3303648096969697,0.6696351903030303,,,,0.6728439205526531
apple_health_user,apple_health_daily,apple_health_wearable_activity,2024-06-11 00:00:00,99.7702,55.0,0.0014335383516931,,,,,,,0.0,3.859649122806008e-05,0.999961403508772,,,,0.9148992883856928
apple_health_user,apple_health_daily,apple_health_wearable_activity,2024-06-12 00:00:00,76.31366666666666,55.0,0.001360975609756,,,,,,,0.0,0.0,1.0,,,,0.7846222673893406
apple_health_user,apple_health_daily,apple_health_wearable_activity,2024-06-13 00:00:00,87.405,55.0,0.0014680769230769,,,,,,,0.0,9.9999999999989e-05,0.9999,,,,0.8461717521367521
apple_health_user,apple_health_daily,apple_health_wearable_activity,2024-06-14 00:00:00,75.25786666666667,55.0,0.0013868686868686,,,,,,,0.0,5.909090909095305e-05,0.999940909090909,,,,0.7787283838383838
apple_health_user,apple_health_daily,apple_health_wearable_activity,2024-06-15 00:00:00,76.84626666666666,55.0,0.0014824999999999,,,,,,,0.0,5.500000000002725e-05,0.999945,,,,0.7875223148148148
apple_health_user,apple_health_daily,apple_health_wearable_activity,2024-06-16 00:00:00,90.0659,55.0,0.0014594297719087,,,,,,,0.0,7.647058823523345e-05,0.9999235294117648,,,,0.8609652554355076
apple_health_user,apple_health_daily,apple_health_wearable_activity,2024-06-17 00:00:00,79.85461462222221,55.0,0.0014548780487804,,,,,,,0.0,0.3302001266666666,0.6697998733333334,,,,0.6941961907738633
apple_health_user,apple_health_daily,apple_health_wearable_activity,2024-06-18 00:00:00,106.56903333333332,55.0,0.0015208293650793,,,,,,,0.0,0.0001347222222222,0.9998652777777778,,,,0.9526094457671958
apple_health_user,apple_health_daily,apple_health_wearable_activity,2024-06-19 00:00:00,91.8624,55.0,0.0014307142857142,,,,,,,0.0,4.999999999999449e-05,0.99995,,,,0.8709642063492063
apple_health_user,apple_health_daily,apple_health_wearable_activity,2024-06-20 00:00:00,95.38186666666668,55.0,0.0014544776119402,,,,,,,0.0,4.000000000004e-05,0.99996,,,,0.8905122111663903
apple_health_user,apple_health_daily,apple_health_wearable_activity,2024-06-21 00:00:00,97.951,55.0,0.0014525665483584,,,,,,,0.0,5.108695652178419e-05,0.9999489130434782,,,,0.9047821154983732
apple_health_user,apple_health_daily,apple_health_wearable_activity,2024-06-22 00:00:00,94.0852,55.0,0.0015009893048128,,,,,,,0.0,0.0001386363636364,0.9998613636363636,,,,0.8832601247771836
apple_health_user,apple_health_daily,apple_health_wearable_activity,2024-06-23 00:00:00,95.62436666666667,55.0,0.0014568857493857,,,,,,,0.0,8.18181818181829e-05,0.9999181818181818,,,,0.8918446912821913
apple_health_user,apple_health_daily,apple_health_wearable_activity,2024-06-24 00:00:00,82.84896426666667,55.0,0.001443396226415,,,,,,,0.0,0.3301717066666666,0.6698282933333334,,,,0.7108447671837875
apple_health_user,apple_health_daily,apple_health_wearable_activity,2024-06-25 00:00:00,92.0082,55.0,0.0016662195121951,,,,,,,0.0,0.0002699999999999,0.99973,,,,0.8716223712737127
apple_health_user,apple_health_daily,apple_health_wearable_activity,2024-06-26 00:00:00,94.8732,55.0,0.0014530681818181,,,,,,,0.0,5.500000000002725e-05,0.999945,,,,0.8876817550505051
apple_health_user,apple_health_daily,apple_health_wearable_activity,2024-06-27 00:00:00,99.49176666666668,55.0,0.0015171040327293,,,,,,,0.0,0.0001279661016948,0.9998720338983051,,,,0.9132947914366736
apple_health_user,apple_health_daily,apple_health_wearable_activity,2024-06-28 00:00:00,83.29293333333334,55.0,0.0017090697674418,,,,,,,0.0,0.000325,0.999675,,,,0.8231716063738156
apple_health_user,apple_health_daily,apple_health_wearable_activity,2024-06-29 00:00:00,100.08136666666668,55.0,0.0014443176052765,,,,,,,0.0,7.685185185191123e-05,0.999923148148148,,,,0.9166116472179944
apple_health_user,apple_health_daily,apple_health_wearable_activity,2024-06-30 00:00:00,86.09926666666667,55.0,0.0014587990196078,,,,,,,0.0,5.588235294118338e-05,0.9999441176470588,,,,0.8389354765795206
apple_health_user,apple_health_daily,apple_health_wearable_activity,2024-07-01 00:00:00,74.60566497777778,55.0,0.0014464583333333,,,,,,,0.0,0.3302063244444445,0.6697936755555555,,,,0.6650361000617283
apple_health_user,apple_health_daily,apple_health_wearable_activity,2024-07-02 00:00:00,95.5792,55.0,0.0014015306122448,,,,,,,0.0,2.6530612244890502e-05,0.9999734693877552,,,,0.8916306462585034
apple_health_user,apple_health_daily,apple_health_wearable_activity,2024-07-03 00:00:00,93.31573333333333,55.0,0.0014826111111111,,,,,,,0.0,8.750000000001812e-05,0.9999125,,,,0.8790084814814815
apple_health_user,apple_health_daily,apple_health_wearable_activity,2024-07-04 00:00:00,106.0654,55.0,0.0014478871340523,,,,,,,0.0,8.352272727274457e-05,0.9999164772727273,,,,0.9498528633795584
apple_health_user,apple_health_daily,apple_health_wearable_activity,2024-07-05 00:00:00,85.5971,55.0,0.0023991666666666,,,,,,,0.0,0.0009874999999999,0.9990125,,,,0.8355216666666667
apple_health_user,apple_health_daily,apple_health_wearable_activity,2024-07-06 00:00:00,80.43016666666666,55.0,0.0017578571428571,,,,,,,0.0,0.0003299999999999,0.99967,,,,0.807249417989418
apple_health_user,apple_health_daily,apple_health_wearable_activity,2024-07-07 00:00:00,88.1011,55.0,0.0014454005167958,,,,,,,0.0,3.888888888892161e-05,0.9999611111111112,,,,0.8500669035314384
apple_health_user,apple_health_daily,apple_health_wearable_activity,2024-07-08 00:00:00,73.38809193333333,55.0,0.0013964423076923,,,,,,,0.0,0.3300924848717949,0.6699075151282051,,,,0.6583264239031339
apple_health_user,apple_health_daily,apple_health_wearable_activity,2024-07-09 00:00:00,93.3417,55.0,0.0014420079787234,,,,,,,0.0,4.062500000001634e-05,0.999959375,,,,0.8791819001182034
apple_health_user,apple_health_daily,apple_health_wearable_activity,2024-07-10 00:00:00,96.0826,55.0,0.0014603841991341,,,,,,,0.0,6.818181818180058e-05,0.9999318181818182,,,,0.8943938113275615
apple_health_user,apple_health_daily,apple_health_wearable_activity,2024-07-11 00:00:00,91.94003333333332,55.0,0.0014936440677966,,,,,,,0.0,9.9999999999989e-05,0.9999,,,,0.8713578593848085
apple_health_user,apple_health_daily,apple_health_wearable_activity,2024-07-12 00:00:00,93.5123,55.0,0.001489610750695,,,,,,,0.0,8.653846153849898e-05,0.9999134615384616,,,,0.8800985058181444
apple_health_user,apple_health_daily,apple_health_wearable_activity,2024-07-13 00:00:00,80.69273333333334,55.0,0.0015350520833333,,,,,,,0.0,0.0001133333333334,0.9998866666666666,,,,0.8088546122685184
apple_health_user,apple_health_daily,apple_health_wearable_activity,2024-07-14 00:00:00,71.53706666666668,55.0,0.0015856666666666,,,,,,,0.0,0.0001416666666667,0.9998583333333332,,,,0.7579634814814815
apple_health_user,apple_health_daily,apple_health_wearable_activity,2024-07-15 00:00:00,77.21451502222223,55.0,0.001436462585034,,,,,,,0.0,0.330246231111111,0.6697537688888889,,,,0.6795197411136306
apple_health_user,apple_health_daily,apple_health_wearable_activity,2024-07-16 00:00:00,93.61653333333334,55.0,0.0014496993006993,,,,,,,0.0,4.615384615380691e-05,0.9999538461538462,,,,0.8807043452473452
apple_health_user,apple_health_daily,apple_health_wearable_activity,2024-07-17 00:00:00,104.6325,55.0,0.0016193055555555,,,,,,,0.0,0.0002187499999999,0.99978125,,,,0.9417900925925928
apple_health_user,apple_health_daily,apple_health_wearable_activity,2024-07-18 00:00:00,98.88843333333332,55.0,0.0014523113506658,,,,,,,0.0,8.026315789466665e-05,0.9999197368421052,,,,0.9099804381267762
apple_health_user,apple_health_daily,apple_health_wearable_activity,2024-07-19 00:00:00,92.6242,55.0,0.0014485518292682,,,,,,,0.0,6.562499999995808e-05,0.999934375,,,,0.875185274390244
apple_health_user,apple_health_daily,apple_health_wearable_activity,2024-07-20 00:00:00,78.43873333333333,55.0,0.001451690821256,,,,,,,0.0,2.777777777773771e-05,0.9999722222222224,,,,0.796388695652174
apple_health_user,apple_health_daily,apple_health_wearable_activity,2024-07-21 00:00:00,64.02193333333334,55.0,0.0014199999999999,,,,,,,0.0,0.0,1.0,,,,0.7163151851851852
apple_health_user,apple_health_daily,apple_health_wearable_activity,2024-07-22 00:00:00,73.55068244444445,55.0,0.002383488372093,,,,,,,0.0,0.3309293666666666,0.6690706333333334,,,,0.658621728567327
apple_health_user,apple_health_daily,apple_health_wearable_activity,2024-07-23 00:00:00,74.5521,55.0,0.00157925,,,,,,,0.0,0.0001937499999999,0.99980625,,,,0.7746984444444444
apple_health_user,apple_health_daily,apple_health_wearable_activity,2024-07-24 00:00:00,93.37316666666666,55.0,0.0014575947187141,,,,,,,0.0,5.19230769231438e-05,0.9999480769230767,,,,0.8793477533273801
apple_health_user,apple_health_daily,apple_health_wearable_activity,2024-07-25 00:00:00,95.31136666666666,55.0,0.0014641588067558,,,,,,,0.0,7.44680851063606e-05,0.9999255319148936,,,,0.8901058280730828
apple_health_user,apple_health_daily,apple_health_wearable_activity,2024-07-26 00:00:00,76.21613333333333,55.0,0.0018826648351648,,,,,,,0.0,0.0004428571428571,0.9995571428571428,,,,0.7837589000814001
apple_health_user,apple_health_daily,apple_health_wearable_activity,2024-07-27 00:00:00,96.9945,55.0,0.0015324317528735,,,,,,,0.0,0.0001198275862068,0.9998801724137932,,,,0.8994186913314177
apple_health_user,apple_health_daily,apple_health_wearable_activity,2024-07-28 00:00:00,87.13573333333333,55.0,0.0014931164570803,,,,,,,0.0,8.870967741936298e-05,0.9999112903225806,,,,0.8446712431403519
apple_health_user,apple_health_daily,apple_health_wearable_activity,2024-07-29 00:00:00,83.82935022222222,55.0,0.0016264329692154,,,,,,,0.0,0.3303259798742138,0.6696740201257861,,,,0.716178919175647
apple_health_user,apple_health_daily,apple_health_wearable_activity,2024-07-30 00:00:00,73.1574,55.0,0.0017930184331797,,,,,,,0.0,0.0003678571428571,0.9996321428571427,,,,0.7668208192524322
apple_health_user,apple_health_daily,apple_health_wearable_activity,2024-07-31 00:00:00,84.392,55.0,0.001566262541806,,,,,,,0.0,0.0001461538461537,0.9998538461538462,,,,0.8293847500929022
apple_health_user,apple_health_daily,apple_health_wearable_activity,2024-08-01 00:00:00,84.93936666666667,55.0,0.0014220212765957,,,,,,,0.0,2.999999999997449e-05,0.99997,,,,0.8325124743892829
apple_health_user,apple_health_daily,apple_health_wearable_activity,2024-08-02 00:00:00,95.6674,55.0,0.0014353301886792,,,,,,,0.0,3.7500000000023626e-05,0.9999625,,,,0.8921057232704402
apple_health_user,apple_health_daily,apple_health_wearable_activity,2024-08-03 00:00:00,95.37073333333332,55.0,0.0014134064171122,,,,,,,0.0,2.058823529416109e-05,0.9999794117647058,,,,0.8904705203010498
apple_health_user,apple_health_daily,apple_health_wearable_activity,2024-08-04 00:00:00,87.29893333333334,55.0,0.0014027503974562,,,,,,,0.0,2.058823529416109e-05,0.9999794117647058,,,,0.8456307389742683
apple_health_user,apple_health_daily,apple_health_wearable_activity,2024-08-05 00:00:00,74.76155535555556,55.0,0.0014566477272727,,,,,,,0.0,0.3301248518181818,0.6698751481818181,,,,0.6659259187934904
apple_health_user,apple_health_daily,apple_health_wearable_activity,2024-08-06 00:00:00,95.39126666666668,55.0,0.0015172222222222,,,,,,,0.0,0.0001138888888889,0.999886111111111,,,,0.8905188888888889
apple_health_user,apple_health_daily,apple_health_wearable_activity,2024-08-07 00:00:00,94.80116666666666,55.0,0.0016734772978959,,,,,,,0.0,0.0002595238095237,0.9997404761904762,,,,0.8871399255567859
apple_health_user,apple_health_daily,apple_health_wearable_activity,2024-08-08 00:00:00,89.1309,55.0,0.0014129979360165,,,,,,,0.0,1.7647058823566653e-05,0.9999823529411764,,,,0.8558058961128312
apple_health_user,apple_health_daily,apple_health_wearable_activity,2024-08-09 00:00:00,94.69216666666668,55.0,0.0014545054945054,,,,,,,0.0,7.142857142850012e-05,0.9999285714285716,,,,0.886670059015059
apple_health_user,apple_health_daily,apple_health_wearable_activity,2024-08-10 00:00:00,103.27186666666668,55.0,0.0014551869824016,,,,,,,0.0,7.246376811598232e-05,0.999927536231884,,,,0.9343344867868644
apple_health_user,apple_health_daily,apple_health_wearable_activity,2024-08-11 00:00:00,90.18053333333332,55.0,0.0016761666666666,,,,,,,0.0,0.0002499999999999,0.99975,,,,0.8614720185185186
apple_health_user,apple_health_daily,apple_health_wearable_activity,2024-08-12 00:00:00,82.83528597777777,55.0,0.0015296291560102,,,,,,,0.0,0.3301516749275363,0.6698483250724637,,,,0.7107467096264721
apple_health_user,apple_health_daily,apple_health_wearable_activity,2024-08-13 00:00:00,57.8431,55.0,0.0028899999999999,,,,,,,0.0,0.0,1.0,,,,0.6814983333333333
apple_health_user,apple_health_daily,apple_health_wearable_activity,2024-08-14 00:00:00,90.21533333333332,55.0,0.0017655072463768,,,,,,,0.0,0.000345,0.999655,,,,0.8616039049919485
apple_health_user,apple_health_daily,apple_health_wearable_activity,2024-08-15 00:00:00,94.3501,55.0,0.0014253628447024,,,,,,,0.0,1.923076923082689e-05,0.9999807692307692,,,,0.8847968021286888
apple_health_user,apple_health_daily,apple_health_wearable_activity,2024-08-16 00:00:00,95.11756666666668,55.0,0.0014623275862068,,,,,,,0.0,8.000000000008001e-05,0.99992,,,,0.8890279278416348
apple_health_user,apple_health_daily,apple_health_wearable_activity,2024-08-17 00:00:00,89.56763333333333,55.0,0.0014578048780487,,,,,,,0.0,4.999999999999449e-05,0.99995,,,,0.8582064724480577
apple_health_user,apple_health_daily,apple_health_wearable_activity,2024-08-18 00:00:00,60.86096666666667,55.0,0.0019658333333333,,,,,,,0.0,0.0004999999999999,0.9995,,,,0.6984056481481482
apple_health_user,apple_health_daily,apple_health_wearable_activity,2024-08-19 00:00:00,74.55917077777778,55.0,0.0014307291666666,,,,,,,0.0,0.33014345,0.66985655,,,,0.6648040001543211
apple_health_user,apple_health_daily,apple_health_wearable_activity,2024-08-20 00:00:00,85.40016666666666,55.0,0.00149484375,,,,,,,0.0,0.0001062499999999,0.99989375,,,,0.8350227835648149
apple_health_user,apple_health_daily,apple_health_wearable_activity,2024-08-21 00:00:00,95.6089,55.0,0.001546638907395,,,,,,,0.0,0.0001381578947368,0.9998618421052632,,,,0.8917100677326228
apple_health_user,apple_health_daily,apple_health_wearable_activity,2024-08-22 00:00:00,70.36253333333333,55.0,0.00140775,,,,,,,0.0,2.4999999999941732e-05,0.999975,,,,0.7515364907407408
apple_health_user,apple_health_daily,apple_health_wearable_activity,2024-08-23 00:00:00,90.35353333333332,55.0,0.0014818867924528,,,,,,,0.0,7.00000000000145e-05,0.99993,,,,0.862557889587701
apple_health_user,apple_health_daily,apple_health_wearable_activity,2024-08-24 00:00:00,97.75256666666668,55.0,0.0022050717154331,,,,,,,0.0,0.0007690476190476,0.9992309523809524,,,,0.9031895528144324
apple_health_user,apple_health_daily,apple_health_wearable_activity,2024-08-25 00:00:00,84.18936666666667,55.0,0.0015949468085106,,,,,,,0.0,0.0001774999999999,0.9998225,,,,0.828238999211978
apple_health_user,apple_health_daily,apple_health_wearable_activity,2024-08-26 00:00:00,83.50872848888889,55.0,0.0014848704268292,,,,,,,0.0,0.3300791316666666,0.6699208683333334,,,,0.714527157573773
apple_health_user,apple_health_daily,apple_health_wearable_activity,2024-08-27 00:00:00,94.7975,55.0,0.0014962091503267,,,,,,,0.0,0.0001117647058823,0.9998882352941176,,,,0.8872278976034859
apple_health_user,apple_health_daily,apple_health_wearable_activity,2024-08-28 00:00:00,84.8344,55.0,0.0015723076923076,,,,,,,0.0,0.0001666666666666,0.9998333333333334,,,,0.8318336752136752
apple_health_user,apple_health_daily,apple_health_wearable_activity,2024-08-29 00:00:00,103.55553333333332,55.0,0.001528153967007,,,,,,,0.0,0.0001326315789473,0.9998673684210526,,,,0.9358660344476448
apple_health_user,apple_health_daily,apple_health_wearable_activity,2024-08-30 00:00:00,93.3979,55.0,0.0014207272727272,,,,,,,0.0,1.8181818181806086e-05,0.9999818181818182,,,,0.879508696969697
apple_health_user,apple_health_daily,apple_health_wearable_activity,2024-08-31 00:00:00,94.6278,55.0,0.001474384057971,,,,,,,0.0,6.250000000007638e-05,0.9999375,,,,0.8863088164251208
apple_health_user,apple_health_daily,apple_health_wearable_activity,2024-09-01 00:00:00,81.71383333333333,55.0,0.0014049999999999,,,,,,,0.0,0.0,1.0,,,,0.8146085185185186
apple_health_user,apple_health_daily,apple_health_wearable_activity,2024-09-02 00:00:00,82.95782304444444,55.0,0.0015393909090909,,,,,,,0.0,0.3301464172727272,0.6698535827272728,,,,0.711425969741863
apple_health_user,apple_health_daily,apple_health_wearable_activity,2024-09-03 00:00:00,92.57856666666666,55.0,0.0016497101449275,,,,,,,0.0,0.0002499999999999,0.99975,,,,0.8748032447665057
apple_health_user,apple_health_daily,apple_health_wearable_activity,2024-09-04 00:00:00,95.46396666666666,55.0,0.0014689399869536,,,,,,,0.0,5.476190476194631e-05,0.999945238095238,,,,0.8909585808509096
apple_health_user,apple_health_daily,apple_health_wearable_activity,2024-09-05 00:00:00,93.9583,55.0,0.0019780409356725,,,,,,,0.0,0.0005777777777777,0.9994222222222222,,,,0.8822497270955165
apple_health_user,apple_health_daily,apple_health_wearable_activity,2024-09-06 00:00:00,84.4183,55.0,0.0015089302059496,,,,,,,0.0,8.695652173917878e-05,0.9999130434782608,,,,0.8295697044241037
apple_health_user,apple_health_daily,apple_health_wearable_activity,2024-09-07 00:00:00,89.27136666666667,55.0,0.0014206782945736,,,,,,,0.0,2.916666666674672e-05,0.9999708333333333,,,,0.8565798664944012
apple_health_user,apple_health_daily,apple_health_wearable_activity,2024-09-08 00:00:00,73.52526666666667,55.0,0.0018084562211981,,,,,,,0.0,0.0003607142857142,0.9996392857142856,,,,0.7688617579791773
apple_health_user,apple_health_daily,apple_health_wearable_activity,2024-09-09 00:00:00,80.63402982222223,55.0,0.0015583405172413,,,,,,,0.0,0.3302294566666667,0.6697705433333333,,,,0.6984820110621541
apple_health_user,apple_health_daily,apple_health_wearable_activity,2024-09-10 00:00:00,93.66663333333334,55.0,0.0014048305084745,,,,,,,0.0,0.0,1.0,,,,0.8810130194601381
apple_health_user,apple_health_daily,apple_health_wearable_activity,2024-09-11 00:00:00,93.243,55.0,0.0015409518716577,,,,,,,0.0,0.0001705882352941,0.999829411764706,,,,0.8785572644087938
apple_health_user,apple_health_daily,apple_health_wearable_activity,2024-09-12 00:00:00,93.4858,55.0,0.0013994272727272,,,,,,,0.0,2.2727272727340875e-05,0.9999772727272728,,,,0.8800026151515151
apple_health_user,apple_health_daily,apple_health_wearable_activity,2024-09-13 00:00:00,100.47673333333334,55.0,0.0014749762931034,,,,,,,0.0,7.241379310340967e-05,0.9999275862068966,,,,0.9187993884897828
apple_health_user,apple_health_daily,apple_health_wearable_activity,2024-09-14 00:00:00,90.2736,55.0,0.0013984848484848,,,,,,,0.0,1.666666666666483e-05,0.9999833333333332,,,,0.862159393939394
apple_health_user,apple_health_daily,apple_health_wearable_activity,2024-09-15 00:00:00,68.66846666666667,55.0,0.0015164285714285,,,,,,,0.0,9.9999999999989e-05,0.9999,,,,0.7420637830687831
apple_health_user,apple_health_daily,apple_health_wearable_activity,2024-09-16 00:00:00,78.82954044444445,55.0,0.0015009946236559,,,,,,,0.0,0.3302039555555556,0.6697960444444444,,,,0.6884846857427319
apple_health_user,apple_health_daily,apple_health_wearable_activity,2024-09-17 00:00:00,89.66946666666666,55.0,0.001424492063492,,,,,,,0.0,2.777777777773771e-05,0.9999722222222224,,,,0.8587907248677249
apple_health_user,apple_health_daily,apple_health_wearable_activity,2024-09-18 00:00:00,77.376,55.0,0.0016207088122605,,,,,,,0.0,0.0002277777777777,0.9997722222222224,,,,0.7903616155810984
apple_health_user,apple_health_daily,apple_health_wearable_activity,2024-09-19 00:00:00,67.29693333333333,55.0,0.0014326666666666,,,,,,,0.0,4.166666666671759e-05,0.9999583333333332,,,,0.7344915185185185
apple_health_user,apple_health_daily,apple_health_wearable_activity,2024-09-20 00:00:00,66.44126666666666,55.0,0.0015053333333333,,,,,,,0.0,0.0001249999999999,0.999875,,,,0.7296858148148148
apple_health_user,apple_health_daily,apple_health_wearable_activity,2024-09-21 00:00:00,77.0363,55.0,0.001562112462006,,,,,,,0.0,0.0001428571428572,0.9998571428571428,,,,0.7885222323539344
apple_health_user,apple_health_daily,apple_health_wearable_activity,2024-09-22 00:00:00,94.29023333333332,55.0,0.0014112962962962,,,,,,,0.0,4.000000000004e-05,0.99996,,,,0.8844619753086419
apple_health_user,apple_health_daily,apple_health_wearable_activity,2024-09-23 00:00:00,66.44239822222222,55.0,0.0014885606060606,,,,,,,0.0,0.3302492888888889,0.6697507111111111,,,,0.6196562625140292
apple_health_user,apple_health_daily,apple_health_wearable_activity,2024-09-24 00:00:00,98.16593333333331,55.0,0.001442125,,,,,,,0.0,7.249999999991985e-05,0.9999275,,,,0.9059725324074074
apple_health_user,apple_health_daily,apple_health_wearable_activity,2024-09-25 00:00:00,60.982,55.0,0.0013914285714285,,,,,,,0.0,0.0,1.0,,,,0.6994361904761904
apple_health_user,apple_health_daily,apple_health_wearable_activity,2024-09-26 00:00:00,99.66443333333332,55.0,0.0014251044826424,,,,,,,0.0,3.405797101452279e-05,0.9999659420289856,,,,0.9143160199228552
apple_health_user,apple_health_daily,apple_health_wearable_activity,2024-09-27 00:00:00,65.93826666666666,55.0,0.001547738095238,,,,,,,0.0,0.0001416666666667,0.9998583333333332,,,,0.7268716798941798
apple_health_user,apple_health_daily,apple_health_wearable_activity,2024-09-28 00:00:00,82.42536666666666,55.0,0.00164734375,,,,,,,0.0,0.00025625,0.99974375,,,,0.8183952835648148
apple_health_user,apple_health_daily,apple_health_wearable_activity,2024-09-29 00:00:00,95.32963333333332,55.0,0.0014172832722832,,,,,,,0.0,2.307692307690345e-05,0.9999769230769232,,,,0.8902400651200651
apple_health_user,apple_health_daily,apple_health_wearable_activity,2024-09-30 00:00:00,82.36802733333334,55.0,0.0013613324299909,,,,,,,0.0,0.3300512728395062,0.6699487271604938,,,,0.7082403945397973
apple_health_user,apple_health_daily,apple_health_wearable_activity,2024-10-01 00:00:00,94.72276666666669,55.0,0.0014162037037037,,,,,,,0.0,4.444444444451357e-05,0.9999555555555556,,,,0.8868618209876543
apple_health_user,apple_health_daily,apple_health_wearable_activity,2024-10-02 00:00:00,67.52376666666666,55.0,0.0014879999999999,,,,,,,0.0,4.999999999999449e-05,0.99995,,,,0.7357304814814815
apple_health_user,apple_health_daily,apple_health_wearable_activity,2024-10-03 00:00:00,62.4015,55.0,0.00155375,,,,,,,0.0,9.9999999999989e-05,0.9999,,,,0.707234861111111
apple_health_user,apple_health_daily,apple_health_wearable_activity,2024-10-04 00:00:00,76.7007,55.0,0.0014392156862745,,,,,,,0.0,5.588235294118338e-05,0.9999441176470588,,,,0.7867277450980392
apple_health_user,apple_health_daily,apple_health_wearable_activity,2024-10-05 00:00:00,89.98403333333333,55.0,0.0015342156862745,,,,,,,0.0,0.0001382352941177,0.9998617647058824,,,,0.8604649237472767
apple_health_user,apple_health_daily,apple_health_wearable_activity,2024-10-06 00:00:00,93.06526666666667,55.0,0.0014914331501831,,,,,,,0.0,8.095238095240376e-05,0.9999190476190476,,,,0.8776162418599919
apple_health_user,apple_health_daily,apple_health_wearable_activity,2024-10-07 00:00:00,77.62888846666667,55.0,0.0015123899371069,,,,,,,0.0,0.3301318588888889,0.669868141111111,,,,0.681834630761705
apple_health_user,apple_health_daily,apple_health_wearable_activity,2024-10-08 00:00:00,96.6092,55.0,0.0016433845577211,,,,,,,0.0,0.0002482758620689,0.999751724137931,,,,0.8971983354156254
apple_health_user,apple_health_daily,apple_health_wearable_activity,2024-10-09 00:00:00,87.54413333333333,55.0,0.0014500173611111,,,,,,,0.0,6.111111111106737e-05,0.9999388888888888,,,,0.8469636979166667
apple_health_user,apple_health_daily,apple_health_wearable_activity,2024-10-10 00:00:00,89.5876,55.0,0.0014006565656565,,,,,,,0.0,1.9444444444460807e-05,0.9999805555555557,,,,0.8583466329966329
apple_health_user,apple_health_daily,apple_health_wearable_activity,2024-10-11 00:00:00,88.038,55.0,0.0017370416666666,,,,,,,0.0,0.0002916666666666,0.9997083333333332,,,,0.8495348750000001
apple_health_user,apple_health_daily,apple_health_wearable_activity,2024-10-12 00:00:00,92.09936666666668,55.0,0.0014561244019138,,,,,,,0.0,5.454545454552928e-05,0.9999454545454544,,,,0.8722707026404395
apple_health_user,apple_health_daily,apple_health_wearable_activity,2024-10-13 00:00:00,83.64773333333333,55.0,0.0015238636363636,,,,,,,0.0,0.0001363636363636,0.9998636363636364,,,,0.8252673316498317
apple_health_user,apple_health_daily,apple_health_wearable_activity,2024-10-14 00:00:00,56.86383695555556,55.0,0.0026933333333333,,,,,,,0.0,0.495197965,0.504802035,,,,0.511057550308642
apple_health_user,apple_health_daily,apple_health_wearable_activity,2024-10-15 00:00:00,97.05546666666666,55.0,0.0014407523148148,,,,,,,0.0,4.814814814813051e-05,0.999951851851852,,,,0.8998118479938272
apple_health_user,apple_health_daily,apple_health_wearable_activity,2024-10-16 00:00:00,58.40023333333333,55.0,0.001965,,,,,,,0.0,0.0004999999999999,0.9995,,,,0.6847351851851853
apple_health_user,apple_health_daily,apple_health_wearable_activity,2024-10-17 00:00:00,89.72703333333334,55.0,0.0014084615384615,,,,,,,0.0,2.4999999999941732e-05,0.999975,,,,0.859116809116809
apple_health_user,apple_health_daily,apple_health_wearable_activity,2024-10-18 00:00:00,65.9756,55.0,0.0014696666666666,,,,,,,0.0,8.999999999992347e-05,0.99991,,,,0.7271223333333333
apple_health_user,apple_health_daily,apple_health_wearable_activity,2024-10-19 00:00:00,94.2895,55.0,0.0014535396825396,,,,,,,0.0,7.142857142850012e-05,0.9999285714285716,,,,0.8844333439153439
apple_health_user,apple_health_daily,apple_health_wearable_activity,2024-10-20 00:00:00,95.29936666666666,55.0,0.0014294262295081,,,,,,,0.0,4.500000000007276e-05,0.999955,,,,0.8900605616272009
apple_health_user,apple_health_daily,apple_health_wearable_activity,2024-10-21 00:00:00,57.74728708888889,55.0,0.0027,,,,,,,0.0,0.495100045,0.504899955,,,,0.5159960243827161
apple_health_user,apple_health_daily,apple_health_wearable_activity,2024-10-22 00:00:00,96.32123333333334,55.0,0.0013746875,,,,,,,0.0,2.000000000002e-05,0.99998,,,,0.8957641782407407
apple_health_user,apple_health_daily,apple_health_wearable_activity,2024-10-23 00:00:00,61.35556666666667,55.0,0.0024915384615384,,,,,,,0.0,0.000925,0.999075,,,,0.7008365242165242
apple_health_user,apple_health_daily,apple_health_wearable_activity,2024-10-24 00:00:00,93.31526666666667,55.0,0.001465625,,,,,,,0.0,7.916666666663019e-05,0.9999208333333334,,,,0.8790143287037037
apple_health_user,apple_health_daily,apple_health_wearable_activity,2024-10-25 00:00:00,62.1396,55.0,0.0012912499999999,,,,,,,0.0,0.0,1.0,,,,0.7059006944444445
apple_health_user,apple_health_daily,apple_health_wearable_activity,2024-10-26 00:00:00,86.83653333333334,55.0,0.0014382954545454,,,,,,,0.0,4.000000000004e-05,0.99996,,,,0.8430435311447811
apple_health_user,apple_health_daily,apple_health_wearable_activity,2024-10-27 00:00:00,94.9564,55.0,0.0015003345070422,,,,,,,0.0,0.0001062499999999,0.99989375,,,,0.8881111384976527
apple_health_user,apple_health_daily,apple_health_wearable_activity,2024-10-28 00:00:00,82.94047411111112,55.0,0.0014370483870967,,,,,,,0.0,0.3300512833333333,0.6699487166666667,,,,0.7113954122660294
apple_health_user,apple_health_daily,apple_health_wearable_activity,2024-10-29 00:00:00,99.1136,55.0,0.0016617609797297,,,,,,,0.0,0.0002297297297297,0.9997702702702702,,,,0.9111117253190693
apple_health_user,apple_health_daily,apple_health_wearable_activity,2024-10-30 00:00:00,61.905433333333335,55.0,0.0019161111111111,,,,,,,0.0,0.00045,0.99955,,,,0.7042414814814815
apple_health_user,apple_health_daily,apple_health_wearable_activity,2024-10-31 00:00:00,75.771,55.0,0.0015575490196078,,,,,,,0.0,9.166666666660106e-05,0.9999083333333334,,,,0.7815113725490196
apple_health_user,apple_health_daily,apple_health_wearable_activity,2024-11-01 00:00:00,92.72423333333332,55.0,0.0013953846153846,,,,,,,0.0,0.0,1.0,,,,0.8757806125356126
apple_health_user,apple_health_daily,apple_health_wearable_activity,2024-11-02 00:00:00,94.6153,55.0,0.0014333333333333,,,,,,,0.0,3.7500000000023626e-05,0.9999625,,,,0.8862613888888888
apple_health_user,apple_health_daily,apple_health_wearable_activity,2024-11-03 00:00:00,94.74196666666666,55.0,0.0014458592592592,,,,,,,0.0,5.925925925920339e-05,0.9999407407407408,,,,0.8869536641975309
apple_health_user,apple_health_daily,apple_health_wearable_activity,2024-11-04 00:00:00,77.02804664444444,55.0,0.0014560544217687,,,,,,,0.0,0.3301644077777776,0.6698355922222223,,,,0.6785045495137315
apple_health_user,apple_health_daily,apple_health_wearable_activity,2024-11-05 00:00:00,95.60603333333331,55.0,0.0016028070175438,,,,,,,0.0,0.00018,0.99982,,,,0.8916614717348926
apple_health_user,apple_health_daily,apple_health_wearable_activity,2024-11-06 00:00:00,56.5457,55.0,0.5,,,,,,,5.081999999999997,0.0508199999999999,0.94918,,,,0.4916472222222222
apple_health_user,apple_health_daily,apple_health_wearable_activity,2024-11-07 00:00:00,86.84083333333334,55.0,0.0016602046783625,,,,,,,0.0,0.0002388888888888,0.9997611111111112,,,,0.8429271539961013
apple_health_user,apple_health_daily,apple_health_wearable_activity,2024-11-08 00:00:00,95.49546666666666,55.0,0.0014235714285714,,,,,,,0.0,4.999999999999449e-05,0.99995,,,,0.891150291005291
apple_health_user,apple_health_daily,apple_health_wearable_activity,2024-11-09 00:00:00,79.45626666666666,55.0,0.0014075576036866,,,,,,,0.0,2.142857142861665e-05,0.9999785714285714,,,,0.8020584860897765
apple_health_user,apple_health_daily,apple_health_wearable_activity,2024-11-10 00:00:00,96.25333333333332,55.0,0.001451673076923,,,,,,,0.0,5.6000000000056005e-05,0.999944,,,,0.8953492941595442
apple_health_user,apple_health_daily,apple_health_wearable_activity,2024-11-11 00:00:00,57.94899768888889,55.0,0.00163,,,,,,,0.0,0.33020152,0.66979848,,,,0.5724394804938272
apple_health_user,apple_health_daily,apple_health_wearable_activity,2024-11-12 00:00:00,91.46683333333334,55.0,0.0013621513157894,,,,,,,0.0,1.0526315789460838e-05,0.9999894736842104,,,,0.8688026259746588
apple_health_user,apple_health_daily,apple_health_wearable_activity,2024-11-13 00:00:00,83.24616666666667,55.0,0.001433581081081,,,,,,,0.0,6.250000000007638e-05,0.9999375,,,,0.823091121121121
apple_health_user,apple_health_daily,apple_health_wearable_activity,2024-11-14 00:00:00,86.31993333333334,55.0,0.0014609103641456,,,,,,,0.0,6.071428571430282e-05,0.9999392857142856,,,,0.8401590880796763
apple_health_user,apple_health_daily,apple_health_wearable_activity,2024-11-15 00:00:00,76.86846666666666,55.0,0.0015778571428571,,,,,,,0.0,0.000175,0.999825,,,,0.7875738624338623
apple_health_user,apple_health_daily,apple_health_wearable_activity,2024-11-16 00:00:00,73.56393333333334,55.0,0.0013924242424242,,,,,,,0.0,0.0,1.0,,,,0.7693354882154883
apple_health_user,apple_health_daily,apple_health_wearable_activity,2024-11-17 00:00:00,65.57116666666667,55.0,0.0018473076923076,,,,,,,0.0,0.00045,0.99955,,,,0.7246296011396011
apple_health_user,apple_health_daily,apple_health_wearable_activity,2024-11-18 00:00:00,74.99735555555556,55.0,0.0014418918918918,,,,,,,0.0,0.3300333333333333,0.6699666666666667,,,,0.6672713446780113
apple_health_user,apple_health_daily,apple_health_wearable_activity,2024-11-19 00:00:00,85.1848,55.0,0.0014159196617336,,,,,,,0.0,7.045454545462349e-05,0.9999295454545454,,,,0.8338645419309373
apple_health_user,apple_health_daily,apple_health_wearable_activity,2024-11-20 00:00:00,75.01093333333333,55.0,0.0014578846153846,,,,,,,0.0,0.0001124999999999,0.9998875,,,,0.777315056980057
apple_health_user,apple_health_daily,apple_health_wearable_activity,2024-11-21 00:00:00,82.69133333333333,55.0,0.0014430555555555,,,,,,,0.0,4.999999999999449e-05,0.99995,,,,0.8200097222222222
apple_health_user,apple_health_daily,apple_health_wearable_activity,2024-11-22 00:00:00,73.37713333333333,55.0,0.0013811538461538,,,,,,,0.0,0.0,1.0,,,,0.7683014672364673
apple_health_user,apple_health_daily,apple_health_wearable_activity,2024-11-23 00:00:00,68.03266666666667,55.0,0.0015068518518518,,,,,,,0.0,9.9999999999989e-05,0.9999,,,,0.7385347530864198
apple_health_user,apple_health_daily,apple_health_wearable_activity,2024-11-24 00:00:00,79.36383333333333,55.0,0.0013830555555555,,,,,,,0.0,2.222222222214576e-05,0.999977777777778,,,,0.8015528703703705
apple_health_user,apple_health_daily,apple_health_wearable_activity,2024-11-25 00:00:00,70.65131111111111,55.0,0.0013884821428571,,,,,,,0.0,0.3300119047619048,0.6699880952380952,,,,0.6431515994268078
apple_health_user,apple_health_daily,apple_health_wearable_activity,2024-11-26 00:00:00,96.91226666666668,55.0,0.0014422394755003,,,,,,,0.0,7.065217391311052e-05,0.9999293478260868,,,,0.8990082953761215
apple_health_user,apple_health_daily,apple_health_wearable_activity,2024-11-27 00:00:00,87.61666666666666,55.0,0.0015179278074866,,,,,,,0.0,0.0001045454545454,0.9998954545454546,,,,0.8473295459496931
apple_health_user,apple_health_daily,apple_health_wearable_activity,2024-11-28 00:00:00,85.9986,55.0,0.0015548728139904,,,,,,,0.0,0.0001617647058823,0.9998382352941176,,,,0.8383088986044869
apple_health_user,apple_health_daily,apple_health_wearable_activity,2024-11-29 00:00:00,74.44646666666667,55.0,0.0014113793103448,,,,,,,0.0,0.0,1.0,,,,0.7742321328224776
apple_health_user,apple_health_daily,apple_health_wearable_activity,2024-11-30 00:00:00,63.12073333333333,55.0,0.0014096153846153,,,,,,,0.0,0.0,1.0,,,,0.7113119800569802
apple_health_user,apple_health_daily,apple_health_wearable_activity,2024-12-01 00:00:00,87.2041,55.0,0.0013969565217391,,,,,,,0.0,0.0,1.0,,,,0.8451126811594203
apple_health_user,apple_health_daily,apple_health_wearable_activity,2024-12-02 00:00:00,74.94037777777778,55.0,0.0015050490196078,,,,,,,0.0,0.3300777777777778,0.6699222222222222,,,,0.6669189342774148
apple_health_user,apple_health_daily,apple_health_wearable_activity,2024-12-03 00:00:00,69.0062,55.0,0.001418409090909,,,,,,,0.0,2.4999999999941732e-05,0.999975,,,,0.7439977525252526
apple_health_user,apple_health_daily,apple_health_wearable_activity,2024-12-04 00:00:00,84.43666666666667,55.0,0.0014102579365079,,,,,,,0.0,1.4285714285744431e-05,0.9999857142857144,,,,0.8297288558201058
apple_health_user,apple_health_daily,apple_health_wearable_activity,2024-12-05 00:00:00,90.37136666666666,55.0,0.0015123913043478,,,,,,,0.0,0.0001299999999999,0.99987,,,,0.8626267954911434
apple_health_user,apple_health_daily,apple_health_wearable_activity,2024-12-06 00:00:00,85.89543333333333,55.0,0.0014786734693877,,,,,,,0.0,8.999999999992347e-05,0.99991,,,,0.8377850718065004
apple_health_user,apple_health_daily,apple_health_wearable_activity,2024-12-07 00:00:00,68.25280000000001,55.0,0.0014271875,,,,,,,0.0,0.0,1.0,,,,0.7398176041666668
apple_health_user,apple_health_daily,apple_health_wearable_activity,2024-12-08 00:00:00,87.5058,55.0,0.0014515853658536,,,,,,,0.0,3.500000000000725e-05,0.999965,,,,0.8467589159891599
apple_health_user,apple_health_daily,apple_health_wearable_activity,2024-12-09 00:00:00,58.85613333333333,55.0,0.00137,,,,,,,0.0,0.33,0.6699999999999999,,,,0.577632962962963
apple_health_user,apple_health_daily,apple_health_wearable_activity,2024-12-10 00:00:00,95.10843333333334,55.0,0.0014292968749999,,,,,,,0.0,3.906249999996447e-05,0.9999609375,,,,0.8890018431712963
apple_health_user,apple_health_daily,apple_health_wearable_activity,2024-12-11 00:00:00,89.23683333333332,55.0,0.0015535569105691,,,,,,,0.0,0.0001541666666666,0.9998458333333332,,,,0.8563020551038844
apple_health_user,apple_health_daily,apple_health_wearable_activity,2024-12-12 00:00:00,61.15643333333333,55.0,0.0016096666666666,,,,,,,0.0,0.0001666666666666,0.9998333333333334,,,,0.7002769629629629
apple_health_user,apple_health_daily,apple_health_wearable_activity,2024-12-13 00:00:00,78.2467,55.0,0.001514037433155,,,,,,,0.0,0.0001272727272727,0.9998727272727272,,,,0.7952678966131908
apple_health_user,apple_health_daily,apple_health_wearable_activity,2024-12-14 00:00:00,67.01553333333334,55.0,0.0015105944055944,,,,,,,0.0,8.636363636371769e-05,0.9999136363636364,,,,0.7328873102823102
apple_health_user,apple_health_daily,apple_health_wearable_activity,2024-12-15 00:00:00,68.7675,55.0,0.0013926666666666,,,,,,,0.0,4.166666666671759e-05,0.9999583333333332,,,,0.7426746666666667
apple_health_user,apple_health_daily,apple_health_wearable_activity,2024-12-16 00:00:00,56.66773775555556,55.0,0.00294,,,,,,,0.0,0.495010445,0.504989555,,,,0.5099483947530864
apple_health_user,apple_health_daily,apple_health_wearable_activity,2024-12-17 00:00:00,96.2943,55.0,0.0014094886877828,,,,,,,0.0,2.941176470594442e-05,0.999970588235294,,,,0.8955998109602815
apple_health_user,apple_health_daily,apple_health_wearable_activity,2024-12-18 00:00:00,80.15923333333333,55.0,0.0016333684210526,,,,,,,0.0,0.0001973684210525,0.9998026315789474,,,,0.80582993957115
apple_health_user,apple_health_daily,apple_health_wearable_activity,2024-12-19 00:00:00,83.52590000000001,55.0,0.0014935416666666,,,,,,,0.0,8.43750000000254e-05,0.999915625,,,,0.8246179166666666
apple_health_user,apple_health_daily,apple_health_wearable_activity,2024-12-20 00:00:00,97.34873333333334,55.0,0.0014040547263681,,,,,,,0.0,3.166666666665208e-05,0.9999683333333332,,,,0.9014588336097292
apple_health_user,apple_health_daily,apple_health_wearable_activity,2024-12-21 00:00:00,97.41376666666666,55.0,0.0015605911330049,,,,,,,0.0,0.0001238095238095,0.9998761904761904,,,,0.9017372368180988
apple_health_user,apple_health_daily,apple_health_wearable_activity,2024-12-22 00:00:00,77.8937,55.0,0.0014976818181818,,,,,,,0.0,0.0001431818181818,0.9998568181818182,,,,0.7933069343434344
apple_health_user,apple_health_daily,apple_health_wearable_activity,2024-12-23 00:00:00,78.31173333333334,55.0,0.0015557598371777,,,,,,,0.0,0.3300939393939394,0.6699060606060606,,,,0.6856263965525905
apple_health_user,apple_health_daily,apple_health_wearable_activity,2024-12-24 00:00:00,93.28223333333334,55.0,0.0015318017057569,,,,,,,0.0,0.0001214285714286,0.9998785714285714,,,,0.8787946639816789
apple_health_user,apple_health_daily,apple_health_wearable_activity,2024-12-25 00:00:00,64.25416666666666,55.0,0.0014787662337662,,,,,,,0.0,9.285714285711676e-05,0.9999071428571428,,,,0.7175548292448292
apple_health_user,apple_health_daily,apple_health_wearable_activity,2024-12-26 00:00:00,85.63550000000001,55.0,0.0017991489361702,,,,,,,0.0,0.000375,0.999625,,,,0.8361391725768321
apple_health_user,apple_health_daily,apple_health_wearable_activity,2024-12-27 00:00:00,81.05080000000001,55.0,0.0018261068943706,,,,,,,0.0,0.0003903225806451,0.9996096774193548,,,,0.8106545235083281
apple_health_user,apple_health_daily,apple_health_wearable_activity,2024-12-28 00:00:00,83.27303333333333,55.0,0.0016876821862348,,,,,,,0.0,0.0002730769230769,0.999726923076923,,,,0.8230854877043035
apple_health_user,apple_health_daily,apple_health_wearable_activity,2024-12-29 00:00:00,91.7724,55.0,0.0017301488095238,,,,,,,0.0,0.0003178571428571,0.9996821428571429,,,,0.8702751091269842
apple_health_user,apple_health_daily,apple_health_wearable_activity,2024-12-30 00:00:00,81.25978353333333,55.0,0.0015116153846153,,,,,,,0.0,0.3302158300000001,0.6697841699999999,,,,0.7019785378347577
apple_health_user,apple_health_daily,apple_health_wearable_activity,2024-12-31 00:00:00,72.37143333333333,55.0,0.0015674404761904,,,,,,,0.0,0.00015625,0.99984375,,,,0.7626000661375661
apple_health_user,apple_health_daily,apple_health_wearable_activity,2025-01-01 00:00:00,82.21446666666667,55.0,0.0013871875,,,,,,,0.0,5.000000000032756e-06,0.999995,,,,0.8173940856481482
apple_health_user,apple_health_daily,apple_health_wearable_activity,2025-01-02 00:00:00,62.93336666666666,55.0,0.0015365624999999,,,,,,,0.0,0.0001249999999999,0.999875,,,,0.7101870717592593
apple_health_user,apple_health_daily,apple_health_wearable_activity,2025-01-03 00:00:00,85.9354,55.0,0.0014710317460317,,,,,,,0.0,8.214285714291947e-05,0.9999178571428572,,,,0.8380122751322752
apple_health_user,apple_health_daily,apple_health_wearable_activity,2025-01-04 00:00:00,72.0539,55.0,0.0014359285714285,,,,,,,0.0,2.142857142861665e-05,0.9999785714285714,,,,0.7609247698412699
apple_health_user,apple_health_daily,apple_health_wearable_activity,2025-01-05 00:00:00,62.1536,55.0,0.0014521428571428,,,,,,,0.0,8.999999999992347e-05,0.99991,,,,0.7058948412698413
apple_health_user,apple_health_daily,apple_health_wearable_activity,2025-01-06 00:00:00,80.92023422222222,55.0,0.0014583219178082,,,,,,,0.0,0.3300781333333334,0.6699218666666665,,,,0.700155816150854
apple_health_user,apple_health_daily,apple_health_wearable_activity,2025-01-07 00:00:00,73.941,55.0,0.0014668939393939,,,,,,,0.0,6.666666666665932e-05,0.9999333333333332,,,,0.7713832575757577
apple_health_user,apple_health_daily,apple_health_wearable_activity,2025-01-08 00:00:00,70.19136666666667,55.0,0.0013747916666666,,,,,,,0.0,2.0833333333358794e-05,0.9999791666666666,,,,0.7505979398148148
apple_health_user,apple_health_daily,apple_health_wearable_activity,2025-01-09 00:00:00,79.10016666666667,55.0,0.0014672822299651,,,,,,,0.0,7.142857142850012e-05,0.9999285714285716,,,,0.8000435778810169
apple_health_user,apple_health_daily,apple_health_wearable_activity,2025-01-10 00:00:00,83.79923333333333,55.0,0.0014738068181818,,,,,,,0.0,6.818181818180058e-05,0.9999318181818182,,,,0.8261484111952861
apple_health_user,apple_health_daily,apple_health_wearable_activity,2025-01-11 00:00:00,93.6641,55.0,0.0014096477710511,,,,,,,0.0,1.5217391304389594e-05,0.9999847826086956,,,,0.8809922671681036
apple_health_user,apple_health_daily,apple_health_wearable_activity,2025-01-12 00:00:00,94.3721,55.0,0.0014393229813664,,,,,,,0.0,3.260869565213653e-05,0.999967391304348,,,,0.884909911663216
apple_health_user,apple_health_daily,apple_health_wearable_activity,2025-01-13 00:00:00,73.71664635555555,55.0,0.0013991463414634,,,,,,,0.0,0.3301151533333333,0.6698848466666667,,,,0.6601432687503764
apple_health_user,apple_health_daily,apple_health_wearable_activity,2025-01-14 00:00:00,93.53616666666667,55.0,0.0014454794520547,,,,,,,0.0,5.500000000002725e-05,0.999945,,,,0.8802563216641298
apple_health_user,apple_health_daily,apple_health_wearable_activity,2025-01-15 00:00:00,76.16550000000001,55.0,0.00141359375,,,,,,,0.0,0.0,1.0,,,,0.7837815798611111
apple_health_user,apple_health_daily,apple_health_wearable_activity,2025-01-16 00:00:00,96.7322,55.0,0.0015424278846153,,,,,,,0.0,0.0001703124999999,0.9998296875,,,,0.8979413087606837
apple_health_user,apple_health_daily,apple_health_wearable_activity,2025-01-17 00:00:00,85.09113333333333,55.0,0.0014088558352402,,,,,,,0.0,1.842105263150096e-05,0.9999815789473684,,,,0.8333638706670058
apple_health_user,apple_health_daily,apple_health_wearable_activity,2025-01-18 00:00:00,96.51773333333333,55.0,0.0014495964691046,,,,,,,0.0,7.115384615385967e-05,0.999928846153846,,,,0.8968138239689879
apple_health_user,apple_health_daily,apple_health_wearable_activity,2025-01-19 00:00:00,96.65643333333333,55.0,0.0015046182266009,,,,,,,0.0,9.642857142855288e-05,0.9999035714285714,,,,0.8975576140302864
apple_health_user,apple_health_daily,apple_health_wearable_activity,2025-01-20 00:00:00,79.42053333333332,55.0,0.0014167441860465,,,,,,,0.0,0.3300066666666666,0.6699933333333333,,,,0.6918618260120586
apple_health_user,apple_health_daily,apple_health_wearable_activity,2025-01-21 00:00:00,94.98126666666668,55.0,0.0014182738095238,,,,,,,0.0,1.0416666666679396e-05,0.9999895833333332,,,,0.8883085846560848
apple_health_user,apple_health_daily,apple_health_wearable_activity,2025-01-22 00:00:00,87.00276666666667,55.0,0.0014314772727272,,,,,,,0.0,2.4999999999941732e-05,0.999975,,,,0.8439743223905724
apple_health_user,apple_health_daily,apple_health_wearable_activity,2025-01-23 00:00:00,96.1473,55.0,0.0015550974025974,,,,,,,0.0,0.0001454545454545,0.9998545454545454,,,,0.894695927128427
apple_health_user,apple_health_daily,apple_health_wearable_activity,2025-01-24 00:00:00,100.8115,55.0,0.0015634410393071,,,,,,,0.0,0.000178947368421,0.9998210526315788,,,,0.9205942038640904
apple_health_user,apple_health_daily,apple_health_wearable_activity,2025-01-25 00:00:00,99.13136666666666,55.0,0.001571554054054,,,,,,,0.0,0.0001851351351351,0.9998148648648648,,,,0.9112553628628628
apple_health_user,apple_health_daily,apple_health_wearable_activity,2025-01-26 00:00:00,98.89636666666668,55.0,0.0015242010163749,,,,,,,0.0,0.0001304347826087,0.9998695652173912,,,,0.9099838251040424
apple_health_user,apple_health_daily,apple_health_wearable_activity,2025-01-27 00:00:00,80.79512079999999,55.0,0.0014203191489361,,,,,,,0.0,0.3300446533333333,0.6699553466666667,,,,0.699484569172577
apple_health_user,apple_health_daily,apple_health_wearable_activity,2025-01-28 00:00:00,87.90343333333334,55.0,0.0014979999999999,,,,,,,0.0,0.0001033333333333,0.9998966666666668,,,,0.8489297407407408
apple_health_user,apple_health_daily,apple_health_wearable_activity,2025-01-29 00:00:00,90.07743333333332,55.0,0.0014553508771929,,,,,,,0.0,4.999999999999449e-05,0.99995,,,,0.8610395126705653
apple_health_user,apple_health_daily,apple_health_wearable_activity,2025-01-30 00:00:00,87.98906666666667,55.0,0.0015010924369747,,,,,,,0.0,0.0001095238095238,0.999890476190476,,,,0.849402387177093
apple_health_user,apple_health_daily,apple_health_wearable_activity,2025-01-31 00:00:00,89.21610000000001,55.0,0.0014415116279069,,,,,,,0.0,5.500000000002725e-05,0.999945,,,,0.8562572739018087
apple_health_user,apple_health_daily,apple_health_wearable_activity,2025-02-01 00:00:00,76.7623,55.0,0.0015616176470588,,,,,,,0.0,0.0001124999999999,0.9998875,,,,0.7870102941176471
apple_health_user,apple_health_daily,apple_health_wearable_activity,2025-02-02 00:00:00,79.5551,55.0,0.0016098076923076,,,,,,,0.0,0.0001499999999999,0.99985,,,,0.8024972863247863
apple_health_user,apple_health_daily,apple_health_wearable_activity,2025-02-03 00:00:00,78.11216666666667,55.0,0.001568474025974,,,,,,,0.0,0.0001295454545454,0.9998704545454544,,,,0.794501586099086
apple_health_user,apple_health_daily,apple_health_wearable_activity,2025-02-04 00:00:00,78.8315,55.0,0.0014711039794608,,,,,,,0.0,6.842105263160647e-05,0.9999315789473684,,,,0.7985507138781914
apple_health_user,apple_health_daily,apple_health_wearable_activity,2025-02-05 00:00:00,70.00046666666667,55.0,0.0018238942307692,,,,,,,0.0,0.0003906249999999,0.999609375,,,,0.7492644195156695
apple_health_user,apple_health_daily,apple_health_wearable_activity,2025-10-31 00:00:00,68.09676937777778,55.0,0.0015855,,,,,,,0.0,0.3302818066666666,0.6697181933333334,,,,0.6288040609876543
apple_health_user,apple_health_daily,apple_health_wearable_activity,2025-11-01 00:00:00,97.86283333333331,55.0,0.001474400510204,,,,,,,0.0,8.87755102041421e-05,0.999911224489796,,,,0.9042724598450492
apple_health_user,apple_health_daily,apple_health_wearable_activity,2025-11-02 00:00:00,85.33673333333333,55.0,0.0014465909090909,,,,,,,0.0,4.999999999999449e-05,0.99995,,,,0.8347052104377104
apple_health_user,apple_health_daily,apple_health_wearable_activity,2025-11-03 00:00:00,95.72016666666669,55.0,0.0016271765498652,,,,,,,0.0,0.0002482142857143,0.9997517857142856,,,,0.8922646845362884
apple_health_user,apple_health_daily,apple_health_wearable_activity,2025-11-04 00:00:00,94.4058,55.0,0.0013794736842105,,,,,,,0.0,5.263157894730419e-06,0.9999947368421052,,,,0.8851261988304094
apple_health_user,apple_health_daily,apple_health_wearable_activity,2025-11-05 00:00:00,95.20733333333334,55.0,0.0014949038461538,,,,,,,0.0,0.0001149999999999,0.999885,,,,0.8895041061253561
apple_health_user,apple_health_daily,apple_health_wearable_activity,2025-11-06 00:00:00,96.86003333333332,55.0,0.0014125103519668,,,,,,,0.0,1.739130434774694e-05,0.9999826086956524,,,,0.8987457735219692
apple_health_user,apple_health_daily,apple_health_wearable_activity,2025-11-07 00:00:00,81.81908888888888,55.0,0.0015510639745916,,,,,,,0.0,0.3300954022988506,0.6699045977011494,,,,0.7051127828471242
apple_health_user,apple_health_daily,apple_health_wearable_activity,2025-11-08 00:00:00,98.5709,55.0,0.0014330494505494,,,,,,,0.0,4.285714285712228e-05,0.9999571428571428,,,,0.9082352533577532
apple_health_user,apple_health_daily,apple_health_wearable_activity,2025-11-09 00:00:00,94.81683333333334,55.0,0.00150210591133,,,,,,,0.0,9.107142857145424e-05,0.9999089285714284,,,,0.8873402371829959
apple_health_user,apple_health_daily,apple_health_wearable_activity,2025-11-10 00:00:00,76.95706666666666,55.0,0.0021178449502133,,,,,,,0.0,0.0006947368421053,0.9993052631578948,,,,0.7877128431062642
apple_health_user,apple_health_daily,apple_health_wearable_activity,2025-11-11 00:00:00,96.76343333333332,55.0,0.001557723132969,,,,,,,0.0,0.0001544444444444,0.9998455555555557,,,,0.8981150182149363
apple_health_user,apple_health_daily,apple_health_wearable_activity,2025-11-12 00:00:00,91.7486,55.0,0.0015172222222222,,,,,,,0.0,0.0001208333333333,0.9998791666666668,,,,0.8702795370370371
apple_health_user,apple_health_daily,apple_health_wearable_activity,2025-11-13 00:00:00,94.07266666666666,55.0,0.0015801877934272,,,,,,,0.0,0.0001666666666666,0.9998333333333334,,,,0.8831547522170058
apple_health_user,apple_health_daily,apple_health_wearable_activity,2025-11-14 00:00:00,82.20085395555554,55.0,0.0014190217391304,,,,,,,0.0,0.3301850266666667,0.6698149733333333,,,,0.7072478391733763
apple_health_user,apple_health_daily,apple_health_wearable_activity,2025-11-15 00:00:00,88.78453333333334,55.0,0.0014148611111111,,,,,,,0.0,6.111111111106737e-05,0.9999388888888888,,,,0.8538665277777778
apple_health_user,apple_health_daily,apple_health_wearable_activity,2025-11-16 00:00:00,91.4134,55.0,0.0014375236864771,,,,,,,0.0,5.7407407407339406e-05,0.9999425925925928,,,,0.8684650229687051
apple_health_user,apple_health_daily,apple_health_wearable_activity,2025-11-17 00:00:00,80.65116666666667,55.0,0.0015001801801801,,,,,,,0.0,6.666666666665932e-05,0.9999333333333332,,,,0.8086508658658659
apple_health_user,apple_health_daily,apple_health_wearable_activity,2025-11-18 00:00:00,95.53763333333332,55.0,0.001418125,,,,,,,0.0,3.035714285715141e-05,0.9999696428571428,,,,0.8913929133597884
apple_health_user,apple_health_daily,apple_health_wearable_activity,2025-11-19 00:00:00,72.3052,55.0,0.0014583333333333,,,,,,,0.0,3.571428571436108e-05,0.9999642857142856,,,,0.7623086507936508
apple_health_user,apple_health_daily,apple_health_wearable_activity,2025-11-20 00:00:00,83.91086666666666,55.0,0.0014855932203389,,,,,,,0.0,9.9999999999989e-05,0.9999,,,,0.8267540615191461
apple_health_user,apple_health_daily,apple_health_wearable_activity,2025-11-21 00:00:00,82.5667042,55.0,0.0013995535714285,,,,,,,0.0,0.3300739776190475,0.6699260223809524,,,,0.7093238462698412
apple_health_user,apple_health_daily,apple_health_wearable_activity,2025-11-22 00:00:00,94.98653333333334,55.0,0.0015782316017316,,,,,,,0.0,0.000180303030303,0.999819696969697,,,,0.8882278958633959
apple_health_user,apple_health_daily,apple_health_wearable_activity,2025-11-23 00:00:00,90.5582,55.0,0.0014987209302325,,,,,,,0.0,9.9999999999989e-05,0.9999,,,,0.863679315245478
apple_health_user,apple_health_daily,apple_health_wearable_activity,2025-11-24 00:00:00,66.44283333333334,55.0,0.0015143452380952,,,,,,,0.0,7.142857142850012e-05,0.9999285714285716,,,,0.7297093716931217
apple_health_user,apple_health_daily,apple_health_wearable_activity,2025-11-25 00:00:00,62.48433333333333,55.0,0.0015741666666666,,,,,,,0.0,0.0001625,0.9998375,,,,0.7076674074074075
apple_health_user,apple_health_daily,apple_health_wearable_activity,2025-11-26 00:00:00,73.80383333333333,55.0,0.0015160369318181,,,,,,,0.0,8.18181818181829e-05,0.9999181818181818,,,,0.7705997890361953
apple_health_user,apple_health_daily,apple_health_wearable_activity,2025-11-27 00:00:00,96.01506666666668,55.0,0.0015426920750151,,,,,,,0.0,0.0001465517241379,0.999853448275862,,,,0.8939650668817638
apple_health_user,apple_health_daily,apple_health_wearable_activity,2025-11-28 00:00:00,83.58774311111111,55.0,0.001603271221532,,,,,,,0.0,0.3303089904761904,0.6696910095238096,,,,0.7148500411624875
apple_health_user,apple_health_daily,apple_health_wearable_activity,2025-11-29 00:00:00,83.5025,55.0,0.0014267073170731,,,,,,,0.0,5.500000000002725e-05,0.999945,,,,0.8245199864498645
apple_health_user,apple_health_daily,apple_health_wearable_activity,2025-11-30 00:00:00,90.46363333333332,55.0,0.001381050420168,,,,,,,0.0,1.1764705882377768e-05,0.9999882352941176,,,,0.8632225801431682
apple_health_user,apple_health_daily,apple_health_wearable_activity,2025-12-01 00:00:00,91.74146666666668,55.0,0.0015169333333333,,,,,,,0.0,0.0001083333333333,0.9998916666666666,,,,0.8702441703703704
apple_health_user,apple_health_daily,apple_health_wearable_activity,2025-12-02 00:00:00,82.96583333333334,55.0,0.0014903409090909,,,,,,,0.0,0.0001090909090908,0.9998909090909092,,,,0.8214992634680135
apple_health_user,apple_health_daily,apple_health_wearable_activity,2025-12-03 00:00:00,91.12496666666668,55.0,0.0017051446654611,,,,,,,0.0,0.0002857142857142,0.9997142857142858,,,,0.8666973062755341
apple_health_user,apple_health_daily,apple_health_wearable_activity,2025-12-04 00:00:00,93.49463333333333,55.0,0.0020311281489594,,,,,,,0.0,0.0006272727272726,0.9993727272727272,,,,0.8796396071153301
apple_health_user,apple_health_daily,apple_health_wearable_activity,2025-12-05 00:00:00,80.10899335555555,55.0,0.0015610495436766,,,,,,,0.0,0.3302352674358975,0.6697647325641025,,,,0.6955623018710062
apple_health_user,apple_health_daily,apple_health_wearable_activity,2025-12-06 00:00:00,91.06186666666667,55.0,0.0015143499999999,,,,,,,0.0,0.0001187499999999,0.99988125,,,,0.8664660037037036
apple_health_user,apple_health_daily,apple_health_wearable_activity,2025-12-07 00:00:00,74.91263333333333,55.0,0.0016536363636363,,,,,,,0.0,0.0002333333333333,0.9997666666666668,,,,0.7766634175084176
apple_health_user,apple_health_daily,apple_health_wearable_activity,2025-12-08 00:00:00,70.5036,55.0,0.0015259615384615,,,,,,,0.0,0.0001249999999999,0.999875,,,,0.7522474572649575
apple_health_user,apple_health_daily,apple_health_wearable_activity,2025-12-09 00:00:00,72.15090000000001,55.0,0.001580432330827,,,,,,,0.0,0.0002071428571428,0.9997928571428571,,,,0.7613535860484545
apple_health_user,apple_health_daily,apple_health_wearable_activity,2025-12-10 00:00:00,102.12296666666666,55.0,0.0017412765121759,,,,,,,0.0,0.000355223880597,0.999644776119403,,,,0.9277620924616682
apple_health_user,apple_health_daily,apple_health_wearable_activity,2025-12-11 00:00:00,68.2493,55.0,0.0013817999999999,,,,,,,0.0,0.0,1.0,,,,0.739813288888889
apple_health_user,apple_health_daily,apple_health_wearable_activity,2025-12-12 00:00:00,65.25633333333333,55.0,0.0015355952380952,,,,,,,0.0,0.3300809523809523,0.6699190476190476,,,,0.6131074470899471
apple_health_user,apple_health_daily,apple_health_wearable_activity,2025-12-13 00:00:00,74.19666666666667,55.0,0.0014241666666666,,,,,,,0.0,6.666666666665932e-05,0.9999333333333332,,,,0.7728178703703703
apple_health_user,apple_health_daily,apple_health_wearable_activity,2025-12-14 00:00:00,60.26726666666666,55.0,0.00174,,,,,,,0.0,0.00035,0.99965,,,,0.6952325925925926
apple_health_user,apple_health_daily,apple_health_wearable_activity,2025-12-15 00:00:00,65.09756666666667,55.0,0.0014413636363636,,,,,,,0.0,0.0,1.0,,,,0.7222838047138048
apple_health_user,apple_health_daily,apple_health_wearable_activity,2025-12-16 00:00:00,68.98233333333333,55.0,0.0020438888888888,,,,,,,0.0,0.0005777777777777,0.9994222222222222,,,,0.7434724074074074
apple_health_user,apple_health_daily,apple_health_wearable_activity,2025-12-17 00:00:00,79.9984,55.0,0.0015799999999999,,,,,,,0.0,0.000175,0.999825,,,,0.8049616666666667
apple_health_user,apple_health_daily,apple_health_wearable_activity,2025-12-18 00:00:00,73.09636666666667,55.0,0.00151625,,,,,,,0.0,0.00015625,0.99984375,,,,0.766644537037037
apple_health_user,apple_health_daily,apple_health_wearable_activity,2025-12-19 00:00:00,62.10549953333334,55.0,0.0014246428571428,,,,,,,0.0,0.3302038966666666,0.6697961033333334,,,,0.5955988175661376
apple_health_user,apple_health_daily,apple_health_wearable_activity,2025-12-20 00:00:00,85.1162,55.0,0.0014567922077922,,,,,,,0.0,4.642857142855839e-05,0.9999535714285714,,,,0.8334778152958154
apple_health_user,apple_health_daily,apple_health_wearable_activity,2025-12-21 00:00:00,82.28693333333334,55.0,0.0015893333333333,,,,,,,0.0,0.0001999999999999,0.9998,,,,0.8176642962962962
apple_health_user,apple_health_daily,apple_health_wearable_activity,2025-12-22 00:00:00,74.73753333333333,55.0,0.0017358510638297,,,,,,,0.0,0.00035,0.99965,,,,0.7756243459416864
apple_health_user,apple_health_daily,apple_health_wearable_activity,2025-12-23 00:00:00,80.60653333333333,55.0,0.0016159469696969,,,,,,,0.0,0.0001708333333333,0.9998291666666668,,,,0.8083295917508417
apple_health_user,apple_health_daily,apple_health_wearable_activity,2025-12-24 00:00:00,74.57343333333333,55.0,0.00139,,,,,,,0.0,0.0,1.0,,,,0.7749446296296295
apple_health_user,apple_health_daily,apple_health_wearable_activity,2025-12-25 00:00:00,70.0575,55.0,0.0015594642857142,,,,,,,0.0,0.00014,0.99986,,,,0.7497529563492064
apple_health_user,apple_health_daily,apple_health_wearable_activity,2025-12-26 00:00:00,78.19147215555556,55.0,0.0013965580182529,,,,,,,0.0,0.3300472874358974,0.6699527125641026,,,,0.6850268968239254
apple_health_user,apple_health_daily,apple_health_wearable_activity,2025-12-27 00:00:00,76.1554,55.0,0.0016569541375872,,,,,,,0.0,0.0001794117647058,0.9998205882352942,,,,0.7835845446992357
apple_health_user,apple_health_daily,apple_health_wearable_activity,2025-12-28 00:00:00,60.41186666666667,55.0,0.0029628571428571,,,,,,,0.0,0.0,1.0,,,,0.6957449735449736
apple_health_user,apple_health_daily,apple_health_wearable_activity,2025-12-29 00:00:00,71.77346666666666,55.0,0.0015527873563218,,,,,,,0.0,0.0001291666666667,0.9998708333333332,,,,0.7592919412515964
apple_health_user,apple_health_daily,apple_health_wearable_activity,2025-12-30 00:00:00,96.11573333333334,55.0,0.0014336363636363,,,,,,,0.0,3.399999999997849e-05,0.999966,,,,0.8945981952861953
apple_health_user,apple_health_daily,apple_health_wearable_activity,2025-12-31 00:00:00,68.23296666666667,55.0,0.001407932330827,,,,,,,0.0,7.1428571428722165e-06,0.9999928571428572,,,,0.7397114564188249
apple_health_user,apple_health_daily,apple_health_wearable_activity,2026-01-01 00:00:00,70.94873333333334,55.0,0.0015098913043478,,,,,,,0.0,0.0001124999999999,0.9998875,,,,0.7547299436392914
apple_health_user,apple_health_daily,apple_health_wearable_activity,2026-01-02 00:00:00,68.71938653333333,55.0,0.0015765476190476,,,,,,,0.0,0.3303357799999999,0.66966422,,,,0.6322480382010582
apple_health_user,apple_health_daily,apple_health_wearable_activity,2026-01-03 00:00:00,73.95433333333334,55.0,0.0014416666666666,,,,,,,0.0,3.124999999992717e-05,0.99996875,,,,0.7714775462962963
apple_health_user,apple_health_daily,apple_health_wearable_activity,2026-01-04 00:00:00,83.15236666666667,55.0,0.0014480718954248,,,,,,,0.0,2.777777777773771e-05,0.9999722222222224,,,,0.8225767538126361
apple_health_user,apple_health_daily,apple_health_wearable_activity,2026-01-05 00:00:00,74.29543333333334,55.0,0.0014990322580645,,,,,,,0.0,7.500000000004725e-05,0.999925,,,,0.7733388410991636
apple_health_user,apple_health_daily,apple_health_wearable_activity,2026-01-06 00:00:00,87.69553333333333,55.0,0.001435294117647,,,,,,,0.0,3.333333333332966e-05,0.9999666666666668,,,,0.8478189760348585
apple_health_user,apple_health_daily,apple_health_wearable_activity,2026-01-07 00:00:00,78.72986666666667,55.0,0.001448375,,,,,,,0.0,4.999999999999449e-05,0.99995,,,,0.7979998009259259
apple_health_user,apple_health_daily,apple_health_wearable_activity,2026-01-08 00:00:00,75.68643333333333,55.0,0.001410375,,,,,,,0.0,0.0,1.0,,,,0.7811211712962963
apple_health_user,apple_health_daily,apple_health_wearable_activity,2026-01-09 00:00:00,70.48650413333334,55.0,0.0014508823529411,,,,,,,0.0,0.33016382,0.66983618,,,,0.6421645666230936
apple_health_user,apple_health_daily,apple_health_wearable_activity,2026-01-10 00:00:00,77.99533333333333,55.0,0.002005,,,,,,,0.0,0.0005749999999999,0.999425,,,,0.7935585185185184
apple_health_user,apple_health_daily,apple_health_wearable_activity,2026-01-11 00:00:00,74.4145,55.0,0.0015249999999999,,,,,,,0.0,9.9999999999989e-05,0.9999,,,,0.7739833333333334
apple_health_user,apple_health_daily,apple_health_wearable_activity,2026-01-12 00:00:00,80.91026666666667,55.0,0.0018072222222222,,,,,,,0.0,0.0003722222222222,0.9996277777777778,,,,0.8098861111111111
apple_health_user,apple_health_daily,apple_health_wearable_activity,2026-01-13 00:00:00,62.8431,55.0,0.001735652173913,,,,,,,0.0,0.000275,0.999725,,,,0.7095692270531401
apple_health_user,apple_health_daily,apple_health_wearable_activity,2026-01-14 00:00:00,76.07853333333333,55.0,0.0019554667519181,,,,,,,0.0,0.0004782608695652,0.9995217391304348,,,,0.7829583870891351
apple_health_user,apple_health_daily,apple_health_wearable_activity,2026-01-15 00:00:00,96.50656666666669,55.0,0.0016243283582089,,,,,,,0.0,0.0002249999999999,0.999775,,,,0.8966422609176341
apple_health_user,apple_health_daily,apple_health_wearable_activity,2026-01-16 00:00:00,62.483452666666665,55.0,0.0017320995670995,,,,,,,0.0,0.330417506060606,0.669582493939394,,,,0.5975248684944685
apple_health_user,apple_health_daily,apple_health_wearable_activity,2026-01-17 00:00:00,73.29266666666666,55.0,0.001611051212938,,,,,,,0.0,0.0001214285714286,0.9998785714285714,,,,0.767715099331137
apple_health_user,apple_health_daily,apple_health_wearable_activity,2026-01-18 00:00:00,92.7921,55.0,0.0014887434449374,,,,,,,0.0,7.702702702705455e-05,0.999922972972973,,,,0.8761008542871229
apple_health_user,apple_health_daily,apple_health_wearable_activity,2026-01-19 00:00:00,58.4842,55.0,0.0029049999999999,,,,,,,0.0,0.0,1.0,,,,0.6850550000000001
apple_health_user,apple_health_daily,apple_health_wearable_activity,2026-01-20 00:00:00,79.70206666666667,55.0,0.0016445900621118,,,,,,,0.0,0.0001913043478261,0.999808695652174,,,,0.8032884055670578
apple_health_user,apple_health_daily,apple_health_wearable_activity,2026-01-21 00:00:00,77.21916666666667,55.0,0.0014591529605263,,,,,,,0.0,7.368421052633689e-05,0.9999263157894736,,,,0.7895955357577972
apple_health_user,apple_health_daily,apple_health_wearable_activity,2026-01-22 00:00:00,69.98336666666667,55.0,0.0015882812499999,,,,,,,0.0,0.000155,0.999845,,,,0.7493264988425926
apple_health_user,apple_health_daily,apple_health_wearable_activity,2026-01-23 00:00:00,61.62528617777778,55.0,0.0014108333333333,,,,,,,0.0,0.33014486,0.66985514,,,,0.592955247654321
apple_health_user,apple_health_daily,apple_health_wearable_activity,2026-01-24 00:00:00,63.11776666666667,55.0,0.0015141346153846,,,,,,,0.0,9.375000000000357e-05,0.99990625,,,,0.7112294088319088
apple_health_user,apple_health_daily,apple_health_wearable_activity,2026-01-25 00:00:00,61.09623333333333,55.0,0.00292,,,,,,,0.0,0.0,1.0,,,,0.6995612962962964
apple_health_user,apple_health_daily,apple_health_wearable_activity,2026-01-26 00:00:00,70.83606666666667,55.0,0.0015917105263157,,,,,,,0.0,0.0001342105263157,0.9998657894736842,,,,0.7540695077972709
apple_health_user,apple_health_daily,apple_health_wearable_activity,2026-01-27 00:00:00,90.3815,55.0,0.0014397532116294,,,,,,,0.0,3.965517241377725e-05,0.9999603448275862,,,,0.8627374194275411
apple_health_user,apple_health_daily,apple_health_wearable_activity,2026-01-28 00:00:00,58.65886666666667,55.0,0.0028199999999999,,,,,,,0.0,0.0,1.0,,,,0.6860537037037037
apple_health_user,apple_health_daily,apple_health_wearable_activity,2026-01-29 00:00:00,77.0254,55.0,0.0013685044642857,,,,,,,0.0,1.4285714285744431e-05,0.9999857142857144,,,,0.7885690699404763
apple_health_user,apple_health_daily,apple_health_wearable_activity,2026-01-30 00:00:00,62.72321866666667,55.0,0.0015658041958041,,,,,,,0.0,0.3301792848484849,0.6698207151515151,,,,0.5989917406889407
apple_health_user,apple_health_daily,apple_health_wearable_activity,2026-01-31 00:00:00,94.88623333333334,55.0,0.0014981655052264,,,,,,,0.0,0.0001219512195121,0.9998780487804878,,,,0.8877168129436056
apple_health_user,apple_health_daily,apple_health_wearable_activity,2026-02-01 00:00:00,89.42216666666667,55.0,0.0014392245989304,,,,,,,0.0,3.863636363643508e-05,0.9999613636363636,,,,0.8574083056050702
apple_health_user,apple_health_daily,apple_health_wearable_activity,2026-02-02 00:00:00,83.85426666666666,55.0,0.001325465116279,,,,,,,0.0,1.0000000000065512e-05,0.99999,,,,0.8265229931093886
apple_health_user,apple_health_daily,apple_health_wearable_activity,2026-02-03 00:00:00,81.33296666666666,55.0,0.0014414069264069,,,,,,,0.0,1.4285714285744431e-05,0.9999857142857144,,,,0.812475695045695
apple_health_user,apple_health_daily,apple_health_wearable_activity,2026-02-04 00:00:00,65.9277,55.0,0.0015553125,,,,,,,0.0,8.125000000003268e-05,0.99991875,,,,0.7268305902777779
apple_health_user,apple_health_daily,apple_health_wearable_activity,2026-02-05 00:00:00,87.04176666666666,55.0,0.0014513978494623,,,,,,,0.0,0.0001080645161291,0.9998919354838708,,,,0.8441566606929509
apple_health_user,apple_health_daily,apple_health_wearable_activity,2026-02-06 00:00:00,81.015751,55.0,0.0015446481876332,,,,,,,0.0,0.3302260547619048,0.6697739452380952,,,,0.700608382350154
apple_health_user,apple_health_daily,apple_health_wearable_activity,2026-02-07 00:00:00,90.21486666666668,55.0,0.0015297109577221,,,,,,,0.0,0.000186842105263,0.9998131578947368,,,,0.8617326304604864
apple_health_user,apple_health_daily,apple_health_wearable_activity,2026-02-08 00:00:00,58.448366666666665,55.0,0.002595,,,,,,,0.0,0.0,1.0,,,,0.6849592592592592
apple_health_user,apple_health_daily,apple_health_wearable_activity,2026-02-09 00:00:00,90.89386666666668,55.0,0.001357027027027,,,,,,,0.0,2.7027027027060058e-05,0.9999729729729728,,,,0.8656156856856857
apple_health_user,apple_health_daily,apple_health_wearable_activity,2026-02-10 00:00:00,75.0562,55.0,0.0014774999999999,,,,,,,0.0,6.250000000007638e-05,0.9999375,,,,0.7775766666666666
apple_health_user,apple_health_daily,apple_health_wearable_activity,2026-02-11 00:00:00,63.069,55.0,0.0022073333333333,,,,,,,0.0,0.0007833333333333,0.9992166666666666,,,,0.7104975555555555
apple_health_user,apple_health_daily,apple_health_wearable_activity,2026-02-12 00:00:00,95.4058,55.0,0.0016105076628352,,,,,,,0.0,0.0002111111111111,0.9997888888888888,,,,0.8905361270753511
apple_health_user,apple_health_daily,apple_health_wearable_activity,2026-02-13 00:00:00,82.74542222222223,55.0,0.0016269161958568,,,,,,,0.0,0.3301490740740741,0.6698509259259259,,,,0.7102159044779243
apple_health_user,apple_health_daily,apple_health_wearable_activity,2026-02-14 00:00:00,90.08376666666666,55.0,0.0018454264392324,,,,,,,0.0,0.0003571428571428,0.9996428571428572,,,,0.8608422917160231
apple_health_user,apple_health_daily,apple_health_wearable_activity,2026-02-15 00:00:00,58.19093333333333,55.0,0.0029866666666666,,,,,,,11.942133333333327,0.1194213333333332,0.8805786666666667,,,,0.6435914074074075
apple_health_user,apple_health_daily,apple_health_wearable_activity,2026-02-16 00:00:00,67.80306666666667,55.0,0.0016324999999999,,,,,,,0.0,0.0001937499999999,0.99980625,,,,0.7371860648148147
apple_health_user,apple_health_daily,apple_health_wearable_activity,2026-02-17 00:00:00,82.27996666666667,55.0,0.001548125,,,,,,,0.0,0.0001437499999999,0.99985625,,,,0.8176580787037038
apple_health_user,apple_health_daily,apple_health_wearable_activity,2026-02-18 00:00:00,85.45626666666666,55.0,0.0017096960784313,,,,,,,0.0,0.0003235294117647,0.9996764705882352,,,,0.8351904063180827
apple_health_user,apple_health_daily,apple_health_wearable_activity,2026-02-19 00:00:00,86.40343333333334,55.0,0.0013956944444444,,,,,,,0.0,2.999999999997449e-05,0.99997,,,,0.8406549537037037
apple_health_user,apple_health_daily,apple_health_wearable_activity,2026-02-20 00:00:00,59.65805968888889,55.0,0.0015339285714285,,,,,,,0.0,0.3301154866666667,0.6698845133333333,,,,0.5819949709700176
apple_health_user,apple_health_daily,apple_health_wearable_activity,2026-02-21 00:00:00,60.12493333333333,55.0,0.0017865,,,,,,,0.0,0.00035,0.99965,,,,0.6944263518518518
apple_health_user,apple_health_daily,apple_health_wearable_activity,2026-02-22 00:00:00,77.7738,55.0,0.001397557544757,,,,,,,0.0,2.608695652173143e-05,0.9999739130434784,,,,0.7927132296106848
apple_health_user,apple_health_daily,apple_health_wearable_activity,2026-02-23 00:00:00,63.71196666666667,55.0,0.5,,,,,,,33.416666666666664,0.3341666666666666,0.6658333333333334,,,,0.4370109259259259
apple_health_user,apple_health_daily,apple_health_wearable_activity,2026-02-24 00:00:00,64.2996,55.0,0.0016264285714285,,,,,,,0.0,0.0001875,0.9998125,,,,0.7177264682539682
apple_health_user,apple_health_daily,apple_health_wearable_activity,2026-02-25 00:00:00,98.56726666666668,55.0,0.0014802284946236,,,,,,,0.0,0.0001056451612903,0.9998943548387096,,,,0.9081784124850656
apple_health_user,apple_health_daily,apple_health_wearable_activity,2026-02-26 00:00:00,62.3934,55.0,0.0015683333333333,,,,,,,0.0,0.0001333333333333,0.9998666666666668,,,,0.7071738888888889
apple_health_user,apple_health_daily,apple_health_wearable_activity,2026-02-27 00:00:00,73.00762222222222,55.0,0.0015793995098039,,,,,,,0.0,0.3301019607843137,0.6698980392156862,,,,0.6561485589143065
apple_health_user,apple_health_daily,apple_health_wearable_activity,2026-02-28 00:00:00,96.39346666666664,55.0,0.0015144423076923,,,,,,,0.0,0.0001437499999999,0.99985625,,,,0.8960776396011395
apple_health_user,apple_health_daily,apple_health_wearable_activity,2026-03-01 00:00:00,67.32616666666667,55.0,0.0013953124999999,,,,,,,0.0,0.0,1.0,,,,0.7346802662037036
apple_health_user,apple_health_daily,apple_health_wearable_activity,2026-03-02 00:00:00,91.59283333333332,55.0,0.0014007936507936,,,,,,,0.0,4.523809523804268e-05,0.999954761904762,,,,0.8694781746031746
apple_health_user,apple_health_daily,apple_health_wearable_activity,2026-03-03 00:00:00,63.66063333333334,55.0,0.0015078846153846,,,,,,,0.0,0.0001124999999999,0.9998875,,,,0.714241168091168
apple_health_user,apple_health_daily,apple_health_wearable_activity,2026-03-04 00:00:00,56.29966666666667,55.0,0.003015,,,,,,,5.827999999999999,0.05828,0.94172,,,,0.6534553703703704
apple_health_user,apple_health_daily,apple_health_wearable_activity,2026-03-05 00:00:00,79.88293333333333,55.0,0.0014055176767676,,,,,,,0.0,2.9545454545476524e-05,0.9999704545454544,,,,0.8044268308080808
apple_health_user,apple_health_daily,apple_health_wearable_activity,2026-03-06 00:00:00,77.59050215555555,55.0,0.0014210346638655,,,,,,,0.0,0.3301379488235293,0.6698620511764707,,,,0.6816497952572882
apple_health_user,apple_health_daily,apple_health_wearable_activity,2026-03-07 00:00:00,81.71663333333333,55.0,0.001497988095238,,,,,,,0.0,9.52380952381482e-05,0.999904761904762,,,,0.814561332010582
apple_health_user,apple_health_daily,apple_health_wearable_activity,2026-03-08 00:00:00,93.1368,55.0,0.0014203846153846,,,,,,,0.0,6.53846153846338e-05,0.9999346153846154,,,,0.8780425213675214
apple_health_user,apple_health_daily,apple_health_wearable_activity,2026-03-09 00:00:00,83.58973333333333,55.0,0.0013892307692307,,,,,,,0.0,1.923076923082689e-05,0.9999807692307692,,,,0.8250290313390313
apple_health_user,apple_health_daily,apple_health_wearable_activity,2026-03-10 00:00:00,88.40876666666668,55.0,0.0013971944444444,,,,,,,0.0,1.87499999999563e-05,0.99998125,,,,0.8517989444444445
apple_health_user,apple_health_daily,apple_health_wearable_activity,2026-03-11 00:00:00,70.16816666666666,55.0,0.0013898809523809,,,,,,,0.0,1.2499999999970868e-05,0.9999875,,,,0.7504667989417989
apple_health_user,apple_health_daily,apple_health_wearable_activity,2026-03-12 00:00:00,84.86563333333334,55.0,0.0014725148809523,,,,,,,0.0,7.67857142857098e-05,0.9999232142857144,,,,0.8320704183201059
apple_health_user,apple_health_daily,apple_health_wearable_activity,2026-03-13 00:00:00,58.427,55.0,0.001947,,,,,,,0.0,0.3303333333333333,0.6696666666666666,,,,0.5749454444444444
apple_health_user,apple_health_daily,apple_health_wearable_activity,2026-03-14 00:00:00,94.93823333333332,55.0,0.0017351111111111,,,,,,,0.0,0.000336111111111,0.9996638888888888,,,,0.8878553333333333
apple_health_user,apple_health_daily,apple_health_wearable_activity,2026-03-15 00:00:00,96.1043,55.0,0.0014936965811965,,,,,,,0.0,9.230769230761382e-05,0.9999076923076924,,,,0.8944952207977209
apple_health_user,apple_health_daily,apple_health_wearable_activity,2026-03-16 00:00:00,89.13533333333334,55.0,0.0013856046863189,,,,,,,0.0,2.4074074074009744e-05,0.999975925925926,,,,0.8558375144872764
apple_health_user,apple_health_daily,apple_health_wearable_activity,2026-03-17 00:00:00,82.70886666666667,55.0,0.0014059302325581,,,,,,,0.0,4.500000000007276e-05,0.999955,,,,0.820121171403962
apple_health_user,apple_health_daily,apple_health_wearable_activity,2026-03-18 00:00:00,72.3832,55.0,0.0019454411764705,,,,,,,0.0,0.0004474999999999,0.9995525,,,,0.7624423529411765
apple_health_user,apple_health_daily,apple_health_wearable_activity,2026-03-19 00:00:00,83.56433333333334,55.0,0.0015603316953316,,,,,,,0.0,0.0001818181818181,0.9998181818181818,,,,0.8247766907816908
apple_health_user,apple_health_daily,apple_health_wearable_activity,2026-03-20 00:00:00,82.50513113333332,55.0,0.0015334309764309,,,,,,,0.0,0.3301591724691358,0.6698408275308642,,,,0.7089087495922185
apple_health_user,apple_health_daily,apple_health_wearable_activity,2026-03-21 00:00:00,77.11966666666666,55.0,0.0016291917293233,,,,,,,0.0,0.0001964285714286,0.9998035714285712,,,,0.788945163603453
apple_health_user,apple_health_daily,apple_health_wearable_activity,2026-03-22 00:00:00,66.94183333333334,55.0,0.0015080555555555,,,,,,,0.0,7.500000000004725e-05,0.999925,,,,0.7324825
apple_health_user,apple_health_daily,apple_health_wearable_activity,2026-03-23 00:00:00,89.1246,55.0,0.00151026686217,,,,,,,0.0,0.0001129032258064,0.9998870967741936,,,,0.8557067210817856
apple_health_user,apple_health_daily,apple_health_wearable_activity,2026-03-24 00:00:00,60.34786666666667,55.0,0.0013986363636363,,,,,,,0.0,0.0,1.0,,,,0.6959108249158249
apple_health_user,apple_health_daily,apple_health_wearable_activity,2026-03-25 00:00:00,83.57903333333334,55.0,0.0014104638009049,,,,,,,0.0,2.884615384612932e-05,0.999971153846154,,,,0.8249593040891572
apple_health_user,apple_health_daily,apple_health_wearable_activity,2026-03-26 00:00:00,90.34676666666668,55.0,0.0013892543171114,,,,,,,0.0,2.884615384612932e-05,0.999971153846154,,,,0.8625648924356067
apple_health_user,apple_health_daily,apple_health_wearable_activity,2026-03-27 00:00:00,73.06081333333333,55.0,0.0014669444444444,,,,,,,0.0,0.3301286666666666,0.6698713333333334,,,,0.6564726481481482
apple_health_user,apple_health_daily,apple_health_wearable_activity,2026-03-28 00:00:00,94.9296,55.0,0.0015733252818035,,,,,,,0.0,0.0001796296296296,0.9998203703703704,,,,0.8879134594739666
apple_health_user,apple_health_daily,apple_health_wearable_activity,2026-03-29 00:00:00,83.39296666666667,55.0,0.001433777173913,,,,,,,0.0,4.565217391305776e-05,0.9999543478260868,,,,0.8239122272544283
apple_health_user,apple_health_daily,apple_health_wearable_activity,2026-03-30 00:00:00,93.7782,55.0,0.0014739961389961,,,,,,,0.0,5.892857142852925e-05,0.9999410714285716,,,,0.8815901362076363
apple_health_user,apple_health_daily,apple_health_wearable_activity,2026-03-31 00:00:00,93.59163333333332,55.0,0.0016804306220095,,,,,,,0.0,0.0002631578947368,0.9997368421052631,,,,0.8804167667907142
apple_health_user,apple_health_daily,apple_health_wearable_activity,2026-04-01 00:00:00,75.5415,55.0,0.0014707142857142,,,,,,,0.0,4.000000000004e-05,0.99996,,,,0.7802825396825397
apple_health_user,apple_health_daily,apple_health_wearable_activity,2026-04-02 00:00:00,64.97266666666667,55.0,0.0017015151515151,,,,,,,0.0,0.0002333333333333,0.9997666666666668,,,,0.7214254208754208
apple_health_user,apple_health_daily,apple_health_wearable_activity,2026-04-03 00:00:00,71.72694335555556,55.0,0.0014410869565217,,,,,,,0.0,0.3300435366666666,0.6699564633333334,,,,0.6490992552120236
apple_health_user,apple_health_daily,apple_health_wearable_activity,2026-04-04 00:00:00,76.24340000000001,55.0,0.001535288248337,,,,,,,0.0,0.0001227272727273,0.9998772727272728,,,,0.7841328837152007
apple_health_user,apple_health_daily,apple_health_wearable_activity,2026-04-05 00:00:00,82.80969999999999,55.0,0.0014970536635706,,,,,,,0.0,8.421052631579773e-05,0.9999157894736842,,,,0.8206379119367045
apple_health_user,apple_health_daily,apple_health_wearable_activity,2026-04-06 00:00:00,96.8945,55.0,0.001482485361093,,,,,,,0.0,8.965517241377174e-05,0.9999103448275862,,,,0.8988898420443867
apple_health_user,apple_health_daily,apple_health_wearable_activity,2026-04-07 00:00:00,83.21506666666667,55.0,0.0016302734778121,,,,,,,0.0,0.0002368421052632,0.9997631578947368,,,,0.822794665176012
apple_health_user,apple_health_daily,apple_health_wearable_activity,2026-04-08 00:00:00,68.2483,55.0,0.0014795833333333,,,,,,,0.0,5.624999999997993e-05,0.99994375,,,,0.739756388888889
apple_health_user,apple_health_daily,apple_health_wearable_activity,2026-04-09 00:00:00,78.01143333333333,55.0,0.0014315102639296,,,,,,,0.0,5.909090909095305e-05,0.999940909090909,,,,0.7940110959052894
apple_health_user,apple_health_daily,apple_health_wearable_activity,2026-04-10 00:00:00,75.3708118,55.0,0.0013814393939393,,,,,,,0.0,0.330102581111111,0.669897418888889,,,,0.6693431698316498
apple_health_user,apple_health_daily,apple_health_wearable_activity,2026-04-11 00:00:00,96.66713333333334,55.0,0.0015050892857142,,,,,,,0.0,0.0001322916666666,0.9998677083333334,,,,0.8976049470899472
apple_health_user,apple_health_daily,apple_health_wearable_activity,2026-04-12 00:00:00,80.89363333333333,55.0,0.0015043659043659,,,,,,,0.0,0.0001192307692308,0.9998807692307692,,,,0.8099789862939862
apple_health_user,apple_health_daily,apple_health_wearable_activity,2026-04-13 00:00:00,70.95586666666667,55.0,0.0023484615384615,,,,,,,0.0,0.0009099999999999,0.99909,,,,0.7542242165242166
apple_health_user,apple_health_daily,apple_health_wearable_activity,2026-04-14 00:00:00,64.4886,55.0,0.0022254166666666,,,,,,,0.0,0.00073,0.99927,,,,0.7183959722222223
apple_health_user,apple_health_daily,apple_health_wearable_activity,2026-04-15 00:00:00,85.05863333333333,55.0,0.0015313215488215,,,,,,,0.0,0.000130303030303,0.999869696969697,,,,0.833105199214366
apple_health_user,apple_health_daily,apple_health_wearable_activity,2026-04-16 00:00:00,91.4049,55.0,0.0014877344877344,,,,,,,0.0,7.42424242423656e-05,0.9999257575757576,,,,0.8683954521404521
apple_health_user,apple_health_daily,apple_health_wearable_activity,2026-04-17 00:00:00,74.20266939999999,55.0,0.0015835119047619,,,,,,,0.0,0.3301868988888888,0.6698131011111111,,,,0.6627580264021163
apple_health_user,apple_health_daily,apple_health_wearable_activity,2026-04-18 00:00:00,95.7821,55.0,0.0015327582417582,,,,,,,0.0,0.0001371428571428,0.9998628571428572,,,,0.8926772551892551
apple_health_user,apple_health_daily,apple_health_wearable_activity,2026-04-19 00:00:00,102.94813333333336,55.0,0.0014694128787878,,,,,,,0.0,0.0001031249999999,0.999896875,,,,0.932521005892256
apple_health_user,apple_health_daily,apple_health_wearable_activity,2026-04-20 00:00:00,97.26876666666666,55.0,0.001759422921711,,,,,,,0.0,0.0003797619047618,0.999620238095238,,,,0.9007800865393238
apple_health_user,apple_health_daily,apple_health_wearable_activity,2026-04-21 00:00:00,67.0151,55.0,0.0015214492753623,,,,,,,0.0,6.666666666665932e-05,0.9999333333333332,,,,0.7328878502415459
apple_health_user,apple_health_daily,apple_health_wearable_activity,2026-04-22 00:00:00,86.11436666666667,55.0,0.0015495854732208,,,,,,,0.0,0.0001258620689654,0.9998741379310344,,,,0.8389657767451971
apple_health_user,apple_health_daily,apple_health_wearable_activity,2026-04-23 00:00:00,82.87886666666667,55.0,0.0014513825757575,,,,,,,0.0,7.575757575750686e-05,0.9999242424242424,,,,0.8210402125420876
apple_health_user,apple_health_daily,apple_health_wearable_activity,2026-04-24 00:00:00,81.2327388,55.0,0.0015829464285714,,,,,,,0.0,0.330171258095238,0.6698287419047619,,,,0.7018193696031747
apple_health_user,apple_health_daily,apple_health_wearable_activity,2026-04-25 00:00:00,95.0996,55.0,0.001439702020202,,,,,,,0.0,4.8611111111096506e-05,0.9999513888888888,,,,0.8889461178451179
apple_health_user,apple_health_daily,apple_health_wearable_activity,2026-04-26 00:00:00,72.46993333333333,55.0,0.0015075084175084,,,,,,,0.0,0.0001045454545454,0.9998954545454546,,,,0.7631845005611672
apple_health_user,apple_health_daily,apple_health_wearable_activity,2026-04-27 00:00:00,94.6617,55.0,0.0015527505827505,,,,,,,0.0,0.000171212121212,0.999828787878788,,,,0.8864347902097901
apple_health_user,apple_health_daily,apple_health_wearable_activity,2026-04-28 00:00:00,64.9328,55.0,0.0014909375,,,,,,,0.0,5.999999999994898e-05,0.99994,,,,0.7213319097222223
apple_health_user,apple_health_daily,apple_health_wearable_activity,2026-04-29 00:00:00,89.47936666666666,55.0,0.0017074410669975,,,,,,,0.0,0.0003258064516129,0.999674193548387,,,,0.8575409545308336
apple_health_user,apple_health_daily,apple_health_wearable_activity,2026-04-30 00:00:00,86.14456666666666,55.0,0.0014246046511627,,,,,,,0.0,4.599999999999049e-05,0.999954,,,,0.8392018354866494
apple_health_user,apple_health_daily,apple_health_wearable_activity,2026-05-01 00:00:00,60.08927635555556,55.0,0.00145875,,,,,,,0.0,0.3300379866666666,0.6699620133333334,,,,0.5844415119753087
apple_health_user,apple_health_daily,apple_health_wearable_activity,2026-05-02 00:00:00,81.3958,55.0,0.0015167183462532,,,,,,,0.0,0.0001055555555555,0.9998944444444444,,,,0.8127692420327305
apple_health_user,apple_health_daily,apple_health_wearable_activity,2026-05-03 00:00:00,59.90636666666667,55.0,0.002895,,,,,,,0.0,0.0,1.0,,,,0.6929592592592592
apple_health_user,apple_health_daily,apple_health_wearable_activity,2026-05-04 00:00:00,90.89776666666668,55.0,0.0014219444444444,,,,,,,0.0,4.500000000007276e-05,0.999955,,,,0.8656097222222222
apple_health_user,apple_health_daily,apple_health_wearable_activity,2026-05-05 00:00:00,66.75873333333334,55.0,0.0015951567398119,,,,,,,0.0,0.0001363636363636,0.9998636363636364,,,,0.7314157895042378
apple_health_user,apple_health_daily,apple_health_wearable_activity,2026-05-06 00:00:00,94.79613333333332,55.0,0.001499444709816,,,,,,,0.0,8.773584905652498e-05,0.9999122641509436,,,,0.8872272361100054
apple_health_user,apple_health_daily,apple_health_wearable_activity,2026-05-07 00:00:00,56.29396666666667,55.0,0.5,,,,,,,50.0,0.5,0.5,,,,0.340522037037037
apple_health_user,apple_health_daily,apple_health_wearable_activity,2026-05-08 00:00:00,61.71250102222222,55.0,0.0014135294117647,,,,,,,0.0,0.3300386866666667,0.6699613133333333,,,,0.5934742669862019
apple_health_user,apple_health_daily,apple_health_wearable_activity,2026-05-09 00:00:00,84.12783333333334,55.0,0.0014587373737373,,,,,,,0.0,5.555555555547542e-05,0.9999444444444444,,,,0.8279831986531988
apple_health_user,apple_health_daily,apple_health_wearable_activity,2026-05-10 00:00:00,65.9803,55.0,0.0020930555555555,,,,,,,0.0,0.0005999999999999,0.9994,,,,0.7267706481481482
apple_health_user,apple_health_daily,apple_health_wearable_activity,2026-05-11 00:00:00,67.63173333333333,55.0,0.0015133441558441,,,,,,,0.0,7.857142857137234e-05,0.9999214285714286,,,,0.7363123244348245
apple_health_user,apple_health_daily,apple_health_wearable_activity,2026-05-12 00:00:00,90.0797,55.0,0.0014119615384615,,,,,,,0.0,3.599999999992498e-05,0.999964,,,,0.8610712350427351
apple_health_user,apple_health_daily,apple_health_wearable_activity,2026-05-13 00:00:00,89.48273333333333,55.0,0.0013972867513611,,,,,,,0.0,3.965517241377725e-05,0.9999603448275862,,,,0.8577584267661491
apple_health_user,apple_health_daily,apple_health_wearable_activity,2026-05-14 00:00:00,87.3797,55.0,0.0013983241758241,,,,,,,0.0,1.4285714285744431e-05,0.9999857142857144,,,,0.846083018925519
apple_health_user,apple_health_daily,apple_health_wearable_activity,2026-05-15 00:00:00,78.49451928888888,55.0,0.0014578069053708,,,,,,,0.0,0.3301002776470588,0.6698997223529412,,,,0.6866724123096839
apple_health_user,apple_health_daily,apple_health_wearable_activity,2026-05-16 00:00:00,81.6247,55.0,0.0015008123249299,,,,,,,0.0,8.571428571424455e-05,0.9999142857142858,,,,0.8140528244631186
apple_health_user,apple_health_daily,apple_health_wearable_activity,2026-05-17 00:00:00,75.48866666666666,55.0,0.001444262672811,,,,,,,0.0,3.571428571436108e-05,0.9999642857142856,,,,0.7799992669397507
apple_health_user,apple_health_daily,apple_health_wearable_activity,2026-05-18 00:00:00,89.89226666666667,55.0,0.0014988461538461,,,,,,,0.0,0.0001115384615384,0.9998884615384616,,,,0.8599757977207977
apple_health_user,apple_health_daily,apple_health_wearable_activity,2026-05-19 00:00:00,79.71933333333334,55.0,0.0014576388888888,,,,,,,0.0,4.999999999999449e-05,0.99995,,,,0.80349375
apple_health_user,apple_health_daily,apple_health_wearable_activity,2026-05-20 00:00:00,92.63956666666668,55.0,0.0014067424242424,,,,,,,0.0,2.083333333402493e-06,0.9999979166666666,,,,0.8753057617845118
apple_health_user,apple_health_daily,apple_health_wearable_activity,2026-05-21 00:00:00,94.5783,55.0,0.0015103373015873,,,,,,,0.0,0.0001187499999999,0.99988125,,,,0.886003082010582
apple_health_user,apple_health_daily,apple_health_wearable_activity,2026-05-22 00:00:00,81.47511404444444,55.0,0.0014951494565217,,,,,,,0.0,0.3301995646376811,0.6698004353623189,,,,0.7031857288821793
apple_health_user,apple_health_daily,apple_health_wearable_activity,2026-05-23 00:00:00,82.87906666666666,55.0,0.00144375,,,,,,,0.0,3.888888888892161e-05,0.9999611111111112,,,,0.8210561574074074
apple_health_user,apple_health_daily,apple_health_wearable_activity,2026-05-24 00:00:00,80.51843333333333,55.0,0.0016015873015873,,,,,,,0.0,0.0001694444444444,0.9998305555555556,,,,0.8078453968253969
apple_health_user,apple_health_daily,apple_health_wearable_activity,2026-05-25 00:00:00,89.6515,55.0,0.0015040789473684,,,,,,,0.0,9.74999999999726e-05,0.9999025,,,,0.8586411403508772
apple_health_user,apple_health_daily,apple_health_wearable_activity,2026-05-26 00:00:00,97.7043,55.0,0.0015071031746031,,,,,,,0.0,0.0001263888888889,0.9998736111111112,,,,0.9033682804232804
apple_health_user,apple_health_daily,apple_health_wearable_activity,2026-05-27 00:00:00,93.9127,55.0,0.0014603461538461,,,,,,,0.0,7.40000000000185e-05,0.999926,,,,0.8823368846153846
apple_health_user,apple_health_daily,apple_health_wearable_activity,2026-05-28 00:00:00,93.4368,55.0,0.0014128381374722,,,,,,,0.0,2.9545454545476524e-05,0.9999704545454544,,,,0.8797236499137719
apple_health_user,apple_health_daily,apple_health_wearable_activity,2026-05-29 00:00:00,89.06343333333334,55.0,0.0016109801136363,,,,,,,0.0,0.0002136363636363,0.9997863636363636,,,,0.8552997574705387
apple_health_user,apple_health_daily,apple_health_wearable_activity,2026-05-30 00:00:00,76.90656666666666,55.0,0.0014876470588235,,,,,,,0.0,8.750000000001812e-05,0.9999125,,,,0.787844765795207
apple_health_user,apple_health_daily,apple_health_wearable_activity,2026-05-31 00:00:00,94.86796666666667,55.0,0.0014083801020408,,,,,,,0.0,1.5625000000074607e-05,0.999984375,,,,0.8876807020030234
apple_health_user,apple_health_daily,apple_health_wearable_activity,2026-06-01 00:00:00,62.15103333333333,55.0,0.001730909090909,,,,,,,0.0,0.0002999999999999,0.9997,,,,0.70571765993266
